IID	PHENO	AGE	AGE2	SEX	Batch	PC1	PC2	PC3
PMBB1001278404075	0	27.2	739.8399999999999	2	3	0.00555596	-0.00232477	0.000296333
PMBB1002372429422	0	30.9	954.81	2	1	-0.00253468	0.00303938	-0.00111729
PMBB1003313073009	0	41.1	1689.21	1	1	-0.00470663	0.00460193	0.00608224
PMBB1007400709388	1	68.1	4637.61	1	1	-0.00777746	0.00163328	0.00108003
PMBB1007460395528	0	40.2	1616.0400000000002	2	1	-7.8564e-05	0.00878461	0.00145028
PMBB1008439858829	0	66.3	4395.69	1	1	-0.00099501	0.00347368	0.00934226
PMBB1009099177405	0	53.3	2840.89	1	1	-0.00213744	0.00992249	0.0282536
PMBB1009113297296	0	31.8	1011.24	2	1	-0.00220059	0.00554329	-0.00752462
PMBB1009661375745	0	71.3	5083.69	1	3	-0.00767454	0.000493108	-0.000133987
PMBB1010414347188	0	57.9	3352.41	1	1	0.0109923	-0.0153704	-0.00204149
PMBB1011330447318	0	60.3	3636.0899999999997	2	1	0.000298841	-0.00582049	-0.0164405
PMBB1011543419145	0	50.3	2530.0899999999997	1	1	-0.00831004	0.00268374	-0.00303033
PMBB1012727138906	0	40.0	1600.0	2	1	-0.0060496	-0.00371494	-0.00844028
PMBB1012818739243	0	58.7	3445.6900000000005	1	1	-0.00123835	0.00887233	0.00275172
PMBB1014198334115	0	59.2	3504.6400000000003	1	1	-0.00448714	0.00339418	-0.0131602
PMBB1014905527268	0	65.5	4290.25	2	1	-0.00355129	0.0106003	0.00663214
PMBB1014983745773	0	69.0	4761.0	1	1	-0.00655089	0.00142934	0.0151893
PMBB1015073435360	0	61.5	3782.25	1	1	0.00671618	-0.0122813	-0.00993779
PMBB1015172383658	0	33.4	1115.56	1	1	-0.00522129	0.00694501	-0.00192533
PMBB1015986372068	0	71.1	5055.209999999999	2	1	-0.00623206	0.00734266	0.00189686
PMBB1016122029769	1	67.5	4556.25	2	1	-0.00384844	0.00830474	0.00101303
PMBB1016460353468	0	23.6	556.96	2	3	0.00178722	-0.0139995	0.0169416
PMBB1016935978417	0	40.3	1624.0899999999997	2	1	0.00677366	-0.01394	-9.55509e-05
PMBB1017608269738	0	59.1	3492.81	1	1	-0.00376412	0.00665308	0.00755373
PMBB1017978865908	0	57.9	3352.41	1	1	-0.000142311	0.00731288	0.00548416
PMBB1019261944984	0	58.0	3364.0	2	1	-0.00758715	0.000519248	-0.000823782
PMBB1019843013819	0	84.3	7106.49	2	1	-0.00419432	-0.00297801	-0.00493049
PMBB1020512476277	0	22.1	488.4100000000001	2	1	-0.0021513	-0.017504	0.00020394
PMBB1020962758418	0	54.7	2992.09	2	1	0.000491089	0.000181396	-0.00983996
PMBB1021368464239	0	62.4	3893.7599999999998	2	1	0.00149032	0.00807431	0.00320863
PMBB1021435690440	0	52.5	2756.25	1	2	0.00673678	-0.00205942	-0.0205547
PMBB1021547157191	0	65.9	4342.81	1	3	0.00218582	-0.00603985	0.00197962
PMBB1021728906305	0	62.2	3868.84	2	1	-0.0128442	-0.00179379	-0.00149854
PMBB1022680119828	0	68.6	4705.959999999999	1	1	-0.00458982	0.0066747	-0.00449035
PMBB1023338895714	0	73.1	5343.609999999999	2	1	0.00424822	-0.00803192	-0.00117746
PMBB1024062475380	0	60.0	3600.0	2	3	-0.00037936	0.00136232	0.0160661
PMBB1025063078348	0	36.8	1354.2399999999998	1	3	0.00803745	0.00389132	0.000756853
PMBB1025119385980	0	59.0	3481.0	1	1	-0.00435965	0.00212982	-0.000390737
PMBB1029951786072	0	62.7	3931.2900000000004	1	1	-0.00154011	0.00330146	-0.00996245
PMBB1030473214938	0	30.8	948.6400000000001	1	1	-0.00446294	-0.00726123	-0.00864443
PMBB1031724867050	0	54.7	2992.09	2	1	-0.00787431	0.00114788	-0.00182094
PMBB1032432065266	0	67.6	4569.759999999999	1	1	0.000516882	0.00505182	-0.0221714
PMBB1033247719132	0	62.7	3931.2900000000004	2	1	0.00283794	0.00298593	0.00631647
PMBB1033338360415	0	72.8	5299.839999999999	2	3	-0.0100512	-0.00580525	0.00113476
PMBB1033828462140	0	64.8	4199.04	1	1	-0.00515811	-0.0168356	0.00675997
PMBB1034007048874	0	57.4	3294.7599999999998	2	3	0.00308515	-0.000632621	-0.0012498
PMBB1034370328832	0	63.6	4044.96	1	1	0.0147049	-0.00582313	0.0104597
PMBB1034453705642	0	47.4	2246.7599999999998	1	1	-0.00454194	-0.0125917	0.0043016
PMBB1034730549659	0	54.8	3003.0399999999995	2	1	-0.0131333	-0.00182498	-3.0206e-05
PMBB1035024371371	0	56.4	3180.96	2	1	0.0108092	-0.0135941	-0.000554291
PMBB1036623161659	0	51.7	2672.8900000000003	1	1	-0.00611309	0.00596451	-0.00215262
PMBB1038530154907	0	43.6	1900.96	2	2	0.0128006	-0.00822233	0.00681081
PMBB1039039281507	0	35.4	1253.1599999999999	2	1	0.00438837	-0.00718053	0.0163509
PMBB1039715489102	0	43.1	1857.6100000000001	2	3	0.000786382	-0.00555262	-0.000273369
PMBB1040306149347	0	66.5	4422.25	1	1	0.0169934	-0.00635553	-0.00100782
PMBB1042044276986	0	42.3	1789.2899999999997	2	3	0.00344609	-0.00506419	-0.00308507
PMBB1042143190289	0	18.6	345.96000000000004	2	1	-0.00158777	0.00553187	0.00280424
PMBB1043113092317	0	21.6	466.56000000000006	1	1	-0.00309805	0.00137986	-0.00461996
PMBB1043716531670	0	55.4	3069.16	1	1	-0.00162791	0.00766488	-0.0130844
PMBB1045257225558	0	43.5	1892.25	2	1	0.00908886	0.00850724	-0.0023745
PMBB1045907212414	0	60.9	3708.81	1	1	-0.00833923	0.000738693	-0.00284401
PMBB1045944468847	0	22.5	506.25	2	3	-0.00390863	-0.0178492	-0.00117245
PMBB1047217662018	0	68.6	4705.959999999999	2	3	0.00264822	-0.0114119	0.0160459
PMBB1047859856480	0	46.6	2171.56	2	1	-0.00536336	0.00235149	0.00352537
PMBB1049171985333	0	27.9	778.41	2	3	-0.00403505	0.00150961	-0.00067056
PMBB1049887972608	0	45.4	2061.16	1	1	0.00654345	-0.00656774	-0.0261395
PMBB1050188025661	0	64.4	4147.360000000001	1	1	-0.0100419	0.00373431	-0.000517771
PMBB1050843876254	0	56.3	3169.6899999999996	1	1	0.000625148	-0.0103185	0.00016367
PMBB1052521885990	0	59.8	3576.0399999999995	2	3	-0.0120234	-0.000478975	-0.0012818
PMBB1054215062833	0	57.2	3271.84	1	1	0.0016212	0.00530532	0.00880303
PMBB1054402480966	0	35.6	1267.3600000000001	2	3	0.0091053	0.0137764	-0.0125956
PMBB1054403375231	0	66.9	4475.610000000001	2	3	-0.00058066	0.00973651	0.00139578
PMBB1054679709917	0	34.0	1156.0	2	1	0.00491231	0.00762646	-0.00575697
PMBB1055862912321	1	83.7	7005.6900000000005	1	1	-0.000989642	-0.00673104	0.0140291
PMBB1056281961605	0	35.7	1274.4900000000002	2	3	-0.00309333	0.00696133	0.0057792
PMBB1057030077964	0	30.6	936.3600000000001	2	1	-0.00471713	-0.0155508	-0.000735817
PMBB1057525411291	0	53.9	2905.21	1	1	0.000811879	-0.0228803	0.0131034
PMBB1057861556072	0	56.4	3180.96	2	2	-0.00913145	-0.000630857	-0.00152832
PMBB1058036276549	0	55.8	3113.64	2	2	0.00067891	-0.0060131	-0.0180376
PMBB1058063148146	0	26.2	686.4399999999999	2	3	-0.00733956	-0.000249751	0.0035602
PMBB1058844982565	0	43.6	1900.96	2	1	-0.00313949	-0.00454768	0.00468346
PMBB1059421994445	0	64.1	4108.8099999999995	1	1	0.0058257	0.0100818	0.0266366
PMBB1060153896497	0	26.3	691.69	2	1	0.00209444	-0.00505645	-0.00761202
PMBB1061245590505	0	78.4	6146.560000000001	1	1	0.00607472	-0.0172308	-0.00177829
PMBB1061808788334	0	26.8	718.24	2	3	-0.00573225	0.0052618	-0.00969677
PMBB1062412047651	0	20.7	428.48999999999995	2	3	-0.00482009	-0.0117236	-0.00309954
PMBB1062567849739	0	35.5	1260.25	2	1	-0.00582148	0.00997445	-0.0118853
PMBB1065273898219	0	31.7	1004.89	2	1	0.000302898	-0.00313405	-0.00436209
PMBB1065665614817	0	62.0	3844.0	1	1	-0.0103704	-0.000443216	-0.000560718
PMBB1066309065724	0	26.6	707.5600000000001	2	1	-0.00541048	0.00287399	0.00672743
PMBB1066833161752	0	53.2	2830.2400000000002	2	3	-0.00231822	-0.00108347	-0.00478643
PMBB1067988013437	0	20.8	432.64000000000004	2	1	-0.00344666	0.00415758	0.00242816
PMBB1068568963605	0	61.5	3782.25	2	3	-0.00288207	-0.0198502	-0.00114342
PMBB1068741239664	0	30.5	930.25	2	3	-0.0022043	0.013043	-0.01606
PMBB1068915020777	0	37.7	1421.2900000000002	2	1	0.0159456	0.00264136	0.00219287
PMBB1071538883683	0	37.6	1413.7600000000002	2	1	0.00387871	-0.000598924	-0.00333435
PMBB1072602150728	0	33.7	1135.6900000000003	2	1	-0.00618209	-0.0014049	-0.00539246
PMBB1073524754461	0	51.7	2672.8900000000003	2	1	0.00673218	-0.0109709	-0.000178355
PMBB1076069492162	0	35.8	1281.6399999999999	2	1	0.00552206	0.0127049	-0.00284782
PMBB1076180908221	0	39.2	1536.6400000000003	2	1	0.0306558	0.0079621	-0.0112506
PMBB1077145849581	0	83.8	7022.44	1	1	-0.00460655	0.00212028	0.00366621
PMBB1077512776407	0	62.4	3893.7599999999998	1	1	0.0244632	0.00167631	0.00589224
PMBB1077573992676	0	37.0	1369.0	2	3	0.00567874	-0.0040583	-0.000146646
PMBB1078418769096	0	35.8	1281.6399999999999	2	1	-0.00297239	0.00450519	0.00160381
PMBB1081174083279	0	31.7	1004.89	2	3	0.00426632	0.00409778	0.00506051
PMBB1082546110562	0	51.6	2662.56	2	1	-0.000560537	0.00500784	-0.0160125
PMBB1082668380745	0	78.0	6084.0	1	1	-0.0073681	0.000876836	0.00316987
PMBB1082925562313	0	80.4	6464.160000000001	1	3	0.0281231	0.00498268	-0.00366422
PMBB1084966902700	0	61.9	3831.6099999999997	2	1	0.00934493	-0.0164097	-0.0264552
PMBB1086458393085	0	27.5	756.25	2	3	-0.00224774	-0.000537772	0.00151056
PMBB1087817782565	0	25.5	650.25	2	3	-0.00344624	-0.0226654	0.00505996
PMBB1088913171382	0	65.2	4251.04	2	1	-0.00247264	-0.00106005	0.00176973
PMBB1088968821677	0	58.0	3364.0	2	1	-0.00851067	0.00441697	-0.00759846
PMBB1088972254277	0	54.1	2926.81	2	3	-0.000834731	-0.00625072	-0.00536457
PMBB1092096429714	0	25.6	655.3600000000001	2	1	-0.00805631	0.00538172	5.31575e-06
PMBB1092416163774	0	60.3	3636.0899999999997	1	1	-0.0102252	-0.000944107	-0.000862642
PMBB1093439472571	0	46.1	2125.21	2	3	-0.00200729	-0.00153957	0.000665663
PMBB1095273173040	0	27.7	767.29	2	2	-0.000267852	0.00660616	-0.000536026
PMBB1096283641096	0	31.3	979.69	2	1	-0.00109077	0.00813306	0.0163774
PMBB1097895807117	0	48.5	2352.25	2	1	-0.00133714	0.0143929	-0.0191525
PMBB1099742497336	0	75.0	5625.0	1	3	0.0034985	0.0019058	0.00989938
PMBB1100981976457	0	45.3	2052.0899999999997	2	1	-0.00579946	0.00103055	-0.00494759
PMBB1101503446252	0	31.9	1017.6099999999999	2	3	0.0134	-0.00838459	0.013314
PMBB1102677545390	0	78.1	6099.609999999999	1	1	0.00561491	-0.00183732	-0.00695588
PMBB1103219631428	0	25.9	670.81	2	1	-0.00295225	0.00452014	-0.00739774
PMBB1104101918177	1	65.3	4264.089999999999	2	1	0.00563349	-0.00809762	-0.0182858
PMBB1105014889415	0	74.3	5520.49	2	1	0.00523297	-0.0111667	-0.00383402
PMBB1105673454304	0	52.8	2787.8399999999997	2	2	0.00341973	-0.0287486	-0.0155678
PMBB1105995482568	0	62.5	3906.25	1	3	0.00065141	0.000465401	-0.0135235
PMBB1105996132143	1	66.0	4356.0	1	1	0.0112823	0.0173664	0.0030163
PMBB1106637807263	0	31.1	967.21	1	1	-0.00208048	0.00547343	-0.00869623
PMBB1106835538654	0	43.7	1909.6900000000003	2	1	-0.000703517	-0.0149075	-0.000808532
PMBB1107352822132	0	36.9	1361.61	2	3	-0.000603185	-0.000146687	-0.00375096
PMBB1108064325300	0	54.5	2970.25	2	1	0.00425662	-0.0069364	-0.0110571
PMBB1108431630831	0	44.2	1953.6400000000003	2	1	-0.00199272	-0.00171633	-0.011565
PMBB1110095917445	0	57.6	3317.76	1	1	-0.00558774	-0.00137601	0.00337703
PMBB1111159341451	0	33.4	1115.56	2	1	0.00359596	0.00834279	0.0190685
PMBB1111566897607	1	40.9	1672.81	1	3	0.00866432	0.0207298	-0.00134361
PMBB1111865092526	0	33.7	1135.6900000000003	2	1	0.00205876	0.011272	-0.0273691
PMBB1112773499632	0	53.7	2883.6900000000005	2	3	-0.00517985	0.00457942	0.00052964
PMBB1113102923992	0	66.4	4408.960000000001	2	1	-0.00564201	-0.0017253	0.00641096
PMBB1113275801297	0	54.6	2981.1600000000003	2	3	0.00488939	-0.00308533	-0.00353921
PMBB1113363425216	0	63.0	3969.0	1	1	-0.0075199	0.00782195	-0.00292698
PMBB1113467499041	0	35.2	1239.0400000000002	1	3	-0.0024258	-0.00986365	-0.0148156
PMBB1113746708221	1	90.0	8100.0	2	1	-0.00280275	0.00714932	0.0135861
PMBB1114250695730	0	29.1	846.8100000000001	2	1	-0.00350567	0.00818773	-0.00748607
PMBB1114278834313	0	25.7	660.49	2	3	-0.00386261	-0.0110603	0.00233442
PMBB1114369452055	0	24.4	595.3599999999999	2	3	0.00336441	-0.00670172	0.00911386
PMBB1115152317099	1	78.6	6177.959999999999	2	1	-0.00490187	0.00177235	0.000369782
PMBB1115761325474	0	35.4	1253.1599999999999	2	1	0.000635662	-0.0049619	-0.00334574
PMBB1116554461396	0	52.3	2735.2899999999995	2	1	-0.000668858	0.00855231	0.022414
PMBB1116697892805	0	60.5	3660.25	1	1	0.0101951	0.00392469	-0.00265984
PMBB1116944681933	0	23.0	529.0	2	1	-0.00667607	0.00165317	-0.00182008
PMBB1117270741034	0	57.1	3260.4100000000003	2	1	-0.00162261	0.0011525	0.00934408
PMBB1117595698444	1	74.9	5610.010000000001	1	1	0.00776332	-0.0100794	0.00608442
PMBB1119712345529	0	63.9	4083.21	1	1	-0.00119658	0.00612169	0.00930551
PMBB1120001954466	0	61.1	3733.21	1	1	0.00521147	0.0103403	0.0028858
PMBB1121265288997	0	34.4	1183.36	2	3	-0.00928659	0.00284114	0.000174632
PMBB1121929308466	0	44.2	1953.6400000000003	1	1	0.000280795	0.00881032	0.00196723
PMBB1121964238134	0	27.3	745.2900000000001	2	2	0.0153402	-0.00292314	-0.0123861
PMBB1122805742364	0	64.9	4212.010000000001	2	1	-0.00532088	-0.00523213	-0.00790756
PMBB1124029456850	0	42.5	1806.25	2	3	0.00345334	-0.011875	-0.00187859
PMBB1124324091436	0	55.3	3058.0899999999997	1	1	0.00725901	-0.000949575	-0.00395019
PMBB1124375476567	0	37.5	1406.25	2	3	-0.0021135	0.00946398	0.0210638
PMBB1126119874399	0	35.6	1267.3600000000001	1	1	9.6941e-05	-0.00493304	-0.00441355
PMBB1127606293576	0	28.7	823.6899999999999	1	1	-0.00503995	0.00522359	0.00452938
PMBB1129787678826	0	50.7	2570.4900000000002	1	1	-0.00296001	-0.00154127	0.00128205
PMBB1130066927670	0	59.6	3552.1600000000003	1	2	-0.00279553	-0.00531203	0.0165059
PMBB1130740749471	0	73.0	5329.0	1	3	-0.0102088	0.000995015	0.0137485
PMBB1131287020765	0	31.7	1004.89	2	3	-0.00872834	0.00205565	0.000186902
PMBB1133144542548	0	45.8	2097.64	1	1	-0.00305564	0.00279462	0.00221073
PMBB1133537141796	0	79.3	6288.49	2	1	0.00774766	-0.0164017	-0.00748419
PMBB1133538417191	0	27.1	734.4100000000001	2	1	0.00602399	-0.0176067	0.00862963
PMBB1133833393840	0	50.3	2530.0899999999997	2	1	0.00128837	0.0050205	0.00964646
PMBB1134351541201	0	46.5	2162.25	2	1	0.015576	-0.0141254	-0.0169678
PMBB1134538656277	0	60.3	3636.0899999999997	2	1	0.00201577	-0.0199527	-0.0160179
PMBB1134653737067	0	70.3	4942.089999999999	1	3	0.00392109	0.00821363	-0.00371494
PMBB1134831288791	0	40.8	1664.6399999999999	1	1	-0.00610537	-0.00483643	0.00041151
PMBB1135690611449	0	61.4	3769.96	1	1	0.00366008	0.00452675	-0.00481058
PMBB1136419919260	0	64.0	4096.0	2	1	0.0030481	0.0147948	-0.00208763
PMBB1137178500559	0	46.2	2134.44	2	1	-0.000944085	0.000785192	0.0100803
PMBB1137230131603	0	76.6	5867.5599999999995	1	1	0.00555849	0.00547762	0.00103394
PMBB1137273972664	0	39.9	1592.01	1	1	-0.0101517	0.00146457	-3.18755e-06
PMBB1138183377967	0	62.9	3956.41	1	3	-0.00577512	0.00373954	0.00456928
PMBB1138623921619	0	40.8	1664.6399999999999	1	3	-0.000823687	0.00474232	-0.0192939
PMBB1138778682059	0	50.9	2590.81	1	1	-0.00447155	-0.00370709	-0.000464176
PMBB1138912325722	0	35.6	1267.3600000000001	2	1	-0.00178979	-0.000738535	-0.000198159
PMBB1139554304286	0	59.4	3528.3599999999997	1	3	-0.00149354	-0.00578361	-7.11338e-05
PMBB1139749613054	0	32.3	1043.2899999999997	2	3	0.00596203	-0.0107641	-0.00510436
PMBB1139966082481	0	49.7	2470.09	1	1	0.00489808	0.0147481	-0.0181236
PMBB1143339257089	0	62.0	3844.0	2	1	-0.00193146	0.00686458	0.00191232
PMBB1143862926336	0	80.5	6480.25	1	1	-0.00679346	-0.0121103	-0.00105405
PMBB1143943865292	0	65.2	4251.04	1	1	-0.00601804	0.00678902	-0.0130093
PMBB1144179376409	0	44.1	1944.8100000000002	2	3	-0.00331142	-0.00943682	0.00121012
PMBB1144328322919	0	49.3	2430.49	2	3	0.0188686	-0.0138012	-0.00577464
PMBB1144718863188	0	36.8	1354.2399999999998	2	1	0.00937103	0.00772966	-0.00836525
PMBB1145460004220	0	47.2	2227.84	1	1	-0.00154047	0.00587496	0.0149821
PMBB1147663374460	0	73.9	5461.210000000001	2	1	-0.00423579	-0.00728408	0.000549393
PMBB1148640325339	0	33.1	1095.6100000000001	2	1	-0.00151369	-0.00544705	-0.00448064
PMBB1149871740794	0	61.7	3806.8900000000003	1	2	-0.000800505	0.00479971	-0.0030948
PMBB1150134715044	0	57.8	3340.8399999999997	2	1	-0.00561264	0.00708101	-0.000782966
PMBB1150958116151	0	29.7	882.0899999999999	2	1	-0.000420771	0.00569953	-0.00907622
PMBB1151069227928	0	56.1	3147.21	1	1	0.0116845	0.00361832	-0.00778373
PMBB1151295719293	0	50.7	2570.4900000000002	1	1	0.000352444	0.00451796	0.00754977
PMBB1151762692359	0	41.4	1713.9599999999998	2	1	-0.00291456	-0.00131385	0.01748
PMBB1153034900507	0	34.7	1204.0900000000001	1	2	-0.00326406	0.00812338	0.00659909
PMBB1153558988387	0	47.1	2218.4100000000003	2	1	-0.00576439	-0.000881505	-0.00970521
PMBB1154023225366	0	40.6	1648.3600000000001	1	1	-0.0024341	0.000131159	0.000243401
PMBB1154979019311	0	47.2	2227.84	1	1	-0.00315614	0.00888152	0.0171658
PMBB1155751328486	0	71.2	5069.4400000000005	2	1	0.0238868	0.00510334	0.00669786
PMBB1156912332215	0	62.8	3943.8399999999997	1	1	-0.00408684	0.00991293	-0.0081715
PMBB1157303541290	0	56.9	3237.6099999999997	2	1	-0.00788068	0.0035587	0.00382505
PMBB1158067233973	0	55.0	3025.0	1	1	-0.00409479	0.00769708	0.0111812
PMBB1158284147406	0	53.4	2851.56	2	2	-8.75623e-05	0.00959938	0.000231965
PMBB1158293328836	0	36.2	1310.4400000000003	2	1	0.0079206	0.00866212	-0.00721099
PMBB1158558878662	0	30.6	936.3600000000001	2	3	-0.00164213	-0.00138659	0.00969961
PMBB1159208989474	1	67.0	4489.0	2	1	-0.00399046	0.00544714	0.00181404
PMBB1160768449508	0	44.4	1971.36	2	1	-0.0120847	-0.000559456	-0.00129658
PMBB1161685667719	0	49.8	2480.0399999999995	1	1	0.000528355	0.00285805	0.00330728
PMBB1163063416034	0	43.9	1927.2099999999998	2	1	-0.00450687	0.00565862	-0.00405998
PMBB1163135192709	0	53.8	2894.4399999999996	1	1	-0.00274832	0.00957563	-0.0175062
PMBB1163292181233	0	22.2	492.84	2	1	0.00987384	-0.00289459	0.0196125
PMBB1165043671808	1	64.6	4173.159999999999	2	1	-0.00326083	-3.71761e-05	0.00387212
PMBB1165388089287	0	47.8	2284.8399999999997	2	1	0.000779013	0.0022976	0.00385681
PMBB1169359274157	0	30.2	912.04	2	3	0.005787	-0.0092249	-0.00347256
PMBB1169457238971	0	67.8	4596.839999999999	1	1	-0.0106364	-0.0170027	-0.00281592
PMBB1170336125798	0	32.6	1062.76	1	1	0.0196824	0.003345	0.00199332
PMBB1170406587136	0	49.2	2420.6400000000003	1	1	-0.000400715	0.0015782	0.00271517
PMBB1170478972989	0	63.8	4070.4399999999996	1	1	0.00822191	-0.00437712	-0.0161862
PMBB1170518180469	0	48.9	2391.21	2	3	-0.00303402	0.00637424	-0.0159311
PMBB1171145343551	0	28.5	812.25	2	1	-0.0128143	-0.00027903	-0.000449288
PMBB1171385963169	0	27.6	761.7600000000001	2	1	0.00510164	-0.00535111	0.00670486
PMBB1172013977361	0	54.8	3003.0399999999995	1	1	0.00466585	-0.0254993	0.00610385
PMBB1172218817438	0	59.7	3564.09	1	1	-0.00629814	0.00773851	-0.00853902
PMBB1173846985790	0	78.4	6146.560000000001	2	1	-0.00642721	0.00466407	0.0122428
PMBB1175020302231	0	69.1	4774.8099999999995	2	1	-0.00253994	-0.00402894	-0.00110946
PMBB1176031932490	1	71.9	5169.610000000001	2	1	0.00473105	0.00346761	-0.00789138
PMBB1176245863488	0	38.7	1497.6900000000003	2	1	0.000863236	-0.0130133	0.00519207
PMBB1176720763708	0	31.4	985.9599999999999	2	1	-0.00412623	0.00603279	0.00189116
PMBB1177983590691	0	59.4	3528.3599999999997	2	1	0.00345503	-0.00769837	-0.0103431
PMBB1178577350015	0	46.4	2152.96	1	1	-0.00605575	0.00765053	0.00219045
PMBB1179444996775	0	43.0	1849.0	1	1	0.0307434	-0.000763918	0.000628447
PMBB1179564841728	0	28.2	795.24	2	3	-0.00852359	0.00314896	0.00371983
PMBB1179750542199	0	58.6	3433.96	1	1	0.00241508	-0.0135316	6.30351e-06
PMBB1179926162582	0	35.1	1232.01	2	1	-0.00494219	-0.00134437	-0.00454972
PMBB1181216483069	0	57.1	3260.4100000000003	1	1	-0.00386854	-0.0078544	-0.00851097
PMBB1181301081057	0	68.1	4637.61	2	1	-0.00724936	-0.0027796	6.66355e-05
PMBB1181951488910	0	29.6	876.1600000000001	1	1	-0.00552376	0.00363439	-0.00704765
PMBB1182181638980	0	77.1	5944.409999999999	1	3	0.000191622	-0.0147022	0.00470264
PMBB1183539130661	0	38.0	1444.0	2	1	0.00131562	0.0052257	-0.00662964
PMBB1184107778209	0	72.9	5314.410000000001	2	1	0.00115719	0.0158916	0.000326577
PMBB1184435087329	0	54.8	3003.0399999999995	1	1	0.0032438	0.0153647	-0.00661282
PMBB1186795754762	0	53.5	2862.25	1	1	0.0110091	0.0036651	-0.00931654
PMBB1187888082646	0	72.2	5212.84	1	2	-0.000515725	-0.00807741	0.00154
PMBB1189228389431	1	58.5	3422.25	1	1	-0.00513702	0.00715075	-0.0122979
PMBB1189240195680	0	28.6	817.96	2	1	0.000629531	-0.00984126	0.00919717
PMBB1189903556174	0	54.9	3014.0099999999998	2	1	-0.00443225	0.00909158	0.0141768
PMBB1190093436641	0	71.0	5041.0	1	1	-0.00647494	0.000144886	0.000117515
PMBB1193586565579	0	51.5	2652.25	1	1	-0.00686417	0.00678729	0.00169824
PMBB1193683299006	0	71.6	5126.5599999999995	1	1	-0.00170823	0.00379167	-0.00410113
PMBB1195026058904	0	51.0	2601.0	2	3	-0.0121038	0.000175581	-0.000598342
PMBB1195037210505	0	48.3	2332.89	1	1	-0.00153165	-0.00614391	0.00759137
PMBB1195077827798	0	77.1	5944.409999999999	1	1	0.00178513	-0.00144694	0.00146697
PMBB1195603554859	0	34.4	1183.36	2	1	0.00513492	-0.00737337	-0.0046054
PMBB1196112406616	0	51.9	2693.6099999999997	2	1	-0.0081831	0.00518188	-0.00669062
PMBB1196492109573	0	43.4	1883.56	2	1	-0.0090054	-0.00240954	0.00328882
PMBB1196670632443	0	58.5	3422.25	1	1	-0.00153771	0.00798278	0.00713523
PMBB1198173730759	0	43.1	1857.6100000000001	2	1	-0.00596377	0.00395294	0.000119857
PMBB1198299636347	0	45.9	2106.81	1	3	0.000935184	0.00637481	-0.0144079
PMBB1200377241173	0	33.6	1128.96	2	3	0.00050115	-0.0109424	-0.00469102
PMBB1201931375178	0	79.2	6272.64	1	2	0.00630462	-0.0101979	-0.00134291
PMBB1202126059694	0	34.3	1176.4899999999998	2	1	0.00427348	0.0138056	0.00887224
PMBB1203242249892	0	55.4	3069.16	1	1	-0.000575182	0.00500993	-0.0107545
PMBB1206040400768	0	72.4	5241.760000000001	2	1	-0.00697162	-0.00487334	0.000492327
PMBB1207158821961	0	50.4	2540.16	1	1	0.000627538	0.00749187	-0.011453
PMBB1207494889009	0	41.8	1747.2399999999998	2	1	0.00326184	0.00368909	0.00148159
PMBB1208136976834	0	59.3	3516.49	2	3	0.000594595	0.00482618	-0.00594272
PMBB1209203050338	0	26.7	712.89	2	1	0.00410189	-0.00460067	-0.00587434
PMBB1210761618052	0	57.4	3294.7599999999998	1	1	0.0124711	-0.0278595	0.00184766
PMBB1211841464128	0	43.6	1900.96	1	1	-0.0071041	0.000516699	-0.000724843
PMBB1211999841731	0	33.0	1089.0	1	3	-0.00334438	-0.0136525	-0.00378852
PMBB1212518227081	0	27.6	761.7600000000001	2	1	-0.0026704	0.00777512	0.00230991
PMBB1212806223294	0	52.5	2756.25	2	3	-0.0049826	0.00554649	-0.000333639
PMBB1213023430791	0	50.2	2520.0400000000004	1	1	0.00449956	-0.00330407	0.0171931
PMBB1213878464034	0	48.0	2304.0	1	1	-0.00718485	-0.012874	0.00119935
PMBB1214267685167	0	68.9	4747.210000000001	1	1	-0.0125671	0.000389354	-0.00169997
PMBB1215056331509	0	64.6	4173.159999999999	1	1	-0.00484261	-0.00308753	-0.00803476
PMBB1215971088295	0	55.6	3091.36	2	1	-0.00422857	-0.00201104	0.0019823
PMBB1216379772563	0	53.5	2862.25	2	1	-0.00147904	0.0116602	0.00782552
PMBB1217325457934	0	22.9	524.41	1	1	-0.00610521	-0.00174878	0.00352455
PMBB1218886085613	0	52.9	2798.41	1	1	0.00501025	-0.00459208	0.00827666
PMBB1219061448258	0	38.4	1474.56	1	3	0.00208494	0.00696743	-0.011127
PMBB1219152872506	0	65.9	4342.81	2	1	0.0025681	-0.00624652	0.00323866
PMBB1219781315954	0	38.9	1513.2099999999998	2	1	-0.0119428	-0.00128165	-0.00260132
PMBB1220137058246	0	73.1	5343.609999999999	2	1	-0.00223963	0.00260694	0.000214744
PMBB1220295022418	0	30.7	942.49	2	1	-0.0022828	-0.011862	-0.00614781
PMBB1221435682984	0	36.2	1310.4400000000003	1	1	0.000530943	-0.00180986	0.0075546
PMBB1222480280699	0	53.9	2905.21	2	1	-0.00333939	0.000134684	0.00119003
PMBB1222858743262	0	41.1	1689.21	1	1	0.00745693	0.00484118	0.000474802
PMBB1223129461093	1	59.0	3481.0	2	1	-0.00269533	-0.00493092	0.00275019
PMBB1223653252276	0	32.4	1049.76	1	3	-0.00378826	0.00702951	0.000403881
PMBB1224328141268	0	58.5	3422.25	1	3	-0.00426447	0.00689619	0.00891869
PMBB1226896190935	0	53.0	2809.0	2	1	-0.00579692	0.00246687	0.000130814
PMBB1227568823052	0	62.2	3868.84	2	1	-0.00518216	0.00246567	0.0106207
PMBB1228730214570	0	52.6	2766.76	1	1	-0.000898737	0.00343572	0.00147417
PMBB1231332656627	0	49.8	2480.0399999999995	1	1	-0.00597264	0.00371817	0.00287071
PMBB1232137484919	0	70.5	4970.25	2	1	-0.0117239	0.00243925	-0.00237929
PMBB1232778290297	0	58.5	3422.25	2	3	0.00317947	0.0153005	0.00604971
PMBB1234722641342	0	56.2	3158.4400000000005	1	2	-0.000192862	-0.0100581	0.000967218
PMBB1236210061491	0	48.5	2352.25	1	1	-0.0096697	-0.00686187	-0.00265361
PMBB1236239441551	0	27.0	729.0	2	1	-0.00828698	0.00362787	0.000665114
PMBB1238708858375	0	55.7	3102.4900000000002	1	1	0.00191205	-0.00205805	-0.0081438
PMBB1238933338686	0	58.3	3398.89	1	1	-0.00501089	0.00409343	-0.0244097
PMBB1239025580451	0	57.8	3340.8399999999997	2	1	0.0131143	-0.00821094	-0.00338147
PMBB1239939259285	0	55.6	3091.36	1	1	-0.00656337	0.00191735	-0.0018557
PMBB1240839582111	0	40.7	1656.4900000000002	1	1	-0.00720808	0.00498964	-0.0114184
PMBB1241555246921	0	33.2	1102.2400000000002	2	1	0.0114869	-0.0103386	0.000199696
PMBB1242824641522	0	67.6	4569.759999999999	1	1	-0.0108424	-0.00214673	0.00605213
PMBB1242850371397	0	45.2	2043.0400000000002	1	1	-0.0011393	-0.00154131	-0.017427
PMBB1244713332982	0	52.8	2787.8399999999997	1	3	0.0179434	-0.0149251	0.00394476
PMBB1245512226908	0	38.3	1466.8899999999999	2	1	-0.0105061	0.00207796	0.000324965
PMBB1245558368241	0	63.5	4032.25	2	1	-0.00330519	0.00223901	0.013389
PMBB1247769182423	0	23.3	542.89	2	3	-0.00443788	-0.00393608	0.0077868
PMBB1248628933374	0	20.8	432.64000000000004	2	1	-0.00555403	-0.0134313	0.00457443
PMBB1248954003166	0	53.4	2851.56	2	3	-0.0054782	-0.00490055	-0.00300244
PMBB1248998906712	0	63.3	4006.8899999999994	1	1	-0.00324906	0.00947673	-0.0173958
PMBB1250170206586	1	51.6	2662.56	2	2	0.00331096	0.0118947	-0.00795245
PMBB1251379033247	1	52.4	2745.7599999999998	1	1	-9.20828e-05	-0.0295291	-0.00308385
PMBB1251680814192	0	59.9	3588.0099999999998	2	1	-0.00319064	0.00634298	-0.00649049
PMBB1252313626182	0	45.1	2034.0100000000002	2	3	-0.00846295	-0.00333554	-0.00431849
PMBB1255777473024	0	68.9	4747.210000000001	1	1	-0.00433305	0.000654395	-0.00286585
PMBB1256379262368	0	25.1	630.0100000000001	2	1	-0.00289971	0.00623964	-0.00362964
PMBB1256774794347	0	24.3	590.49	1	3	8.28923e-05	-0.0142559	-0.00411029
PMBB1256915990883	0	83.1	6905.609999999999	1	1	0.00111927	0.00449573	0.0159524
PMBB1257552252264	0	49.8	2480.0399999999995	2	2	0.016081	-0.0048998	-0.0118286
PMBB1257978722413	0	64.4	4147.360000000001	1	1	-0.00147834	-0.0128467	-0.0027002
PMBB1259774715108	0	74.3	5520.49	1	1	-0.0106115	-0.00869081	-0.00218437
PMBB1260295635676	0	33.8	1142.4399999999998	2	3	-0.00412956	0.00720609	-0.0164554
PMBB1261105711497	0	63.6	4044.96	2	1	0.000972714	-0.00765157	-0.000401684
PMBB1263718640957	0	38.4	1474.56	2	1	-0.00136232	0.00539544	-0.0074387
PMBB1264919248996	0	54.9	3014.0099999999998	2	1	0.000775766	0.00622468	-0.0150961
PMBB1265017071851	0	48.2	2323.2400000000002	2	1	-0.00636768	0.00607624	-0.000160203
PMBB1265998201397	0	59.9	3588.0099999999998	1	1	0.0121108	0.000825609	0.00566041
PMBB1266025813911	0	24.6	605.1600000000001	2	1	-0.00282752	0.00633286	-0.007632
PMBB1266044801872	0	37.7	1421.2900000000002	1	3	-0.00206526	0.00763955	0.0127026
PMBB1266240766637	0	43.3	1874.8899999999996	2	1	-0.00663198	0.00333721	-0.00144255
PMBB1268241365612	0	59.8	3576.0399999999995	1	1	-0.00982737	0.000330152	-0.000372671
PMBB1269539859374	0	69.4	4816.360000000001	1	1	-0.00688843	0.00564629	-0.0135878
PMBB1269647454355	0	46.7	2180.8900000000003	2	1	0.0050351	0.0057862	-0.00644961
PMBB1269898185745	0	36.7	1346.89	1	1	-5.07091e-05	0.00815778	-0.0107534
PMBB1269985707284	0	40.8	1664.6399999999999	1	3	0.0308909	0.0019128	0.0212228
PMBB1270248229250	0	59.4	3528.3599999999997	1	1	-0.00332399	-0.0124284	-0.00581549
PMBB1270286128265	1	66.7	4448.89	2	1	0.0241109	-0.00511727	0.0129459
PMBB1272401908317	0	42.4	1797.76	2	1	-0.0128097	0.000704829	-0.000212934
PMBB1272648817222	0	52.5	2756.25	2	3	0.018688	-0.000568852	-0.00232525
PMBB1272920701490	0	46.8	2190.24	1	1	0.00433016	-0.00982266	0.000769667
PMBB1273078891981	0	67.7	4583.29	1	2	-0.00198016	0.00727576	-0.000987136
PMBB1274084878610	0	66.4	4408.960000000001	1	1	0.00467834	0.00458999	-0.0160331
PMBB1274990306858	0	35.4	1253.1599999999999	1	3	-0.00989394	0.002001	-0.00595733
PMBB1275005106948	0	75.0	5625.0	2	1	-0.00863615	0.00282403	0.00705791
PMBB1275073708130	0	46.7	2180.8900000000003	2	1	-0.00802281	-0.00393317	0.00360599
PMBB1275347193658	0	50.0	2500.0	2	1	0.00959402	0.00312255	0.00181918
PMBB1275918073473	0	57.0	3249.0	1	1	-0.000280618	-0.00870286	-0.0108926
PMBB1275940086391	0	35.7	1274.4900000000002	1	2	0.0167833	0.0131125	-0.000274229
PMBB1279300199836	0	69.8	4872.04	2	1	-0.00351793	0.00634771	-0.018743
PMBB1281267323080	0	56.1	3147.21	1	2	-0.000860605	0.00190581	0.00250076
PMBB1281375010576	0	24.2	585.64	1	1	0.0233462	-0.00773446	-0.00766847
PMBB1281471606918	0	53.6	2872.96	1	1	0.00443535	-0.00774979	0.00411062
PMBB1282096453119	0	23.6	556.96	2	1	-0.00288558	0.00588018	-0.00501527
PMBB1282524472343	0	62.8	3943.8399999999997	1	1	0.0199287	0.0032518	-0.00172311
PMBB1282833191414	0	57.0	3249.0	1	1	0.0175899	0.00320836	-0.00279766
PMBB1283904307339	0	42.1	1772.41	2	1	-0.00110238	-0.00485831	-0.00801487
PMBB1284099409249	0	69.2	4788.64	1	2	0.0162835	0.00518367	-0.0104517
PMBB1284454950348	0	75.6	5715.359999999999	1	1	-0.00611106	0.00931775	0.000346975
PMBB1285355083601	0	58.6	3433.96	2	1	-0.00708742	0.00649612	0.00168591
PMBB1285599732514	0	80.8	6528.639999999999	1	1	0.00223327	-0.0136595	0.000828328
PMBB1286638090636	0	21.7	470.89	2	1	0.00181443	1.99357e-06	0.0034407
PMBB1287060459566	0	62.1	3856.4100000000003	1	1	-0.00376188	0.00393129	0.00372506
PMBB1287707070100	0	59.1	3492.81	2	1	-0.00360649	0.00262725	-0.00925205
PMBB1288033404324	0	61.8	3819.24	1	1	0.0101468	-0.00600077	0.0150268
PMBB1288551429886	0	66.0	4356.0	2	1	-0.00938867	-0.00775083	0.00989156
PMBB1292239647866	0	60.6	3672.36	2	1	-0.00572325	0.00462528	-0.0100825
PMBB1292991461062	0	27.2	739.8399999999999	2	1	-0.00494697	0.0100906	-0.0101452
PMBB1294200806559	0	62.0	3844.0	2	1	0.00964282	0.00272455	-0.0144478
PMBB1295455047974	1	70.2	4928.04	2	1	-0.00291599	0.00446147	-0.0143705
PMBB1296026255062	0	62.8	3943.8399999999997	1	1	0.00161027	0.0087348	0.00454046
PMBB1297023075356	0	26.0	676.0	2	1	0.0020862	0.00389438	-0.00307144
PMBB1298316123692	0	67.2	4515.84	2	3	-0.00440697	0.00138694	-0.00266093
PMBB1298464474932	0	48.1	2313.61	2	1	-0.00947062	0.00317707	0.000906522
PMBB1299301834969	0	68.2	4651.240000000001	2	1	0.000515847	-0.0107402	-0.00330207
PMBB1300361209538	0	29.1	846.8100000000001	1	2	0.00382279	-0.00801639	-0.0137977
PMBB1300886494408	0	60.6	3672.36	2	1	-0.0060806	-0.00146958	0.00660162
PMBB1302978292807	0	50.5	2550.25	1	1	-0.00746802	-0.0125096	0.000607362
PMBB1303231513198	0	37.7	1421.2900000000002	2	3	-0.000765757	0.00684153	0.00156321
PMBB1304839070065	0	61.4	3769.96	1	1	-0.00553586	0.00699047	0.0055484
PMBB1304928810041	0	47.8	2284.8399999999997	2	1	0.0101571	-0.00917111	-0.0162351
PMBB1305544684908	0	54.3	2948.49	1	1	0.0240655	0.00188481	0.000371905
PMBB1306010355046	0	24.4	595.3599999999999	1	1	-0.00396492	-0.0270207	-0.013492
PMBB1306358007068	0	45.9	2106.81	2	1	-0.00665595	0.00163104	0.0021704
PMBB1306809799543	0	38.9	1513.2099999999998	2	3	0.0211501	0.000965994	6.98773e-05
PMBB1308370081917	0	79.3	6288.49	2	1	-0.00851587	0.00378395	-0.00224344
PMBB1309665205444	0	77.8	6052.839999999999	1	1	-0.00608027	0.00413231	0.00207314
PMBB1309996402787	0	63.6	4044.96	2	1	-0.000723136	0.0066917	0.00105331
PMBB1310166220196	0	29.4	864.3599999999999	1	1	0.00887789	-0.00540703	-0.00633478
PMBB1311185305887	0	55.7	3102.4900000000002	1	3	-0.00197365	-0.00330969	0.00922327
PMBB1311381637079	0	26.2	686.4399999999999	2	1	-0.00652964	-0.00300869	-0.0102869
PMBB1313240771880	0	62.9	3956.41	1	3	-0.000101097	-0.00174798	-0.0026256
PMBB1315107203477	0	64.9	4212.010000000001	1	1	-0.00616618	0.00591223	0.003355
PMBB1318476986869	0	76.2	5806.4400000000005	1	1	0.0180773	0.0187173	0.000369666
PMBB1318886323309	0	27.3	745.2900000000001	2	1	-0.00235496	6.17394e-05	-0.000556993
PMBB1318968860846	0	79.2	6272.64	2	1	0.0227129	-0.014307	-0.00056811
PMBB1319028044647	0	53.8	2894.4399999999996	2	1	0.0199329	-0.018229	-0.00130866
PMBB1319397215693	0	51.1	2611.21	1	1	-0.00964369	0.00374292	0.00108488
PMBB1319454546631	0	37.7	1421.2900000000002	2	1	0.000351487	-0.00333415	0.00250454
PMBB1320463168654	0	37.2	1383.8400000000001	2	1	-0.00505355	0.0082043	-0.0099783
PMBB1320894937290	0	48.5	2352.25	1	1	0.00237995	-0.00218368	-0.0113418
PMBB1321933857512	0	41.8	1747.2399999999998	2	1	0.0243268	0.0132465	-0.0141521
PMBB1323979789362	0	52.8	2787.8399999999997	1	1	-0.0034059	-0.00272241	-0.000732625
PMBB1324660474909	0	57.9	3352.41	1	1	0.00463918	-0.00768317	0.0135716
PMBB1325176014704	0	53.8	2894.4399999999996	1	1	-0.00645576	0.00401516	0.00152943
PMBB1325855499090	0	58.8	3457.4399999999996	2	3	-0.00150337	0.00914337	-0.0142472
PMBB1326419927319	0	68.5	4692.25	1	1	-0.000180809	0.00206139	0.0124702
PMBB1326886973103	0	55.8	3113.64	2	1	-0.0031804	-0.00549239	-0.0072304
PMBB1327499575450	0	62.9	3956.41	2	2	0.0105704	0.00681263	-0.00465037
PMBB1327839055326	0	70.7	4998.490000000001	2	1	0.00340622	-0.00235288	0.0121703
PMBB1329670927304	0	44.0	1936.0	2	1	-0.00718628	0.000368287	0.00293145
PMBB1331105817005	0	50.7	2570.4900000000002	1	3	-0.00701062	-0.0120373	-0.000702374
PMBB1333155971870	0	57.8	3340.8399999999997	1	1	-0.00138018	-0.00376856	0.00296343
PMBB1333219322927	0	26.5	702.25	2	1	-0.00718872	0.00144481	0.00221769
PMBB1335167204947	0	56.8	3226.24	1	1	0.00295179	0.0102354	-0.00754844
PMBB1336093293300	0	25.5	650.25	2	1	-0.00688397	-0.00126692	-0.00204997
PMBB1336812652135	0	78.7	6193.6900000000005	1	1	-0.00817293	-0.000950626	-0.00369662
PMBB1336975767304	0	23.1	533.61	2	3	-0.00312313	0.00600492	-0.00995275
PMBB1337131750942	0	51.8	2683.24	2	1	-0.00910718	-0.00271346	0.000426525
PMBB1337287909672	0	70.2	4928.04	2	1	0.0171009	-0.0123927	-0.0156518
PMBB1337700334665	0	23.2	538.24	2	3	-0.0029659	-0.00953616	0.00666912
PMBB1337769510282	0	37.4	1398.76	1	1	-0.00254919	-0.00194304	-0.0042389
PMBB1338269670385	0	53.2	2830.2400000000002	2	1	0.0220833	-0.013187	-0.0202137
PMBB1339945662725	0	44.3	1962.4899999999998	2	3	-0.00302881	-0.00958708	0.00389923
PMBB1343019766525	0	61.5	3782.25	1	1	0.00163977	-0.00739415	-0.00551236
PMBB1343585517279	0	70.0	4900.0	1	1	-0.00898625	0.00691558	-0.00201636
PMBB1344517952368	0	30.3	918.09	2	1	0.016813	-0.00135221	4.37451e-05
PMBB1344840630559	0	40.9	1672.81	2	1	4.94199e-05	-0.00354931	-0.00204806
PMBB1345462723160	0	78.4	6146.560000000001	1	1	-0.00133794	-0.00124623	0.00425375
PMBB1345533260864	0	59.4	3528.3599999999997	1	3	0.000715727	0.00473209	-0.000462845
PMBB1345762445917	0	41.3	1705.6899999999998	2	3	0.00235604	-0.00615203	-0.0213012
PMBB1348336584685	0	77.9	6068.410000000001	2	3	0.0179009	0.000318215	0.0089656
PMBB1348463193760	0	78.5	6162.25	2	1	0.0211703	-0.00621861	-0.00073443
PMBB1349781250494	1	59.7	3564.09	2	1	-0.0036654	-0.00181112	-0.00455965
PMBB1353231724481	0	64.6	4173.159999999999	1	1	-0.00505054	-0.00859907	0.00109089
PMBB1354668547643	0	22.4	501.75999999999993	2	1	-0.00659439	0.00681932	0.00481122
PMBB1354840968102	0	65.0	4225.0	2	1	-0.00241502	0.00772023	-0.00367224
PMBB1357326685004	0	52.3	2735.2899999999995	1	1	0.0207021	0.00245297	-0.00786767
PMBB1358462746565	0	66.9	4475.610000000001	1	1	0.00245668	-0.00576641	0.00635642
PMBB1358528114758	0	51.4	2641.96	1	1	-0.00789807	0.00159658	-0.00435232
PMBB1360718763323	0	30.4	924.16	1	1	-0.00866953	0.00350072	-0.00337823
PMBB1360978212653	0	52.1	2714.4100000000003	2	3	-0.00211737	-0.00634169	-0.00497242
PMBB1361094565003	0	50.4	2540.16	1	1	-0.000951026	-0.00866071	-0.00422088
PMBB1362215704305	0	59.8	3576.0399999999995	1	1	-0.0124272	-0.000261137	-0.00390584
PMBB1362508433271	0	61.7	3806.8900000000003	1	1	-0.00739837	0.00430492	0.0147393
PMBB1363663112904	0	70.0	4900.0	1	1	0.00411998	0.0112157	-0.0129455
PMBB1364194268616	0	28.8	829.44	2	1	-0.0075053	0.00372659	0.00181181
PMBB1364260657802	0	62.0	3844.0	2	1	0.0268547	0.00635902	0.00398041
PMBB1364368127955	0	60.8	3696.64	1	1	0.0072063	0.0128357	0.00320776
PMBB1364508498843	0	57.5	3306.25	1	1	-0.00626549	0.00143444	-0.0130528
PMBB1368037340140	0	59.8	3576.0399999999995	2	1	0.0058249	0.004555	-0.0237739
PMBB1372667243757	0	54.9	3014.0099999999998	1	1	-0.00345166	0.00610873	-0.00128147
PMBB1373212015614	0	26.9	723.6099999999999	2	1	-0.00152162	0.00155285	0.00944353
PMBB1373457599852	0	64.6	4173.159999999999	1	1	-0.00363528	0.00235	0.00716205
PMBB1374714966341	0	59.6	3552.1600000000003	2	1	-0.00830795	0.00106908	0.00451288
PMBB1375118698257	0	31.7	1004.89	2	3	0.0066204	0.00986829	0.0110976
PMBB1375946978711	0	52.9	2798.41	2	1	0.00578273	0.0126121	0.00696743
PMBB1376329074592	0	51.0	2601.0	1	1	-0.00695011	-0.00669107	0.00244837
PMBB1376672060433	0	33.4	1115.56	2	1	0.00419311	0.012878	-0.00236928
PMBB1378924019452	0	30.2	912.04	2	1	-2.86195e-05	0.00756579	0.00939026
PMBB1379839142997	0	29.9	894.0099999999999	2	1	-0.00144805	0.00251384	-0.0103591
PMBB1380999013091	0	59.6	3552.1600000000003	1	1	-0.00386717	0.00285705	0.00399665
PMBB1381783656967	0	51.4	2641.96	2	1	-0.00518213	0.00141995	0.00182391
PMBB1382337746366	0	69.2	4788.64	2	1	-0.00188385	-0.00765676	0.0129218
PMBB1382994039260	0	80.5	6480.25	2	3	0.0303344	0.013489	0.00262667
PMBB1383921150247	0	59.1	3492.81	2	1	0.00581634	0.0170075	-0.00200539
PMBB1386249905685	0	69.5	4830.25	2	1	0.000257365	0.00588058	0.000128503
PMBB1386626559675	0	54.9	3014.0099999999998	1	1	-0.00286457	-0.00207202	-0.00796666
PMBB1387081452954	0	38.9	1513.2099999999998	2	1	0.00501308	-0.000216425	-0.0139032
PMBB1387086297218	0	58.7	3445.6900000000005	2	3	-0.00480523	0.0060334	-0.00779519
PMBB1388891552614	0	55.2	3047.0400000000004	1	1	-0.00767486	-0.0116178	-0.00393081
PMBB1389199178379	0	63.8	4070.4399999999996	2	3	-0.00516086	0.000320043	0.00441748
PMBB1390993924967	0	52.8	2787.8399999999997	2	3	-0.00217576	-0.00716313	0.00216647
PMBB1391066249168	0	41.9	1755.61	2	2	0.014935	0.00758981	0.00155267
PMBB1391601017994	0	64.2	4121.64	1	1	-0.00285341	-0.0126462	-0.0109338
PMBB1392472109352	0	38.1	1451.6100000000001	2	3	0.00387823	-0.00632936	0.00285153
PMBB1392980314409	0	27.8	772.84	2	3	-0.00227651	0.00104894	0.00314459
PMBB1393253681711	0	71.4	5097.960000000001	1	1	-0.00416504	-0.000418665	0.00310913
PMBB1394916187467	0	89.7	8046.09	2	1	-0.00434888	-0.00261557	-0.00846741
PMBB1395092727099	0	42.8	1831.8399999999997	1	1	0.00322551	0.0105924	0.00796506
PMBB1395488563521	0	29.5	870.25	2	1	-0.00621761	-0.00860292	0.0028672
PMBB1396318278298	0	36.1	1303.21	2	1	0.0191639	-0.00461204	0.00674275
PMBB1396868504147	0	29.1	846.8100000000001	2	1	-0.00544191	-0.00345265	0.00748548
PMBB1398164763070	0	30.3	918.09	2	3	0.0182668	0.00320668	-0.000990567
PMBB1400954471291	0	21.3	453.69000000000005	2	3	-0.00399713	0.00122631	-0.00685059
PMBB1401265059567	0	61.1	3733.21	1	1	-0.00537509	-0.0125294	0.00489874
PMBB1403511989602	0	67.6	4569.759999999999	1	1	0.00207419	-0.0138953	0.0100011
PMBB1403913813371	0	58.3	3398.89	2	1	-0.00413408	0.00243344	0.0129833
PMBB1405076508756	0	22.8	519.84	1	1	0.000592691	-0.00593982	0.00177733
PMBB1405104486631	0	54.2	2937.6400000000003	1	1	-0.00831731	-0.00171903	0.000323952
PMBB1407160477981	0	66.6	4435.5599999999995	2	1	0.0224206	-0.0171794	0.0142932
PMBB1407228982247	0	30.7	942.49	2	3	-0.0125322	0.00132529	0.00175421
PMBB1407270065358	0	29.5	870.25	2	1	-0.000986451	0.00935595	-0.0125193
PMBB1407863473225	0	20.8	432.64000000000004	2	1	-0.000376794	-0.00284619	0.00272883
PMBB1408147791038	0	52.6	2766.76	1	1	0.00302066	0.00478274	0.0153359
PMBB1408925652029	0	48.2	2323.2400000000002	1	1	0.00132021	-0.0216757	0.00135428
PMBB1410207736192	0	22.2	492.84	2	1	-0.00594987	0.00406773	0.00922806
PMBB1412402398724	0	32.7	1069.2900000000002	1	1	-0.00760349	0.000553934	-0.00526564
PMBB1412507461595	0	37.2	1383.8400000000001	2	1	-0.00768667	0.00151602	0.00246072
PMBB1413033642686	0	61.8	3819.24	1	1	0.00436613	-0.00674762	0.00455443
PMBB1415224772694	0	57.2	3271.84	1	1	0.00167327	-0.00871804	-0.0113158
PMBB1415301020869	0	64.0	4096.0	1	1	-0.0020912	0.00141321	0.00696418
PMBB1415344207789	0	44.8	2007.0399999999997	2	2	-0.0048117	-0.00116903	0.00246645
PMBB1415765181327	0	53.1	2819.61	1	1	-3.85426e-06	0.00424195	-0.012219
PMBB1416032379255	0	49.7	2470.09	1	3	-0.00197954	-0.000959759	-0.000551118
PMBB1416809042690	0	22.4	501.75999999999993	2	3	0.00609492	-0.0125764	0.00845941
PMBB1417697318241	0	40.1	1608.0100000000002	1	1	-5.83822e-05	-0.0046843	-0.00210987
PMBB1418305516242	0	41.1	1689.21	1	2	0.0267899	-0.0103616	-0.01743
PMBB1419227392043	0	66.0	4356.0	2	1	-0.00211898	0.00528036	0.0033075
PMBB1419277531046	1	65.9	4342.81	2	1	0.0168645	-0.00859029	-0.0165546
PMBB1419897804420	0	51.7	2672.8900000000003	1	1	-0.00226705	-0.0232101	-0.00163033
PMBB1421600952362	0	70.9	5026.81	1	1	-0.00907729	-0.0053436	0.00307402
PMBB1422407259514	0	23.8	566.44	2	1	0.00620447	0.0149566	0.0121631
PMBB1422520146944	0	41.6	1730.5600000000002	1	1	-0.00547316	-0.000150501	0.000592244
PMBB1424136214497	0	44.4	1971.36	1	1	-0.00389296	-0.0163746	-0.00207957
PMBB1424365846394	0	26.9	723.6099999999999	2	1	0.0151677	-0.00162307	0.00154035
PMBB1425064862494	0	43.2	1866.2400000000002	2	1	-0.00215637	0.00415273	-0.00709187
PMBB1425192097646	0	23.8	566.44	2	1	-0.00790965	0.0014962	0.00840799
PMBB1425756180343	1	65.7	4316.490000000001	1	1	-0.00873423	0.00306825	-0.00180021
PMBB1427127952194	0	32.0	1024.0	2	3	-0.00983344	0.00311179	0.000542154
PMBB1427566400607	0	58.7	3445.6900000000005	2	1	0.00913811	0.0177612	-0.0010537
PMBB1429072654042	0	29.5	870.25	2	3	0.019657	-0.00415127	0.00765261
PMBB1429389059886	0	33.1	1095.6100000000001	2	1	0.000906832	0.00175459	0.00234581
PMBB1429878702892	0	36.9	1361.61	1	1	-0.00678321	-0.00147784	0.0107218
PMBB1430267396578	0	23.3	542.89	2	1	-0.0017577	0.00271227	0.000803564
PMBB1430991095881	0	34.6	1197.16	2	1	-0.00225691	-0.00546158	0.00212334
PMBB1432599865198	0	50.4	2540.16	2	3	-0.00745119	0.00124166	0.00430741
PMBB1432750663647	0	55.8	3113.64	1	1	-0.00577849	0.000303702	0.00534008
PMBB1433326150738	0	62.2	3868.84	1	1	-0.00352656	0.00142423	-0.0031685
PMBB1436317177394	0	74.0	5476.0	2	3	0.00164646	-0.021937	-0.0158735
PMBB1437954756670	0	65.4	4277.160000000001	1	1	0.0258069	0.00595831	0.00377863
PMBB1438493499444	0	65.5	4290.25	2	1	-0.00784462	-0.00269952	-8.54181e-05
PMBB1439336824546	0	86.1	7413.209999999999	1	2	-0.00430664	0.000769436	0.00326104
PMBB1440278659476	0	35.2	1239.0400000000002	2	3	0.0150275	-0.0206708	-0.0167862
PMBB1440690970354	0	55.3	3058.0899999999997	2	3	-0.00126855	0.00607682	-0.00227952
PMBB1441232802113	0	69.5	4830.25	1	2	-0.00978348	0.00344105	0.00136041
PMBB1441443784465	0	68.3	4664.889999999999	2	1	-0.00951633	0.00403776	-0.00644819
PMBB1442594974460	0	22.3	497.29	2	1	-0.00834247	-0.00665376	-0.000542279
PMBB1443043602701	0	61.8	3819.24	1	1	-0.00337211	0.000824245	-0.00429923
PMBB1444578422100	0	52.8	2787.8399999999997	1	1	-0.00623596	0.00438282	-0.000266247
PMBB1446152718018	0	51.9	2693.6099999999997	1	3	0.00731736	0.00843007	0.00422249
PMBB1446299098122	0	69.2	4788.64	1	1	-0.00825131	0.00507181	0.0156945
PMBB1446925279896	0	18.7	349.69	2	3	-0.000703188	0.0120292	0.00849099
PMBB1448259091254	0	57.1	3260.4100000000003	1	1	-0.0101768	0.000405198	0.0092052
PMBB1449877263730	0	44.7	1998.0900000000001	1	3	-0.0126934	0.00189326	-0.00240209
PMBB1450262418545	0	61.4	3769.96	1	1	-0.00505029	0.00534602	0.00574292
PMBB1451189503294	1	52.0	2704.0	2	3	0.00439652	0.00721981	0.00681746
PMBB1454042259492	0	36.9	1361.61	2	1	0.00536604	-0.00615623	-0.0125038
PMBB1454399726053	0	42.8	1831.8399999999997	1	2	0.000626461	-0.0015563	0.00435324
PMBB1454616702135	0	56.6	3203.56	1	1	0.00252794	0.0144533	0.00840243
PMBB1455378442824	0	28.5	812.25	2	1	-0.0052127	-0.00763264	-0.00363885
PMBB1457304856734	0	57.0	3249.0	1	1	-0.00354032	0.00809867	0.0111268
PMBB1459053601089	0	38.5	1482.25	1	1	-0.00774379	0.00437469	-0.00127246
PMBB1459950942447	0	64.9	4212.010000000001	2	1	-0.0077526	0.00224509	-0.00192344
PMBB1459974008672	0	51.4	2641.96	2	1	-0.00657442	-0.00361139	0.000103435
PMBB1460532104875	0	26.0	676.0	2	1	0.00281922	-0.0172882	0.00701127
PMBB1462012711306	0	49.5	2450.25	2	1	0.00182514	-0.0146086	0.0129026
PMBB1462037285478	0	28.1	789.6100000000001	2	3	-0.00394718	-0.0109861	-0.0144938
PMBB1463742981716	0	78.9	6225.210000000001	1	1	0.00839936	-0.0127153	0.00945948
PMBB1465556113680	0	60.6	3672.36	2	1	-0.00150749	0.00169694	-0.00531594
PMBB1465824023788	0	43.6	1900.96	2	1	-0.0081531	-0.00880159	-0.00206025
PMBB1466422788039	0	54.1	2926.81	2	1	-0.00193428	0.00719385	-0.0157189
PMBB1466478441095	0	61.1	3733.21	1	1	0.0222806	0.0108489	0.0157539
PMBB1468762754623	0	40.3	1624.0899999999997	1	1	-0.00154904	-0.0120754	0.00353114
PMBB1469431241373	0	26.2	686.4399999999999	2	1	-0.00571404	-0.00946766	-0.00249217
PMBB1469533192131	0	52.9	2798.41	1	1	-0.000154027	0.010612	0.00169906
PMBB1470552971662	0	37.1	1376.41	2	1	-0.00702383	-0.00266425	-0.000877499
PMBB1470981469873	0	59.4	3528.3599999999997	1	1	0.00852647	0.00851205	0.0168429
PMBB1472117146543	0	41.8	1747.2399999999998	2	1	0.0311892	0.00952664	-0.00540446
PMBB1472673278231	0	51.6	2662.56	1	1	-0.00252656	0.00930571	0.0121343
PMBB1479779045773	0	67.2	4515.84	1	1	-0.00195534	-0.00532953	0.00845254
PMBB1479870160483	0	35.4	1253.1599999999999	1	1	-0.0129866	-0.00230476	-0.0032491
PMBB1480250149994	0	64.6	4173.159999999999	2	2	0.0126525	0.00265321	0.0182931
PMBB1485166419825	0	35.8	1281.6399999999999	1	1	-0.0127194	-0.000911691	0.00103496
PMBB1487229255332	0	25.1	630.0100000000001	2	3	-0.000481995	0.00770003	0.00749724
PMBB1487656673986	0	40.0	1600.0	2	1	-0.00459066	0.00546371	0.00946149
PMBB1489349578532	0	51.7	2672.8900000000003	1	1	-0.0047515	0.00253763	0.0124283
PMBB1489503416912	0	29.9	894.0099999999999	2	1	0.0206065	-0.00696953	-0.00570757
PMBB1493705248167	0	54.6	2981.1600000000003	1	1	-0.00297255	-0.0020259	-0.00341242
PMBB1495312430582	0	47.7	2275.2900000000004	2	2	0.00342971	-0.00832262	0.012337
PMBB1496432127261	0	60.3	3636.0899999999997	2	1	0.00697675	-0.014122	-0.0128383
PMBB1496475987610	0	62.3	3881.2899999999995	1	1	-0.00573921	0.00812035	-0.00324075
PMBB1497063006452	0	65.5	4290.25	1	1	0.00105821	-0.00206032	0.0112472
PMBB1497173932928	0	67.9	4610.410000000001	2	3	-0.00210771	-0.0125998	0.00940162
PMBB1498584072041	0	45.2	2043.0400000000002	1	1	-0.00461785	-0.00434141	-0.000927832
PMBB1500054412140	0	67.6	4569.759999999999	1	3	0.000339523	-0.00624398	0.00704113
PMBB1501443650210	0	81.6	6658.5599999999995	2	1	-0.00906244	0.00350839	-0.000628379
PMBB1503590099939	0	64.7	4186.09	1	1	-0.00227125	0.00858889	0.00502922
PMBB1504023022843	0	47.1	2218.4100000000003	1	2	-0.00187651	0.00410445	0.00750291
PMBB1504110180164	1	78.7	6193.6900000000005	2	3	-0.00160065	-0.00432819	0.0103062
PMBB1505315599223	0	62.8	3943.8399999999997	2	3	-0.00159212	0.0058642	0.0109626
PMBB1505858282350	0	22.8	519.84	2	1	-0.000117183	0.00604706	-0.00379715
PMBB1506982802808	0	79.2	6272.64	2	2	-0.0030505	0.00265887	-0.013126
PMBB1507418006300	0	76.3	5821.69	1	1	-0.00830537	0.00013271	0.000781176
PMBB1508832486494	0	39.3	1544.4899999999998	2	1	-0.00595004	-0.0053687	0.00817619
PMBB1508974167184	0	41.5	1722.25	1	3	-0.0062244	0.0048398	-0.000769406
PMBB1509501198678	1	50.9	2590.81	2	1	-0.00612515	0.00686585	-0.00688233
PMBB1509958227187	0	51.6	2662.56	2	1	0.000498254	-0.0173233	0.00572088
PMBB1511573720953	0	44.2	1953.6400000000003	2	2	-0.0127827	0.000425118	0.00192011
PMBB1513810391110	0	75.4	5685.160000000001	1	1	-0.00183934	-0.00806074	-0.0173858
PMBB1513845512200	0	31.0	961.0	2	1	-0.00670338	-0.000532726	0.00105924
PMBB1513886791257	0	66.3	4395.69	2	3	0.00728193	0.000307847	-0.0114313
PMBB1514730898852	0	22.2	492.84	2	1	-0.00381509	0.00900611	-0.00967926
PMBB1515296913653	1	59.1	3492.81	1	1	8.82337e-05	0.0124965	-0.0177655
PMBB1515565066029	0	32.5	1056.25	2	1	0.0024644	-0.00230044	0.00847426
PMBB1516029746206	0	29.5	870.25	1	1	0.00783929	-0.000845502	-0.00459188
PMBB1516207714958	0	62.8	3943.8399999999997	1	1	0.0139503	0.0232472	-0.00566137
PMBB1516926435546	0	51.3	2631.6899999999996	2	1	-0.00205064	0.00302997	-0.000946494
PMBB1516970925721	0	59.9	3588.0099999999998	2	1	0.00175626	-0.00562488	0.00532981
PMBB1520209565557	0	59.6	3552.1600000000003	2	3	-0.00304541	0.00049719	-0.00389176
PMBB1520327349772	0	21.3	453.69000000000005	1	3	-0.00252093	0.00793939	0.0044873
PMBB1520933509478	0	57.8	3340.8399999999997	2	1	-0.00737805	0.00269591	-0.000763789
PMBB1521621048729	0	61.5	3782.25	1	1	-0.00302442	0.00885107	-0.0090749
PMBB1523299934152	0	50.8	2580.64	2	1	-0.00142979	-0.000377883	-0.0087556
PMBB1523522730751	0	64.0	4096.0	1	3	0.00170497	-0.011184	0.00244055
PMBB1527165696911	0	31.5	992.25	1	1	0.0275301	0.00368718	0.00278066
PMBB1527307963601	0	35.3	1246.0899999999997	1	1	-0.00707221	-0.000319202	0.00193784
PMBB1527504945224	0	72.8	5299.839999999999	1	1	0.000816091	-0.0128036	0.00305433
PMBB1527978657135	0	64.6	4173.159999999999	2	3	-0.00714029	-0.00966456	0.00869281
PMBB1529844768684	1	74.9	5610.010000000001	2	2	0.00334079	0.0124416	0.0153283
PMBB1530366988629	0	30.7	942.49	2	1	-0.00297092	0.00900991	-0.00278519
PMBB1531839851684	0	61.3	3757.6899999999996	1	3	0.00549614	-0.00791235	-0.00292734
PMBB1532094728443	0	28.8	829.44	1	1	-0.00448416	-0.000181899	0.00165583
PMBB1532290664002	0	62.2	3868.84	2	1	0.00515689	-0.00625958	-0.00721928
PMBB1533850356583	0	32.7	1069.2900000000002	2	1	-0.00692637	-0.00962978	0.000121452
PMBB1535293429512	0	52.1	2714.4100000000003	1	1	-0.0088458	0.00106407	-0.00153423
PMBB1535586139666	0	20.0	400.0	2	1	-0.00983254	-0.00109248	-0.000776887
PMBB1536061935491	0	78.0	6084.0	2	1	0.000886129	-0.00559727	-0.0100833
PMBB1536415608840	0	46.7	2180.8900000000003	1	1	-0.00870146	0.00280962	-0.00174386
PMBB1536830367905	0	28.7	823.6899999999999	2	1	-0.00643122	0.00289682	0.00666487
PMBB1537504304536	0	26.9	723.6099999999999	2	3	-0.00242877	-0.0133325	0.00181346
PMBB1539147561086	0	63.5	4032.25	2	1	-0.00405436	-0.00160875	-0.0114898
PMBB1541107588057	0	36.7	1346.89	2	1	0.00189349	0.00552358	0.0122767
PMBB1541877087795	0	58.5	3422.25	2	2	-0.00492578	-0.000921063	-0.00019267
PMBB1543525178357	0	58.1	3375.61	2	1	-0.000559147	0.00312738	0.00142184
PMBB1544815876637	0	31.9	1017.6099999999999	2	1	0.000267839	-0.00728936	0.0200702
PMBB1545825348870	0	45.2	2043.0400000000002	2	3	0.00680033	-0.00786732	0.00156729
PMBB1546807830442	0	30.8	948.6400000000001	1	1	-0.0131084	-0.00118067	-0.00209818
PMBB1546995215352	0	31.5	992.25	2	1	0.000449143	0.0123619	0.0127385
PMBB1547803199286	0	43.9	1927.2099999999998	2	3	-0.00609298	0.00490353	-0.000909724
PMBB1548976763833	0	32.9	1082.4099999999999	2	1	0.00421722	0.00819455	-0.00395998
PMBB1549335126962	0	25.8	665.64	2	1	0.0136186	-0.00355505	-0.0051535
PMBB1549448649822	0	40.7	1656.4900000000002	1	1	0.0299369	0.0130263	0.00506998
PMBB1550527348648	1	47.3	2237.2899999999995	2	1	-0.00162096	8.77872e-05	0.00469377
PMBB1554910028325	0	66.7	4448.89	1	1	-0.00903148	0.00210788	-0.00328973
PMBB1555697170131	0	64.6	4173.159999999999	2	1	0.00760159	-0.00683478	-0.0112408
PMBB1556353783002	0	32.8	1075.84	2	2	0.00211292	-0.0111793	0.000799153
PMBB1556479672173	0	38.9	1513.2099999999998	2	3	-0.00361599	-0.018993	-0.00377086
PMBB1556862502297	0	23.9	571.2099999999999	2	1	-0.00545264	0.00113594	-0.00144324
PMBB1557035551463	0	57.6	3317.76	2	3	0.0039744	0.00177312	0.00592781
PMBB1557135779603	0	55.7	3102.4900000000002	2	1	0.011579	0.0059511	0.0170031
PMBB1560115010605	0	52.2	2724.84	2	3	-0.00237353	0.00283635	0.00771932
PMBB1560541703850	0	55.7	3102.4900000000002	1	1	0.000647878	0.00120277	-0.00455534
PMBB1560678591773	0	62.7	3931.2900000000004	1	1	0.0254017	0.0113372	-0.0113977
PMBB1560730851575	0	25.8	665.64	2	1	0.0169321	-0.006227	0.00693008
PMBB1562075021891	0	56.2	3158.4400000000005	2	1	-0.00384208	0.00370723	0.00469892
PMBB1562194823282	0	48.7	2371.69	1	1	-0.00215537	-0.00334163	1.01751e-05
PMBB1564558385123	0	64.7	4186.09	1	1	-0.0068281	0.00509122	-0.00194848
PMBB1564921883832	1	62.9	3956.41	2	1	0.00065268	0.011617	0.0075117
PMBB1565361793937	0	25.8	665.64	2	1	0.00508237	0.0075766	0.0119545
PMBB1565598261077	1	77.9	6068.410000000001	2	1	-0.000411811	-0.0105464	-0.00846027
PMBB1565749195460	0	36.9	1361.61	2	1	-0.000672069	0.0101379	-0.0191406
PMBB1568774585155	0	26.9	723.6099999999999	1	3	-0.00143603	0.00159354	0.00755881
PMBB1569265693076	0	34.0	1156.0	2	3	0.026883	0.00175591	0.0193967
PMBB1571250614981	0	34.7	1204.0900000000001	2	3	-0.00094671	0.0116933	-0.00518305
PMBB1571718821897	0	31.3	979.69	2	1	-0.00720479	0.00155064	-0.00782726
PMBB1572739843000	0	41.2	1697.4400000000003	2	1	-0.00310003	-0.00360227	-0.00944963
PMBB1573394196788	0	54.8	3003.0399999999995	2	1	-0.00754989	-0.00750959	0.00901877
PMBB1575726368026	0	62.1	3856.4100000000003	1	1	0.00463222	-0.00907668	-0.00547467
PMBB1579143793537	0	84.2	7089.64	1	1	0.00863352	-0.00314183	-6.7511e-05
PMBB1579470380439	0	33.5	1122.25	2	1	-0.00268007	0.00871145	-0.000484357
PMBB1580391816900	0	41.7	1738.8900000000003	2	1	-0.00491849	0.00345411	-0.00200051
PMBB1580454648634	1	59.1	3492.81	2	1	-0.00555951	-0.00393664	-0.00385529
PMBB1581273243128	0	32.9	1082.4099999999999	2	1	-0.00161001	0.00767768	-0.0015854
PMBB1583486514095	0	47.6	2265.76	1	1	-0.00710011	0.00295784	0.00295848
PMBB1583785087018	0	35.5	1260.25	2	1	0.000919617	0.00570633	-0.0069376
PMBB1584793278174	0	27.6	761.7600000000001	2	1	-0.0126558	-0.000314574	0.00130354
PMBB1585277302032	0	66.1	4369.209999999999	2	1	-0.00319243	-6.73406e-05	-0.000297487
PMBB1586355257372	0	57.3	3283.2899999999995	1	1	0.027528	-1.04813e-05	-0.0210973
PMBB1586739581258	0	31.8	1011.24	1	3	-0.00158143	-0.000421169	0.00582986
PMBB1587181159589	0	49.2	2420.6400000000003	1	1	0.00582052	-0.002789	0.00900293
PMBB1587841977782	0	59.2	3504.6400000000003	2	1	-0.00510698	-0.00602415	0.00546138
PMBB1589239168090	0	56.9	3237.6099999999997	1	1	-0.00830746	0.00613498	-0.00453429
PMBB1589667522756	0	67.6	4569.759999999999	2	1	0.00250235	0.00846587	-0.0144056
PMBB1591289804665	0	39.4	1552.36	2	1	0.0132583	0.00103657	0.0138653
PMBB1591385905146	0	45.2	2043.0400000000002	1	1	0.0100239	0.0116649	-0.0207966
PMBB1591456762116	0	60.4	3648.16	1	3	-0.00230722	-0.00450882	-0.00962853
PMBB1591716473443	0	61.5	3782.25	1	1	-0.000470958	0.00338018	0.00886972
PMBB1591904489842	0	57.9	3352.41	1	1	-0.00261386	0.00723867	0.00197705
PMBB1591921563917	0	28.0	784.0	1	2	0.0184577	0.0046218	-0.00143831
PMBB1592604698459	0	66.0	4356.0	2	3	0.00281585	0.00854176	-0.0081701
PMBB1592745153850	0	77.9	6068.410000000001	1	1	-0.00209857	0.00219247	-0.00497393
PMBB1593044619716	0	42.7	1823.2900000000002	2	3	-0.00534681	0.00235332	-0.00459861
PMBB1593311477960	0	58.5	3422.25	1	1	-0.00699015	0.00203712	0.003485
PMBB1593841952805	0	65.6	4303.36	1	1	0.0122925	0.00246811	0.00423952
PMBB1593998828134	0	50.7	2570.4900000000002	2	3	-0.0024484	0.000523251	0.000383628
PMBB1596800172910	1	59.1	3492.81	1	1	0.00261471	0.00485783	0.0102364
PMBB1596897096784	0	32.1	1030.41	2	3	-0.00399291	-0.0012925	0.012065
PMBB1597616314512	0	55.9	3124.81	1	1	-0.00344271	0.00405309	-0.00393345
PMBB1598847424883	0	53.5	2862.25	2	1	0.0106042	-0.00053119	-0.0110938
PMBB1599053049547	0	57.1	3260.4100000000003	1	3	-0.00810681	-0.00591514	0.00379357
PMBB1599458539808	0	25.1	630.0100000000001	1	2	0.0285862	-0.0134815	-0.0054931
PMBB1599466344836	0	45.7	2088.4900000000002	1	1	-0.00397777	-0.00797492	-0.0129852
PMBB1599965304037	0	34.9	1218.01	1	2	0.00493108	0.016923	-0.0140756
PMBB1600450703645	0	47.9	2294.41	1	1	-0.00111057	-0.0117953	0.00736608
PMBB1600739041187	0	67.7	4583.29	1	1	-0.00140432	-0.0220212	-0.0128419
PMBB1601050233253	0	70.2	4928.04	2	3	-0.0127435	0.00112306	-0.0017357
PMBB1601586219278	0	28.8	829.44	1	1	-0.00559679	0.00605468	-0.0028579
PMBB1602192900085	0	48.5	2352.25	2	1	-0.00688362	-0.015183	-0.00882545
PMBB1603175617811	0	52.8	2787.8399999999997	2	1	-0.00673962	-0.00679001	-0.00150898
PMBB1603521506221	0	49.7	2470.09	2	1	0.00159907	3.92866e-05	-0.0119931
PMBB1605516116827	0	55.4	3069.16	2	1	-0.00251039	0.00269774	-0.00379009
PMBB1605517208957	0	68.3	4664.889999999999	1	1	0.0217573	0.0021281	0.00977385
PMBB1606266187373	0	38.1	1451.6100000000001	2	3	0.00377563	-0.00754374	-0.0190894
PMBB1606396613008	0	37.4	1398.76	1	3	-0.00958148	0.0006025	0.000145841
PMBB1606731591794	0	58.9	3469.21	2	1	-0.00154848	0.000368526	0.00271275
PMBB1607579723419	0	57.5	3306.25	2	1	0.00456303	0.0150156	0.00367975
PMBB1608950986878	0	55.0	3025.0	1	1	-0.00383766	-0.000275221	0.00022702
PMBB1608969083488	0	22.9	524.41	1	3	0.0202147	0.00518392	0.00135755
PMBB1608986938259	0	27.1	734.4100000000001	2	2	0.00594055	-0.0112084	-0.00776741
PMBB1609680525873	1	63.0	3969.0	1	1	0.0296148	-0.000972504	0.0102597
PMBB1610176981455	0	55.0	3025.0	2	3	0.00226421	0.00115038	-0.00264443
PMBB1610362318735	1	69.8	4872.04	1	1	-0.00743715	-0.00145988	0.00127607
PMBB1610638789181	0	41.3	1705.6899999999998	2	1	-0.0041718	0.00410505	0.0132473
PMBB1611613639980	0	29.2	852.64	2	1	0.0253484	-0.00822547	0.00119421
PMBB1612829810138	0	59.7	3564.09	2	1	-0.00134491	0.00230482	0.00370706
PMBB1613703784149	0	38.5	1482.25	1	1	-0.00497206	-0.00120889	-0.00466921
PMBB1614282455811	0	39.5	1560.25	2	1	0.0285939	-0.00568162	-0.0136659
PMBB1616376872971	0	54.1	2926.81	2	1	0.00179003	0.00652185	0.000951557
PMBB1617281125401	0	54.8	3003.0399999999995	1	1	0.00593691	0.0117468	-0.00460489
PMBB1617339428418	0	30.8	948.6400000000001	2	1	0.00594408	-0.00686993	0.00281139
PMBB1617465783029	0	43.9	1927.2099999999998	2	1	0.0193589	0.000915527	0.00104532
PMBB1619301112793	0	81.5	6642.25	2	1	-0.000504889	-0.00373837	0.0268795
PMBB1619387223609	0	31.9	1017.6099999999999	2	1	-0.00695489	-0.0162567	-0.00748191
PMBB1619991309744	0	21.8	475.24	2	3	0.00407851	0.00461877	0.00525277
PMBB1620055456008	0	53.5	2862.25	2	1	-0.00613874	0.00541114	0.00197406
PMBB1623624204006	0	60.8	3696.64	2	1	0.0119252	0.0205564	0.00655623
PMBB1624815055303	0	65.0	4225.0	1	1	0.00802186	0.00331485	-0.00637724
PMBB1625632643728	0	65.0	4225.0	2	1	-0.00943598	0.00074826	-0.000814864
PMBB1626675218033	0	30.5	930.25	1	1	-0.00391716	-0.00794682	0.00622221
PMBB1628310856391	0	52.3	2735.2899999999995	1	1	-0.00153452	0.0108254	0.00394361
PMBB1628920134599	1	65.8	4329.639999999999	2	1	-0.0022868	0.00728701	0.00202282
PMBB1629765954354	0	25.3	640.09	2	1	-0.00369778	0.00127411	-0.011388
PMBB1630120452139	0	30.6	936.3600000000001	2	3	-0.000340575	-0.00138268	-0.0020975
PMBB1630481647601	0	48.3	2332.89	1	1	-0.00467464	0.00736206	-0.00525814
PMBB1631562010284	1	57.4	3294.7599999999998	1	1	-0.00513066	0.00806782	0.00848196
PMBB1633187833235	0	66.4	4408.960000000001	2	1	-0.00634035	0.00409864	0.0102203
PMBB1633502579791	0	54.2	2937.6400000000003	2	1	-0.00666205	0.0050214	0.00224956
PMBB1633667073707	0	83.5	6972.25	1	1	-0.00343981	0.0031213	0.00150537
PMBB1633735405986	0	57.2	3271.84	1	1	-0.00547492	0.00209248	0.000329959
PMBB1634536140396	0	22.1	488.4100000000001	2	1	-0.00713533	0.00604745	-0.000704633
PMBB1635172624754	0	31.9	1017.6099999999999	1	1	0.0201811	-0.00138661	0.000244963
PMBB1635263518902	0	60.0	3600.0	1	2	-0.00615828	0.00232973	-0.00117173
PMBB1635308836447	0	37.9	1436.4099999999999	1	1	0.0204445	0.000944651	-0.000502453
PMBB1636080806494	0	32.5	1056.25	2	1	0.00697526	-0.0112996	0.00869581
PMBB1636951398615	0	26.9	723.6099999999999	2	3	-0.0018878	0.00821116	0.00333253
PMBB1637999770374	0	34.5	1190.25	2	1	0.00388617	-0.00955718	-0.00854876
PMBB1638545866097	0	31.2	973.4399999999999	2	3	-0.00267712	0.00712755	-0.000933402
PMBB1638819459034	0	29.0	841.0	2	1	-0.00380134	-0.0068086	-0.0116235
PMBB1638892869208	0	70.4	4956.160000000001	2	1	0.0107267	0.0218892	-0.00455405
PMBB1639674487854	0	70.9	5026.81	1	1	-0.00738103	0.000194708	-0.00186273
PMBB1640999504010	0	22.1	488.4100000000001	2	1	-0.00409118	0.00802107	0.0162209
PMBB1641046862900	0	66.1	4369.209999999999	1	1	0.000451559	0.0153877	-0.011891
PMBB1641132552487	0	72.7	5285.29	2	1	-0.00264305	0.00383773	-0.000367948
PMBB1641712504145	0	86.4	7464.960000000001	2	3	0.000254914	0.00647471	0.00345301
PMBB1642201134804	0	86.8	7534.24	2	1	-0.00685477	-0.014514	0.00137168
PMBB1645077879319	0	61.0	3721.0	2	1	-0.00727367	-0.00739923	0.000378428
PMBB1646295018097	0	57.3	3283.2899999999995	1	1	-0.00236473	-0.00523211	-0.00313844
PMBB1647317213964	0	33.0	1089.0	2	1	0.0199195	0.00719164	0.00975214
PMBB1647915942838	0	59.9	3588.0099999999998	1	1	-0.00164437	0.00487823	0.0104253
PMBB1648666806771	0	52.8	2787.8399999999997	2	1	-0.00331344	-0.000528339	0.00345239
PMBB1649094954268	0	33.8	1142.4399999999998	2	1	-0.000131509	0.000715684	-0.000477044
PMBB1650715311219	0	57.3	3283.2899999999995	1	1	-0.00642622	-0.00827764	0.00497472
PMBB1650912334381	0	22.1	488.4100000000001	1	1	-0.00223623	-0.00384348	-0.010662
PMBB1650927360828	0	27.1	734.4100000000001	2	1	0.00920743	0.00701906	-0.00423302
PMBB1651435475657	0	66.7	4448.89	1	3	0.000835635	0.0080784	0.00189501
PMBB1651607638465	0	27.1	734.4100000000001	2	1	-0.0036022	-0.000694888	0.0017392
PMBB1651636025667	1	59.8	3576.0399999999995	2	3	0.0202792	-0.000797359	-0.00732389
PMBB1652725164307	0	62.3	3881.2899999999995	2	1	-0.00505207	-0.0105063	0.00169156
PMBB1653920508253	0	66.1	4369.209999999999	2	1	0.00157758	0.00116143	-0.00663222
PMBB1655329355256	0	51.8	2683.24	1	1	-0.00650651	0.000644493	0.00446875
PMBB1656972980235	0	39.0	1521.0	2	1	0.00709693	0.00520935	-0.00625201
PMBB1658355028543	0	71.4	5097.960000000001	2	1	0.00324948	-0.0195173	0.00192368
PMBB1658524838882	0	43.0	1849.0	2	1	-0.0067748	0.000444801	0.00279922
PMBB1658664162250	0	60.8	3696.64	2	1	-0.00369882	-0.00486174	0.000456692
PMBB1659147605857	0	65.7	4316.490000000001	1	1	0.00455374	-0.0192906	0.0195824
PMBB1661191489656	0	37.2	1383.8400000000001	2	1	-0.000925359	-0.0137988	0.00506089
PMBB1662010924525	0	40.2	1616.0400000000002	2	1	-0.00259171	-0.0119807	0.00219726
PMBB1664639051737	0	20.0	400.0	1	1	-0.00524807	-0.00316191	0.000249619
PMBB1665772455919	0	54.2	2937.6400000000003	2	2	-0.00935047	0.000223246	-2.09309e-05
PMBB1666288709152	0	70.7	4998.490000000001	2	1	-0.00520579	-0.00545493	-0.00575095
PMBB1667077639407	0	66.8	4462.24	2	1	-0.00134421	-0.0172114	-0.000253633
PMBB1667859704048	0	43.6	1900.96	1	1	-0.00248084	0.00705052	-0.00410028
PMBB1667885212983	0	59.9	3588.0099999999998	1	1	0.0108347	-0.00763937	0.0253576
PMBB1670736228193	0	25.4	645.16	2	1	-0.00823969	-0.000118972	0.0110717
PMBB1670788405923	0	43.1	1857.6100000000001	1	1	-0.00584196	0.00681803	-0.000273119
PMBB1671049685670	0	85.3	7276.089999999999	2	2	-0.00704421	0.00530851	-0.00124929
PMBB1671263291616	0	54.8	3003.0399999999995	1	1	-0.00567057	-0.00240512	0.00106896
PMBB1671434925181	0	60.5	3660.25	1	3	-0.0116617	-5.01942e-05	-0.00135609
PMBB1671751550015	0	48.0	2304.0	1	1	-0.0058287	-0.0109889	-0.000803395
PMBB1673748730486	0	41.0	1681.0	2	2	0.031478	-0.000670351	-0.00546849
PMBB1674595162997	0	37.5	1406.25	2	3	-0.00409138	0.000205345	-0.01407
PMBB1674777718759	0	67.0	4489.0	1	3	-0.00391284	0.00233112	0.00419863
PMBB1674804238594	0	26.3	691.69	2	2	0.000136053	0.0108571	-0.00136899
PMBB1675322719105	0	35.4	1253.1599999999999	2	1	0.00510807	-0.000439154	0.00167173
PMBB1675612573383	0	69.9	4886.010000000001	2	1	0.00250975	-0.00857637	-0.0103472
PMBB1675658047922	0	55.0	3025.0	2	1	-0.00586253	0.00522425	0.00928037
PMBB1675969321777	0	30.9	954.81	1	3	-9.22205e-05	0.00462039	0.0125655
PMBB1675985031389	0	65.7	4316.490000000001	1	3	-0.00656413	0.000795184	0.00334783
PMBB1676262087288	0	40.4	1632.1599999999999	2	1	-0.00587377	0.00509407	0.000161396
PMBB1677196219764	0	51.7	2672.8900000000003	2	1	0.00708004	0.0155674	-0.00280805
PMBB1681699482077	0	54.0	2916.0	2	3	0.0262911	-0.00388003	-0.0012936
PMBB1682371022173	0	40.3	1624.0899999999997	1	1	0.0220926	-0.00502151	0.00366864
PMBB1682441362084	0	32.8	1075.84	2	1	-0.0016152	0.00468855	-0.0032026
PMBB1683572544020	0	33.7	1135.6900000000003	1	1	0.00312048	-0.00536459	0.00740552
PMBB1685987553673	0	47.7	2275.2900000000004	2	1	-0.00649872	0.00200642	-0.00238762
PMBB1686115003807	0	29.2	852.64	2	1	-0.00912234	0.00315943	0.00397915
PMBB1687293552810	0	28.1	789.6100000000001	2	1	-0.00181541	-0.00206442	-0.00644024
PMBB1687741955779	0	65.0	4225.0	2	1	-0.00257061	-0.00135731	-0.00120774
PMBB1688082006321	0	44.7	1998.0900000000001	2	1	-0.00308793	0.0094837	0.0236763
PMBB1688161775294	0	51.4	2641.96	1	1	-0.00302956	0.00398706	0.00413802
PMBB1688725305389	0	33.7	1135.6900000000003	2	1	-0.00444041	-0.0219811	0.000467737
PMBB1690380497759	0	72.9	5314.410000000001	1	1	-0.0073577	0.00151133	-5.37685e-05
PMBB1690865179675	0	67.6	4569.759999999999	1	3	-0.0090606	-0.000738073	-9.01671e-05
PMBB1691875177059	0	35.6	1267.3600000000001	2	3	-0.00473074	0.00193105	0.00565856
PMBB1693809562453	0	49.0	2401.0	2	1	-0.00524584	-0.00892115	0.000418817
PMBB1694278917886	0	47.6	2265.76	2	1	0.000267342	-0.00802312	-0.0106537
PMBB1694435603352	1	78.7	6193.6900000000005	2	1	0.000913859	-0.00258549	0.00520015
PMBB1694619416508	0	53.4	2851.56	2	3	0.00123897	0.000113511	-0.0142915
PMBB1695008759648	0	39.3	1544.4899999999998	2	1	0.00339306	0.00392612	0.00307324
PMBB1695521039087	0	24.8	615.0400000000001	2	1	-0.00382885	0.00535471	-0.00623985
PMBB1697192561785	0	65.7	4316.490000000001	2	1	0.00290528	0.00347712	-0.00945111
PMBB1697483235850	0	59.7	3564.09	1	3	0.00708995	0.00974681	-0.0142588
PMBB1698991997260	0	66.1	4369.209999999999	1	1	-0.00470352	0.00809778	-0.0113863
PMBB1699876566465	0	59.1	3492.81	1	1	-0.00699269	0.000828026	-0.0037663
PMBB1699890310589	0	55.0	3025.0	1	1	-0.00714748	0.00557098	0.011298
PMBB1699962406990	0	21.2	449.44	2	1	-0.00375145	-0.00479484	-0.00515518
PMBB1700091285201	0	47.1	2218.4100000000003	2	1	-0.00382665	0.000374666	0.00117579
PMBB1700185011069	0	24.8	615.0400000000001	2	3	-0.0050161	-0.00357358	0.00563419
PMBB1700338443056	0	48.2	2323.2400000000002	2	1	-0.00659023	-0.00634807	-0.0122678
PMBB1701044252544	0	31.2	973.4399999999999	2	1	-0.0129293	0.000286148	-0.00127037
PMBB1703173642648	0	33.2	1102.2400000000002	2	1	-0.00222309	-0.0089358	-0.0077774
PMBB1703410413165	0	40.7	1656.4900000000002	2	1	-0.00481213	0.00344656	0.00717665
PMBB1703423114793	0	41.4	1713.9599999999998	1	1	-0.00417756	0.0089784	0.00110979
PMBB1703440901261	0	36.9	1361.61	2	1	-0.00151571	0.00308437	-0.0136501
PMBB1703548732001	0	33.4	1115.56	2	3	0.0220191	-0.0038697	-0.00527119
PMBB1703625927868	0	26.1	681.21	2	3	-0.00151315	-0.0128932	0.00957479
PMBB1704399688417	0	27.2	739.8399999999999	2	1	-0.00140112	0.00121608	-0.00514122
PMBB1704641623286	0	42.0	1764.0	1	3	-0.00260039	-0.00559126	0.0160063
PMBB1705995544042	0	45.4	2061.16	2	1	-0.00359324	-0.0207229	-0.00659857
PMBB1706352218799	0	66.8	4462.24	1	2	-0.00271562	-0.00725804	0.0259265
PMBB1706648409491	0	32.4	1049.76	2	3	0.0170873	0.00221941	0.00382348
PMBB1707144476588	0	33.2	1102.2400000000002	2	1	-0.00441128	0.00151427	0.0100106
PMBB1707617614873	0	37.8	1428.8399999999997	2	1	0.00294897	-0.00924987	0.00246963
PMBB1708810152385	1	41.9	1755.61	2	1	-0.000942112	0.00213022	0.0136535
PMBB1709983876082	0	60.7	3684.4900000000002	1	1	-0.00202688	0.00775645	0.00483171
PMBB1710680432894	0	50.1	2510.01	2	1	-0.00301805	0.00609375	-0.00685677
PMBB1710828580861	1	64.1	4108.8099999999995	2	1	-0.00536278	0.00603431	-0.0246958
PMBB1711931695130	0	34.8	1211.0399999999997	1	1	0.00621453	-0.00992595	-0.0076504
PMBB1711953624543	0	35.8	1281.6399999999999	1	1	-0.000601612	-0.00274711	-0.00268631
PMBB1711954395481	1	59.2	3504.6400000000003	2	1	-0.00141726	0.0122025	0.0105389
PMBB1712002884611	0	42.6	1814.7600000000002	1	1	0.00124005	-0.00432976	-0.011781
PMBB1713422352060	0	22.3	497.29	2	1	-0.000248796	-0.0153334	0.0159783
PMBB1715340003531	0	58.8	3457.4399999999996	2	1	0.0220573	0.0113755	0.00132096
PMBB1715625046766	0	37.9	1436.4099999999999	2	3	-0.0057858	-0.0147992	0.0108901
PMBB1716231871162	0	34.8	1211.0399999999997	2	1	-0.00509574	-0.00419638	-0.00456906
PMBB1717551620648	0	75.5	5700.25	2	3	0.00343039	-0.0107043	-0.00253952
PMBB1721961741692	0	36.7	1346.89	1	1	0.00453949	-0.00814862	-0.00270574
PMBB1722352711468	0	69.7	4858.09	2	3	0.000688552	-0.0220173	0.00540955
PMBB1723294306045	0	45.7	2088.4900000000002	2	1	-0.00283269	0.0016965	-0.00280285
PMBB1723930334343	0	44.2	1953.6400000000003	2	1	-0.00291838	0.00821164	-0.00502955
PMBB1723930638288	0	20.4	416.15999999999997	2	3	-0.00134669	-0.00609068	0.0129417
PMBB1724824809294	0	55.1	3036.01	1	1	-0.00233406	-0.00203143	-0.013805
PMBB1724979448815	0	54.4	2959.3599999999997	2	2	-0.00551045	-0.00349003	0.00321034
PMBB1725372306530	0	56.0	3136.0	2	1	-0.00656314	0.00487828	-0.0114558
PMBB1725613259909	0	26.1	681.21	2	1	-0.0016684	0.00633549	0.000787093
PMBB1726027226115	0	50.1	2510.01	2	1	-0.00170946	0.000411724	-0.00430459
PMBB1726992706639	0	61.7	3806.8900000000003	1	1	0.00235289	0.00856624	-0.000610826
PMBB1727210993091	1	76.9	5913.610000000001	2	1	-0.00702509	-0.00370675	-0.00802676
PMBB1730288612325	0	38.5	1482.25	1	1	-0.00271929	0.0079283	0.00151224
PMBB1731188941683	0	58.6	3433.96	2	3	0.005589	-0.0280729	0.00501105
PMBB1731803774429	0	53.9	2905.21	1	1	0.00387545	-0.010168	-0.00278241
PMBB1732620234780	0	40.5	1640.25	2	3	-0.00558955	0.00344562	0.0128629
PMBB1732764305714	0	69.4	4816.360000000001	1	1	0.0226834	0.00735063	0.00396026
PMBB1732845159213	0	65.6	4303.36	2	1	0.0140174	-0.020383	-0.0124512
PMBB1732864916662	0	54.2	2937.6400000000003	2	3	0.000925341	0.00141174	-0.00324276
PMBB1734648538976	0	19.2	368.64	2	3	0.0254857	0.00558029	-0.0053109
PMBB1735177012425	0	37.2	1383.8400000000001	2	3	-0.00471155	0.00174431	0.00101155
PMBB1735587944853	0	35.9	1288.81	1	3	0.000173037	0.00163992	-0.00102605
PMBB1736685801612	0	62.5	3906.25	2	1	-0.00662091	0.00642024	0.00248137
PMBB1736729097003	0	40.4	1632.1599999999999	2	3	-0.00659899	0.000967912	-0.00548111
PMBB1736859348903	0	21.2	449.44	2	3	-0.00269676	-0.017345	-0.000336275
PMBB1739666892281	0	45.9	2106.81	2	1	-0.0125554	0.00104847	-0.00144801
PMBB1741011905815	0	48.7	2371.69	2	1	-0.00980539	0.00377619	-0.00300361
PMBB1741503785287	0	70.7	4998.490000000001	1	3	-0.00190784	0.000697554	0.00913956
PMBB1742068731167	0	70.7	4998.490000000001	2	1	-0.00794913	-0.0183948	0.000505755
PMBB1742140265921	0	58.6	3433.96	2	1	-0.00349944	-0.0141265	0.0142908
PMBB1743300815623	0	30.6	936.3600000000001	2	1	-0.00766928	-0.00657709	0.00292219
PMBB1743408170741	0	55.9	3124.81	1	1	-0.00851724	0.00373391	0.00419732
PMBB1745080264621	0	51.7	2672.8900000000003	1	1	-0.0113495	-0.00129313	0.000178053
PMBB1747087175693	0	66.5	4422.25	2	1	-0.00995946	0.00284291	-0.000290651
PMBB1748237591353	0	25.5	650.25	2	1	-0.00355811	0.000107846	0.0162599
PMBB1750469119250	0	53.3	2840.89	2	1	-0.000672673	0.00698054	0.0138107
PMBB1753038803374	0	57.4	3294.7599999999998	1	1	-0.00299462	-0.00781997	0.00346699
PMBB1753411183884	0	48.5	2352.25	1	1	-0.00803335	0.00642217	-4.78454e-05
PMBB1754413318133	0	66.4	4408.960000000001	2	3	-0.008951	-0.0010547	0.00151007
PMBB1754929730848	0	63.2	3994.2400000000002	2	2	-0.000831088	0.00242833	-0.00533866
PMBB1755478664033	0	70.3	4942.089999999999	2	1	0.00787729	-0.0182063	-0.0101478
PMBB1757092695601	0	57.4	3294.7599999999998	2	1	0.0118598	-0.000177239	-0.00444518
PMBB1757126533885	0	61.2	3745.4400000000005	1	3	0.000653438	0.00748669	0.0167132
PMBB1757517060104	1	61.5	3782.25	2	1	0.0306392	-0.0130251	0.00399107
PMBB1758240092703	0	55.6	3091.36	1	3	-0.00285931	7.84691e-05	0.00255506
PMBB1758791802101	0	24.7	610.0899999999999	2	3	0.0142296	0.00494243	-0.00972078
PMBB1761361428021	0	59.3	3516.49	1	1	-0.00738489	0.00545651	-0.00144494
PMBB1761822318795	0	81.6	6658.5599999999995	2	1	0.011766	-0.000868865	-0.0127965
PMBB1763377855422	0	54.5	2970.25	1	1	-0.00448147	0.00049719	-0.00580555
PMBB1763886477755	0	50.2	2520.0400000000004	1	2	0.0105352	0.0134932	0.0164387
PMBB1765771129118	0	50.1	2510.01	1	1	-0.00544434	0.000330677	-0.00846409
PMBB1766732269555	0	37.2	1383.8400000000001	2	1	-0.00313255	0.0020181	0.000214118
PMBB1767017167239	0	21.3	453.69000000000005	2	1	-0.00330327	0.00800351	0.00386776
PMBB1767630851834	0	65.8	4329.639999999999	1	1	-0.00571184	0.00662387	-0.0110714
PMBB1768045034825	0	63.1	3981.61	2	1	-0.00827969	-0.0126521	-0.00176552
PMBB1769076713697	0	33.3	1108.8899999999999	2	3	-0.0049141	-0.00182163	0.00264182
PMBB1769831594825	1	90.0	8100.0	1	1	0.012613	-0.00596491	-0.0119969
PMBB1770625037592	0	20.0	400.0	2	1	0.00886745	0.0175136	0.00319017
PMBB1772314796754	0	41.0	1681.0	1	1	-0.00358366	0.0102439	-0.00971218
PMBB1772405020328	0	54.6	2981.1600000000003	2	1	0.0264317	-0.00026216	0.00861477
PMBB1773982354609	0	31.2	973.4399999999999	2	1	-0.000358393	-0.0187929	0.00309987
PMBB1774071967545	0	80.3	6448.089999999999	2	1	-0.00381494	0.00892479	0.00672584
PMBB1775951453125	0	26.5	702.25	2	1	-0.0117291	-0.000426471	-0.000171548
PMBB1776359041303	0	58.5	3422.25	1	3	-0.000309741	-0.0100756	-0.00225415
PMBB1777004910699	1	82.4	6789.760000000001	2	1	-0.00456802	-0.00718957	-0.000975238
PMBB1777438738558	0	74.0	5476.0	2	1	-0.00438206	0.00253248	0.0012814
PMBB1777526088683	0	79.7	6352.09	1	1	-0.000897	-0.00572884	-0.000914386
PMBB1778567543610	1	57.3	3283.2899999999995	2	1	-0.003405	0.00187002	-0.00388395
PMBB1778734416005	0	77.0	5929.0	1	1	-0.00157637	0.00699716	-0.00242419
PMBB1778769634227	0	35.1	1232.01	2	3	-0.0123039	-0.00152391	2.99833e-07
PMBB1778895584912	0	35.3	1246.0899999999997	1	1	-0.00638891	-0.00601159	0.000959856
PMBB1778924417282	0	69.8	4872.04	2	1	0.0169117	0.0254047	0.00926161
PMBB1780278205595	0	53.3	2840.89	2	1	-0.0105047	-0.00206155	-0.00557401
PMBB1781299419056	0	37.7	1421.2900000000002	1	1	-0.00528843	0.00479748	0.00531451
PMBB1781717741762	0	43.9	1927.2099999999998	2	1	-0.00289188	0.000425408	0.00294644
PMBB1782002379680	0	51.2	2621.4400000000005	1	1	-0.00760462	-0.00236323	0.00489484
PMBB1782494084917	0	45.2	2043.0400000000002	2	1	-0.00212904	0.010553	0.00593796
PMBB1783034658915	0	27.7	767.29	2	1	-0.0134222	-0.000894509	-0.00175196
PMBB1784087082850	0	30.9	954.81	2	1	-0.00677359	-0.00120607	0.00356314
PMBB1785342099799	0	60.2	3624.0400000000004	1	3	-0.00157957	-0.000864319	-0.00534288
PMBB1786224748877	0	46.3	2143.6899999999996	1	3	-0.00464821	0.00428596	-0.0044313
PMBB1790197311140	1	82.1	6740.409999999999	1	1	-0.00922887	-0.000390287	-0.00508208
PMBB1792384366133	0	30.2	912.04	2	1	-0.00807786	0.00203416	-0.00857774
PMBB1793966271506	0	72.4	5241.760000000001	1	1	0.00511177	-0.000895938	-0.0116036
PMBB1795504494415	0	48.4	2342.56	2	1	-0.00524937	0.00979382	-0.0150391
PMBB1795672213022	0	37.9	1436.4099999999999	1	1	0.00654503	0.00230433	0.00252468
PMBB1798282504086	0	35.8	1281.6399999999999	2	1	-0.00210361	0.0111793	-0.0135959
PMBB1798291009728	0	46.4	2152.96	1	1	-0.0126188	0.0012492	0.00226174
PMBB1799068055369	0	57.5	3306.25	1	1	-0.000237925	0.00160357	-0.00698812
PMBB1799380936611	0	77.8	6052.839999999999	1	2	-0.00218167	-0.00129952	-0.0218875
PMBB1800340846754	0	49.8	2480.0399999999995	1	3	0.00592962	-0.0144047	0.0111237
PMBB1801058912582	0	62.9	3956.41	2	1	-0.00620973	0.00740673	0.0122655
PMBB1802025158505	0	59.4	3528.3599999999997	1	1	-0.00491539	-0.00817964	-0.00334146
PMBB1805245548347	0	64.6	4173.159999999999	1	1	-0.00950133	0.00277379	-0.00324253
PMBB1805746299134	0	35.3	1246.0899999999997	2	1	-0.0132788	0.0016359	-0.00207784
PMBB1806835588063	0	59.9	3588.0099999999998	1	1	-0.000288481	-0.00371205	0.0108659
PMBB1807107578851	0	36.1	1303.21	1	3	0.00408891	0.0184389	-0.0115357
PMBB1808025991284	0	39.2	1536.6400000000003	1	3	-0.00441293	0.00213467	0.00258769
PMBB1809633674003	0	56.0	3136.0	1	3	-0.0037147	-0.00215869	-0.000931668
PMBB1811488268308	0	64.7	4186.09	2	1	0.0219411	-0.0164624	0.00419749
PMBB1812233005432	0	37.1	1376.41	2	1	-0.00585883	0.00418222	0.0117743
PMBB1813818924946	0	32.1	1030.41	1	3	-0.00776362	-0.00162664	0.00260139
PMBB1814759214428	0	75.1	5640.009999999999	2	3	0.0179984	0.00722378	0.0157759
PMBB1817564616892	0	22.5	506.25	2	3	0.0157098	0.00244525	-0.010702
PMBB1818276538207	0	42.7	1823.2900000000002	1	1	-0.000162474	-0.00412302	0.0136729
PMBB1818321514636	0	21.8	475.24	2	1	0.00172047	0.0115063	-0.00850625
PMBB1823361949666	0	23.1	533.61	2	1	-0.00341526	0.00169822	-0.00267992
PMBB1823721933230	0	20.1	404.01000000000005	2	1	-0.000624704	-0.00962676	-0.00229563
PMBB1824021388175	0	61.7	3806.8900000000003	1	2	-0.00709831	-0.0120958	-0.000604955
PMBB1824078833307	0	49.1	2410.81	1	1	-0.00577838	-0.00941804	0.00680129
PMBB1827227323655	0	39.9	1592.01	1	1	-0.00652836	-0.00791428	-0.00420354
PMBB1828091277241	0	34.4	1183.36	2	3	-0.0100463	0.00116999	0.00171679
PMBB1828200578264	0	72.3	5227.29	1	1	-0.00222164	0.00866851	-0.00341753
PMBB1828280899091	0	34.7	1204.0900000000001	1	3	0.00267464	-0.00635274	-0.00779269
PMBB1828582720281	0	59.8	3576.0399999999995	2	1	-0.00262855	-0.0131047	-0.0013419
PMBB1829337005066	0	57.2	3271.84	1	1	0.0212232	0.0170401	0.0031783
PMBB1830093872046	0	29.3	858.49	2	1	0.0113307	0.00137975	-0.00658428
PMBB1830607622675	0	23.1	533.61	2	1	-0.00793035	0.00527031	-0.00376253
PMBB1830621143007	0	55.9	3124.81	1	3	0.0295715	-0.00512467	-0.0020799
PMBB1831265562549	1	69.3	4802.49	2	1	0.00486664	-0.00854789	-0.00651026
PMBB1831856101795	0	48.0	2304.0	2	1	-0.00705854	-0.00640883	0.00199973
PMBB1832082691636	0	20.9	436.80999999999995	2	1	-0.00344013	0.00242513	-9.95262e-05
PMBB1832495767671	0	45.4	2061.16	1	2	-0.00230821	-0.00390007	-0.000997175
PMBB1833135693696	1	87.0	7569.0	2	3	0.00402531	0.0180401	-0.00568201
PMBB1833884462682	0	50.2	2520.0400000000004	1	1	0.000880034	-0.0141781	-0.00720148
PMBB1834145746053	0	40.9	1672.81	1	1	0.00305435	0.0163429	0.00182062
PMBB1835750761976	0	46.7	2180.8900000000003	1	1	0.000528232	-0.0110429	0.00163742
PMBB1839777420603	0	71.5	5112.25	1	1	-0.00906637	0.00239675	-0.00104956
PMBB1840161428845	0	45.2	2043.0400000000002	1	1	-0.00374212	-0.00599504	-0.0185475
PMBB1840423777979	0	49.2	2420.6400000000003	2	1	-0.00297079	0.00997331	-0.00869237
PMBB1840780188414	1	49.9	2490.0099999999998	2	3	-0.00263567	0.000352759	-0.00147559
PMBB1843682525476	0	65.3	4264.089999999999	2	3	-3.89757e-05	0.00832981	0.00934304
PMBB1843830364369	0	63.4	4019.56	1	1	-0.0015514	-0.00497729	0.00119521
PMBB1846160368130	0	37.4	1398.76	1	1	-0.00171537	-0.00172252	-0.0021182
PMBB1847241378574	0	36.4	1324.9599999999998	1	1	-0.00453359	0.000660479	0.00507906
PMBB1848490248236	0	29.4	864.3599999999999	2	1	0.00470296	-0.0127089	0.00643636
PMBB1848555976092	0	31.5	992.25	1	3	-0.00425146	-0.00696936	-0.0088261
PMBB1848635491378	0	57.5	3306.25	1	1	0.00439238	0.0115642	0.00519057
PMBB1849766721860	0	63.3	4006.8899999999994	1	3	-0.00544205	-0.0162456	0.00395445
PMBB1850634255981	0	37.7	1421.2900000000002	1	1	0.00183372	0.011397	0.00735021
PMBB1851312689003	0	22.6	510.76000000000005	1	1	-0.00612875	0.00464386	-0.00849791
PMBB1851707354768	0	32.0	1024.0	2	1	0.00930107	0.00100171	-0.000983494
PMBB1853311748441	0	23.8	566.44	2	1	-0.00554369	0.00376431	0.0142492
PMBB1854544642137	0	57.3	3283.2899999999995	2	1	0.00521031	0.00849878	-0.0110473
PMBB1855205358361	0	40.3	1624.0899999999997	2	1	-0.00268823	-0.00063145	0.00219586
PMBB1855521217800	0	63.9	4083.21	2	1	-0.000426213	0.0089286	0.0052973
PMBB1857655603462	0	51.6	2662.56	1	1	-0.0126802	-0.000500121	0.000600353
PMBB1858427505884	1	49.9	2490.0099999999998	2	1	0.0224459	-0.000272234	0.00568911
PMBB1858496448336	0	37.2	1383.8400000000001	2	1	-0.00526625	0.00181252	0.00241992
PMBB1858646341031	0	67.4	4542.760000000001	1	1	-0.00054712	-0.00591533	-0.00967115
PMBB1859496175987	0	60.0	3600.0	1	3	0.000240556	0.0109116	0.00919887
PMBB1859541558319	0	19.9	396.00999999999993	2	1	-0.00259726	0.00215031	0.00192536
PMBB1859906421291	0	21.9	479.60999999999996	1	3	-0.00164496	0.00649392	0.00645731
PMBB1860813515498	0	72.5	5256.25	2	1	0.00267461	-0.0314157	0.00381292
PMBB1863869193670	0	70.2	4928.04	1	3	-0.00756264	0.00768803	0.00733149
PMBB1865275142177	0	26.2	686.4399999999999	2	2	0.000285554	0.00238196	-0.0129066
PMBB1865281543455	0	54.1	2926.81	1	1	0.00864444	0.00956088	0.0138963
PMBB1868706288821	0	76.5	5852.25	2	1	0.0148142	-0.00376656	-0.0122284
PMBB1869061099503	1	44.9	2016.0099999999998	1	1	-0.00222492	0.00403044	0.0115417
PMBB1869081637065	0	52.7	2777.2900000000004	2	1	-0.00243884	-0.0166684	-0.000598426
PMBB1870825161762	0	23.6	556.96	1	3	-0.000977515	-0.00355602	-0.00235994
PMBB1871711727234	0	26.8	718.24	2	1	-0.00140814	0.00733624	0.00686044
PMBB1874698453111	0	52.6	2766.76	2	3	-0.00940727	0.00284415	0.00199927
PMBB1877500645174	0	50.7	2570.4900000000002	1	1	0.0045832	0.000182659	-0.00851082
PMBB1878468025846	0	68.3	4664.889999999999	2	1	0.00187085	-0.0153982	0.00767118
PMBB1879515079966	0	60.5	3660.25	2	1	-0.00663153	0.00190709	0.00103842
PMBB1881049575056	0	68.6	4705.959999999999	2	3	0.0258838	-0.00361512	-0.00685707
PMBB1881728369548	0	29.4	864.3599999999999	2	1	-0.00527463	-0.00459968	0.0143627
PMBB1882428060441	0	33.1	1095.6100000000001	2	2	0.0190705	0.000790293	0.00433533
PMBB1883954391482	0	59.1	3492.81	2	1	-0.012003	0.00333375	-0.000605288
PMBB1884717352050	0	66.7	4448.89	2	2	-0.00695366	0.00243148	-9.92265e-05
PMBB1886201639243	0	41.3	1705.6899999999998	1	1	-0.00684243	0.00159406	0.00611948
PMBB1888903457430	0	45.2	2043.0400000000002	2	1	0.00830358	-0.00614643	-0.000684015
PMBB1889737826934	0	52.5	2756.25	1	3	0.00202576	-0.00982622	0.00261219
PMBB1890736501971	0	37.3	1391.2899999999997	2	1	-0.00434983	0.00610901	0.00500912
PMBB1893409065632	0	40.7	1656.4900000000002	2	1	-0.00473352	0.00424796	-0.000700598
PMBB1894426863983	0	53.7	2883.6900000000005	2	3	-0.000179893	0.00750192	-0.0043623
PMBB1895262067515	0	73.1	5343.609999999999	2	1	0.011631	0.0101215	0.00782076
PMBB1896148711840	0	53.2	2830.2400000000002	2	1	-0.0123628	0.00010755	-0.00163724
PMBB1896590413732	0	77.9	6068.410000000001	2	1	-0.00723277	-5.02168e-07	0.0116202
PMBB1897676168253	0	36.1	1303.21	1	1	-0.00419269	0.0096221	-0.0118085
PMBB1899019201532	0	25.1	630.0100000000001	1	2	0.016935	-0.0190389	0.0209057
PMBB1899710718467	0	66.9	4475.610000000001	1	1	0.0119202	0.0027775	0.0083336
PMBB1900250477814	0	75.0	5625.0	1	1	-0.0119739	0.000236457	-0.00275652
PMBB1900652644927	0	59.5	3540.25	2	1	0.020306	0.00653582	0.00378725
PMBB1900993413893	0	26.0	676.0	2	1	0.0139955	0.00106511	-0.00562638
PMBB1901459709475	0	39.1	1528.8100000000002	2	3	-0.00590265	0.00303909	-0.00402138
PMBB1901870284369	0	43.0	1849.0	1	1	-0.00406166	-0.00537216	0.000111198
PMBB1903154350034	0	33.6	1128.96	1	1	0.000425571	0.0104356	0.0154541
PMBB1904995250538	0	65.9	4342.81	1	3	0.008986	0.00267001	-0.0154117
PMBB1906435002579	0	46.7	2180.8900000000003	1	1	0.0221276	-0.004294	-0.00424641
PMBB1906607640159	0	40.7	1656.4900000000002	1	1	-0.00726039	0.00151946	0.00118592
PMBB1907048119768	0	80.0	6400.0	2	1	-0.0100346	-0.000242487	0.00221154
PMBB1911044664578	0	47.7	2275.2900000000004	2	1	-0.00936556	-0.00421037	0.00263203
PMBB1913506934369	1	26.0	676.0	2	1	0.00147391	0.00960467	-0.0111507
PMBB1914155992980	0	76.9	5913.610000000001	1	1	-0.00841411	0.00138416	-0.00129718
PMBB1914722608179	0	75.7	5730.490000000001	2	3	-0.0055835	-0.000568682	0.0003047
PMBB1916447152419	0	26.0	676.0	1	1	-0.00546995	0.000734901	-0.00389315
PMBB1918119125613	0	56.2	3158.4400000000005	2	1	0.00955028	0.0106389	0.0047795
PMBB1918639679447	1	68.4	4678.56	1	3	-0.00436191	0.00210685	-0.00562386
PMBB1920198926288	0	19.4	376.35999999999996	2	1	0.0153336	-0.00304825	0.00480583
PMBB1920448151620	0	62.6	3918.76	2	1	-0.00174242	-0.00332392	0.00443677
PMBB1920494503154	0	28.8	829.44	2	1	-0.0030562	0.00852414	0.000273866
PMBB1921964163015	0	75.4	5685.160000000001	2	1	-0.00696707	0.00936639	-0.0191179
PMBB1922247843048	0	57.2	3271.84	2	1	-0.00482482	0.0113195	-0.0141996
PMBB1923636758497	0	27.8	772.84	2	1	0.0105219	0.0188038	0.013668
PMBB1924943818171	0	63.0	3969.0	2	1	-0.000480575	-0.00969569	0.00101898
PMBB1927269068150	0	27.2	739.8399999999999	2	1	-0.00283165	0.00616057	-0.000878901
PMBB1927510016657	0	79.3	6288.49	2	3	-0.00940545	0.00494729	-0.00584316
PMBB1928840902756	0	43.6	1900.96	1	1	0.00122973	0.0152096	0.00952358
PMBB1929288402385	0	71.5	5112.25	2	1	-0.00216915	0.00767343	-0.000420008
PMBB1930065534083	0	49.8	2480.0399999999995	2	1	-0.00533475	0.0013265	0.00606953
PMBB1931255234173	0	61.8	3819.24	2	1	-0.00143842	0.00717528	0.00921325
PMBB1932086218523	0	33.3	1108.8899999999999	2	3	0.000784139	0.00273183	0.00649638
PMBB1932361980748	0	43.9	1927.2099999999998	2	3	-0.00854273	-0.0018083	0.00132027
PMBB1932451786686	0	39.3	1544.4899999999998	1	1	0.0111939	0.00566381	-0.00791661
PMBB1932988252063	0	28.0	784.0	2	1	-0.00472056	-0.00318736	-0.00869125
PMBB1933576493916	0	38.4	1474.56	2	1	-0.0117735	-0.000369539	-0.000719031
PMBB1933677497635	0	43.0	1849.0	2	1	-0.0077334	0.00411787	0.00103058
PMBB1934302610501	0	68.9	4747.210000000001	2	1	-0.00368597	-0.00299517	0.00330347
PMBB1934461255294	1	69.9	4886.010000000001	2	1	0.00309173	-0.00589603	-0.0113703
PMBB1934533981108	0	70.2	4928.04	2	3	0.00281172	0.00942204	-0.00783716
PMBB1934817447403	0	64.7	4186.09	1	3	-0.00824893	-0.000105338	0.011875
PMBB1935140302737	0	59.5	3540.25	1	1	-0.0066341	-0.00115865	0.00285748
PMBB1935364407123	0	40.1	1608.0100000000002	1	1	0.0269182	0.0116668	-0.00464333
PMBB1936335625789	0	64.6	4173.159999999999	1	1	-0.00804557	0.00146495	-0.00483241
PMBB1936536958697	0	53.2	2830.2400000000002	1	1	0.00961564	0.000928172	0.000972311
PMBB1937952334274	0	60.8	3696.64	2	1	-0.00717744	-0.000407363	-0.000427114
PMBB1938211484262	0	69.9	4886.010000000001	1	1	0.0168939	-0.0196012	0.0119722
PMBB1938962938851	0	26.9	723.6099999999999	2	3	-0.00386403	0.00159104	0.000229579
PMBB1939368377146	0	57.4	3294.7599999999998	1	2	-0.00460658	0.0050878	0.00117563
PMBB1939543741578	0	50.6	2560.36	2	1	-0.0114432	0.00403158	-0.0106327
PMBB1939808448901	0	62.7	3931.2900000000004	2	3	-0.000136791	-0.00692227	-0.000530949
PMBB1939862465578	0	56.5	3192.25	2	1	0.00576661	0.00360275	-0.00379715
PMBB1940754359881	0	18.8	353.44000000000005	2	1	-0.00502057	-0.01733	-0.00717149
PMBB1941543370350	0	39.8	1584.0399999999997	2	1	-0.00398656	0.0033136	0.00199387
PMBB1941545475273	0	70.2	4928.04	1	1	0.00810263	-0.00445504	0.000745228
PMBB1943753682735	0	34.1	1162.8100000000002	2	3	0.00287433	0.00784043	-0.0122235
PMBB1943833931155	0	58.9	3469.21	2	3	0.00434887	-0.00612854	-0.00411465
PMBB1944084652023	0	24.3	590.49	2	1	-0.00071952	-0.0165561	-0.00154084
PMBB1944711064168	0	55.7	3102.4900000000002	2	1	-0.00752296	-0.00928204	-0.00264184
PMBB1944887487405	0	29.9	894.0099999999999	1	1	0.000678179	0.00897897	0.0151345
PMBB1945043769407	0	64.8	4199.04	1	1	-0.00766245	-9.53667e-05	-0.00136477
PMBB1945419127461	0	45.2	2043.0400000000002	1	1	-0.00613646	0.00245054	-0.00101299
PMBB1946867306175	0	71.4	5097.960000000001	2	1	-0.000142902	-0.0177977	0.00937401
PMBB1947180876538	0	31.3	979.69	2	1	0.00689034	0.0171964	-0.00217548
PMBB1949444731688	0	68.9	4747.210000000001	1	1	0.00648355	-0.00170833	0.00686314
PMBB1949742985674	0	24.9	620.0099999999999	1	1	0.000159418	0.00695183	-0.0110355
PMBB1954924881248	0	47.5	2256.25	1	3	-0.0117268	-0.00529714	-0.000563231
PMBB1955992527236	0	72.1	5198.409999999999	1	1	0.00860959	0.0020083	-0.0125279
PMBB1957261299303	0	34.5	1190.25	2	1	0.00161954	-0.0139192	-0.00498888
PMBB1957897032767	0	44.6	1989.16	2	3	-0.00447752	0.00483427	-0.00619056
PMBB1958256991214	0	64.1	4108.8099999999995	1	1	-0.00357673	0.00943642	-0.0126683
PMBB1959651926686	0	75.0	5625.0	1	1	-0.000865017	-0.0124712	0.0131877
PMBB1961075750873	0	51.9	2693.6099999999997	2	1	0.0280463	-0.00374985	0.00335394
PMBB1963335672785	0	24.4	595.3599999999999	2	1	0.00819399	0.0169693	0.00285055
PMBB1964430154549	0	34.1	1162.8100000000002	2	1	-0.00288541	0.00025529	0.00632696
PMBB1966776524788	0	61.3	3757.6899999999996	1	1	-0.00443275	0.00237951	-0.00247823
PMBB1967091243019	0	54.6	2981.1600000000003	1	3	0.0112676	0.0114602	0.0110973
PMBB1967563239959	0	78.9	6225.210000000001	2	1	-0.00721433	0.000698095	0.00920644
PMBB1968222725532	0	65.8	4329.639999999999	2	1	-0.00347877	-0.000367435	-0.00112976
PMBB1969649406854	0	47.3	2237.2899999999995	1	1	-0.00326845	0.00374752	-0.00666698
PMBB1970362193076	0	69.0	4761.0	1	1	-0.00432001	-0.0115444	-0.0110157
PMBB1971120470510	0	62.8	3943.8399999999997	1	1	-0.00927503	0.00455225	-0.00665013
PMBB1972589147587	0	76.3	5821.69	1	1	-0.00529992	0.00034522	-0.0122234
PMBB1972762566602	0	62.5	3906.25	2	1	-0.00544454	-0.00323119	0.00603145
PMBB1973994463899	0	73.2	5358.240000000001	2	1	-0.0104052	0.00241573	0.00115675
PMBB1974024678669	0	49.9	2490.0099999999998	2	3	0.0125585	-0.00797939	0.00410893
PMBB1974950611902	0	73.6	5416.959999999999	2	1	0.00351506	0.0163058	-0.0140334
PMBB1976126713994	0	48.6	2361.96	2	1	0.0147698	0.00418687	0.00548152
PMBB1977888228592	0	64.5	4160.25	1	1	-0.00681582	-0.00015094	0.00201806
PMBB1978018977283	0	60.5	3660.25	2	1	-0.00318038	0.00363044	-0.00244036
PMBB1979300689781	0	33.0	1089.0	2	2	0.0281	-0.00195113	-0.00769339
PMBB1980768715928	0	48.4	2342.56	2	1	0.0268772	-0.00634057	-0.00413179
PMBB1980812866970	0	79.8	6368.04	1	1	-0.00785745	0.00476321	-0.0033776
PMBB1981135766279	0	59.2	3504.6400000000003	2	3	-0.00716351	0.00411002	-0.000516309
PMBB1981769649497	0	28.1	789.6100000000001	2	1	-0.00056579	0.00378377	-0.00721835
PMBB1982212091450	0	25.9	670.81	2	1	-0.00303829	-0.00147744	0.0158136
PMBB1983783057339	0	57.5	3306.25	1	1	-0.00726314	0.00641306	0.00572005
PMBB1984717060220	0	36.1	1303.21	2	1	-0.00924906	-0.000383005	-0.00299239
PMBB1986162687323	0	28.3	800.89	2	1	-0.00234925	0.000298795	-0.00189449
PMBB1988936890121	0	62.0	3844.0	1	3	0.0194003	0.00225799	0.000487584
PMBB1990798672478	0	28.6	817.96	2	1	-0.0033061	0.0102012	-0.00614961
PMBB1991001304393	0	59.2	3504.6400000000003	2	1	-0.00665873	-0.00782043	-0.00121286
PMBB1991129225187	0	42.3	1789.2899999999997	1	3	-0.0046548	-0.00217991	-0.000620164
PMBB1991141482131	0	59.1	3492.81	2	1	0.0128889	0.0209596	0.0220023
PMBB1991674645663	0	65.5	4290.25	1	1	-0.00767398	0.0025941	-0.00140857
PMBB1993353936935	0	26.0	676.0	2	1	-0.00470728	-0.00120076	0.00658741
PMBB1993653992651	0	24.7	610.0899999999999	1	3	0.00345596	-0.00802192	0.0139095
PMBB1994606897877	1	61.0	3721.0	2	1	0.0105817	0.0197464	-0.0136818
PMBB1995402717742	0	58.1	3375.61	2	1	0.00125864	-0.0195197	-0.00138189
PMBB1996094473590	0	47.1	2218.4100000000003	2	1	0.00117656	0.0113851	0.00379415
PMBB1997012134590	0	53.4	2851.56	1	1	-0.0087108	0.00307105	0.003814
PMBB1998005706623	0	43.7	1909.6900000000003	2	1	-0.00791995	0.0025652	-0.00265979
PMBB1998903708599	0	60.2	3624.0400000000004	2	2	-0.00184312	0.00784017	-0.0125257
PMBB1999713346589	0	31.9	1017.6099999999999	2	1	-0.000305801	-0.0017575	0.00412287
PMBB2000688817194	0	24.7	610.0899999999999	1	1	-0.0073786	0.00719353	-0.00193775
PMBB2003086745229	0	65.4	4277.160000000001	1	1	-0.00481996	0.00278251	0.00144889
PMBB2003526906242	0	35.4	1253.1599999999999	2	3	-0.00238944	0.00613689	0.00231333
PMBB2004205441727	0	38.8	1505.4399999999998	2	3	0.00419916	0.0102202	-0.0136438
PMBB2005271565988	0	28.0	784.0	2	1	-0.00459392	-0.00241979	0.00448294
PMBB2006892168578	0	24.8	615.0400000000001	1	1	-0.00788942	0.00581066	0.00117828
PMBB2007204397545	0	63.9	4083.21	2	1	-0.00321935	-0.0057628	0.00373141
PMBB2007736394518	0	50.4	2540.16	2	1	0.0165151	-0.00070598	0.0121264
PMBB2007803355858	0	55.0	3025.0	1	1	-0.00844905	0.000110761	0.00236263
PMBB2008530603431	0	92.5	8556.25	2	3	0.0105897	-0.00522548	-0.00820647
PMBB2010361212315	0	68.3	4664.889999999999	1	1	-0.00754273	0.00570217	0.00709538
PMBB2010636897596	0	55.3	3058.0899999999997	2	1	0.00143728	0.0106095	0.000618621
PMBB2011443778701	0	42.4	1797.76	1	1	-0.00333863	0.00137714	-0.00551812
PMBB2011869191496	0	61.5	3782.25	1	1	-0.00982389	0.00227518	-0.00840762
PMBB2013279417222	0	38.7	1497.6900000000003	1	3	0.00480756	0.00520908	-0.014999
PMBB2013425684923	0	69.9	4886.010000000001	2	3	0.00619281	0.00305671	-0.00545982
PMBB2014163648702	0	48.1	2313.61	2	1	0.00666863	0.00514789	0.0155822
PMBB2014594355136	1	67.4	4542.760000000001	1	1	-0.00317879	0.00224153	0.00112391
PMBB2015241530119	0	22.3	497.29	2	1	0.00186044	0.00724017	-0.00313195
PMBB2015437186391	0	28.8	829.44	2	1	0.00166912	-0.00566236	0.00732197
PMBB2015848263910	0	64.1	4108.8099999999995	2	1	-0.0110205	0.00151297	-0.00473037
PMBB2018383419400	0	65.1	4238.009999999999	2	1	-0.00828812	-0.000747972	0.00235389
PMBB2018550468590	0	49.0	2401.0	2	1	0.00170673	-0.0128369	-0.0114684
PMBB2019148893991	0	65.8	4329.639999999999	1	1	0.00290824	0.00669749	0.00756134
PMBB2019635260573	0	48.8	2381.4399999999996	2	1	-0.00144181	-0.01243	0.0100223
PMBB2020669504201	0	58.7	3445.6900000000005	2	1	-0.00433933	0.00854738	-0.013542
PMBB2021451905833	0	74.2	5505.64	1	1	-0.0053083	0.00542713	-0.00582061
PMBB2021615529841	0	24.7	610.0899999999999	2	1	-0.00641751	0.00592156	5.56063e-05
PMBB2023306572231	0	74.1	5490.8099999999995	2	1	-0.00218283	-0.00370596	-0.00287211
PMBB2025426669120	0	33.7	1135.6900000000003	2	1	-6.04947e-06	-0.0022681	0.00609423
PMBB2026802706620	0	45.5	2070.25	2	3	-0.00917355	0.00121666	0.00359453
PMBB2027534129501	0	31.8	1011.24	2	1	-0.00422936	0.00625538	-0.01168
PMBB2027821587781	0	38.2	1459.2400000000002	2	1	-0.00916263	0.00150046	-0.00239467
PMBB2028999960937	1	57.9	3352.41	2	1	0.00250655	-0.00547646	-0.00684902
PMBB2029792824978	0	65.7	4316.490000000001	1	1	0.00734717	-0.00657661	0.00217486
PMBB2030197670614	0	62.8	3943.8399999999997	1	1	-0.00433122	0.00376997	0.00175322
PMBB2030669881005	0	54.1	2926.81	1	1	-0.00876451	0.00578776	0.000887303
PMBB2030779924552	0	33.1	1095.6100000000001	2	3	0.000400872	-0.00413937	0.0048381
PMBB2031393953450	0	25.2	635.04	2	3	0.000323289	0.00509602	-0.0115486
PMBB2032635632706	0	72.3	5227.29	2	1	0.0233988	-0.00789786	-0.0225189
PMBB2033502575119	0	63.8	4070.4399999999996	2	1	-0.00800349	0.000506562	-0.000906146
PMBB2033903302634	0	56.8	3226.24	1	3	-0.00279761	0.00642677	0.0112885
PMBB2035019314036	1	59.6	3552.1600000000003	2	1	-0.00308213	-0.0127991	-0.00952129
PMBB2036138195216	0	55.6	3091.36	2	1	-0.008048	-0.00581789	0.000236095
PMBB2036805197161	0	29.0	841.0	2	3	-0.00664104	-0.00104954	-0.000303395
PMBB2036812390381	0	79.1	6256.8099999999995	2	1	0.010268	-0.00389211	0.00444448
PMBB2037603455996	1	78.7	6193.6900000000005	2	1	0.000773555	-0.00161504	-0.0167046
PMBB2038082946408	0	74.1	5490.8099999999995	1	1	0.00576884	-0.00819726	0.000333
PMBB2038118870205	0	36.0	1296.0	2	1	-0.0130813	-0.00170772	0.000656047
PMBB2038651361102	0	71.3	5083.69	1	1	-0.00890451	0.00340292	0.00296414
PMBB2038775661730	0	55.9	3124.81	1	1	0.000790288	0.00556445	-0.0122788
PMBB2039696467155	0	56.9	3237.6099999999997	2	3	0.00557246	-0.013009	-0.0125309
PMBB2040302660807	0	42.7	1823.2900000000002	1	3	-0.00510335	-0.00328599	-0.00289192
PMBB2041424938376	0	56.1	3147.21	1	1	-0.0051576	-0.0176207	7.11993e-05
PMBB2046466657894	0	62.4	3893.7599999999998	2	1	-0.00289111	-0.00780142	-0.00120932
PMBB2046621676053	0	71.8	5155.24	2	3	-0.00640991	-0.00118253	0.000791174
PMBB2047012270966	0	47.2	2227.84	2	1	0.0142821	-0.00845058	-0.00289722
PMBB2048516760238	0	28.0	784.0	2	1	-0.00935561	0.00340415	0.000609991
PMBB2048858498382	0	26.9	723.6099999999999	2	1	-0.0054169	-0.0123981	0.00102403
PMBB2049073524199	0	27.7	767.29	1	1	-0.00216806	0.00242708	-0.000178573
PMBB2049487873354	0	72.4	5241.760000000001	1	1	0.00381671	-0.00376916	-0.0031433
PMBB2050319656199	0	61.2	3745.4400000000005	2	1	-0.00882443	-0.00611975	0.0109965
PMBB2050866496847	0	61.8	3819.24	2	1	0.00627066	-0.00692455	-0.00872756
PMBB2052392243759	0	23.7	561.6899999999999	2	1	0.00432318	0.0143984	0.00427611
PMBB2052561137384	0	57.7	3329.2900000000004	1	3	0.00402045	0.0155562	-0.024088
PMBB2052660398485	0	40.8	1664.6399999999999	2	2	0.00851782	0.0121194	-0.0133349
PMBB2052787468288	0	47.5	2256.25	2	1	-0.00743258	-0.000439834	-0.00477032
PMBB2053058397965	0	73.8	5446.44	2	1	-0.00964434	-0.00369407	-0.000489062
PMBB2054140823941	0	52.9	2798.41	2	1	-0.00289219	0.00726927	0.00385096
PMBB2054970683007	0	80.9	6544.810000000001	1	1	0.00458001	-0.00775804	-0.00556643
PMBB2055165730219	0	37.7	1421.2900000000002	2	3	-0.0132116	0.000414927	-0.00504899
PMBB2055716688707	0	48.5	2352.25	2	3	0.00289229	0.00868399	0.000546822
PMBB2056771624540	1	72.8	5299.839999999999	1	1	-0.00354224	0.00710432	0.00247926
PMBB2056793716647	0	63.3	4006.8899999999994	2	1	0.00355781	0.00438783	0.00738464
PMBB2057305944728	0	26.4	696.9599999999999	1	1	-0.00462529	-0.00565982	0.00345194
PMBB2059397579155	0	57.4	3294.7599999999998	1	1	0.00776752	0.000598009	-0.003333
PMBB2059473656422	0	21.8	475.24	1	1	-0.00413488	-0.00714059	0.00284965
PMBB2059815564892	0	32.3	1043.2899999999997	2	3	0.00277434	-0.0224737	0.0113302
PMBB2060971291035	0	25.1	630.0100000000001	2	1	-0.00180971	0.00529136	-0.0107984
PMBB2062760492709	0	57.6	3317.76	2	3	-3.18868e-05	0.00126902	0.00873821
PMBB2064187588680	0	68.5	4692.25	2	1	0.00198067	-0.00218422	0.0109548
PMBB2064580915665	0	36.2	1310.4400000000003	1	1	-0.00583031	0.00506607	0.00432136
PMBB2065243355181	0	67.2	4515.84	2	3	0.00137196	-0.0334327	0.00936012
PMBB2067583448465	0	46.7	2180.8900000000003	2	1	-0.00782877	8.39931e-06	-0.00211095
PMBB2069520306133	0	45.8	2097.64	2	1	0.00559231	0.00936888	-0.00859804
PMBB2069807453481	1	68.5	4692.25	2	1	0.00526973	0.00863533	0.0190726
PMBB2069911458039	0	72.1	5198.409999999999	1	2	-0.0125097	-0.00067388	0.00059398
PMBB2071120047947	0	57.5	3306.25	2	1	0.0245121	0.00961667	0.00220188
PMBB2072339508607	0	69.4	4816.360000000001	2	3	-0.0065367	0.00438919	0.0142664
PMBB2073195542903	0	34.6	1197.16	2	2	-0.00634243	-0.0057264	0.000669728
PMBB2073545207845	0	41.6	1730.5600000000002	1	1	-0.00845095	-0.00823044	0.00634864
PMBB2075167960100	0	64.2	4121.64	1	1	-0.00399513	0.00318567	-0.00175885
PMBB2075353053111	0	53.6	2872.96	1	1	0.0244691	-0.00179919	0.00406472
PMBB2076319259101	0	58.4	3410.56	2	1	0.00239502	-0.00147895	-0.00327644
PMBB2077313924374	0	47.6	2265.76	2	1	-0.000259195	0.00875113	0.00110304
PMBB2078075632442	0	73.0	5329.0	2	1	-0.000526938	0.00774261	0.0156469
PMBB2083979804658	0	39.9	1592.01	1	1	0.00238766	-0.0127023	-0.0135773
PMBB2085008167096	0	49.9	2490.0099999999998	1	3	0.00130022	-0.0126767	0.0171224
PMBB2086020751943	0	23.0	529.0	2	1	-0.00307258	-0.00358357	-0.00829582
PMBB2086526272871	1	62.7	3931.2900000000004	2	1	-0.00388609	0.00874753	0.00522222
PMBB2087056326609	0	67.5	4556.25	1	1	0.00243854	0.00340059	-0.0118303
PMBB2087907564873	0	30.4	924.16	2	3	0.0128247	-0.000696473	-0.0147385
PMBB2088415410603	0	57.1	3260.4100000000003	2	1	0.00291282	-0.0116605	-0.00300752
PMBB2088748387132	0	52.5	2756.25	2	1	-0.0126932	0.000437745	-0.00275242
PMBB2089350145053	0	62.3	3881.2899999999995	1	2	0.00812885	0.0108173	0.000704508
PMBB2089572484918	0	40.2	1616.0400000000002	2	2	-0.0037954	0.00622069	0.00442539
PMBB2090315220202	0	33.2	1102.2400000000002	2	3	0.0297433	0.00791642	0.01378
PMBB2092512370108	0	67.5	4556.25	1	3	-0.000757721	-0.0268905	-0.0025011
PMBB2092534853716	0	56.2	3158.4400000000005	2	1	0.014558	0.0116303	-0.00136148
PMBB2092583316787	0	23.1	533.61	2	3	-0.00350582	0.0107541	-0.011074
PMBB2093120662990	0	67.6	4569.759999999999	1	1	-0.00386018	0.0020412	0.00118881
PMBB2094217541007	0	51.0	2601.0	2	3	-0.00681832	-0.00635111	-0.00729703
PMBB2094645933831	0	52.6	2766.76	1	1	-0.00137828	-0.0070566	0.00658438
PMBB2094763192600	0	71.7	5140.89	1	1	-0.00331888	-0.0122927	-0.00744421
PMBB2095481623117	0	63.7	4057.6900000000005	1	1	0.00237012	0.00391373	0.00770228
PMBB2095650878248	0	61.4	3769.96	2	1	-0.00255446	-0.0155617	-0.0175728
PMBB2095777963613	0	56.0	3136.0	2	1	-0.00557143	-0.000633759	-0.000462168
PMBB2096898270041	0	43.5	1892.25	2	1	0.00531361	0.00352273	0.00607118
PMBB2097233810440	0	70.8	5012.639999999999	1	1	-0.0090881	0.00148178	-0.00787352
PMBB2098192439294	0	38.6	1489.96	2	1	-0.0078857	-0.0016545	0.00324517
PMBB2099596401931	0	68.9	4747.210000000001	1	2	-0.00345707	0.0068069	0.00834469
PMBB2099796330389	0	37.7	1421.2900000000002	2	3	-0.00160829	0.0122888	-0.0172134
PMBB2099811844500	0	44.1	1944.8100000000002	1	1	-0.00342117	-8.15659e-05	-0.0136856
PMBB2100151184522	0	39.2	1536.6400000000003	2	1	0.00257009	0.00390496	0.00313092
PMBB2100527823867	0	29.8	888.0400000000001	2	2	-0.00632371	0.00715341	-0.000908858
PMBB2100951055764	0	53.7	2883.6900000000005	1	1	-0.00116245	-0.0145421	-0.00310041
PMBB2101095446735	0	65.8	4329.639999999999	2	1	-0.000897381	0.00942735	0.0091346
PMBB2101749636675	0	77.4	5990.760000000001	1	1	-0.00307388	0.00815507	0.0101561
PMBB2103358593659	0	76.1	5791.209999999999	2	3	0.0105106	0.000896867	-0.0101958
PMBB2103943820419	1	68.5	4692.25	1	1	-0.00324806	-0.0195028	-0.00299347
PMBB2105454832949	0	61.5	3782.25	1	1	-0.00876758	-0.0143763	-0.000382339
PMBB2105478400408	0	56.0	3136.0	1	3	-0.00273536	0.00460993	-0.00426088
PMBB2106369828135	0	54.1	2926.81	2	1	-0.00113372	0.0038578	-0.00413313
PMBB2106612603235	0	69.1	4774.8099999999995	2	1	0.00322112	0.00189644	-0.00248343
PMBB2107272445058	0	43.4	1883.56	1	1	0.00135939	-0.00310814	0.00921835
PMBB2107330632943	1	65.3	4264.089999999999	2	1	-0.00530615	-0.00741906	0.0003042
PMBB2107816308284	0	28.3	800.89	2	1	-0.00203068	-0.00947605	0.00359479
PMBB2108892567398	0	44.5	1980.25	2	1	0.0020501	-0.00220865	0.0100671
PMBB2108923152287	0	49.4	2440.3599999999997	2	1	-0.00627765	0.00764742	-0.0191154
PMBB2110047117540	0	52.2	2724.84	1	1	0.00575093	-0.00490038	0.00893532
PMBB2111837671942	0	49.2	2420.6400000000003	2	1	-0.00235163	-0.00798616	0.0119046
PMBB2111853818759	0	23.5	552.25	2	1	0.0026401	-0.00856244	-0.00570486
PMBB2113344491243	0	37.2	1383.8400000000001	2	1	-0.0017852	-0.0106764	0.00546231
PMBB2114759303912	0	48.8	2381.4399999999996	2	1	-0.00549319	-0.00181667	0.010298
PMBB2114780088373	0	36.8	1354.2399999999998	2	2	-0.00694494	0.000619977	-0.000970022
PMBB2115632399779	0	43.8	1918.4399999999998	2	1	-0.00497255	-0.0130636	-0.00284036
PMBB2118359034119	0	20.5	420.25	1	1	0.000128282	0.0153285	-0.00935307
PMBB2118451499420	0	53.2	2830.2400000000002	2	1	0.000504679	0.00740628	0.0129324
PMBB2118935857788	0	25.7	660.49	1	1	0.0268702	0.00759379	0.000727329
PMBB2119199293577	0	58.1	3375.61	1	3	-0.00451852	-0.00312949	-0.000504594
PMBB2119644100910	0	62.5	3906.25	1	1	-0.00443616	-0.00564152	-0.00847323
PMBB2120559081673	0	60.6	3672.36	1	1	-0.00922118	0.00336548	-0.00013529
PMBB2120708593011	0	40.7	1656.4900000000002	2	1	-0.00176566	-0.00313212	0.00692564
PMBB2122149798621	0	36.8	1354.2399999999998	2	1	0.0310529	-0.00282355	-0.00163175
PMBB2122565690593	0	53.9	2905.21	1	1	-0.00494279	-0.00835802	-0.00116724
PMBB2122915327653	0	41.6	1730.5600000000002	1	1	0.00212503	-0.0116303	-0.010864
PMBB2123553626546	0	69.7	4858.09	2	1	-0.00594005	0.00448428	0.00759609
PMBB2124058606099	0	58.6	3433.96	2	1	0.0206393	-0.00662638	0.0012165
PMBB2125275856321	0	58.6	3433.96	1	1	0.019695	0.00419406	-0.000901176
PMBB2125665473869	0	46.3	2143.6899999999996	2	1	0.0275943	-0.00200109	0.00707608
PMBB2126820793433	0	23.7	561.6899999999999	2	1	-0.00234862	0.00803639	-0.00131216
PMBB2128021095182	0	35.9	1288.81	2	2	-0.00610877	0.00365023	0.00224183
PMBB2130162401740	1	68.1	4637.61	1	2	-0.00115767	0.00373046	0.0162841
PMBB2131289624287	0	50.6	2560.36	2	1	-0.00875663	0.00436545	-0.00285458
PMBB2133054713015	1	67.0	4489.0	2	2	0.00138918	-0.00494291	0.00876125
PMBB2134060947507	0	29.5	870.25	2	1	-0.00283098	0.00957856	0.00147124
PMBB2134235222144	0	66.7	4448.89	2	2	-0.00344932	0.00893108	-0.020364
PMBB2134613552921	0	67.5	4556.25	2	3	0.0200487	0.00162031	0.00373843
PMBB2135085815852	0	85.5	7310.25	2	1	0.0058792	-0.0253498	-0.00651181
PMBB2135308699698	0	66.7	4448.89	2	1	-0.00154147	-0.000361963	-0.000426449
PMBB2135508913090	0	70.0	4900.0	2	1	0.0002403	0.0101014	-0.0141353
PMBB2135988503213	0	54.0	2916.0	2	3	-0.0032659	0.00238531	-0.000990143
PMBB2136939313090	0	55.6	3091.36	2	1	-0.00212087	-0.0127119	-0.00337789
PMBB2137446462566	0	39.0	1521.0	1	3	-0.00793552	0.00284835	-0.00420556
PMBB2137721281370	0	28.9	835.2099999999999	2	2	-0.00271527	-0.00670648	-0.000260887
PMBB2137807439558	0	60.7	3684.4900000000002	1	1	-0.00192878	-0.00815756	-0.00100201
PMBB2138315154367	0	58.5	3422.25	2	2	-0.00472652	-0.00678043	-0.000140016
PMBB2138539517054	0	60.8	3696.64	2	1	0.0105415	-0.00480875	0.0215515
PMBB2141327892862	0	35.8	1281.6399999999999	2	1	0.0273396	0.0130545	-0.00740585
PMBB2141767283345	0	24.7	610.0899999999999	1	1	-0.00624137	0.00463678	-0.00725049
PMBB2143885962403	0	32.4	1049.76	1	1	-0.00201604	0.00938255	0.00041784
PMBB2145760704197	0	89.7	8046.09	2	2	-0.0106361	-0.00499995	-0.00300313
PMBB2147359964920	0	68.9	4747.210000000001	2	2	-0.00127928	-0.0109394	0.0128621
PMBB2148886230403	0	64.5	4160.25	1	3	-0.00325831	-0.00829831	0.00947088
PMBB2150154814885	0	30.5	930.25	2	1	0.00166871	0.00402913	-0.00205111
PMBB2151207752966	0	27.3	745.2900000000001	1	1	-0.00116381	0.0108807	0.0263838
PMBB2151893955178	0	76.5	5852.25	2	1	-0.00716813	-0.00128179	-0.002326
PMBB2153813127549	0	65.2	4251.04	1	1	-0.00179391	0.00245542	0.00317525
PMBB2154206707206	0	50.8	2580.64	2	3	0.00240104	-0.000847711	0.00336619
PMBB2154279367111	0	19.7	388.09	1	1	-0.00357027	-0.00084117	0.00555518
PMBB2154547147114	0	50.1	2510.01	1	2	-0.00222767	0.00358827	0.00306488
PMBB2154690689405	0	36.2	1310.4400000000003	2	3	-0.00531338	-0.00250342	-0.000420965
PMBB2156140085883	0	30.3	918.09	2	1	0.000127056	0.00725276	0.0131564
PMBB2156348210313	0	80.1	6416.009999999999	2	2	-0.00994411	-0.000216207	-0.00230302
PMBB2157097611849	0	46.0	2116.0	1	1	0.00538927	-0.0137171	0.0089449
PMBB2159176760916	0	37.4	1398.76	2	3	-0.00821396	-0.00937754	0.00153561
PMBB2160605268798	0	58.8	3457.4399999999996	2	3	0.0195374	0.00731593	0.00225322
PMBB2161151257229	0	57.4	3294.7599999999998	2	3	0.00189278	0.00875556	-0.00739822
PMBB2161321515716	0	46.9	2199.6099999999997	2	1	-0.00295376	-0.00991377	0.0112079
PMBB2162102712738	0	59.3	3516.49	1	1	-0.00582865	0.00304801	-0.00338637
PMBB2163746139535	0	89.2	7956.64	1	3	-0.0100911	-0.000441606	-0.00500639
PMBB2164274393512	0	59.6	3552.1600000000003	1	1	0.0103116	0.00565092	0.00301731
PMBB2164810175228	0	60.3	3636.0899999999997	1	1	0.0216032	0.000586346	0.00374511
PMBB2165465129850	0	71.3	5083.69	1	1	-0.0069665	-0.00815058	-0.00127239
PMBB2171997085423	0	66.1	4369.209999999999	1	1	-0.00949568	-0.0010189	0.0043507
PMBB2172971091218	0	51.5	2652.25	1	1	0.00426419	-0.00781757	-0.00306906
PMBB2173366857676	0	22.8	519.84	2	3	0.00329947	0.00112693	-0.00533095
PMBB2173980418305	0	48.2	2323.2400000000002	2	1	0.000552257	-0.00490963	-0.00688733
PMBB2174995468602	0	70.0	4900.0	2	1	-0.00249939	-0.00129863	0.000247799
PMBB2175386058767	0	68.6	4705.959999999999	1	3	-0.00679391	0.00230035	-0.000644413
PMBB2175500914221	0	42.2	1780.8400000000001	1	2	0.000210901	-0.00353321	0.00526216
PMBB2176008876657	0	35.4	1253.1599999999999	2	1	-0.00473237	-0.00872501	0.0138526
PMBB2176724024869	1	79.3	6288.49	2	1	-0.00132621	-0.00635502	-0.00829802
PMBB2176775000775	0	19.4	376.35999999999996	2	1	-0.00311151	-0.0204312	-0.00238202
PMBB2176922007783	0	54.0	2916.0	2	1	-0.00247291	0.00636105	-0.0198493
PMBB2177267611367	0	69.5	4830.25	2	2	-0.00875164	-0.000966732	-0.00387159
PMBB2177366800575	0	74.6	5565.159999999999	1	2	0.00063452	-0.00371377	-0.000998955
PMBB2178046866218	0	51.4	2641.96	1	1	-0.00770566	0.0063259	0.00523908
PMBB2178887858301	0	51.6	2662.56	1	1	-0.00205096	-0.00683381	0.00229537
PMBB2179317658614	0	33.6	1128.96	1	1	-0.00995492	-0.00149803	-0.000790654
PMBB2179644962327	0	55.1	3036.01	2	1	-0.006869	0.00477849	0.000269183
PMBB2179648778764	0	61.9	3831.6099999999997	2	3	-0.00692553	0.00390097	0.00729833
PMBB2180227934471	0	44.5	1980.25	1	3	-0.00107689	0.00764774	0.012474
PMBB2180610136695	0	42.8	1831.8399999999997	2	1	-0.00978787	0.00562616	-0.00775432
PMBB2181967974254	0	31.4	985.9599999999999	2	3	0.00335442	0.0163879	-0.0207802
PMBB2183188267750	1	75.2	5655.040000000001	1	3	1.68918e-05	-0.000909691	0.00424013
PMBB2183535992077	0	53.5	2862.25	2	3	0.000193614	0.0065035	0.0151717
PMBB2183789818403	0	54.6	2981.1600000000003	1	1	0.00132068	-0.00921226	0.00222446
PMBB2185540489162	0	29.5	870.25	2	1	-0.00787996	-0.00101896	-0.00191757
PMBB2187137565416	0	67.7	4583.29	2	1	-0.0075797	9.06966e-06	0.00168047
PMBB2187639872609	0	68.1	4637.61	2	3	-0.00310402	0.0110912	-0.0143624
PMBB2187877043601	0	34.7	1204.0900000000001	2	3	0.00342209	0.000407353	-0.00745257
PMBB2189402442163	0	62.9	3956.41	1	1	-0.00399961	0.00472063	0.00120183
PMBB2189527230741	0	38.1	1451.6100000000001	2	1	0.000582203	0.00556945	0.00275236
PMBB2189787860076	0	27.3	745.2900000000001	1	1	-0.000808414	-0.0180356	0.00801717
PMBB2190661239332	0	25.9	670.81	1	1	-0.0107936	-0.000913669	-0.000871049
PMBB2190716809064	0	27.5	756.25	2	1	-0.00716001	0.00413849	0.00256394
PMBB2191630480420	0	31.6	998.5600000000001	2	3	-0.0117246	-0.000339336	-0.00178272
PMBB2192372574198	0	23.6	556.96	2	1	-0.00390445	-0.00508986	0.00378326
PMBB2192989534056	0	48.2	2323.2400000000002	2	2	-0.00135185	0.0130209	-0.000843878
PMBB2194098188535	0	45.3	2052.0899999999997	2	3	-0.000536641	0.0108104	0.00730221
PMBB2194532179015	0	32.6	1062.76	2	1	-0.0124397	0.000295069	-0.00210729
PMBB2194859419372	0	33.5	1122.25	2	3	-0.0010945	0.00040545	-0.00589266
PMBB2195643856867	0	75.4	5685.160000000001	1	1	0.00118441	-0.000233167	0.0036662
PMBB2195762213491	0	52.4	2745.7599999999998	2	3	0.00305995	0.0174515	0.00652217
PMBB2197141230508	0	31.4	985.9599999999999	2	1	-0.00431152	0.00335681	0.00319614
PMBB2198870683288	0	65.6	4303.36	1	1	-0.00516671	0.00805804	0.00484634
PMBB2199316661417	0	35.8	1281.6399999999999	1	1	0.00571671	-0.0162732	0.00132206
PMBB2199646002143	0	27.1	734.4100000000001	2	1	-0.00327935	0.00500558	0.0232719
PMBB2199972082510	0	28.0	784.0	1	1	0.0267026	0.00211917	-0.000732634
PMBB2200181080223	0	28.0	784.0	1	1	-0.000637414	-0.0106413	0.00378061
PMBB2200668079106	0	38.5	1482.25	1	1	-0.00576859	0.00792011	-0.0082082
PMBB2202640815711	0	24.4	595.3599999999999	2	1	-0.00340951	-0.00283832	0.000128446
PMBB2202776333910	0	55.2	3047.0400000000004	1	3	0.00438196	-0.0148191	0.00593043
PMBB2204327102750	0	40.1	1608.0100000000002	2	2	0.000724763	-0.0104419	0.00865869
PMBB2204452114920	0	51.8	2683.24	1	1	-0.00328599	1.52905e-05	0.00209609
PMBB2205178291804	0	19.2	368.64	2	1	-0.00383749	0.00852696	-0.0206956
PMBB2205466404633	0	21.2	449.44	1	3	-0.00530255	-0.00410497	-0.000681001
PMBB2205604827480	0	53.4	2851.56	2	3	0.0181713	-0.0033871	0.00635363
PMBB2206020645486	0	60.4	3648.16	1	1	-0.0044787	-0.00513212	0.000395816
PMBB2206699343144	0	66.3	4395.69	1	1	-0.0102427	-0.0047247	0.00233018
PMBB2206850033139	0	65.0	4225.0	2	1	-0.00130957	0.00128941	0.00810085
PMBB2207130247956	0	71.7	5140.89	2	1	0.00201824	0.00876369	0.00980902
PMBB2207498424975	0	52.4	2745.7599999999998	2	1	0.00246433	0.00464171	-0.0106348
PMBB2207532367381	0	34.0	1156.0	2	1	-0.00297733	0.00896794	-0.0103947
PMBB2207742631509	0	46.3	2143.6899999999996	2	3	0.000862405	0.00510216	-0.000170835
PMBB2210708351039	0	31.4	985.9599999999999	2	1	0.0295351	-0.00105031	0.00389874
PMBB2211149169844	0	51.6	2662.56	1	1	-0.00594762	-0.0018527	-0.000299271
PMBB2213486819892	0	22.5	506.25	2	1	-0.00497709	0.00393449	-0.000756988
PMBB2213974791546	0	31.9	1017.6099999999999	1	1	0.00485426	0.0116639	-0.0150202
PMBB2214142816167	0	29.6	876.1600000000001	2	3	-0.000966679	0.00281652	-0.0019349
PMBB2214276841104	0	50.1	2510.01	1	1	0.00212397	0.0113379	-0.00816734
PMBB2214961834465	0	58.9	3469.21	2	3	0.00278688	-0.00991819	-0.0142547
PMBB2216074395985	0	59.7	3564.09	2	1	0.0201803	0.00271507	-0.00226355
PMBB2216210677996	0	41.9	1755.61	1	1	-0.00391112	0.00352859	-9.71433e-05
PMBB2218411410479	0	57.5	3306.25	2	1	-0.00401144	0.00171434	0.00608591
PMBB2218429533366	0	59.0	3481.0	1	3	-0.00310782	-0.00147605	0.00774111
PMBB2219365413084	1	89.4	7992.360000000001	1	1	0.00696519	0.00548839	-0.00222152
PMBB2219677513877	0	72.2	5212.84	2	1	-0.00222432	0.00451842	0.0101409
PMBB2220295848836	0	46.4	2152.96	2	1	-0.00218678	-0.00509238	0.0127807
PMBB2221005714375	0	20.2	408.03999999999996	2	1	-0.00757731	0.00351986	-0.00520917
PMBB2221719977864	0	62.1	3856.4100000000003	1	1	0.00796915	-0.00251933	-0.0015378
PMBB2222134205933	1	76.9	5913.610000000001	2	1	0.0131288	-0.00315564	-0.00835159
PMBB2223785850544	0	29.0	841.0	2	1	0.024978	-0.00843712	-0.00830697
PMBB2225219035612	0	32.5	1056.25	2	3	-0.00491404	0.00563532	4.7939e-05
PMBB2225257091419	0	63.4	4019.56	1	1	-0.00439652	-0.0173521	-0.00515126
PMBB2228431215726	0	51.2	2621.4400000000005	2	1	-0.00439604	0.00583437	0.00771991
PMBB2230241476604	0	40.3	1624.0899999999997	2	1	0.00167037	0.000780821	0.00477502
PMBB2230673363061	0	45.6	2079.36	1	1	-0.00411335	0.0013773	0.00856146
PMBB2230690925333	0	25.8	665.64	2	3	0.0107645	-0.0032906	0.00166988
PMBB2231245281467	0	40.2	1616.0400000000002	2	1	0.0219456	0.0018426	0.00655777
PMBB2232133126287	0	46.9	2199.6099999999997	2	1	-0.00269012	-0.00290732	0.00180595
PMBB2233207586163	0	24.4	595.3599999999999	2	1	0.00795003	0.00323252	0.0033823
PMBB2234406725249	0	65.5	4290.25	1	1	0.00234813	-0.00202123	-0.0219368
PMBB2235202634930	1	59.3	3516.49	2	1	-0.000514198	0.00898351	-0.00477621
PMBB2236210887323	0	63.2	3994.2400000000002	1	1	-0.00388997	-0.00550232	-0.000602202
PMBB2236951948639	0	52.5	2756.25	1	1	0.00681125	0.00823128	0.000698114
PMBB2238141222074	0	58.4	3410.56	1	1	-0.00342539	0.00367359	-0.000860002
PMBB2240403555307	0	47.2	2227.84	2	3	-0.00226557	-0.00137027	0.002796
PMBB2241581851094	0	20.5	420.25	2	3	-0.0044804	0.00994592	-0.00679803
PMBB2242363215141	0	76.6	5867.5599999999995	2	1	0.00470183	-0.0103028	-0.00992661
PMBB2242463144404	0	71.7	5140.89	2	1	-0.00517149	0.00733798	0.00945892
PMBB2245422682725	0	22.9	524.41	2	1	-0.00525238	0.0101852	-0.00393838
PMBB2248173109329	0	46.0	2116.0	2	1	-0.0046632	0.00636721	-0.00700635
PMBB2248956924481	0	38.6	1489.96	2	3	-0.000157888	-0.00564791	0.00359123
PMBB2249802296398	0	24.3	590.49	2	3	0.0008236	0.000841457	0.00742306
PMBB2249829289442	0	42.0	1764.0	2	1	-0.00493327	0.000878139	0.020554
PMBB2250087813173	0	31.7	1004.89	2	3	-0.00141988	-0.00389782	-0.00154989
PMBB2250548242287	0	66.6	4435.5599999999995	2	3	-0.00616091	-0.020259	0.00465959
PMBB2250986041282	0	73.8	5446.44	1	3	0.00232915	-0.00442011	-0.0103006
PMBB2251869470052	0	50.6	2560.36	1	1	0.00261085	-0.00798632	-0.00236859
PMBB2254222579962	0	34.0	1156.0	1	3	-0.000146201	0.00106947	-0.00675134
PMBB2254266503131	0	47.8	2284.8399999999997	1	1	0.0237648	0.00275356	0.00243724
PMBB2255875974282	0	29.8	888.0400000000001	2	3	0.00114319	-0.00388378	-0.00212903
PMBB2256206423206	0	38.3	1466.8899999999999	2	1	0.00916761	-0.0134436	0.00900994
PMBB2257197330297	0	24.2	585.64	2	1	-0.00683626	-0.00570535	-0.0103032
PMBB2257420926577	0	74.7	5580.09	2	1	-0.0052027	-0.00829419	-0.00142102
PMBB2258515455794	0	38.3	1466.8899999999999	2	3	0.0089992	0.00370449	-0.00155132
PMBB2260383402588	0	41.3	1705.6899999999998	2	1	-0.00424286	-0.0154373	-0.00574656
PMBB2261671384116	0	27.2	739.8399999999999	1	2	-0.00166858	0.00834447	-0.00596363
PMBB2261765396588	0	27.4	750.7599999999999	2	1	-0.00236172	0.00327404	0.0190047
PMBB2262698600054	0	55.3	3058.0899999999997	2	1	-0.00576751	0.00463976	-0.00613147
PMBB2264722777291	0	40.3	1624.0899999999997	2	1	-0.00616552	0.000737764	0.00174654
PMBB2265989328988	0	74.8	5595.04	2	1	-0.00968303	-0.000633089	0.00343747
PMBB2266999309953	0	49.0	2401.0	2	1	-0.000231041	-0.00684097	-0.00313451
PMBB2267148413003	0	59.1	3492.81	2	1	-0.00179072	0.00773184	-0.00637893
PMBB2270579335813	0	49.8	2480.0399999999995	1	3	0.0210244	0.004725	0.0127948
PMBB2272513028259	1	57.7	3329.2900000000004	1	1	-0.00647184	-0.0155507	0.0128757
PMBB2273092597224	1	83.2	6922.240000000001	2	1	0.000286921	-0.00630226	0.00298716
PMBB2273302725651	0	40.5	1640.25	2	1	0.000767594	0.00872534	0.000740802
PMBB2274332982893	0	63.6	4044.96	2	2	0.00658873	-0.000413863	0.00720533
PMBB2274456402496	0	81.5	6642.25	2	1	-0.0085833	0.00300389	-0.00475607
PMBB2274475094869	0	27.9	778.41	2	1	-0.00172761	0.00161426	0.00112441
PMBB2275049999526	0	39.3	1544.4899999999998	1	1	-0.000456538	-0.00275824	-0.000371182
PMBB2275651270157	0	29.3	858.49	2	1	-0.00470162	-0.00145789	0.0051924
PMBB2275725874200	0	29.9	894.0099999999999	2	3	-0.00539938	-0.00721321	-0.000529147
PMBB2279295805548	0	42.4	1797.76	1	1	0.00385421	0.0142763	-0.0216416
PMBB2279328845759	0	50.3	2530.0899999999997	2	1	0.0274022	-0.00488481	0.00748922
PMBB2279696857853	0	67.3	4529.29	1	1	-0.010125	-0.000337179	0.00363202
PMBB2281170880945	0	36.8	1354.2399999999998	1	1	0.0268228	-0.0068196	0.0131693
PMBB2282476321120	0	53.7	2883.6900000000005	2	1	0.00277861	0.00896425	-0.00306187
PMBB2282506597252	0	65.9	4342.81	2	1	0.0192569	0.00707452	0.00411398
PMBB2284985320900	0	60.3	3636.0899999999997	1	1	0.0118507	-0.00193074	-0.00270947
PMBB2285106439916	0	76.3	5821.69	2	1	0.0158438	0.00358858	0.00766526
PMBB2286356994604	0	54.3	2948.49	2	1	-0.00229328	-0.0125864	0.00450865
PMBB2286996559311	0	46.0	2116.0	1	1	-0.0034391	-0.0174785	-0.000338422
PMBB2287973851477	0	55.1	3036.01	1	1	0.0119925	-0.00877753	0.0095708
PMBB2291450538604	0	41.0	1681.0	2	3	-0.00116554	0.0020243	2.72001e-05
PMBB2292085169772	0	23.2	538.24	2	1	-0.012784	0.00121032	0.000785853
PMBB2292417147188	0	53.4	2851.56	2	1	-0.0067593	0.00092082	0.00120263
PMBB2292928087075	0	35.1	1232.01	2	1	-0.00539923	0.0016657	0.00384962
PMBB2294051993253	0	41.8	1747.2399999999998	2	2	-0.0016003	0.00287436	-0.00250121
PMBB2294539151513	0	49.4	2440.3599999999997	2	1	0.00122006	-0.015197	0.00293455
PMBB2295714304418	0	87.6	7673.759999999999	2	1	0.00358183	-0.0102395	-0.00672322
PMBB2296318952005	0	22.9	524.41	2	3	-0.00254351	0.00595322	0.00741744
PMBB2297995195371	0	64.3	4134.49	2	1	-0.00720868	0.00194739	0.00106493
PMBB2299930580770	0	70.6	4984.359999999999	2	1	0.000533451	-0.0149687	-0.0207136
PMBB2300238553330	0	67.8	4596.839999999999	2	3	0.0102388	-0.00709479	-0.0115807
PMBB2300719127825	0	45.6	2079.36	2	1	0.000798895	0.00761783	-0.000143302
PMBB2301186201484	0	21.8	475.24	2	3	-0.00397422	0.00881737	0.000497763
PMBB2304883204053	0	22.9	524.41	2	1	0.018484	0.00173337	-0.000695523
PMBB2305992727346	0	64.3	4134.49	1	3	-0.00142407	0.00403818	-0.00088103
PMBB2306632976287	0	51.7	2672.8900000000003	1	1	-0.00159195	0.0120837	-0.00140294
PMBB2307189974229	0	55.4	3069.16	2	2	-0.00099175	0.00682286	0.00103467
PMBB2307195486521	0	75.0	5625.0	1	1	-0.00797483	0.00470741	-0.00263341
PMBB2307715761340	0	57.7	3329.2900000000004	1	1	0.00747214	0.00980058	0.00811644
PMBB2308389597700	0	23.9	571.2099999999999	1	3	-0.00643263	-0.00745101	0.000957758
PMBB2308464270952	0	29.4	864.3599999999999	2	1	0.0159726	-0.0198035	0.0053562
PMBB2310889834111	0	54.1	2926.81	1	1	-0.00174449	0.00243857	0.00501772
PMBB2311343258415	0	62.5	3906.25	2	1	-0.00959566	0.00215783	0.000344865
PMBB2312456188136	0	27.1	734.4100000000001	2	1	0.0051888	0.00431761	0.00632369
PMBB2312464824406	0	32.7	1069.2900000000002	1	1	-0.00475056	-0.00747435	-0.0134611
PMBB2312548898328	0	55.7	3102.4900000000002	2	1	-0.00178028	-0.00616416	-5.66751e-05
PMBB2312614167318	0	18.9	357.2099999999999	2	1	0.00979607	-0.0110447	-0.00636713
PMBB2313180229165	0	54.0	2916.0	2	1	0.00113272	-0.00792565	0.00627087
PMBB2313749615111	0	24.6	605.1600000000001	2	3	0.00601084	-0.0121963	-0.0071508
PMBB2313790612222	0	48.7	2371.69	2	1	-8.00663e-05	0.0132005	0.0127301
PMBB2314278623470	0	27.9	778.41	2	1	0.000323324	0.00112365	-0.0135504
PMBB2314797320417	0	38.1	1451.6100000000001	2	3	-0.00844255	-0.000912221	0.000387556
PMBB2314974308125	0	69.6	4844.159999999999	2	1	-0.00559391	0.00739835	-0.0106372
PMBB2316373655185	0	41.1	1689.21	1	3	-0.00141139	-0.0136615	0.00129694
PMBB2317032409788	0	73.3	5372.889999999999	1	1	0.00515743	-0.0203938	-0.0106618
PMBB2317894378828	0	47.1	2218.4100000000003	2	1	-0.00526449	0.00831026	0.00921487
PMBB2317962231076	0	37.2	1383.8400000000001	2	3	0.0103862	-0.00686326	-0.00799468
PMBB2318118352258	0	75.9	5760.810000000001	2	1	0.00265814	0.0104663	-0.00567492
PMBB2318261768398	0	50.0	2500.0	2	1	-0.00698539	0.00101803	0.00335255
PMBB2318552655199	0	28.0	784.0	2	1	-0.00388024	0.0106047	0.00276092
PMBB2319272492689	0	64.5	4160.25	1	1	-0.00430544	0.00377195	0.00207752
PMBB2320092068269	0	56.0	3136.0	2	3	0.0036908	0.00500391	0.00707692
PMBB2320958581985	0	22.3	497.29	2	1	-0.00755731	-0.00170487	0.00027827
PMBB2321221413235	0	61.4	3769.96	1	1	-0.00385056	-0.00352677	-0.00463603
PMBB2322052748504	0	42.3	1789.2899999999997	1	3	0.012684	0.0110987	0.000277765
PMBB2322631403627	0	50.1	2510.01	1	1	-0.00246678	-0.00331261	-0.00873575
PMBB2325447407945	0	68.6	4705.959999999999	1	3	-0.0128856	-0.00139382	0.00119323
PMBB2326268031823	0	68.8	4733.44	1	2	-0.0088851	0.00167621	-0.000730454
PMBB2328258132926	0	37.5	1406.25	2	3	0.0010543	-0.00149953	0.00348562
PMBB2328593905467	0	65.1	4238.009999999999	1	3	0.000936352	0.000777126	-0.000421397
PMBB2329562706819	0	61.7	3806.8900000000003	1	1	-0.000699036	0.00543245	0.000845578
PMBB2329929035623	0	53.5	2862.25	1	1	-0.00210622	0.0080293	0.00638038
PMBB2330413430180	0	56.7	3214.8900000000003	2	3	0.0100284	-0.0031578	-0.00599152
PMBB2330422834856	0	58.5	3422.25	2	2	0.0260165	0.00511465	0.0107256
PMBB2331079309400	0	62.2	3868.84	1	1	-0.0075224	0.00342554	0.00257395
PMBB2331420030877	0	32.7	1069.2900000000002	2	3	-0.00337754	0.00451	-0.0135956
PMBB2331578761679	0	39.7	1576.0900000000001	2	1	-0.00147683	0.0063913	0.0124802
PMBB2331692488266	0	21.1	445.21000000000004	1	1	-0.00501572	-0.00200623	-0.00376265
PMBB2331698241725	0	50.6	2560.36	1	1	0.00110181	0.00203455	-0.000730564
PMBB2332289493786	0	64.3	4134.49	1	1	-0.00631422	-0.00211335	-0.000399443
PMBB2333029601491	0	58.5	3422.25	1	2	-0.000692762	0.0065384	-0.0012782
PMBB2334330370065	0	28.7	823.6899999999999	1	3	-0.00449946	0.00325635	0.00181502
PMBB2335429651391	0	25.8	665.64	2	1	-0.00549962	0.00530555	-0.00159877
PMBB2337124719742	0	23.1	533.61	2	3	0.000407631	-0.0220813	0.00597334
PMBB2338956997254	0	24.9	620.0099999999999	2	1	-0.00459057	-0.00710857	0.0085591
PMBB2339136258192	0	42.6	1814.7600000000002	2	1	-0.00526819	0.000837859	0.000536994
PMBB2339335850040	0	81.2	6593.4400000000005	2	1	0.0159276	-0.000229162	-0.0132984
PMBB2339978080945	0	50.2	2520.0400000000004	2	1	-0.0075233	0.00393932	0.00683926
PMBB2341331068326	0	29.4	864.3599999999999	2	1	-0.00418299	0.00115376	0.0092111
PMBB2342830641478	0	38.9	1513.2099999999998	2	1	-0.00704637	0.00211522	-0.00153029
PMBB2343592507707	0	54.1	2926.81	2	3	-0.00658918	0.00452347	0.0192368
PMBB2344231371828	0	46.7	2180.8900000000003	1	1	0.00308851	0.000998692	0.00941608
PMBB2344767765156	0	55.3	3058.0899999999997	1	1	-0.00300827	-0.00201417	-0.00914317
PMBB2345270556726	0	33.1	1095.6100000000001	2	3	0.0222099	0.00917072	-0.00328264
PMBB2345410465320	0	69.8	4872.04	1	1	-0.000976481	0.000672861	-0.00141797
PMBB2347223538338	0	29.4	864.3599999999999	2	1	-0.00428769	0.00426112	-0.000811693
PMBB2349284896030	0	63.6	4044.96	1	3	0.0252727	0.00322073	0.0131494
PMBB2351108913436	0	44.3	1962.4899999999998	2	3	0.0025444	0.00649429	0.00166962
PMBB2351195290888	0	60.1	3612.01	1	1	0.00781138	-0.0081008	-0.00302582
PMBB2351633772989	0	65.3	4264.089999999999	2	1	0.00612609	-0.0171207	0.00900584
PMBB2352204099244	0	39.9	1592.01	2	1	-0.00324167	-0.0125032	-0.00105094
PMBB2352783449744	0	33.9	1149.2099999999998	2	3	-0.00223456	0.00400557	0.00483903
PMBB2353332999616	0	44.0	1936.0	1	3	0.00197012	0.00308592	-0.00329513
PMBB2354053157230	0	32.1	1030.41	1	3	-0.00160754	-0.00563826	-0.00974381
PMBB2354812173836	0	36.6	1339.5600000000002	2	3	-0.0023903	0.000477405	-0.00171744
PMBB2355318405701	0	20.9	436.80999999999995	1	1	-0.00378503	0.00531624	0.00196295
PMBB2356387853293	0	37.0	1369.0	2	1	0.000778971	-0.0117558	-0.00308988
PMBB2356885411195	0	71.5	5112.25	1	1	0.00649435	-0.0101889	0.012524
PMBB2357281395491	0	58.9	3469.21	1	1	-0.00715864	-0.0118902	-0.0032961
PMBB2357331418829	0	60.4	3648.16	2	3	2.72836e-05	-0.00675463	0.00369871
PMBB2358458641284	0	61.4	3769.96	1	1	-0.00764364	0.000378105	0.00272038
PMBB2358669773879	0	56.2	3158.4400000000005	1	1	-0.0056262	0.00175714	0.00175567
PMBB2360726905841	0	32.3	1043.2899999999997	2	1	-0.00378513	0.00158643	-0.00499621
PMBB2360769196513	0	58.8	3457.4399999999996	2	1	-0.00296181	0.00167474	0.00428216
PMBB2364576688504	0	55.9	3124.81	1	1	-0.00165023	0.0107277	0.012248
PMBB2364608674411	0	66.2	4382.4400000000005	1	1	0.00532996	-0.0105683	0.000509968
PMBB2365377331235	0	50.7	2570.4900000000002	1	1	0.0108849	0.0121326	0.0210463
PMBB2366191890268	0	43.6	1900.96	2	1	-0.00517901	0.00125916	-0.00479997
PMBB2366530350021	0	78.3	6130.889999999999	2	1	-0.00770864	-0.000536501	0.000283447
PMBB2367936390735	0	22.2	492.84	2	1	-0.000689925	0.0107122	-0.00538853
PMBB2369655208268	1	65.6	4303.36	2	1	-0.00364757	0.00821525	-0.0028407
PMBB2370959647903	0	30.8	948.6400000000001	2	1	-0.00492194	-0.0113051	0.0117557
PMBB2372847896543	0	30.0	900.0	2	1	-0.00336949	-0.0221283	0.00325046
PMBB2373014569456	0	53.5	2862.25	1	1	0.00324588	0.0114877	0.00376867
PMBB2375077740644	0	30.1	906.0100000000001	2	3	-0.00382689	-0.00226797	0.00157608
PMBB2375340078926	0	60.5	3660.25	1	3	-0.00656472	-0.00183805	0.00351009
PMBB2376827348230	0	47.1	2218.4100000000003	1	1	0.00397536	-0.0102466	-0.00734241
PMBB2377088031144	0	58.0	3364.0	1	1	0.00850003	-0.00497482	-0.00013556
PMBB2377302957445	0	50.9	2590.81	2	1	0.00223974	-0.0125667	-0.0190291
PMBB2377806790931	0	20.6	424.36000000000007	2	3	-0.00357395	0.00914073	-0.0155881
PMBB2377930882754	0	57.3	3283.2899999999995	2	1	-0.00924755	0.000897275	-0.000784375
PMBB2378180784933	0	55.4	3069.16	1	3	-0.0126053	-0.0014513	-0.00282706
PMBB2378471447286	0	69.0	4761.0	2	1	-0.00542958	-0.000837099	-0.00322288
PMBB2378932995370	0	30.2	912.04	2	1	0.00955398	-0.00810237	-0.0114068
PMBB2379849890048	0	33.3	1108.8899999999999	2	1	-0.0039655	0.00928962	0.00447774
PMBB2382472162745	0	60.5	3660.25	1	1	-0.000434992	0.000417859	0.00303044
PMBB2383233049862	1	83.6	6988.959999999999	1	1	-0.00363632	0.00777688	0.0173464
PMBB2383350696275	0	59.9	3588.0099999999998	1	1	0.00433948	-0.00255408	-0.00477172
PMBB2384505812841	0	78.9	6225.210000000001	1	1	-0.00258784	0.00681469	0.0018877
PMBB2386262639650	0	47.8	2284.8399999999997	2	1	-0.00344824	0.0104664	-0.0146014
PMBB2388675027372	0	29.7	882.0899999999999	2	1	-1.57355e-05	0.00252347	0.00324292
PMBB2388750122221	0	62.1	3856.4100000000003	1	1	0.00895043	-0.00422052	0.0116408
PMBB2389987305078	0	25.3	640.09	2	1	-0.00357067	0.00260412	-0.00217407
PMBB2390306982681	0	70.9	5026.81	1	1	0.0014828	-0.0126332	0.00820131
PMBB2391382211862	0	34.5	1190.25	2	1	-0.00927418	-0.00855695	0.00174376
PMBB2391595979271	0	60.2	3624.0400000000004	1	3	0.0258137	-0.00577424	-0.00921364
PMBB2392744476287	1	81.3	6609.69	1	1	0.00473951	0.00215141	-0.00576424
PMBB2392799175796	0	61.7	3806.8900000000003	1	1	-0.00324839	-0.0152258	-0.00126935
PMBB2395046785902	0	55.8	3113.64	2	1	-0.00239557	-0.00294427	-0.0151732
PMBB2396932751828	0	34.6	1197.16	2	1	-0.00420065	-0.014859	-0.00101415
PMBB2397237761540	0	42.2	1780.8400000000001	1	3	-0.00605846	0.00117618	-0.0158832
PMBB2397984085200	0	52.5	2756.25	2	1	-7.72363e-05	-0.0197101	-0.0126012
PMBB2398507877239	0	30.5	930.25	2	1	-0.000556822	-0.000396716	-0.00873811
PMBB2398889441281	0	71.9	5169.610000000001	1	2	-0.00540134	0.00429388	-0.00977322
PMBB2399473071242	1	47.4	2246.7599999999998	1	1	-0.00580446	0.00671155	-0.000660949
PMBB2400141004851	0	46.9	2199.6099999999997	1	1	0.00423559	0.00484192	-0.00144262
PMBB2400879186312	0	61.9	3831.6099999999997	1	2	-0.00702883	0.00410101	0.0139667
PMBB2401603633217	1	51.7	2672.8900000000003	2	1	-0.00518996	-0.00336351	0.00178319
PMBB2401705654114	0	52.6	2766.76	2	1	-0.00478106	0.00651524	0.00633272
PMBB2402116709621	0	22.0	484.0	2	2	0.018119	-0.00319961	0.00144327
PMBB2402227722304	0	66.9	4475.610000000001	2	2	-0.0015504	0.00529712	-0.00470079
PMBB2402976776491	0	42.5	1806.25	2	3	0.0214306	-0.00698947	0.00663142
PMBB2403817459407	0	20.1	404.01000000000005	2	1	-0.00295055	0.000841698	-0.000528001
PMBB2404433762354	0	43.8	1918.4399999999998	2	3	0.00644889	0.00188693	-0.00447825
PMBB2404452673308	0	76.3	5821.69	2	1	0.000173383	0.0108333	0.0114518
PMBB2404825144677	0	45.5	2070.25	2	1	-0.000141488	-0.0103724	-0.0067678
PMBB2406212181083	0	55.2	3047.0400000000004	1	1	8.94579e-05	0.00138813	0.0117568
PMBB2406435812859	0	32.5	1056.25	2	3	-0.00451962	-0.0115837	-0.014276
PMBB2409248884880	0	50.0	2500.0	1	1	-0.00536524	0.00172868	-0.0123909
PMBB2410357943228	0	47.7	2275.2900000000004	1	1	-0.00465747	0.00673231	-0.00118063
PMBB2410792304183	0	52.8	2787.8399999999997	2	1	5.84663e-05	0.0101855	0.0195834
PMBB2413035945444	0	48.5	2352.25	2	1	0.0279252	0.000103793	0.00582182
PMBB2413983362449	0	59.3	3516.49	2	1	-0.0089339	0.00325803	-0.00278922
PMBB2415128173710	0	45.6	2079.36	2	1	-0.0097381	-0.0225581	-0.00204131
PMBB2415886402170	0	32.9	1082.4099999999999	1	3	-0.00349326	0.00662032	-0.000731816
PMBB2416268637875	0	45.6	2079.36	2	2	0.0121639	-0.00292086	-0.00905287
PMBB2417055254119	0	37.4	1398.76	2	1	0.0241647	0.00582514	-0.00156045
PMBB2417293670377	0	60.5	3660.25	2	3	-0.0119834	0.00126375	-0.000845686
PMBB2419060764291	0	59.7	3564.09	2	1	0.00491726	-0.0080861	-0.0182559
PMBB2419114990181	0	45.7	2088.4900000000002	2	1	-0.00416949	-0.00792275	0.00336029
PMBB2419304546258	0	64.9	4212.010000000001	1	1	-0.000530963	0.00929622	0.0117827
PMBB2419824846084	0	57.1	3260.4100000000003	2	1	-0.00454143	0.00610329	-0.00835244
PMBB2420367989222	0	70.6	4984.359999999999	2	1	0.00137923	-0.00137561	-0.0146128
PMBB2420557834450	0	52.3	2735.2899999999995	1	1	0.00566588	0.0163107	0.0113031
PMBB2420885196357	0	60.3	3636.0899999999997	2	1	-0.00457668	0.000895402	-0.0146425
PMBB2420990532936	0	48.3	2332.89	2	1	-0.00936179	0.000400345	-0.00213718
PMBB2421181948619	0	57.1	3260.4100000000003	1	1	-0.00624723	-0.00285922	0.00453556
PMBB2423851072271	0	68.1	4637.61	2	1	0.00442929	0.00981259	0.00766408
PMBB2424343450514	0	64.0	4096.0	1	1	-0.00114945	-0.001248	0.0128764
PMBB2425727900200	0	53.9	2905.21	1	3	-0.00155413	0.0090241	-0.00431787
PMBB2426777510994	0	40.1	1608.0100000000002	2	1	-0.0129707	0.0014182	0.000813656
PMBB2428265091044	1	52.1	2714.4100000000003	2	1	0.000776225	0.00206836	-0.00140131
PMBB2428890180200	0	53.9	2905.21	1	1	-0.000100196	-0.00126	0.0199807
PMBB2429483022366	1	63.1	3981.61	2	1	-0.0107676	-0.000878401	-0.000540155
PMBB2429730968714	0	35.6	1267.3600000000001	2	1	-0.00137332	0.00448272	0.00875665
PMBB2430110735084	0	21.2	449.44	2	3	0.00491022	-0.0109789	-0.00763631
PMBB2430190450970	1	63.0	3969.0	1	1	-0.00473459	-0.00593823	-0.0175612
PMBB2432721001965	0	40.2	1616.0400000000002	2	1	-0.00522404	0.00678565	-0.00711478
PMBB2432828125439	0	24.0	576.0	2	1	0.000861082	-0.00428878	0.00477697
PMBB2433675951558	0	73.2	5358.240000000001	1	1	0.00215334	-0.0162555	-0.00775387
PMBB2434521930794	0	27.0	729.0	2	3	-0.00151731	0.00147193	0.000856381
PMBB2434745713613	0	51.5	2652.25	2	1	-0.00654377	0.0025771	-0.0104398
PMBB2436274120369	0	39.4	1552.36	1	1	-0.00248947	0.00841697	0.000353655
PMBB2436859318493	0	49.0	2401.0	1	1	-0.00595091	-0.000473303	0.00295745
PMBB2437985809442	1	53.6	2872.96	2	1	0.000448771	-0.00401203	0.00269424
PMBB2438364296659	0	42.7	1823.2900000000002	1	1	0.000430655	-0.0181844	-0.0115934
PMBB2440245914964	0	32.4	1049.76	2	1	-0.0110403	0.00242449	-0.00204936
PMBB2440562550798	0	23.8	566.44	2	3	0.0048342	-0.00717966	0.00641735
PMBB2440672177443	0	63.3	4006.8899999999994	2	1	-0.00440621	0.00983882	-0.00777673
PMBB2441020287905	0	61.9	3831.6099999999997	1	1	-0.00734939	0.00279606	0.00437321
PMBB2441264912064	0	60.3	3636.0899999999997	1	1	0.00924357	-0.00370723	-0.00819457
PMBB2441341009145	0	63.2	3994.2400000000002	1	1	0.0205994	0.00305567	-0.000525708
PMBB2441461145981	0	35.7	1274.4900000000002	1	1	0.00280122	0.00230025	0.00491841
PMBB2442469512822	0	35.2	1239.0400000000002	2	1	-0.0046701	0.00292467	0.00853125
PMBB2442879211689	0	48.4	2342.56	2	1	0.00218582	0.0024791	-0.00145759
PMBB2444436621185	0	42.1	1772.41	2	1	-0.00496777	0.00353231	0.00493119
PMBB2444765959259	0	43.6	1900.96	1	1	-0.00353945	-0.00269515	0.00334428
PMBB2444801019445	0	56.4	3180.96	1	1	-0.00674474	0.0023295	-0.00716115
PMBB2445424363708	0	83.7	7005.6900000000005	2	1	0.0240741	0.0195652	0.00862636
PMBB2447384223352	1	71.8	5155.24	2	1	-0.00174227	0.00203602	-0.00287333
PMBB2448747739021	0	44.9	2016.0099999999998	2	1	-0.00378515	0.00703781	0.0108488
PMBB2449810073025	0	59.2	3504.6400000000003	1	1	0.00040254	-0.00914599	0.0164165
PMBB2449961983709	0	39.0	1521.0	1	1	0.00172907	0.00148479	-0.00844111
PMBB2450320434207	0	27.8	772.84	2	1	-0.00727178	-0.0117429	0.00211056
PMBB2450644851240	0	64.9	4212.010000000001	2	1	-0.00318597	0.00162442	0.00237531
PMBB2451363058166	0	46.1	2125.21	1	1	-0.00619573	0.00658333	-0.00209325
PMBB2451626072789	0	34.3	1176.4899999999998	2	2	-0.00325032	0.0033978	0.00629114
PMBB2452185438491	0	42.1	1772.41	1	1	0.00435441	-0.0106794	-0.00713427
PMBB2452560419415	0	61.2	3745.4400000000005	1	1	-0.00958431	0.00216446	-4.27163e-05
PMBB2453851712671	0	24.7	610.0899999999999	1	3	-0.00336919	0.00538041	-0.00296293
PMBB2454933779980	0	24.4	595.3599999999999	2	1	-0.00390002	0.00269789	-0.00409329
PMBB2455255717100	0	24.5	600.25	2	1	-0.00116575	0.00441071	-0.000296792
PMBB2455260926041	0	46.8	2190.24	2	1	0.0021067	-0.00768594	0.0130603
PMBB2455474183872	1	41.5	1722.25	2	1	0.000854426	-0.0029414	0.00561694
PMBB2455771938466	0	43.8	1918.4399999999998	2	3	0.0227231	0.00453332	-0.00438753
PMBB2456343988729	0	66.8	4462.24	2	3	-0.00488438	0.00550885	-0.00825728
PMBB2457349894678	0	50.3	2530.0899999999997	2	1	0.000600336	-0.00313732	-0.0148807
PMBB2459050823118	0	20.2	408.03999999999996	2	1	-0.00545668	-0.00906586	0.000834806
PMBB2459769150931	0	77.6	6021.759999999999	1	1	0.00543954	0.00260378	0.00108802
PMBB2460794647652	0	51.4	2641.96	2	3	-0.00261978	-0.0215709	0.00124252
PMBB2461072492012	0	29.1	846.8100000000001	2	1	0.00165329	0.0063848	0.00937783
PMBB2461408617913	0	60.0	3600.0	2	1	0.00256615	-8.99519e-05	0.00272369
PMBB2462552765601	0	43.2	1866.2400000000002	2	2	-0.000600257	0.00388876	0.0014328
PMBB2462665350714	0	33.8	1142.4399999999998	2	3	-0.00751038	-0.00225741	0.00754126
PMBB2464295805219	1	44.5	1980.25	1	1	-0.00255744	0.0115436	0.00359203
PMBB2464299932754	0	24.2	585.64	1	1	-0.00688138	0.0037043	0.00535175
PMBB2465530434167	0	69.0	4761.0	2	1	0.0128804	0.00150439	0.00468892
PMBB2466235713333	0	46.0	2116.0	2	1	-0.00516447	0.00186478	-0.00307928
PMBB2466688733508	0	55.5	3080.25	2	1	-0.000130087	0.0140206	-0.00657034
PMBB2468909758975	0	33.3	1108.8899999999999	2	2	-0.00574644	-0.00926067	0.00696286
PMBB2470334373629	0	53.6	2872.96	1	1	0.0082296	0.0125743	-0.0130741
PMBB2471767327152	0	80.1	6416.009999999999	1	1	-0.00869972	0.00165459	0.00981453
PMBB2471867935855	0	79.2	6272.64	1	1	0.00240089	0.00434756	-0.00296415
PMBB2473635444637	0	71.5	5112.25	2	3	-0.00488769	-0.00524282	-0.00898023
PMBB2474068535606	0	57.2	3271.84	2	3	0.00221587	-0.000136729	-0.000147201
PMBB2475098274432	0	23.6	556.96	2	1	0.0185503	0.00222329	-0.00144163
PMBB2477460256806	0	36.4	1324.9599999999998	1	1	-0.00179888	-0.000966824	-0.00497027
PMBB2477758721372	0	65.2	4251.04	1	1	-0.00353821	-0.0118262	0.0103079
PMBB2478471090777	0	54.7	2992.09	2	1	0.00306759	0.00265837	0.0245937
PMBB2479352843163	0	55.1	3036.01	2	1	-0.0055155	0.00462155	-0.00144664
PMBB2480182254512	0	63.6	4044.96	2	1	-0.00211089	0.00864423	-0.00199414
PMBB2480345550585	0	39.2	1536.6400000000003	2	1	-0.0124708	6.39624e-05	0.00236235
PMBB2481344334203	0	26.2	686.4399999999999	2	1	-0.000614465	0.00371844	-0.00482772
PMBB2481726251851	0	86.1	7413.209999999999	2	1	0.00831972	-0.00399023	-0.0120852
PMBB2482917380482	0	71.7	5140.89	2	1	0.00453927	-0.00242008	-0.00998693
PMBB2483345984245	0	36.0	1296.0	2	3	0.0112153	-0.0171039	-0.0150708
PMBB2484649200968	0	70.6	4984.359999999999	1	1	0.0100761	-0.00591428	0.00714614
PMBB2485293232581	1	76.9	5913.610000000001	2	1	0.0125942	-0.00893868	0.00492727
PMBB2485441413458	0	39.1	1528.8100000000002	1	1	0.000123509	-0.00962146	0.00493518
PMBB2486688804316	0	37.5	1406.25	2	3	0.000875949	-0.0130894	0.00126012
PMBB2486971538259	0	49.7	2470.09	1	1	-0.00188149	0.00909965	-0.0139622
PMBB2488807592723	0	37.2	1383.8400000000001	2	1	-0.0039739	-0.00544173	-0.000401572
PMBB2488995611919	0	45.5	2070.25	2	1	0.00432629	-0.00521184	-0.00136874
PMBB2492067454621	0	29.0	841.0	2	3	-0.000564394	0.0120556	-0.000911624
PMBB2492119679861	0	32.4	1049.76	2	1	-0.00557105	0.00862873	-0.0103649
PMBB2492230163055	0	57.7	3329.2900000000004	2	1	-0.00294756	0.00585342	-0.0127334
PMBB2495846646968	0	37.4	1398.76	2	3	-0.00213395	0.00879557	-0.00992357
PMBB2498659455062	1	81.2	6593.4400000000005	1	1	-0.00487312	0.00820986	-0.00276163
PMBB2498739493987	0	49.4	2440.3599999999997	2	1	-0.00206493	0.0138309	-0.0189798
PMBB2500286029597	0	60.4	3648.16	1	3	-0.00272075	0.00503014	-0.00343601
PMBB2501008843491	0	62.8	3943.8399999999997	2	1	0.00137057	0.00759026	-0.00345587
PMBB2501305341604	0	36.8	1354.2399999999998	2	1	0.00375594	0.00329084	0.00484611
PMBB2504011040041	0	49.0	2401.0	2	1	0.0100923	0.00324906	-0.0201955
PMBB2504581178206	0	37.8	1428.8399999999997	2	2	-0.000371842	-0.0161328	-0.00472395
PMBB2505935789909	0	22.7	515.29	2	3	0.00883068	-0.0034301	-0.0070579
PMBB2506644945976	0	69.3	4802.49	2	1	-0.00130901	0.00641685	0.0049403
PMBB2507414701491	0	43.8	1918.4399999999998	1	1	0.00342186	0.00546036	0.00220109
PMBB2507670591384	0	43.1	1857.6100000000001	1	3	0.0191218	0.00337307	0.0034813
PMBB2507687670347	0	46.3	2143.6899999999996	2	1	-0.0035614	-0.0117839	-0.000899338
PMBB2508928655434	0	32.1	1030.41	2	1	0.00436052	-0.0169989	0.0156157
PMBB2508953934804	0	63.0	3969.0	1	1	-0.00147372	0.00725271	0.00303789
PMBB2509017635847	0	55.1	3036.01	1	1	-0.00160109	-0.00960803	-0.00272148
PMBB2509480829338	0	69.7	4858.09	1	1	-0.0133833	-3.40561e-05	-0.000743591
PMBB2509842018556	0	50.5	2550.25	2	1	0.00110492	0.00564582	0.00233037
PMBB2510334510231	0	63.8	4070.4399999999996	2	3	0.0304866	0.00141388	0.00806733
PMBB2512936210059	0	69.2	4788.64	2	3	0.00722537	0.00781257	0.0172545
PMBB2514293215706	0	37.4	1398.76	1	3	-0.00658681	0.00900111	-0.0067536
PMBB2515232889635	0	55.3	3058.0899999999997	2	1	-0.0063721	0.00391468	0.009053
PMBB2515962534118	0	40.2	1616.0400000000002	2	1	0.000344645	-0.00860483	-0.00355702
PMBB2517101956166	0	69.8	4872.04	1	1	0.0228622	-0.00594567	-0.000115128
PMBB2517151020550	0	69.2	4788.64	2	1	-0.000541504	-0.0212186	-0.0157401
PMBB2517718714748	0	56.1	3147.21	1	1	-0.00562548	0.00497931	0.0087234
PMBB2518680486071	0	60.7	3684.4900000000002	1	2	0.00074062	-0.0189198	-0.00770526
PMBB2518718620978	0	55.6	3091.36	1	3	-0.00826287	-0.00028496	-0.00457024
PMBB2518973356910	0	34.7	1204.0900000000001	2	1	0.0226731	0.00894638	-0.000447727
PMBB2519362082431	1	30.5	930.25	1	1	0.02813	-0.0117423	0.00183979
PMBB2520267038585	0	41.6	1730.5600000000002	2	3	-0.00170319	-0.00243275	0.00351883
PMBB2520517609733	0	64.0	4096.0	1	1	0.003876	0.0172638	0.0230333
PMBB2520762694136	0	33.0	1089.0	2	1	-0.00448081	-0.0195826	-0.00932105
PMBB2523716014549	0	59.5	3540.25	2	1	-0.00232957	-0.0181022	-0.00197977
PMBB2524895494441	0	33.7	1135.6900000000003	2	1	-1.69594e-06	-0.00731485	-0.00322995
PMBB2524953514505	0	22.9	524.41	2	1	-0.00514986	0.00800702	0.0204507
PMBB2525371508969	0	54.3	2948.49	2	2	0.000544017	-0.0187557	0.00319085
PMBB2525777036002	0	54.6	2981.1600000000003	2	1	-0.00312664	-0.00772879	0.0107543
PMBB2527248515992	0	88.3	7796.889999999999	2	1	-0.00194297	-0.00734405	-7.98495e-05
PMBB2527649600670	0	65.5	4290.25	1	1	0.007415	0.00901304	-0.0155434
PMBB2531036074154	0	54.3	2948.49	2	1	-0.00882893	0.000539204	0.000868592
PMBB2531844339374	0	48.1	2313.61	2	1	-0.00646265	0.00558177	-0.00639127
PMBB2532351317238	0	38.7	1497.6900000000003	1	1	0.00240303	0.00491186	0.00599571
PMBB2534365767684	0	36.5	1332.25	2	2	-0.012672	-0.000442286	0.00133647
PMBB2534693971204	0	24.5	600.25	2	1	0.00253334	-0.0156681	-0.0221795
PMBB2535016403153	0	69.7	4858.09	1	1	-0.00272084	-0.00920632	-0.00801723
PMBB2535286298882	0	36.0	1296.0	2	1	-0.00129331	0.00495658	-0.00962752
PMBB2536584129377	0	71.2	5069.4400000000005	2	2	-0.00297948	-0.00873934	0.00369129
PMBB2536761361815	0	60.2	3624.0400000000004	2	1	-0.00433095	0.00596502	0.0090765
PMBB2538102447188	0	42.2	1780.8400000000001	2	1	-0.000403494	0.00673025	0.011427
PMBB2538163112629	0	67.6	4569.759999999999	1	2	-0.00553994	0.0023197	0.00646969
PMBB2539491105657	0	68.9	4747.210000000001	2	1	0.00402903	0.00353313	-0.0181391
PMBB2543449590805	0	42.4	1797.76	2	3	-0.0127177	0.000824247	-0.00112205
PMBB2545546495617	0	75.1	5640.009999999999	1	3	0.0230833	-0.00575511	0.00149908
PMBB2545868509739	0	35.6	1267.3600000000001	2	3	-0.00457534	-0.00642494	0.00406752
PMBB2547102880373	0	41.9	1755.61	1	1	-0.00190683	-0.0034622	-0.00496965
PMBB2548459706781	0	27.8	772.84	2	1	0.0254487	-0.00544435	-0.0134568
PMBB2548682682193	0	27.7	767.29	2	3	-0.0038599	-0.00728277	-0.00169306
PMBB2549452641489	0	52.9	2798.41	1	2	-0.000475534	-0.000938829	0.000259451
PMBB2549804984609	0	23.9	571.2099999999999	2	3	-0.00523506	-0.00498404	0.00040042
PMBB2549932823424	0	69.5	4830.25	1	1	-0.00692373	0.00434752	0.00405852
PMBB2549936288690	0	78.8	6209.44	2	1	0.0107813	0.00802747	0.0087891
PMBB2555823014258	0	23.7	561.6899999999999	2	3	-0.00804207	0.00164539	-0.012167
PMBB2555877882086	0	70.6	4984.359999999999	2	1	-0.0103705	0.00365007	-0.000884694
PMBB2557078415438	0	59.9	3588.0099999999998	1	1	-0.00308175	-0.00155877	0.00273281
PMBB2557715708788	0	75.5	5700.25	2	1	-0.00214845	0.0123231	-0.00608784
PMBB2558571447818	0	28.5	812.25	2	1	-0.00262329	0.00521646	0.0127896
PMBB2560044597947	0	79.4	6304.360000000001	1	1	-0.00287525	-0.00488327	0.00142634
PMBB2561406143503	0	23.8	566.44	2	1	-0.00709497	-0.0111285	-0.00250899
PMBB2562240982463	0	32.6	1062.76	2	1	0.00539155	-0.00577924	-0.00465213
PMBB2563224709358	0	55.9	3124.81	1	1	0.00722301	0.0201769	-0.00478158
PMBB2563592818905	0	52.4	2745.7599999999998	1	1	-0.00488039	-0.00947004	-0.00145016
PMBB2564686029579	0	38.1	1451.6100000000001	2	1	-0.00473077	0.00983668	-0.00995329
PMBB2565146310602	0	52.3	2735.2899999999995	1	3	0.00175065	0.0104941	0.0118371
PMBB2565156035438	0	64.3	4134.49	1	1	0.00187888	0.000343176	0.0171792
PMBB2565222290649	0	46.8	2190.24	1	1	-0.000259127	0.013698	0.0148935
PMBB2566181185601	0	58.1	3375.61	2	1	-0.000324881	-0.00991024	0.00961396
PMBB2566383766727	0	58.8	3457.4399999999996	2	1	-0.00290256	-0.00445836	0.0140535
PMBB2569279785906	0	30.0	900.0	2	3	-0.00367982	0.00416149	-0.00686099
PMBB2571206227630	0	45.2	2043.0400000000002	2	1	0.0191399	0.00413046	0.00292109
PMBB2571594889712	1	67.7	4583.29	1	1	-0.00545853	0.0043968	0.00510295
PMBB2571700012262	0	55.7	3102.4900000000002	2	1	-0.00368515	0.0114726	-0.00557573
PMBB2572547151875	0	49.9	2490.0099999999998	2	1	0.00141735	-0.00423918	-0.0140991
PMBB2573795778289	0	66.0	4356.0	1	1	0.00810784	-0.00934125	-0.00646351
PMBB2574730886554	0	49.6	2460.1600000000003	1	1	0.0282473	0.00273234	-0.00331219
PMBB2575100453910	0	83.6	6988.959999999999	2	1	-0.00762133	0.00533549	0.00415025
PMBB2575614669589	0	61.6	3794.5600000000004	1	1	0.00253179	-0.0314402	-0.00236212
PMBB2575726644092	0	33.7	1135.6900000000003	2	3	-0.0117552	-0.00364051	-0.000888013
PMBB2577012411433	0	62.5	3906.25	2	1	-0.00688677	-0.00447524	-0.000112643
PMBB2577154165179	0	64.5	4160.25	2	1	0.00300926	-0.000763593	0.00936903
PMBB2578103484070	0	31.8	1011.24	2	1	0.00376831	-0.00304694	0.00475165
PMBB2578758483804	0	18.7	349.69	1	1	-0.00301883	0.00737787	-0.00638091
PMBB2578933521719	0	48.3	2332.89	2	2	-0.00674595	0.00547016	0.00144666
PMBB2579365939295	0	61.3	3757.6899999999996	2	1	-0.00809359	-0.00416975	-0.00149302
PMBB2581084108856	0	78.9	6225.210000000001	1	1	-0.00765407	0.00332663	-0.0126317
PMBB2581270041259	0	41.0	1681.0	2	3	-0.00283189	-0.00363864	-0.0134411
PMBB2582083198893	0	26.8	718.24	2	3	-0.00415219	-0.000682715	0.0125033
PMBB2582477392022	0	53.2	2830.2400000000002	1	1	-0.00954356	0.00346918	-0.0044655
PMBB2582678567854	0	59.4	3528.3599999999997	1	1	0.0169509	0.0168703	0.00421208
PMBB2582960598981	0	60.7	3684.4900000000002	1	1	-0.00498312	-0.00727754	0.00404883
PMBB2584780796744	0	77.0	5929.0	1	1	-0.00591473	-0.000629226	-0.000819726
PMBB2585776160063	0	33.4	1115.56	2	1	0.00836378	0.0170412	-0.000670101
PMBB2586645034076	0	58.0	3364.0	1	1	-0.00433966	0.00233689	-0.0058507
PMBB2587847471144	0	52.4	2745.7599999999998	2	1	-0.00410588	0.00125635	0.00613782
PMBB2588443916420	0	56.5	3192.25	2	1	-0.00106036	0.00653691	0.00450344
PMBB2588723414795	0	34.9	1218.01	2	1	0.00550294	0.0148574	-0.00888819
PMBB2588779610774	0	85.2	7259.040000000001	2	1	0.000266293	-0.00328714	0.00232952
PMBB2589153442241	0	60.1	3612.01	1	1	0.0182376	-0.00121047	0.0114086
PMBB2589698590718	0	42.5	1806.25	2	1	0.00044225	0.00353293	-0.00756711
PMBB2591445398095	0	45.6	2079.36	1	1	0.000560344	-0.0258288	-0.0034426
PMBB2591777615184	0	75.8	5745.639999999999	2	1	0.00391152	0.0139844	0.0123382
PMBB2591823875857	0	38.0	1444.0	2	1	0.000506926	-0.0146775	0.0065256
PMBB2591970705623	0	59.9	3588.0099999999998	2	3	-0.00133061	0.00334496	0.00557171
PMBB2592319855329	0	75.6	5715.359999999999	2	1	0.0131455	-0.000559268	-0.0106434
PMBB2592817326828	0	21.3	453.69000000000005	2	1	-0.00094858	0.000282879	-0.00510761
PMBB2593551073737	0	30.2	912.04	2	2	-0.00348948	-0.00927458	-0.000845861
PMBB2593914051532	0	68.8	4733.44	2	1	0.0048593	0.00318088	-0.0138726
PMBB2595242413847	0	71.4	5097.960000000001	2	1	0.00599852	-0.00988848	0.0179086
PMBB2597126341651	0	25.7	660.49	2	3	-0.00308719	0.00618787	-0.0223077
PMBB2598058958365	0	57.9	3352.41	2	1	-0.00150547	-0.000562022	-0.0171027
PMBB2598278518769	0	51.6	2662.56	2	1	-0.0114669	0.000736369	0.000945545
PMBB2598449457902	0	35.3	1246.0899999999997	2	3	0.0233251	0.00567749	-0.000527254
PMBB2598718200898	0	60.5	3660.25	2	1	-0.00985852	-0.00759086	-0.00389477
PMBB2598813771868	0	67.7	4583.29	1	2	0.0183129	0.00405841	-0.0128253
PMBB2600482089186	0	21.4	457.9599999999999	2	1	0.00537888	-0.00308419	-0.00954972
PMBB2600579811603	0	48.3	2332.89	1	3	-9.73809e-05	-0.0125612	-0.00547742
PMBB2601094754220	0	44.3	1962.4899999999998	2	1	0.00752031	0.000275464	0.0192992
PMBB2602998971923	0	30.6	936.3600000000001	1	1	-0.00143263	0.00837552	0.00169066
PMBB2603010682965	0	32.1	1030.41	2	1	-0.0128881	-0.000762894	0.000937092
PMBB2603045253954	0	19.9	396.00999999999993	2	1	-0.00375991	0.00690557	0.00340859
PMBB2604823489400	0	37.3	1391.2899999999997	2	1	0.0109561	0.0078597	-0.00269872
PMBB2606297849621	0	67.7	4583.29	2	1	-0.00248947	-0.00108448	0.0020923
PMBB2606866722361	0	46.3	2143.6899999999996	1	3	0.00318875	0.0171301	-0.00977975
PMBB2607243495299	0	46.0	2116.0	2	1	-0.00784274	-0.00746477	0.00213187
PMBB2607245318144	0	56.3	3169.6899999999996	2	1	-0.00573566	0.00620058	0.00125614
PMBB2608636101698	0	43.5	1892.25	2	1	0.00319998	0.014987	-0.006063
PMBB2609583338520	0	45.8	2097.64	1	1	-0.00645177	0.00412612	0.0125281
PMBB2610337917311	1	74.7	5580.09	2	1	-0.00770251	5.79244e-05	0.000474294
PMBB2611490063574	0	58.5	3422.25	2	1	0.00496764	0.00274191	-0.0167901
PMBB2612593816264	0	65.2	4251.04	1	1	0.000667991	0.0145507	-0.00213385
PMBB2613648626110	0	54.1	2926.81	2	1	-0.000306047	-0.00178104	-0.0156927
PMBB2616670169162	0	28.9	835.2099999999999	1	1	0.0198148	0.00310858	-0.0100825
PMBB2617117748892	1	62.3	3881.2899999999995	1	1	0.0208791	0.00187334	-0.0185909
PMBB2617457589088	0	72.0	5184.0	1	1	3.0475e-05	0.00136027	-0.000976089
PMBB2617586120586	0	19.8	392.04	2	1	0.0132292	0.000939668	-0.00918874
PMBB2618759919987	0	58.4	3410.56	1	1	-0.00558564	-0.00832375	0.00465453
PMBB2619168277681	0	50.4	2540.16	2	1	-0.00713009	0.00631362	-0.00968293
PMBB2619330518522	0	71.5	5112.25	2	1	-0.00844652	0.00178378	0.00118322
PMBB2619698970455	0	69.0	4761.0	2	1	0.000443073	0.0051604	-7.57471e-05
PMBB2620137003298	0	55.0	3025.0	2	1	-0.00274319	0.00809433	-0.0187222
PMBB2620384784555	0	43.1	1857.6100000000001	2	1	-0.00163906	-0.0036522	-0.00310989
PMBB2621519977169	0	46.8	2190.24	2	1	0.0145013	0.0108027	0.0123566
PMBB2622012407767	0	46.1	2125.21	1	1	0.000261704	-0.00580949	-0.00882096
PMBB2622883454094	1	59.5	3540.25	2	1	0.000645235	-0.00550598	-0.0181683
PMBB2624272706783	1	62.8	3943.8399999999997	2	1	-0.00126228	-0.00154351	0.0117391
PMBB2624867020952	0	37.2	1383.8400000000001	2	1	-0.0056401	0.00343837	-0.00165973
PMBB2625120614586	0	60.2	3624.0400000000004	2	1	0.00315497	0.0134643	-0.00670236
PMBB2626373282973	0	53.3	2840.89	1	1	-0.011329	0.00230679	-0.00115068
PMBB2627037631479	0	62.5	3906.25	1	1	-0.00406805	0.000343017	-0.0165829
PMBB2627598474338	0	56.0	3136.0	2	1	0.00106269	-0.0135644	0.0156337
PMBB2628594949340	0	56.9	3237.6099999999997	1	1	-0.00566528	0.00139341	-0.00720534
PMBB2629113784246	0	24.0	576.0	1	1	-0.00455221	0.00753776	-0.00200455
PMBB2630167708378	0	59.2	3504.6400000000003	1	1	-0.0033169	-0.00302196	-0.0103325
PMBB2630875344096	1	52.1	2714.4100000000003	2	1	-0.00238853	0.00920516	-0.00514139
PMBB2630971610059	0	32.7	1069.2900000000002	2	1	-0.0129434	-0.000127217	-0.00153952
PMBB2631323674080	0	25.8	665.64	1	1	0.00107787	-0.00156181	0.013776
PMBB2631870336963	0	73.8	5446.44	2	3	0.0220904	-0.00102069	0.000171134
PMBB2632681525178	0	56.6	3203.56	1	2	-0.012766	0.00103182	0.000200994
PMBB2633564717611	0	31.9	1017.6099999999999	2	1	0.0169126	0.0164962	0.00991035
PMBB2633597385109	0	72.3	5227.29	1	1	-0.00610317	0.00081996	0.00562718
PMBB2634840238789	0	46.0	2116.0	1	2	-0.00869202	0.00298665	0.00236296
PMBB2635517718319	0	31.2	973.4399999999999	2	1	-0.00184326	0.00446548	0.000313403
PMBB2637816158207	0	50.4	2540.16	1	1	0.000112296	-0.016017	0.00406607
PMBB2638331619001	0	62.8	3943.8399999999997	1	1	0.00131422	-0.00372761	0.00380673
PMBB2638812432019	0	67.2	4515.84	1	1	0.00147561	-0.00257102	0.00246582
PMBB2639674294747	0	32.8	1075.84	2	3	-0.00116663	0.00440308	-0.0109781
PMBB2640782329093	0	59.4	3528.3599999999997	2	1	0.0208905	0.0138642	-0.00568893
PMBB2641548011488	0	28.8	829.44	2	1	-0.00579362	0.00642582	-0.0190233
PMBB2642075370113	1	47.0	2209.0	1	3	-0.00533438	0.00398935	-0.000262995
PMBB2642374955323	0	65.9	4342.81	2	1	-0.00748576	-0.00890866	0.00721476
PMBB2643731926608	0	62.7	3931.2900000000004	1	1	0.00945144	0.0117161	-0.0108941
PMBB2643985934847	1	67.7	4583.29	1	1	-0.0110045	0.00463648	0.000838351
PMBB2644101621884	0	29.9	894.0099999999999	2	2	0.00249624	-0.00295521	0.0146093
PMBB2644122919896	0	63.1	3981.61	1	1	0.0214801	-0.000958083	0.00717546
PMBB2644445849788	0	52.2	2724.84	2	3	-0.00861107	0.0014514	0.00380641
PMBB2645132477000	0	73.6	5416.959999999999	2	1	-0.00589663	0.000133225	-0.00400523
PMBB2646078805929	0	49.3	2430.49	1	1	-0.000985508	0.0056396	0.000571825
PMBB2646158468125	0	61.6	3794.5600000000004	1	1	-0.00748319	7.5248e-06	2.0593e-05
PMBB2646544312894	0	52.4	2745.7599999999998	2	1	-0.00704631	-0.00166514	-0.000510532
PMBB2650066650008	0	45.9	2106.81	1	1	0.0219765	0.00249918	0.0113178
PMBB2650371719425	0	48.8	2381.4399999999996	1	1	-0.00923803	-0.0114191	-0.00271323
PMBB2650460022342	0	33.1	1095.6100000000001	2	1	-0.00843065	0.00207141	0.00301067
PMBB2651481086699	0	23.3	542.89	2	3	0.00310943	-0.00306955	0.00271616
PMBB2652019015954	0	37.7	1421.2900000000002	1	3	0.000564097	-0.00521218	0.0169849
PMBB2654428209335	0	51.8	2683.24	1	1	0.031741	7.3458e-05	0.00317926
PMBB2655082706833	0	21.1	445.21000000000004	1	2	0.0265759	0.00580028	0.000482224
PMBB2655110656865	0	82.0	6724.0	1	3	0.00402554	-0.0138264	0.0137914
PMBB2655719725101	0	63.7	4057.6900000000005	2	3	0.00123032	-0.0125452	0.0141172
PMBB2657613179688	0	68.3	4664.889999999999	2	1	0.0164963	-0.00151203	-0.0048547
PMBB2657690384292	0	23.8	566.44	2	3	-0.00470999	-0.000463055	-0.00152793
PMBB2657777230821	0	70.8	5012.639999999999	2	1	-0.00750916	0.00313052	0.00172811
PMBB2658214485272	0	39.6	1568.16	2	1	0.00390522	0.00470323	0.00473519
PMBB2658761611919	0	43.2	1866.2400000000002	2	1	-0.00912187	0.00466141	-0.0175117
PMBB2660470644442	0	23.0	529.0	2	1	-0.00453304	-0.0167388	-0.00499744
PMBB2660628904606	0	43.8	1918.4399999999998	2	1	-0.00362751	0.00735886	-0.0015135
PMBB2661972552744	0	59.3	3516.49	2	1	-0.00319842	-0.00552143	0.000930613
PMBB2662300286280	0	58.4	3410.56	1	1	-0.00649853	-0.00587586	0.00567763
PMBB2662855233475	0	20.9	436.80999999999995	1	2	-0.00555494	0.00502496	0.00413384
PMBB2663217631531	0	34.5	1190.25	2	2	0.00445502	0.00441481	0.00490063
PMBB2664431092142	0	24.5	600.25	1	3	5.70872e-05	-0.0145374	0.000862497
PMBB2664463255223	1	75.1	5640.009999999999	1	1	-0.00794726	0.00599783	0.00123155
PMBB2664720892810	0	42.2	1780.8400000000001	1	1	-0.00544257	0.00597746	-0.00400927
PMBB2664853297770	0	24.2	585.64	2	1	0.0125247	0.00150043	-0.0142253
PMBB2665261288864	0	76.2	5806.4400000000005	1	1	0.0192146	0.00252666	0.0150405
PMBB2665537044386	0	39.5	1560.25	2	1	0.000380319	-0.00783848	-0.0054666
PMBB2665656730700	0	60.4	3648.16	2	1	0.000301707	-0.0317385	0.00871912
PMBB2666544859239	0	62.5	3906.25	2	3	-0.000397442	-0.000328819	0.00791278
PMBB2666561432176	0	46.5	2162.25	1	1	-0.0127364	-0.00220685	-0.00288086
PMBB2667214143034	0	24.1	580.8100000000001	2	1	0.00696045	0.00597626	-0.0104354
PMBB2667487944302	0	68.0	4624.0	2	1	-0.00160241	-0.00597725	0.0160856
PMBB2668691980121	0	40.2	1616.0400000000002	2	1	-0.0120373	-0.00111714	-0.0036316
PMBB2669187979899	0	66.0	4356.0	2	1	-0.00465816	0.00642497	0.00162851
PMBB2670176096498	0	52.7	2777.2900000000004	2	3	-0.000181561	0.0037872	0.00550965
PMBB2671177418015	0	24.3	590.49	1	1	-0.0043121	0.00707719	-0.00332353
PMBB2672314852510	0	39.6	1568.16	2	1	0.00192047	-0.016581	-0.00189175
PMBB2672395761371	0	57.7	3329.2900000000004	1	1	0.00328238	0.00537458	-0.00267813
PMBB2674570180112	0	61.0	3721.0	1	2	-0.00452023	-0.00784736	-0.00337641
PMBB2675086518166	0	51.6	2662.56	1	1	0.00649018	0.00974698	0.00216584
PMBB2675200050347	0	61.1	3733.21	1	1	-0.0021757	-0.0141896	0.000703294
PMBB2677856650505	0	29.6	876.1600000000001	2	3	-0.00427094	0.00417504	-0.00620466
PMBB2679742394655	0	67.4	4542.760000000001	1	1	0.00247409	-0.0161168	-0.00162101
PMBB2680073407398	1	68.8	4733.44	2	1	-0.00584319	-0.000717602	0.00260982
PMBB2682031303950	0	28.0	784.0	2	1	0.00174749	0.00874048	0.000870307
PMBB2682139386173	0	54.1	2926.81	1	1	-0.00190187	0.0116381	0.00708381
PMBB2682225944361	0	22.7	515.29	1	1	0.00278874	0.0039733	0.0143223
PMBB2683857060462	0	75.6	5715.359999999999	1	1	0.0223911	0.00389512	-0.00315697
PMBB2684274217107	0	29.2	852.64	2	1	0.000755342	-0.00402382	-0.0103784
PMBB2685799168906	0	51.9	2693.6099999999997	2	1	-0.00540429	0.00209122	0.00512347
PMBB2685976004505	0	77.0	5929.0	2	1	-0.00125962	-0.0187521	-0.00277145
PMBB2686176157722	0	35.9	1288.81	1	1	0.0269971	-0.00970249	0.0027542
PMBB2686839630534	0	45.5	2070.25	2	1	-0.00198552	-0.0095234	-0.00360187
PMBB2687163611925	0	45.8	2097.64	2	3	-0.00271165	0.00806965	0.0017556
PMBB2687425436258	0	45.1	2034.0100000000002	2	1	-0.00157755	0.00618888	0.00704895
PMBB2688097608874	0	53.3	2840.89	2	1	0.0265711	-0.00553694	0.0084428
PMBB2688512235308	0	42.2	1780.8400000000001	2	1	-0.00125447	-0.00694194	0.0212664
PMBB2689633488102	1	77.1	5944.409999999999	2	1	-0.00812758	0.0026619	-0.00180234
PMBB2690449111569	0	23.5	552.25	2	3	-0.0011225	1.18386e-05	0.000887564
PMBB2691621669292	0	33.2	1102.2400000000002	2	1	-0.00631644	-0.000411818	-0.00261577
PMBB2692082993999	1	70.3	4942.089999999999	2	3	-0.00223855	0.00164463	-0.00525865
PMBB2692801405088	0	25.8	665.64	2	3	-0.00438075	-0.0041949	0.00146091
PMBB2695679243055	0	28.5	812.25	2	1	-0.00566937	0.000614526	-0.000575151
PMBB2697959964418	0	74.8	5595.04	1	3	0.00859166	-0.0223553	-0.0179102
PMBB2699181966541	0	78.8	6209.44	1	1	-0.00088183	-0.0215374	0.0128758
PMBB2700189272392	0	57.8	3340.8399999999997	2	2	0.00541827	-0.00342186	-0.00646467
PMBB2701545656036	0	24.4	595.3599999999999	2	2	0.000943581	0.0131655	-0.00893402
PMBB2702500917939	0	51.7	2672.8900000000003	2	1	-0.00450746	-0.000435328	0.00173971
PMBB2703243484469	0	45.4	2061.16	2	1	-0.00447848	0.00874606	-0.00175961
PMBB2703965150380	1	61.3	3757.6899999999996	2	1	-0.0114607	0.000464922	0.00025435
PMBB2704346576987	0	22.6	510.76000000000005	2	3	0.000241076	-0.00818798	-0.0100991
PMBB2706280355264	0	21.2	449.44	2	1	-0.00479937	0.00540276	0.0159702
PMBB2706578870010	0	20.4	416.15999999999997	2	3	0.0282645	0.00394499	0.000209414
PMBB2706786544030	0	43.1	1857.6100000000001	1	1	-0.00264318	0.000627894	-0.0102066
PMBB2707013246171	0	23.2	538.24	2	1	-0.00624922	-0.00050942	0.000842723
PMBB2707723308739	0	63.7	4057.6900000000005	1	3	0.00896219	0.000146247	0.00558404
PMBB2708313208158	0	30.8	948.6400000000001	2	1	-0.00723241	0.00414033	0.00280885
PMBB2708576781385	0	47.6	2265.76	1	1	-0.00012432	-0.0124721	0.00148127
PMBB2711058952528	1	61.9	3831.6099999999997	2	1	-0.00968656	0.00429389	0.00660666
PMBB2714236025213	0	45.2	2043.0400000000002	2	1	-0.00564816	0.00478448	0.000839055
PMBB2715736194111	0	54.7	2992.09	2	1	0.00685316	-0.00360209	-0.00347401
PMBB2716178328032	0	55.7	3102.4900000000002	1	1	-0.00955987	0.00288212	0.00145003
PMBB2716342430730	0	68.0	4624.0	2	3	0.00238523	-0.00748037	-0.00233108
PMBB2717576616668	0	76.9	5913.610000000001	1	1	0.00271671	-0.0243353	0.00163498
PMBB2718570042184	0	22.3	497.29	2	3	-0.000589368	-0.016005	-0.00320702
PMBB2720855418437	0	35.0	1225.0	2	1	-0.00153342	0.00394673	-0.000190392
PMBB2721525115336	1	64.7	4186.09	1	1	-0.00558228	0.00501837	-0.00175078
PMBB2723224177046	0	55.5	3080.25	1	2	-0.00695697	-0.00995126	0.00416138
PMBB2723527904704	0	71.1	5055.209999999999	1	1	-0.00774937	-0.000270037	-0.00140664
PMBB2723613491097	0	72.6	5270.759999999999	2	2	-0.000108837	-0.000599923	-5.69791e-05
PMBB2724130930991	0	34.8	1211.0399999999997	2	3	-0.00283257	0.0094617	-0.00371225
PMBB2724256801178	0	34.7	1204.0900000000001	2	1	-0.00326376	0.00691479	0.000374084
PMBB2726949288016	0	64.8	4199.04	1	1	-0.00550108	0.00790082	-0.016404
PMBB2727267049163	0	29.6	876.1600000000001	2	1	-0.00274504	-0.00588607	0.0102906
PMBB2728266780972	0	34.1	1162.8100000000002	2	1	0.00541306	-0.0160106	0.00671056
PMBB2728655063957	0	41.4	1713.9599999999998	2	3	-0.000441212	0.00912071	0.00845631
PMBB2729020932949	0	55.9	3124.81	1	1	-0.00950863	0.00364369	0.00145552
PMBB2729184122522	0	39.9	1592.01	2	1	-0.0088446	-0.00464767	0.000243166
PMBB2729756235668	0	59.7	3564.09	2	1	0.00131779	-0.000362825	-0.00240008
PMBB2730610625336	0	51.8	2683.24	1	1	0.0192625	-0.0218205	-0.019137
PMBB2731850008246	0	40.6	1648.3600000000001	2	3	-0.00142808	-0.00601373	0.00109707
PMBB2732157221061	0	48.2	2323.2400000000002	1	1	-0.00358571	0.00582993	0.0066791
PMBB2733176839631	0	20.1	404.01000000000005	2	1	-0.00108655	0.0018202	0.000354737
PMBB2735063094363	0	45.3	2052.0899999999997	1	1	0.00410473	-0.0091708	0.00845511
PMBB2735671364081	0	50.6	2560.36	2	3	-0.00285262	0.00698415	0.00966413
PMBB2736115604771	0	48.5	2352.25	1	1	0.00104002	-0.00442536	-0.0143276
PMBB2736158797532	0	39.3	1544.4899999999998	2	1	-0.00273627	0.00584105	0.00349096
PMBB2736689841122	0	65.5	4290.25	1	1	0.00400146	0.00117637	0.00869535
PMBB2737114958882	0	62.6	3918.76	1	1	0.00292203	-0.0188648	-0.00875105
PMBB2737604508811	0	41.5	1722.25	2	1	-0.00100693	0.00269155	0.00547566
PMBB2737954253689	0	78.7	6193.6900000000005	2	1	0.00679769	-0.00731185	-0.00118334
PMBB2740658554444	0	53.0	2809.0	2	1	-0.00140441	-0.00189402	0.00525884
PMBB2741808539074	0	54.5	2970.25	1	1	0.00826299	-0.0111591	-0.00272506
PMBB2742160897502	0	20.4	416.15999999999997	2	1	-0.0125946	0.00188916	-0.00119937
PMBB2742415410946	0	23.4	547.56	2	1	0.00336343	0.00478634	0.00134867
PMBB2744038503764	0	52.4	2745.7599999999998	2	1	0.00641998	0.00110765	-0.0128448
PMBB2744106885698	0	48.7	2371.69	1	3	-0.0113969	-0.00143778	0.00071005
PMBB2745878212236	0	61.4	3769.96	1	2	0.0168558	-0.0041854	-0.0153859
PMBB2746279332063	0	43.7	1909.6900000000003	2	1	0.0143997	0.0014927	0.000471832
PMBB2746673626296	0	22.9	524.41	1	1	-0.000620239	-0.00853636	0.00163124
PMBB2747191365548	0	34.6	1197.16	2	3	0.00193045	-0.00915065	-0.0103882
PMBB2747562234930	1	53.5	2862.25	2	2	-0.00311166	-0.00379507	-0.0170356
PMBB2748104642958	0	31.5	992.25	2	3	-0.00460191	0.00550282	0.0100723
PMBB2748710674837	0	48.9	2391.21	2	1	0.00228578	0.00245277	-0.0136779
PMBB2748886764608	0	88.6	7849.959999999999	1	1	0.0150711	-0.0116083	-0.0109842
PMBB2750098417262	0	45.0	2025.0	2	1	-0.000140559	0.00649402	0.00587124
PMBB2753653603669	0	25.9	670.81	2	3	-0.00105429	-0.00416146	0.00244602
PMBB2754882470072	0	62.3	3881.2899999999995	1	1	0.00381988	-0.00247632	0.00111502
PMBB2756906543113	0	75.6	5715.359999999999	1	1	-0.00441573	-0.000566566	-0.00429751
PMBB2757165730674	0	32.5	1056.25	2	1	-0.00616481	0.00470466	0.00034778
PMBB2757711511074	0	50.8	2580.64	2	1	0.0103915	0.0184559	0.0180043
PMBB2758443479780	0	42.3	1789.2899999999997	2	1	-0.0028876	0.0123469	-0.00910396
PMBB2760287090954	0	52.4	2745.7599999999998	2	1	0.0228542	-0.0137965	0.00980684
PMBB2760917260995	0	60.1	3612.01	2	1	0.00581806	-0.0138101	0.00311842
PMBB2761678899141	0	37.3	1391.2899999999997	2	3	0.00480206	-0.0116624	-0.0028078
PMBB2762995816945	0	53.6	2872.96	2	1	-0.0061264	-0.00678184	-0.00479692
PMBB2763339702368	0	40.7	1656.4900000000002	2	1	0.00229395	-0.0119027	0.00494541
PMBB2763710780755	0	67.0	4489.0	1	1	0.00575406	0.013725	-0.0135157
PMBB2764288054371	0	59.7	3564.09	1	1	-0.000144149	0.0115046	0.00705523
PMBB2766255226691	0	67.7	4583.29	2	1	-0.00406724	0.00579485	0.00272565
PMBB2768679609234	0	19.7	388.09	2	3	-0.000941641	-0.00750884	0.000498661
PMBB2769595880780	0	38.5	1482.25	2	3	-0.00559685	0.00631462	0.0017291
PMBB2769751208081	1	61.8	3819.24	2	1	0.00692663	-0.00489244	0.0144152
PMBB2770588179131	0	41.0	1681.0	2	3	-0.0110607	-0.000969681	0.00162646
PMBB2771635198162	0	39.1	1528.8100000000002	2	3	0.0183212	0.00695204	0.011223
PMBB2773002955928	0	44.3	1962.4899999999998	2	3	-0.00525409	0.00490334	-0.0133082
PMBB2774421505389	0	30.8	948.6400000000001	2	1	-0.000311541	0.00199122	0.0140754
PMBB2777987815039	0	20.4	416.15999999999997	2	1	-0.00687776	0.00374906	0.011231
PMBB2778774624890	0	73.7	5431.6900000000005	2	1	-0.0125833	2.6935e-05	0.000469527
PMBB2782742629771	0	42.7	1823.2900000000002	1	3	0.00357735	-0.00228787	-0.00564769
PMBB2783782861482	0	50.4	2540.16	2	1	-0.00782433	0.00201952	-0.000505613
PMBB2784100933107	1	55.9	3124.81	2	1	0.00160857	0.0153661	-0.0011757
PMBB2784854588560	0	31.8	1011.24	2	3	-0.0058759	0.00237547	-0.0155521
PMBB2784898941763	0	63.1	3981.61	1	1	0.0169995	-0.0128158	0.00612011
PMBB2786246706584	0	70.0	4900.0	1	1	0.0055723	0.0141377	-0.000557403
PMBB2786541583569	0	25.7	660.49	2	1	0.00288186	0.0109315	0.0113171
PMBB2787138400424	0	60.4	3648.16	2	1	0.000516428	-0.0130129	0.00290147
PMBB2787293692834	0	38.8	1505.4399999999998	1	1	0.00623818	-0.00210135	0.0169246
PMBB2787654409638	0	66.8	4462.24	2	2	-0.0122813	-0.000528562	0.00158616
PMBB2788110737715	0	64.3	4134.49	2	1	-0.00249871	-0.0221167	0.00544015
PMBB2790594290775	0	65.6	4303.36	1	1	-0.00126587	-0.0043331	-0.00408741
PMBB2790903800998	0	63.1	3981.61	2	1	-0.00247036	0.00838402	-0.00707562
PMBB2791091041397	0	46.2	2134.44	2	2	-0.00344858	-0.0048169	-0.0114147
PMBB2791103043005	0	57.8	3340.8399999999997	2	1	-0.00833199	-0.00199976	0.00248937
PMBB2791294427158	0	68.0	4624.0	1	1	0.00551412	0.00402142	0.00251418
PMBB2791681036010	0	29.1	846.8100000000001	2	1	-0.0030168	0.00413961	-0.00515811
PMBB2791740281944	0	48.2	2323.2400000000002	1	2	0.0286943	-0.00505203	0.00189816
PMBB2791906709286	0	18.5	342.25	2	1	-0.00350246	0.00131509	-0.000326243
PMBB2792643261622	0	50.3	2530.0899999999997	1	1	-0.00627218	0.00832645	-4.3506e-05
PMBB2792955903083	0	48.3	2332.89	2	1	0.00728834	0.0110196	-0.00422371
PMBB2793360668180	0	62.6	3918.76	1	1	-0.00678623	-0.00326249	0.00119009
PMBB2793387340146	1	67.8	4596.839999999999	1	1	-0.00695795	-3.88539e-05	0.0010327
PMBB2793608276670	0	40.7	1656.4900000000002	2	1	0.00508677	-0.0161958	0.0100465
PMBB2794036875955	0	56.3	3169.6899999999996	2	1	-0.00673681	0.00583422	-0.0162726
PMBB2794637847259	0	27.8	772.84	2	3	-0.00273497	-0.00596033	0.00239915
PMBB2794920688143	0	61.4	3769.96	1	1	-0.00554732	-0.0105865	-0.00192793
PMBB2795399207717	0	37.8	1428.8399999999997	2	2	0.00318731	0.00669862	0.0134017
PMBB2795405127977	0	57.7	3329.2900000000004	1	1	0.00203898	0.00607929	0.0103736
PMBB2796443597982	0	44.2	1953.6400000000003	1	3	-0.00589228	-0.00196719	-0.00662664
PMBB2796519519843	0	70.0	4900.0	2	1	-0.00273216	0.000355073	-0.00363514
PMBB2796823101030	0	30.3	918.09	1	3	0.00635315	-0.0137662	0.0129434
PMBB2796837688457	0	30.3	918.09	2	1	0.0263141	0.000160509	0.00491056
PMBB2798545559739	0	23.8	566.44	2	1	0.00351091	-0.00114288	-0.0155243
PMBB2801530219642	0	87.2	7603.84	2	3	0.000779546	0.000260672	-0.00593512
PMBB2801556568581	1	69.4	4816.360000000001	2	1	0.0230584	-0.00393066	0.00094915
PMBB2803185122289	0	48.8	2381.4399999999996	2	1	-0.00324617	-0.000751185	-0.00271597
PMBB2803885883471	0	18.0	324.0	1	1	0.00225154	0.00966967	-0.00357534
PMBB2804386053955	0	52.6	2766.76	2	1	-0.00404742	0.00209489	-0.00954291
PMBB2807475544493	0	52.2	2724.84	2	1	0.0213348	0.00340021	0.00129073
PMBB2808247619663	0	32.8	1075.84	1	1	-0.0124507	0.00256937	-0.00193969
PMBB2809163068817	0	45.7	2088.4900000000002	2	1	-3.4021e-05	-0.0117006	0.0039386
PMBB2809601860924	0	61.5	3782.25	1	1	0.00974503	-0.00195403	-0.0255891
PMBB2810117751795	1	76.3	5821.69	1	1	-0.00771844	0.0031248	0.00480235
PMBB2810348646008	0	64.7	4186.09	2	1	0.00676931	0.00265824	0.00819793
PMBB2812008507486	0	47.1	2218.4100000000003	1	1	-0.00185131	0.00580654	0.0047443
PMBB2812085919251	0	30.2	912.04	2	3	0.00296852	0.00417024	0.0019567
PMBB2812097366913	0	56.9	3237.6099999999997	1	2	0.0093805	0.0167485	-0.00135246
PMBB2812143683881	0	27.1	734.4100000000001	2	1	-0.00882515	0.00332856	0.000642092
PMBB2813315242342	0	57.1	3260.4100000000003	1	1	-6.32673e-05	0.00849667	0.000313875
PMBB2815271796234	0	77.0	5929.0	1	1	0.00175154	-0.0100619	0.000544492
PMBB2815288719955	0	63.4	4019.56	1	1	-0.00678303	0.00224513	-0.00123913
PMBB2815942138153	0	45.5	2070.25	2	1	-0.0105364	0.00203098	0.00121126
PMBB2816499163074	0	72.2	5212.84	2	1	0.00387365	-0.00952739	-0.00913223
PMBB2817587260213	1	69.2	4788.64	2	1	0.00577034	0.00859233	0.0227915
PMBB2817670838294	0	48.2	2323.2400000000002	2	1	-0.00552011	0.00313541	-0.000962669
PMBB2820191261671	0	59.2	3504.6400000000003	2	1	-0.00217904	0.00582843	0.000525833
PMBB2820572745458	0	43.0	1849.0	2	1	-0.00642652	-0.00156268	0.000351762
PMBB2821115846406	0	79.2	6272.64	1	1	-0.00596005	-0.00301277	-0.00237959
PMBB2821162379415	0	42.8	1831.8399999999997	2	1	-0.00198336	-0.00407658	0.00137998
PMBB2822474057026	0	54.4	2959.3599999999997	2	3	-0.00815096	0.00112879	0.00738408
PMBB2823475088100	0	47.4	2246.7599999999998	2	1	0.00257501	0.0100579	-0.00378187
PMBB2824969199196	0	47.4	2246.7599999999998	1	1	-0.00168465	0.00868558	-0.0127315
PMBB2825078921642	0	64.9	4212.010000000001	1	1	0.000378524	0.0105294	0.00263774
PMBB2826577244424	0	54.6	2981.1600000000003	2	1	-0.00188125	0.0102422	-0.00374889
PMBB2827478883921	0	49.9	2490.0099999999998	2	1	-0.00587312	0.00466056	-0.00600561
PMBB2827617160039	1	66.7	4448.89	1	1	-0.00542102	0.00363393	-0.00310546
PMBB2827950160231	0	45.3	2052.0899999999997	2	1	0.00255259	0.0078558	-0.0069518
PMBB2828048699879	0	70.2	4928.04	2	1	0.000337638	0.0101628	-0.011588
PMBB2828571642973	0	65.6	4303.36	2	1	-0.00420733	-0.00545696	-0.0124507
PMBB2829195697804	0	22.0	484.0	1	1	0.0208274	0.00364731	0.00188973
PMBB2829199499610	0	42.6	1814.7600000000002	2	1	0.0175628	0.00103101	-0.00237909
PMBB2829947250606	0	20.8	432.64000000000004	1	1	0.00388008	0.00242255	-0.00735426
PMBB2830496483278	0	25.3	640.09	2	3	-0.00245018	0.00127036	-0.000626952
PMBB2830727781792	0	45.3	2052.0899999999997	2	3	-0.0124029	0.000223078	0.000868995
PMBB2831575714941	0	37.8	1428.8399999999997	2	1	-0.00400901	-0.00671328	0.00299589
PMBB2831654068529	0	33.9	1149.2099999999998	2	3	0.000334937	0.0102137	-0.00628646
PMBB2832714372370	0	67.8	4596.839999999999	1	3	0.000458424	0.00223762	-0.00206503
PMBB2832842929651	0	28.1	789.6100000000001	1	1	0.0177199	7.40687e-05	-0.0118699
PMBB2833115336906	0	29.2	852.64	1	2	-0.00803154	0.00125309	0.00384897
PMBB2833721843971	0	53.0	2809.0	1	1	0.00349612	-0.00152459	0.0132967
PMBB2836595400135	0	21.8	475.24	2	3	-0.00132066	-0.00166629	0.00221254
PMBB2836721530788	0	58.5	3422.25	1	1	0.00773195	-0.00745375	-0.00754441
PMBB2837064320904	0	60.3	3636.0899999999997	1	1	0.00159927	-0.010912	0.0097876
PMBB2838168107517	0	56.1	3147.21	2	2	0.00285556	0.0118048	0.00978314
PMBB2838673647245	0	54.4	2959.3599999999997	2	2	-0.00422095	0.00122041	0.00148368
PMBB2839351757066	0	57.4	3294.7599999999998	1	1	-0.00761607	0.00165148	0.00037916
PMBB2840686000855	0	27.6	761.7600000000001	2	3	0.00376288	0.00962111	0.00749998
PMBB2841273165315	0	56.6	3203.56	2	1	0.00667442	0.00779054	-0.0174502
PMBB2842858292295	0	22.9	524.41	2	1	-0.00618636	-0.00115795	0.00248331
PMBB2844413570441	0	18.6	345.96000000000004	1	1	0.00261657	-0.0114313	0.00104316
PMBB2846358844247	0	64.6	4173.159999999999	1	1	-6.69492e-05	1.69066e-05	-0.00377182
PMBB2846444848364	0	66.1	4369.209999999999	1	1	0.00915262	-0.0176257	0.00430532
PMBB2846605694194	0	64.6	4173.159999999999	2	3	0.00187515	-0.0235646	-0.0210731
PMBB2847778031908	0	69.3	4802.49	1	1	0.0185429	0.00889821	-0.000359697
PMBB2848198864185	0	57.6	3317.76	1	1	-0.00480065	-0.00313015	0.0115595
PMBB2848769913008	0	26.8	718.24	2	1	-0.00343824	0.00326329	0.00292268
PMBB2849228963127	0	32.3	1043.2899999999997	2	3	-0.00753262	-0.00167385	-0.00320606
PMBB2849969240182	0	31.0	961.0	2	3	-0.0010639	0.00212234	0.000483616
PMBB2850265865754	0	30.8	948.6400000000001	2	1	-0.0030709	0.00109909	-0.00114915
PMBB2851053356381	0	18.4	338.55999999999995	2	1	-0.00436992	0.000685792	0.00557056
PMBB2853000268209	0	43.5	1892.25	2	3	-0.00339273	-0.0123626	-0.0136425
PMBB2854022756765	0	47.9	2294.41	2	1	-0.00552342	-0.00246792	-0.00494702
PMBB2854070878144	0	25.0	625.0	1	1	0.000554476	0.0104874	0.0171507
PMBB2856686126157	0	77.6	6021.759999999999	1	1	0.00971097	0.0149669	-0.00851167
PMBB2857467679391	0	61.0	3721.0	1	1	-0.00285224	0.0108076	-0.00526616
PMBB2858346912991	0	78.3	6130.889999999999	2	1	-0.00507229	0.0056193	-0.00546491
PMBB2858480348484	0	66.4	4408.960000000001	2	1	-0.0036414	0.00793306	0.00636799
PMBB2858491031411	0	38.0	1444.0	1	2	-0.0059164	0.00560287	0.00996665
PMBB2859748893098	0	83.4	6955.560000000001	2	2	-0.00780044	0.0024352	0.000187926
PMBB2862205274520	0	27.7	767.29	1	2	0.00657879	-0.000733169	-0.0130633
PMBB2862277157019	0	50.5	2550.25	2	1	0.0109748	0.0228061	-0.010605
PMBB2862449113518	0	52.0	2704.0	1	3	0.00291276	-0.00635762	0.0159796
PMBB2862800127762	0	60.0	3600.0	2	1	0.000486154	0.00644637	-0.0135628
PMBB2863933133539	0	59.6	3552.1600000000003	2	1	-0.00363845	0.00507383	0.00210088
PMBB2864660146572	0	64.5	4160.25	1	3	-0.00445996	0.00662193	-0.011689
PMBB2865097412788	0	37.2	1383.8400000000001	2	3	-0.00273568	-0.017507	0.000402057
PMBB2867097581894	0	47.0	2209.0	2	1	-0.00715089	-0.00123309	-0.00420492
PMBB2867688450599	0	50.8	2580.64	2	1	-0.00173784	0.000753074	-0.00141264
PMBB2869621959366	0	40.6	1648.3600000000001	2	3	0.0025292	0.00513445	-0.0023669
PMBB2870247302020	0	26.4	696.9599999999999	2	1	-0.00364106	0.00731348	-0.00394127
PMBB2871099419591	0	39.4	1552.36	2	1	0.0115626	0.00447538	-0.00747052
PMBB2873403031687	0	67.2	4515.84	1	1	-0.00886871	-0.00133284	0.00311348
PMBB2874112250393	0	45.0	2025.0	1	3	0.0113843	-0.00442561	-9.33991e-05
PMBB2874421303632	0	35.1	1232.01	2	1	0.00843383	-0.0106507	-0.00891198
PMBB2875551871103	0	49.3	2430.49	1	1	-0.00389899	0.0116465	0.00304719
PMBB2876041293729	0	54.3	2948.49	1	1	-0.00205094	0.00135168	0.00435994
PMBB2876907895300	0	27.5	756.25	2	3	0.0205656	0.000779573	-0.000481708
PMBB2877807901141	1	83.6	6988.959999999999	2	3	0.00363681	0.000516203	0.0114084
PMBB2878846564688	0	53.7	2883.6900000000005	2	1	-0.00101711	0.00265774	0.00287211
PMBB2879538510138	0	58.6	3433.96	1	3	-0.00327458	-0.00192472	-0.00378455
PMBB2879755929359	0	46.9	2199.6099999999997	2	3	-0.00343164	0.00289592	-0.0011481
PMBB2882460650649	0	90.0	8100.0	1	1	0.00747369	-0.00796593	0.0178867
PMBB2883405993518	0	68.5	4692.25	2	1	-0.00459944	-0.00420345	-0.00901163
PMBB2883609825453	0	27.7	767.29	2	1	0.00727277	-0.002041	0.00641789
PMBB2886085362226	0	43.2	1866.2400000000002	2	1	-0.00113565	0.0114565	-0.00702835
PMBB2887616681783	0	82.6	6822.759999999999	1	1	-0.00656532	0.00246655	0.00692528
PMBB2888462628736	0	51.0	2601.0	2	1	-0.0100726	-0.000670636	0.00185285
PMBB2889451668314	0	27.6	761.7600000000001	2	1	-0.003604	0.00340016	0.000167346
PMBB2890299096237	0	38.3	1466.8899999999999	2	1	-0.00243997	0.00793998	0.00948424
PMBB2890374273059	0	55.0	3025.0	1	1	0.00655662	-0.0128058	-0.0012844
PMBB2890410359977	0	28.3	800.89	2	1	0.0198942	-0.0110298	-0.024398
PMBB2891111452813	0	44.1	1944.8100000000002	1	3	-0.00526406	0.00146705	0.0024739
PMBB2891489600607	0	50.1	2510.01	1	1	0.00155079	-0.0200169	-0.00922143
PMBB2891502489937	0	46.2	2134.44	1	3	0.00236137	-0.00148845	-0.00130136
PMBB2891899846206	0	27.9	778.41	1	1	-0.00739607	0.00130542	0.00838797
PMBB2892300189173	0	25.3	640.09	1	1	0.00312832	-0.0109951	0.00381327
PMBB2893244517037	0	53.2	2830.2400000000002	2	1	0.00215166	-0.0134836	0.0179806
PMBB2895774749973	0	26.8	718.24	2	1	-0.00128634	0.01071	0.00402894
PMBB2897408609631	0	44.5	1980.25	2	3	-0.00266391	0.00630285	0.0021453
PMBB2897489199413	0	40.1	1608.0100000000002	2	1	0.0230211	0.00769514	-0.0110212
PMBB2897935591843	0	33.4	1115.56	2	3	-0.00565485	0.00685051	0.00148189
PMBB2898170879401	0	62.0	3844.0	2	1	0.00199183	-0.0228254	-0.000696755
PMBB2899901138487	0	73.4	5387.56	1	1	6.76763e-05	-0.00530078	-0.0041383
PMBB2900226010871	0	55.3	3058.0899999999997	2	1	-0.00352189	-0.00623129	0.00680734
PMBB2900454450833	0	60.2	3624.0400000000004	2	3	-0.00345291	0.00414229	0.00649633
PMBB2900599755488	0	51.1	2611.21	2	1	0.00116725	-0.00232943	0.00289905
PMBB2900756684882	0	21.2	449.44	2	1	-0.00879739	0.00240659	0.00299002
PMBB2902419733761	0	82.8	6855.839999999999	1	1	-0.0036014	-0.00155214	-0.00523523
PMBB2903535869830	0	37.4	1398.76	2	1	-0.00308401	-0.0147322	-0.00108392
PMBB2903604319648	0	61.3	3757.6899999999996	2	1	0.00388389	-0.0138296	-0.0064227
PMBB2903707467196	0	67.9	4610.410000000001	1	1	-0.00395526	0.00870388	-0.0184612
PMBB2904852012735	0	40.3	1624.0899999999997	1	1	-0.00467563	0.00104113	-0.000374121
PMBB2907693514415	0	21.5	462.25	2	1	-0.00244269	0.00654703	0.000660793
PMBB2908044333470	0	41.0	1681.0	2	1	0.00759192	-0.000309808	-0.0108285
PMBB2909608992099	0	81.1	6577.209999999999	1	1	0.00794661	0.00827088	0.0111309
PMBB2910285927168	0	63.8	4070.4399999999996	2	1	-0.00194226	-0.00714654	-0.0103684
PMBB2910367430862	0	25.0	625.0	2	1	-0.00962843	0.000385946	0.000877494
PMBB2912873228908	0	19.6	384.1600000000001	2	3	0.00211269	-0.00186327	-0.00496331
PMBB2913515350999	0	26.1	681.21	2	2	0.00583588	0.00940187	-0.00191358
PMBB2914182643064	0	19.5	380.25	2	1	-0.000620737	0.00389464	-0.0145352
PMBB2914440967002	0	50.3	2530.0899999999997	1	3	0.023865	0.00393245	-0.00021379
PMBB2914620805113	0	27.4	750.7599999999999	2	3	0.00279177	0.00320822	0.0130778
PMBB2916609168192	0	35.1	1232.01	2	3	0.0055191	0.00949206	-0.0252326
PMBB2919012890811	0	29.2	852.64	2	1	-0.00528913	-0.00302432	-0.000100231
PMBB2919081258519	0	65.7	4316.490000000001	2	3	0.000393788	-0.00980733	-0.00484793
PMBB2919579738562	1	31.4	985.9599999999999	2	1	-0.00402265	0.00179211	0.00313959
PMBB2920168434163	0	29.6	876.1600000000001	2	3	-0.0043196	-0.0132918	0.00136434
PMBB2920666532804	0	37.9	1436.4099999999999	2	1	4.91687e-05	0.00626517	0.00748724
PMBB2922191089053	0	41.4	1713.9599999999998	2	1	0.0032711	-0.00323711	0.0140941
PMBB2923009581926	0	32.1	1030.41	2	3	0.0266726	0.00116761	0.0071346
PMBB2923854095541	0	29.5	870.25	1	1	-0.00574723	-0.00283667	-0.000725458
PMBB2926000684322	0	42.1	1772.41	1	1	-0.00271108	0.00580043	-0.00247332
PMBB2928046249888	0	52.5	2756.25	1	3	0.0249316	0.00129077	-0.00142844
PMBB2928306526746	0	61.1	3733.21	2	2	-0.0048903	-0.00365927	0.000853265
PMBB2929334528009	0	43.7	1909.6900000000003	1	1	-0.000131519	0.0115106	-0.00462202
PMBB2930170314518	0	64.9	4212.010000000001	1	1	-0.0074472	0.00620876	-0.000872707
PMBB2931525184761	0	56.6	3203.56	1	1	0.0100018	-0.000316015	0.00179791
PMBB2931756289875	0	25.6	655.3600000000001	1	1	0.00100729	-0.0058572	0.0189275
PMBB2931871138142	0	68.0	4624.0	2	3	0.0047757	0.014296	-0.00262034
PMBB2932713426120	0	59.6	3552.1600000000003	1	1	0.000893729	-0.00967383	0.00369786
PMBB2932991698281	0	50.6	2560.36	1	3	-0.0042833	-0.00823631	-0.000114359
PMBB2933021568367	0	74.4	5535.360000000001	1	1	0.00767591	0.00165273	-0.00841326
PMBB2933161880911	0	44.6	1989.16	2	1	0.00233462	-0.000935163	0.00496904
PMBB2933308370936	0	50.9	2590.81	2	1	0.00300869	0.00693981	0.000804766
PMBB2934021895242	0	51.0	2601.0	1	3	-0.00198205	-0.0097466	-0.0145547
PMBB2934191460455	0	49.6	2460.1600000000003	1	1	-0.00910581	-0.00148818	0.00595801
PMBB2935173454037	0	43.1	1857.6100000000001	2	1	-0.00279954	0.0137354	0.00502195
PMBB2935712855299	1	78.1	6099.609999999999	2	3	-0.00549478	0.00626174	0.00226678
PMBB2936626048132	0	31.9	1017.6099999999999	2	1	-0.00349773	0.00350827	0.00303864
PMBB2937133294400	0	22.1	488.4100000000001	2	1	-0.00282668	-0.000604296	0.0106203
PMBB2937639548687	0	44.4	1971.36	1	1	0.00118946	0.00227481	0.000494195
PMBB2937933713227	0	62.9	3956.41	1	1	-0.00100208	0.00515018	-0.0217228
PMBB2939075075512	0	28.9	835.2099999999999	2	1	0.00405552	0.00885635	0.00566771
PMBB2939390641252	0	32.5	1056.25	1	1	-0.00299137	-0.0185695	0.00249514
PMBB2939487996847	1	73.3	5372.889999999999	2	1	-0.0073034	-0.0147827	0.0015795
PMBB2940869460936	0	35.0	1225.0	2	3	0.0194582	0.0133701	-0.0114406
PMBB2944487672865	0	75.8	5745.639999999999	2	1	-0.00513363	0.00681194	-0.00915986
PMBB2946899978287	0	37.0	1369.0	2	1	0.0128688	-0.0198914	0.00521495
PMBB2947064819984	0	71.4	5097.960000000001	2	1	-0.00223782	0.00368496	-0.00899491
PMBB2947248516839	0	73.4	5387.56	2	1	-0.0013987	0.00493088	0.0172167
PMBB2948023355980	0	68.2	4651.240000000001	1	1	-0.00647442	-0.00829001	0.00282705
PMBB2948032064139	0	51.7	2672.8900000000003	2	1	-0.00388598	-0.0312434	0.00372351
PMBB2949339217996	0	59.6	3552.1600000000003	2	3	-0.00497511	-3.71559e-05	-0.000626111
PMBB2949687371075	0	48.2	2323.2400000000002	2	1	-0.00594872	0.0042646	0.00785728
PMBB2950266987387	0	66.4	4408.960000000001	2	1	-0.00495455	0.00768206	-0.00145186
PMBB2951603199711	0	51.7	2672.8900000000003	2	1	9.41895e-05	-0.00607719	0.0230953
PMBB2951822452158	0	70.6	4984.359999999999	1	1	0.0153802	-0.00690905	0.0136265
PMBB2953050570996	0	25.3	640.09	2	3	-0.00245485	-0.0044344	-0.000197457
PMBB2954355100328	0	63.7	4057.6900000000005	1	3	0.0310477	0.00398393	-0.0115067
PMBB2954573698936	0	33.0	1089.0	1	1	-0.0122644	-0.00244989	-0.000565782
PMBB2954837888839	1	68.0	4624.0	2	3	-0.00639691	0.00063714	0.00638999
PMBB2955019435938	0	20.9	436.80999999999995	2	1	-0.0061796	0.00537199	-0.0013427
PMBB2955184117767	0	22.2	492.84	2	3	-0.00175915	0.00770444	-0.00228742
PMBB2955228667048	0	26.9	723.6099999999999	2	1	-0.00173306	-0.0161031	-0.0162033
PMBB2956036668809	0	53.9	2905.21	1	1	-0.00303938	0.00965302	0.00396431
PMBB2956044264458	0	83.5	6972.25	2	1	0.00351528	-0.00541537	0.00339768
PMBB2957001951174	0	58.5	3422.25	2	1	0.0284698	-0.00885086	-0.0189226
PMBB2957506630973	0	21.1	445.21000000000004	2	3	-0.00247077	0.00164147	-0.00860837
PMBB2957548811667	0	74.0	5476.0	1	1	0.00360298	0.00708364	-0.00168402
PMBB2958517305725	0	67.3	4529.29	1	1	0.00920284	0.00134846	0.00845321
PMBB2959221122157	0	67.1	4502.409999999999	2	1	-0.00167625	-0.000582333	-0.00068844
PMBB2959273122402	0	31.2	973.4399999999999	2	1	0.00518318	-0.0151045	-0.0136373
PMBB2960665964919	0	61.5	3782.25	2	1	-0.00335492	0.0034899	0.00451539
PMBB2963102357108	0	61.1	3733.21	2	1	0.00122744	-0.00343799	-0.0133259
PMBB2963408795221	0	32.5	1056.25	1	1	-0.00281215	-0.0217426	-4.66049e-05
PMBB2965302506323	0	25.6	655.3600000000001	2	1	-0.00408418	0.000680033	0.00273261
PMBB2966998526569	0	51.4	2641.96	1	1	0.0017464	-0.00803241	-0.011973
PMBB2967330464550	0	73.6	5416.959999999999	1	1	-0.00470929	-0.000956009	-0.00305149
PMBB2967478413624	0	30.3	918.09	2	1	-0.0068043	0.00604715	-0.0118908
PMBB2967589185506	0	26.0	676.0	2	3	0.000196763	-0.000260008	0.00360569
PMBB2968422635071	0	40.7	1656.4900000000002	1	1	0.0137438	0.00620206	0.0108907
PMBB2970587154396	0	70.9	5026.81	2	1	-0.00365955	0.00247326	-0.00116215
PMBB2971414170813	0	31.7	1004.89	2	1	-0.000157999	-0.00465186	-0.00539091
PMBB2971526577111	1	87.0	7569.0	2	1	-0.00903131	0.00520575	0.00954766
PMBB2971726521472	0	36.5	1332.25	2	1	0.00222861	-0.000657732	0.0115811
PMBB2972214210250	0	55.5	3080.25	1	1	-0.00627908	0.00494272	0.00566105
PMBB2974449395344	1	69.1	4774.8099999999995	1	1	0.00260571	0.00612293	0.00686399
PMBB2975370808650	0	57.4	3294.7599999999998	2	1	-0.00299495	-0.00836047	-0.0111811
PMBB2975517023382	0	60.2	3624.0400000000004	2	1	-6.31081e-05	0.011544	0.00704746
PMBB2975717586899	0	21.6	466.56000000000006	2	1	0.0113906	0.00398806	0.00275176
PMBB2978408150556	0	68.9	4747.210000000001	1	1	-0.00580346	0.00366415	-0.00105167
PMBB2980107495448	0	50.7	2570.4900000000002	2	1	-0.00454251	0.00494608	-0.000726707
PMBB2980167868113	1	47.8	2284.8399999999997	1	1	0.0245865	9.86495e-05	-0.0175678
PMBB2981666110048	0	57.3	3283.2899999999995	2	1	-0.00805362	0.00178338	-0.00821712
PMBB2981953596633	0	24.0	576.0	2	1	-0.0056505	0.00729231	-0.0107204
PMBB2983329873723	0	58.0	3364.0	2	1	0.00783456	-0.00258322	-0.00684985
PMBB2983363185342	0	67.2	4515.84	2	1	0.000513234	-0.0019436	0.00264105
PMBB2983638778816	0	53.5	2862.25	2	1	0.0283528	-0.00852305	-0.00536424
PMBB2984179012512	0	29.1	846.8100000000001	2	1	3.24521e-06	-0.00467614	-0.00263747
PMBB2985965472043	0	32.2	1036.8400000000001	2	3	-0.000811428	0.00504302	0.00192179
PMBB2986602433759	1	51.3	2631.6899999999996	2	1	-0.00659334	-0.00238022	-0.00357467
PMBB2986697936875	0	45.8	2097.64	2	3	-0.00282549	-0.00232079	0.0159763
PMBB2987376330076	0	63.4	4019.56	2	1	-0.00916995	-0.000537652	-0.00208203
PMBB2988301439004	0	47.6	2265.76	2	1	0.00259872	-0.00709495	-0.00225789
PMBB2988761219573	0	49.8	2480.0399999999995	1	1	-0.00362113	-0.00379977	-0.00153768
PMBB2989156508333	0	41.7	1738.8900000000003	2	1	0.0120877	0.000441455	-0.0215221
PMBB2990521782264	0	64.5	4160.25	1	1	-0.000685356	-0.00439806	0.00958189
PMBB2992350963181	0	20.4	416.15999999999997	2	1	-0.00306913	0.00329116	-0.019044
PMBB2992688190368	0	39.8	1584.0399999999997	1	1	-0.00219813	0.000712214	0.00209279
PMBB2992921854471	0	65.8	4329.639999999999	2	3	-0.00783818	-0.00216469	0.0103892
PMBB2994518999640	0	36.5	1332.25	2	3	-0.00470793	0.00303844	0.001502
PMBB2995238826587	1	69.0	4761.0	1	1	-0.00393697	-0.00194196	-0.0167135
PMBB2996840754793	0	21.2	449.44	2	1	0.0262328	0.00340117	-0.0121747
PMBB2996947632123	0	49.0	2401.0	2	3	-0.00714043	0.00339046	0.0102176
PMBB2997261769928	0	26.0	676.0	2	1	-0.00198701	-0.00625457	-0.00243057
PMBB2998808106273	0	25.0	625.0	2	1	-0.00171057	-0.00156835	-0.00823006
PMBB2999361572659	0	65.1	4238.009999999999	2	1	0.00168137	-0.0215634	-0.000266035
PMBB3000304208364	0	38.3	1466.8899999999999	2	1	0.0277946	0.023007	0.0130779
PMBB3001552885020	0	62.0	3844.0	2	3	0.00545438	-0.0186065	0.0010682
PMBB3001630749649	1	64.1	4108.8099999999995	1	1	-0.000454453	9.58904e-05	-0.0060805
PMBB3002982159983	0	81.6	6658.5599999999995	1	1	-0.00124497	0.00515592	-0.000659402
PMBB3004203811277	0	78.7	6193.6900000000005	2	1	-0.00827731	-0.00304562	-0.000964986
PMBB3006038728765	0	69.3	4802.49	2	2	-0.00910938	0.00584446	-0.000121233
PMBB3006709111465	0	39.8	1584.0399999999997	1	1	-0.00178757	-0.00289773	0.00499793
PMBB3006842501251	0	27.9	778.41	2	3	-0.00378802	-0.000748787	-0.00793873
PMBB3006855798189	0	66.2	4382.4400000000005	1	1	-0.00486638	0.00975378	-0.0154034
PMBB3006924546438	0	34.2	1169.64	2	3	0.012088	0.0170056	-0.0162711
PMBB3008106696854	0	26.0	676.0	2	1	-0.0095399	0.00129721	-0.00142397
PMBB3008156255502	0	60.4	3648.16	2	1	-0.00869372	-0.00885719	-0.00261038
PMBB3012338459647	0	66.8	4462.24	1	1	0.000528911	0.00151207	0.00395627
PMBB3012963331065	0	66.4	4408.960000000001	2	3	0.0215376	-3.65683e-05	0.0153796
PMBB3014575680911	0	71.7	5140.89	2	1	-0.00732974	0.000585138	-0.0116509
PMBB3014712628036	0	60.7	3684.4900000000002	2	1	-0.000153838	-0.00325774	0.0058356
PMBB3015575647510	0	30.7	942.49	2	1	-0.00318883	0.00703427	0.00970697
PMBB3015736982229	0	45.4	2061.16	1	1	0.0159945	-0.000824845	-0.00314746
PMBB3015978609111	0	31.2	973.4399999999999	2	1	-0.00745707	0.00425496	-0.00590764
PMBB3016297939349	0	53.2	2830.2400000000002	2	1	-0.00513654	0.00322707	-0.00610216
PMBB3017891178343	0	51.1	2611.21	1	1	-0.00454369	0.00244055	0.0176155
PMBB3018666732427	0	49.5	2450.25	2	1	-0.00498882	0.00427134	0.00170516
PMBB3019326804683	0	35.4	1253.1599999999999	2	1	-0.00421169	3.78399e-05	-0.0023372
PMBB3020657165358	0	44.7	1998.0900000000001	2	1	-0.00524328	0.0041601	-0.0213046
PMBB3020739570667	0	32.0	1024.0	2	1	0.00406872	0.0134024	0.00800213
PMBB3021051957989	0	54.2	2937.6400000000003	2	1	-0.00763241	0.00202339	0.000567765
PMBB3021076358983	0	31.0	961.0	2	1	-0.000399383	-0.00364383	0.00647505
PMBB3022914797144	0	66.1	4369.209999999999	1	1	0.00116985	-0.00740609	-0.00440013
PMBB3023096702967	0	71.9	5169.610000000001	1	1	0.0102643	-0.00154515	-0.0162656
PMBB3023156913653	0	24.2	585.64	2	3	0.0175903	-0.00852991	0.0196876
PMBB3023973121612	0	39.8	1584.0399999999997	2	1	-0.00623596	-0.0023306	-0.003112
PMBB3024001305993	0	71.3	5083.69	2	3	8.22438e-05	-0.00343964	-0.00419431
PMBB3024380381387	0	37.4	1398.76	2	3	-0.000599168	-0.00547791	0.00364586
PMBB3025146628452	0	32.4	1049.76	2	1	-0.00720855	0.00212309	0.00042689
PMBB3025770317805	0	43.2	1866.2400000000002	2	1	-0.0024048	-0.00513427	9.60951e-05
PMBB3025951323898	0	68.9	4747.210000000001	2	3	0.029503	-0.000517425	-0.00391798
PMBB3026840488970	0	56.2	3158.4400000000005	2	1	0.00163315	0.00551761	-0.011819
PMBB3027472489559	0	59.2	3504.6400000000003	2	1	0.00762004	-0.000897961	-0.00412479
PMBB3028186637683	0	44.7	1998.0900000000001	1	1	-0.00507072	0.00505531	0.00386745
PMBB3028388419827	0	60.7	3684.4900000000002	2	1	0.00912251	-0.00635736	-0.0100539
PMBB3029039681771	0	51.3	2631.6899999999996	2	1	0.000812149	0.0092937	0.000598459
PMBB3029934405438	0	53.4	2851.56	2	1	0.00637429	0.00673783	0.00250219
PMBB3030152911927	0	61.2	3745.4400000000005	1	1	-0.00795835	0.00321406	0.0121062
PMBB3031027111500	0	70.4	4956.160000000001	2	2	-0.00894364	0.00400186	0.00629952
PMBB3032904867318	0	25.7	660.49	2	3	-0.00136565	0.000593555	0.00728427
PMBB3037872633863	0	64.1	4108.8099999999995	1	1	-0.00805032	0.0058551	0.000642906
PMBB3039832269292	0	35.0	1225.0	2	1	0.0020742	-0.0086797	-0.00401804
PMBB3040515764729	0	92.6	8574.759999999998	2	3	-0.00686917	0.00226029	0.0115299
PMBB3040562942403	0	52.8	2787.8399999999997	1	1	0.00636276	0.0071876	-0.0108627
PMBB3041164206803	0	51.4	2641.96	2	1	0.00447858	0.0110813	-0.0111903
PMBB3041678531173	0	26.0	676.0	2	1	-0.00428736	-0.0038447	-0.00567035
PMBB3041854331452	0	29.2	852.64	2	1	-0.00737038	0.004752	0.00201378
PMBB3042491071284	0	30.7	942.49	2	1	-0.00703643	0.00658911	-0.00073785
PMBB3045399402544	0	45.6	2079.36	2	1	-0.0035549	-0.00627047	0.00617278
PMBB3046299726946	0	43.4	1883.56	2	3	-0.00330883	-0.00570296	0.000571403
PMBB3046448085084	0	26.9	723.6099999999999	2	1	0.00305131	0.0145324	-0.0115196
PMBB3051035063203	0	65.6	4303.36	2	3	-0.00369194	0.0057442	-0.000416745
PMBB3051551801404	0	64.7	4186.09	1	2	0.00944064	-0.00615164	0.00265677
PMBB3052136340171	0	40.9	1672.81	2	1	0.000935187	0.000928593	-0.0028363
PMBB3053843995352	1	67.8	4596.839999999999	2	1	-0.00593506	0.00171648	0.00245875
PMBB3054940936388	0	50.3	2530.0899999999997	2	2	0.00228242	-0.00278521	-0.0113033
PMBB3055743626399	1	62.5	3906.25	2	2	-0.00377324	0.006332	0.00992011
PMBB3057136592133	0	34.0	1156.0	2	1	-0.00425446	0.00638882	0.00868957
PMBB3059992939567	1	71.6	5126.5599999999995	1	1	-0.0035348	0.00447947	0.00908619
PMBB3061914221809	0	44.1	1944.8100000000002	2	1	0.00144945	-0.0173877	0.000747682
PMBB3062095433223	0	74.7	5580.09	1	2	-0.00785487	0.00233204	-0.00149009
PMBB3062590770166	0	57.4	3294.7599999999998	2	1	-0.00121871	0.00438093	0.00599457
PMBB3062852621292	0	50.3	2530.0899999999997	2	1	-0.000650521	0.00475468	-0.00105469
PMBB3064614856655	0	74.5	5550.25	1	1	0.00141976	0.00395692	0.000574781
PMBB3065369085939	0	44.1	1944.8100000000002	2	1	0.000673111	0.00603278	-0.0057318
PMBB3065514444800	0	71.5	5112.25	2	1	-0.00285253	0.000644933	-0.000599099
PMBB3065555000491	0	48.7	2371.69	2	1	-0.00134111	0.00181303	0.00297406
PMBB3066536389604	1	57.1	3260.4100000000003	2	1	-0.00272724	0.0120223	0.0144348
PMBB3068399720764	0	55.9	3124.81	2	1	-0.0049057	0.000456869	-0.00274079
PMBB3069035551230	0	23.1	533.61	2	1	0.000522754	0.00457261	-0.00770938
PMBB3071982360513	0	37.4	1398.76	1	1	-0.0067499	-0.0126785	0.00440533
PMBB3072207971027	0	31.2	973.4399999999999	2	3	-0.00113794	0.0085079	-0.000251785
PMBB3073140904063	0	54.4	2959.3599999999997	1	1	-0.0128513	-0.00142716	-0.00106345
PMBB3074462063885	0	32.5	1056.25	2	1	0.00342997	-0.00848361	0.0108524
PMBB3074650985985	0	57.7	3329.2900000000004	1	1	-0.0128737	0.000376154	-0.00187278
PMBB3074935830526	0	35.3	1246.0899999999997	2	1	-0.00393781	-0.011045	0.00238801
PMBB3075322578393	0	48.5	2352.25	2	1	-0.00582487	0.00171191	0.00078242
PMBB3075640908261	0	20.3	412.09000000000003	2	1	-0.00519025	0.00941553	0.000815127
PMBB3076498595086	0	62.6	3918.76	2	1	0.0244783	-0.0107252	0.0120559
PMBB3076719207805	0	67.0	4489.0	1	1	-0.00172703	-0.00282406	0.0103008
PMBB3077297666959	0	58.2	3387.2400000000002	2	1	0.000735816	-0.00237687	0.0143808
PMBB3078335912264	0	69.2	4788.64	1	1	-0.00528474	-0.00513582	-0.0132255
PMBB3079115140387	0	32.2	1036.8400000000001	2	3	-0.000804089	0.00412948	0.00414152
PMBB3079671117655	0	23.2	538.24	2	1	-0.000862339	-0.0115547	-0.012296
PMBB3080113938908	0	55.5	3080.25	1	2	-0.00757536	0.00326569	-0.00394114
PMBB3080422816198	0	56.5	3192.25	1	1	0.00546076	-0.00224573	-0.0119102
PMBB3081222255556	0	34.3	1176.4899999999998	2	1	-0.00277519	-0.0027313	0.0078767
PMBB3081346944725	0	54.2	2937.6400000000003	1	3	-0.0124853	-0.00187636	-0.00191495
PMBB3082261384040	0	57.1	3260.4100000000003	2	1	0.0111094	-0.0123273	0.0021128
PMBB3082288037039	0	70.6	4984.359999999999	2	1	-0.00871347	0.00232654	-0.000601446
PMBB3082598218789	0	73.0	5329.0	1	3	0.00265756	0.0132384	-0.0152623
PMBB3083100350891	0	19.2	368.64	2	1	-0.00231667	0.00223262	-0.000920003
PMBB3083812228340	0	34.6	1197.16	2	3	0.00156926	0.00514452	-0.00893993
PMBB3085162170455	0	62.9	3956.41	1	1	-0.00482965	0.00920296	0.00414834
PMBB3087748224519	0	62.3	3881.2899999999995	2	1	0.00172724	0.000247316	0.0051528
PMBB3088420744911	0	35.7	1274.4900000000002	2	1	-0.0122767	-0.000863124	-0.00207489
PMBB3088623338971	0	27.3	745.2900000000001	2	1	0.0170556	-0.00706726	-0.00274774
PMBB3089713658459	0	54.8	3003.0399999999995	1	1	-0.00196035	-0.00700447	0.00178113
PMBB3092299808281	0	44.0	1936.0	1	1	0.0220487	0.00643934	-0.00898366
PMBB3092771810884	0	69.3	4802.49	2	2	-0.00068515	0.01137	0.00731741
PMBB3093689190611	0	58.2	3387.2400000000002	2	3	-0.00645439	0.0040165	0.00648852
PMBB3094403543558	0	29.0	841.0	1	1	-0.00999522	0.00315416	-0.0115393
PMBB3096382287251	0	67.8	4596.839999999999	2	1	0.00122136	-0.0126072	0.000919583
PMBB3097477780216	1	55.8	3113.64	1	3	-0.00490681	-0.00631505	0.00745943
PMBB3097508884425	1	58.2	3387.2400000000002	2	1	0.00162377	0.0199159	-0.0136105
PMBB3098237730344	0	62.7	3931.2900000000004	2	1	0.0139555	0.00550527	-0.0194284
PMBB3098566724566	0	65.5	4290.25	2	1	0.000548569	0.00762628	0.00541404
PMBB3098685765397	0	65.8	4329.639999999999	1	1	-0.00522263	0.00226266	0.000687852
PMBB3102202200540	1	85.7	7344.490000000001	1	1	0.00231774	-0.00294194	-0.00297215
PMBB3103224081023	0	65.7	4316.490000000001	1	1	0.0135842	0.023339	-0.00255911
PMBB3105900009414	0	21.0	441.0	2	3	0.00342032	0.0139102	-0.00817448
PMBB3106114858758	0	36.2	1310.4400000000003	1	1	0.003464	-0.00743732	-0.00916998
PMBB3106238140729	0	66.1	4369.209999999999	2	1	-0.00538098	0.000676022	-0.00171784
PMBB3106375488543	0	49.8	2480.0399999999995	2	1	-0.00174974	0.000125832	0.0204579
PMBB3106481089006	0	69.8	4872.04	1	1	0.0144532	-0.013095	0.00670351
PMBB3106555486808	0	49.4	2440.3599999999997	2	1	-0.00297733	0.000864714	-0.00105356
PMBB3106819872254	0	37.1	1376.41	2	1	0.00162997	-0.0017648	0.000836724
PMBB3106925020713	0	44.4	1971.36	1	1	0.00534274	-0.00413709	0.00470924
PMBB3108558135633	0	34.2	1169.64	1	1	-0.00415721	-0.0108661	0.00893541
PMBB3109364776248	0	41.2	1697.4400000000003	2	3	-0.00581631	0.00257463	0.0117576
PMBB3109377128631	1	63.8	4070.4399999999996	2	3	-0.00737012	-0.00980525	0.000139862
PMBB3110403210568	0	45.1	2034.0100000000002	1	1	-0.00757174	-0.00572623	0.00351526
PMBB3110668394834	0	49.8	2480.0399999999995	2	1	-0.0054303	-0.00317477	-0.00115839
PMBB3111279957911	0	39.8	1584.0399999999997	2	1	-0.0070952	0.00191906	-0.00617691
PMBB3112239325781	0	23.8	566.44	2	2	-0.012234	-0.000788388	0.000221081
PMBB3113905087686	0	24.3	590.49	1	1	-0.00269495	0.00903966	0.00658001
PMBB3114820498274	0	51.2	2621.4400000000005	2	2	-0.00748732	0.000492347	0.000179672
PMBB3115665727196	0	34.5	1190.25	2	1	-0.00736891	-0.00101212	-0.00105073
PMBB3117141841352	0	27.9	778.41	2	1	-0.00515563	0.0044177	0.0133832
PMBB3117341657321	0	27.0	729.0	2	1	-0.00213831	0.00223866	0.00781636
PMBB3118465998381	0	68.2	4651.240000000001	2	1	-0.00673492	0.00205944	0.00515149
PMBB3118950121235	0	21.6	466.56000000000006	2	3	0.0248397	-0.00440178	0.000716495
PMBB3119182692659	0	32.7	1069.2900000000002	1	1	-0.00240006	-0.00296896	0.0064601
PMBB3120713754622	0	73.5	5402.25	2	1	-0.00323634	0.00841297	-0.0121432
PMBB3121025706850	0	61.2	3745.4400000000005	1	1	-0.00331002	0.00884617	-0.0057229
PMBB3121296174978	0	33.7	1135.6900000000003	2	1	-0.00827839	-0.00549475	0.00159738
PMBB3121995846369	0	29.6	876.1600000000001	1	1	0.00397509	0.00442595	0.00538251
PMBB3122601789476	0	63.6	4044.96	1	1	-0.00483455	0.00615829	0.0046062
PMBB3124057570514	0	56.2	3158.4400000000005	2	1	-0.00712063	0.00117074	-0.000477523
PMBB3125365936324	0	59.1	3492.81	2	1	0.00511406	0.00175194	-0.0137242
PMBB3126515108016	0	46.4	2152.96	2	1	-0.00484955	-0.00140545	0.0131311
PMBB3127486857456	0	56.2	3158.4400000000005	2	1	-0.00313476	0.00452522	-0.0138192
PMBB3127805259180	0	23.3	542.89	2	1	-0.00353028	0.00853191	-0.00148699
PMBB3128378236232	0	27.3	745.2900000000001	1	3	-0.0025536	0.00757196	0.00570792
PMBB3129175005863	0	33.1	1095.6100000000001	2	3	-0.00780831	-0.0087857	-0.002651
PMBB3129584548398	0	58.5	3422.25	1	1	-0.00489436	0.00955009	0.00333677
PMBB3130048394555	0	19.7	388.09	2	1	0.00405326	0.012645	-0.00125666
PMBB3130392774289	0	53.0	2809.0	1	3	-0.00423374	0.000242328	0.0135405
PMBB3130877024092	0	26.9	723.6099999999999	2	3	-0.00140161	-0.0112583	-0.0131741
PMBB3132595240414	0	63.0	3969.0	1	1	0.00319661	-0.00116232	-0.00405631
PMBB3132598385087	0	60.6	3672.36	1	1	-0.00749384	-0.005431	0.00797406
PMBB3133016078640	0	26.3	691.69	2	1	0.00267213	-0.000998495	0.0026929
PMBB3133033553623	0	41.7	1738.8900000000003	2	1	-0.0032168	0.00212175	-0.00753524
PMBB3133119397755	0	51.1	2611.21	1	1	-0.0133408	0.000297247	-0.00226191
PMBB3133758986500	0	65.3	4264.089999999999	2	1	0.000106382	-0.00123327	0.00753085
PMBB3134086231000	0	36.7	1346.89	2	3	-0.00416083	-0.000175058	-0.0111206
PMBB3134522402663	0	63.0	3969.0	1	3	-0.00113988	0.000742717	-0.00826375
PMBB3134880597198	0	63.2	3994.2400000000002	1	1	0.00632523	-0.0172668	-0.00609326
PMBB3135040257401	0	49.4	2440.3599999999997	2	1	0.00406023	0.0131633	0.00941159
PMBB3135372774725	0	22.1	488.4100000000001	2	1	0.00411357	-0.0015057	-0.00114241
PMBB3135537371638	0	46.6	2171.56	2	3	0.00663294	-0.00411479	-0.0114786
PMBB3136507164416	0	24.1	580.8100000000001	2	1	-0.0121122	-0.00184743	0.00104438
PMBB3137108834167	0	64.8	4199.04	2	2	0.00582071	-0.0143653	0.0128101
PMBB3138443211845	0	26.6	707.5600000000001	2	1	-0.00339091	-0.00672771	0.00188238
PMBB3140471480642	0	54.6	2981.1600000000003	1	1	-0.00302935	0.00556366	0.0026483
PMBB3140605486763	0	23.6	556.96	2	1	0.00222377	0.00455252	0.00372091
PMBB3142830223812	0	56.0	3136.0	1	1	0.00150316	0.0090245	-0.00404413
PMBB3143270898489	0	36.1	1303.21	2	1	0.0237699	0.00783654	0.00237602
PMBB3143681479218	0	65.6	4303.36	1	3	-0.00580679	0.00779347	0.00160892
PMBB3145718542346	0	24.8	615.0400000000001	1	1	-0.00105794	0.00775678	0.0207673
PMBB3147008571947	0	41.2	1697.4400000000003	2	1	-0.00576798	0.00635825	0.0210944
PMBB3148810983676	0	49.1	2410.81	2	1	0.0140926	-0.0180166	-0.0217306
PMBB3149889911466	0	56.9	3237.6099999999997	1	1	0.00182734	-0.00149275	-0.00535996
PMBB3151272071846	0	35.8	1281.6399999999999	2	1	0.0108367	-0.0056668	0.0245733
PMBB3152868377453	0	31.0	961.0	2	3	-0.00528788	0.00129122	0.00114083
PMBB3153292945222	1	76.3	5821.69	1	3	-0.0120057	-0.0028249	-0.00113401
PMBB3154007338203	0	59.6	3552.1600000000003	1	1	-0.0048372	-0.000260899	-0.00628782
PMBB3154010112495	0	45.1	2034.0100000000002	2	1	-0.0128384	0.00104949	0.00184536
PMBB3154983477800	0	31.6	998.5600000000001	2	1	-0.000623688	0.00838984	-0.0130836
PMBB3155223606452	0	30.4	924.16	2	1	-0.0053601	0.000825516	-0.00569293
PMBB3156092541964	0	21.3	453.69000000000005	2	1	-0.00530468	-0.0067816	-0.014365
PMBB3157068268499	0	46.2	2134.44	1	1	-0.00302574	-0.000552247	0.00335236
PMBB3158192827200	0	62.7	3931.2900000000004	2	1	-0.00657076	0.00484034	-0.0164087
PMBB3158420023070	0	52.6	2766.76	2	3	-0.00346044	-0.00785839	-0.00310799
PMBB3160649454445	0	31.3	979.69	2	2	-5.53112e-05	-0.00240701	0.0143964
PMBB3161462093429	0	33.1	1095.6100000000001	2	1	0.00302925	-0.00757173	0.010679
PMBB3161551608037	0	29.1	846.8100000000001	2	1	-0.0134372	0.000983438	-0.00289894
PMBB3163304765529	0	58.8	3457.4399999999996	1	1	-0.00431458	-0.00817282	0.00616724
PMBB3164170604095	0	57.7	3329.2900000000004	2	1	-0.00609265	0.00209606	0.0156152
PMBB3165425029115	0	38.0	1444.0	2	1	-0.00933419	0.00397548	-0.00465451
PMBB3165523477140	0	34.8	1211.0399999999997	2	1	0.00845216	0.00634755	-0.0152046
PMBB3165718064385	0	46.0	2116.0	2	3	-0.00274582	-0.00298903	0.00418036
PMBB3167656401922	0	27.8	772.84	1	1	-0.00721356	0.00776676	0.00631555
PMBB3168452393224	0	46.0	2116.0	2	1	-0.00189897	0.00964132	-0.00621354
PMBB3169095232581	0	61.2	3745.4400000000005	2	1	0.0095547	-0.0026702	0.0147605
PMBB3170360027859	0	33.9	1149.2099999999998	2	1	0.00205617	-0.00782793	-0.0120084
PMBB3170648483273	0	53.6	2872.96	1	3	0.000258841	-0.0062528	-0.0093472
PMBB3171194403236	0	52.5	2756.25	1	1	-0.0092646	0.00288725	-0.00971081
PMBB3171198106092	0	24.4	595.3599999999999	2	1	-0.000579255	0.00929103	-0.0135148
PMBB3171570414824	1	58.4	3410.56	2	1	0.0205386	-0.00151326	0.000731346
PMBB3172161968444	0	40.8	1664.6399999999999	2	1	-0.00829273	-0.00272732	0.000924866
PMBB3173300528535	0	52.6	2766.76	1	1	0.00458209	0.00154217	-0.00195686
PMBB3173314063370	0	45.0	2025.0	1	1	-0.00929949	0.000674426	-0.000322928
PMBB3173918271001	0	47.3	2237.2899999999995	2	1	-0.00193775	0.00442097	0.0022258
PMBB3173977377168	0	52.7	2777.2900000000004	1	1	0.00098065	-0.00960393	0.0056487
PMBB3174004427068	0	60.2	3624.0400000000004	1	3	-0.00186716	0.00473687	0.0111338
PMBB3174195188990	0	57.1	3260.4100000000003	2	1	-0.00356009	-0.0196199	0.000525796
PMBB3175673930713	0	28.6	817.96	2	1	-0.00434323	-0.00435002	0.00216964
PMBB3175696523859	0	64.8	4199.04	1	1	-0.000334317	-0.0180356	-0.00274707
PMBB3176071447889	1	45.4	2061.16	2	1	-0.000466616	0.00823664	-0.0114854
PMBB3178306684962	0	43.2	1866.2400000000002	1	1	0.0251452	-0.00439886	0.0210933
PMBB3178524987687	0	38.2	1459.2400000000002	2	1	-0.00662188	-0.017968	-0.00530112
PMBB3178818049094	0	39.9	1592.01	2	2	0.00212926	0.00158589	0.0070999
PMBB3179203678905	0	33.6	1128.96	2	1	-0.00782201	-0.00177429	-0.000427776
PMBB3179728833411	0	77.9	6068.410000000001	2	2	-0.00834317	0.00136835	-0.00258223
PMBB3180682656233	0	55.3	3058.0899999999997	1	1	-0.00618208	0.00277431	-0.00588918
PMBB3180691452869	0	34.3	1176.4899999999998	2	1	0.00294149	0.00405912	-0.00807088
PMBB3180700719423	0	35.1	1232.01	2	1	-0.00605477	-0.000312925	0.003947
PMBB3181868620356	0	55.4	3069.16	1	3	0.00702366	0.000590283	-0.0214571
PMBB3183141404402	0	51.4	2641.96	2	1	-0.0109947	0.000577766	0.00134378
PMBB3185291313298	0	65.6	4303.36	1	1	-0.00753344	0.00544116	-0.0116725
PMBB3185832563988	0	53.7	2883.6900000000005	2	1	-0.0081224	-0.00760911	-0.00561747
PMBB3187529253304	0	66.9	4475.610000000001	1	1	-0.00042412	0.00767336	-0.00494854
PMBB3189946210457	0	21.2	449.44	1	3	-0.00266224	-0.0127978	-0.000198893
PMBB3190322789945	0	72.6	5270.759999999999	1	2	-0.000438673	0.0110558	-0.00911499
PMBB3193411040292	0	57.1	3260.4100000000003	2	1	-0.00214199	-0.00214047	-0.00324899
PMBB3195225894374	0	23.0	529.0	1	2	0.0242177	-0.00534092	0.0179
PMBB3197926301809	0	51.2	2621.4400000000005	2	1	-0.00525042	-0.0132074	0.00202728
PMBB3198590681995	0	47.2	2227.84	1	1	-0.00273274	0.00937901	0.0030315
PMBB3200381486445	0	18.2	331.23999999999995	2	1	-0.00816877	0.00536296	0.00647076
PMBB3200544913313	0	32.0	1024.0	2	3	-0.00275927	-0.00136589	-0.00423387
PMBB3202137431961	0	35.0	1225.0	1	1	0.000954909	0.00242775	0.00446288
PMBB3204687348183	0	26.0	676.0	2	3	0.0106404	0.0034066	-0.00286197
PMBB3205593335563	0	74.1	5490.8099999999995	1	1	-0.00250026	0.00422201	0.0121981
PMBB3206970632912	0	63.3	4006.8899999999994	1	3	0.00460162	-0.000623728	0.00737961
PMBB3208115996007	0	46.0	2116.0	2	1	-0.00703502	0.00649828	-0.0112211
PMBB3209735680183	0	58.8	3457.4399999999996	1	2	-0.00650686	0.00583893	0.0142816
PMBB3210333575150	0	55.7	3102.4900000000002	2	1	-0.0113247	-0.000490392	-0.00378527
PMBB3212124303790	0	26.7	712.89	1	1	0.00239012	0.00901253	0.00296733
PMBB3212362666280	0	27.9	778.41	2	3	-0.00567599	0.00645049	0.0139095
PMBB3212871370745	0	68.2	4651.240000000001	1	1	-0.00764444	-0.00110177	-0.00206363
PMBB3213332967000	0	25.4	645.16	2	1	-0.00750685	0.00338135	0.00191574
PMBB3214943301720	0	65.9	4342.81	2	1	0.0015878	0.00790165	-0.0180624
PMBB3215182320991	0	73.1	5343.609999999999	1	1	-0.00453916	0.00761444	-0.00841617
PMBB3216924853600	0	47.4	2246.7599999999998	2	3	0.00118362	-0.00243046	0.0142641
PMBB3217465111458	0	53.3	2840.89	2	1	-0.00688446	0.00608931	-0.00744066
PMBB3217653524646	0	25.6	655.3600000000001	2	1	0.00433381	0.0130596	-0.0103855
PMBB3221003395437	0	80.2	6432.040000000001	1	1	-0.00589068	0.00503161	0.000716434
PMBB3221003441332	0	70.9	5026.81	2	1	0.00585534	0.00487752	0.00421658
PMBB3221491637776	1	74.4	5535.360000000001	1	3	-0.00922171	0.00207042	-0.000125599
PMBB3221731416703	0	41.6	1730.5600000000002	2	1	0.00341509	-0.00238425	-0.0169195
PMBB3221956729711	0	28.6	817.96	2	1	-0.00204055	0.000237031	-0.00774783
PMBB3222425668004	0	75.5	5700.25	1	1	-0.0069024	0.00444404	-0.00133677
PMBB3229906857746	0	41.5	1722.25	1	1	-0.00581629	0.00262755	-0.00540018
PMBB3231381373246	0	59.6	3552.1600000000003	1	1	-0.00535657	0.00842673	0.000529483
PMBB3231604499802	0	31.4	985.9599999999999	2	1	-0.00725571	0.00380905	-0.00256737
PMBB3231880237298	0	18.8	353.44000000000005	2	1	-0.00180752	-0.00544354	-0.00294612
PMBB3233283900758	0	30.0	900.0	2	3	-0.00220211	0.00179602	0.00865467
PMBB3233575873738	0	34.1	1162.8100000000002	2	1	0.0234949	0.0101075	0.0189795
PMBB3234443267889	0	19.2	368.64	2	1	0.00320835	0.00981164	-0.0137926
PMBB3234548785048	0	40.8	1664.6399999999999	2	1	-0.00571389	0.00308334	0.00667061
PMBB3236344707992	0	53.7	2883.6900000000005	2	1	-0.00249836	-0.00696027	0.00615386
PMBB3237387762067	0	51.5	2652.25	1	1	-0.00282846	-0.00131174	-0.0171456
PMBB3237429610529	1	62.3	3881.2899999999995	2	1	-0.00153987	0.00794852	-0.0155275
PMBB3240918802674	0	39.3	1544.4899999999998	2	1	-0.00414989	0.00896792	-0.0120358
PMBB3241553623447	0	25.6	655.3600000000001	2	1	-0.00732105	0.00310973	0.00103652
PMBB3241779007295	0	30.3	918.09	2	1	-0.000361649	-0.0209219	0.0024702
PMBB3242261022112	0	22.7	515.29	1	3	0.00762934	0.00381866	-0.0158681
PMBB3242724302645	0	37.5	1406.25	2	1	0.0207506	0.00461528	0.00175227
PMBB3244872584951	0	61.1	3733.21	1	1	-0.00377541	0.00512196	-0.0057578
PMBB3245304226022	0	53.8	2894.4399999999996	2	1	0.0219873	0.00176361	0.00465527
PMBB3245539190754	0	47.7	2275.2900000000004	2	1	0.0301567	-0.000876917	-0.000612966
PMBB3248081594043	0	77.0	5929.0	1	3	0.0155042	0.0105036	-0.00788664
PMBB3248431903872	0	61.6	3794.5600000000004	1	1	-0.00660814	0.00388803	-0.00683204
PMBB3251064348572	0	26.6	707.5600000000001	2	3	-0.00247082	0.00590114	0.00406648
PMBB3251652262688	0	56.6	3203.56	2	1	-0.00200513	0.003797	0.00379921
PMBB3252355882290	0	67.2	4515.84	1	1	-0.012179	-0.000377304	0.000360841
PMBB3252417972956	0	19.9	396.00999999999993	2	1	0.0222294	-0.00404775	0.0095333
PMBB3253347551661	0	50.1	2510.01	2	1	-0.0041067	0.00463372	0.00882278
PMBB3253540289061	0	49.7	2470.09	2	3	-0.00911746	-0.000425559	0.00836839
PMBB3254305569277	0	66.2	4382.4400000000005	1	3	-0.00773958	0.00137962	0.00235861
PMBB3255601136610	0	65.5	4290.25	2	1	-0.00191106	0.000349642	-0.00777081
PMBB3257129698220	0	53.1	2819.61	1	1	0.00356542	0.00494539	-0.00509442
PMBB3259604633301	0	26.4	696.9599999999999	2	3	0.00106008	-0.00600107	0.00412046
PMBB3260601539474	0	27.7	767.29	2	1	-0.00218915	-0.00903052	-0.00458044
PMBB3260743404806	0	46.1	2125.21	2	1	0.00970322	-0.00109869	-0.00483554
PMBB3260825724330	1	83.7	7005.6900000000005	1	1	-0.00859534	-0.00116264	-0.00122702
PMBB3262491186302	0	70.6	4984.359999999999	1	1	-0.00283925	0.000225639	0.00127201
PMBB3263027843411	0	70.9	5026.81	1	1	-0.00269229	0.000533215	0.00194279
PMBB3263229506257	0	65.0	4225.0	1	1	-0.00356761	0.00814042	0.0132626
PMBB3264142202104	0	69.2	4788.64	2	1	-0.00535891	0.00677416	0.00431416
PMBB3264148362507	0	53.3	2840.89	1	1	-0.00513333	0.00336448	0.0126837
PMBB3264471778957	0	70.7	4998.490000000001	1	1	-0.00381853	0.00854732	-0.00632511
PMBB3265096775272	0	58.4	3410.56	1	3	-0.0041889	-0.00264422	-0.00436711
PMBB3265936412591	0	56.8	3226.24	1	1	-0.0024584	-0.00118315	0.00371343
PMBB3266305293005	0	52.4	2745.7599999999998	2	3	-0.00617893	0.00318898	-0.00421943
PMBB3267074083132	0	42.1	1772.41	2	3	-0.00744134	-0.00309308	-0.0029366
PMBB3267154696621	0	20.1	404.01000000000005	1	1	0.00328962	-0.00597326	0.00564071
PMBB3269028365041	0	39.3	1544.4899999999998	2	3	-0.00792219	0.00239491	0.00572212
PMBB3269034005773	0	23.5	552.25	2	1	-0.00919132	0.00216611	-0.000582446
PMBB3271666749930	0	49.6	2460.1600000000003	1	1	-0.00704388	0.00616402	0.00249454
PMBB3272197150469	0	69.8	4872.04	2	1	0.0137499	0.00190666	0.00294532
PMBB3274069788986	0	54.7	2992.09	1	3	0.0060547	0.00173577	0.0163433
PMBB3275554551562	0	48.7	2371.69	2	3	-0.00278986	0.0102853	-0.00670614
PMBB3275641158380	0	47.2	2227.84	1	1	0.00420235	-0.00987499	0.0188654
PMBB3275746799079	0	88.5	7832.25	2	1	0.0207362	-0.00650594	0.00478875
PMBB3276070662215	0	52.8	2787.8399999999997	2	1	-0.00740343	0.00667784	-0.0034121
PMBB3276497309210	0	45.8	2097.64	1	3	0.000743933	-0.00191036	-0.000905824
PMBB3276561759439	0	45.4	2061.16	2	1	0.0239291	-0.000869312	0.00149504
PMBB3277242470224	0	77.1	5944.409999999999	1	1	0.0167769	-0.00045254	0.00492885
PMBB3277902625518	0	48.3	2332.89	1	1	-0.00441114	0.0103231	0.00976797
PMBB3278662057424	0	74.8	5595.04	2	3	-0.00507985	-0.00571235	0.000584206
PMBB3279488010401	0	68.7	4719.6900000000005	1	1	-0.0106653	-0.00121354	-0.00101236
PMBB3280605192616	0	48.2	2323.2400000000002	2	1	-0.00928567	0.000342534	0.000762054
PMBB3280854896805	0	37.0	1369.0	1	1	-0.00298511	0.00144659	-0.00207076
PMBB3282829362601	0	53.8	2894.4399999999996	2	1	0.00285067	0.00662554	0.00433143
PMBB3284387859080	0	65.1	4238.009999999999	1	1	0.00359381	0.00162923	-0.020167
PMBB3285005710396	0	56.9	3237.6099999999997	1	1	-0.00252434	0.00833603	0.0274957
PMBB3286194614691	0	21.7	470.89	2	1	0.0227223	0.00525176	-0.00199127
PMBB3291799984072	0	58.3	3398.89	1	2	0.00459596	-0.0166385	-0.013848
PMBB3292014727015	0	36.9	1361.61	1	1	0.00484009	0.00855111	-0.00282674
PMBB3293344510588	0	61.9	3831.6099999999997	2	3	-0.00397339	-0.0182183	0.00194792
PMBB3294056361285	0	68.7	4719.6900000000005	1	1	-0.00791219	0.00569274	0.0138545
PMBB3294811598308	0	48.0	2304.0	2	1	-0.00813088	0.0027538	-0.00114611
PMBB3296216713766	0	57.9	3352.41	2	1	-0.00297407	0.0157192	-0.0118782
PMBB3296613315523	0	58.8	3457.4399999999996	2	1	0.0107747	-0.0062128	-0.0186445
PMBB3298989799313	0	32.2	1036.8400000000001	2	3	-0.00562877	0.00278677	-0.00260068
PMBB3299858820681	0	52.7	2777.2900000000004	1	1	-0.00301447	-0.00251392	-0.000497865
PMBB3301317942771	0	51.2	2621.4400000000005	1	1	-0.00285164	0.00553486	0.00577815
PMBB3301704068241	0	53.3	2840.89	1	1	-0.00193884	0.00231594	-0.003427
PMBB3301943818138	0	64.3	4134.49	2	1	0.00208191	0.0132237	-0.015082
PMBB3302276016472	0	45.0	2025.0	2	1	0.00575571	-0.00961482	-0.00296937
PMBB3302330912722	0	27.0	729.0	2	3	-0.000370503	-0.00240094	0.00476351
PMBB3302694508317	0	71.3	5083.69	2	1	0.0112674	-0.0124819	0.00532336
PMBB3303109564822	0	31.6	998.5600000000001	2	1	-0.0122281	0.000340506	0.000840281
PMBB3303765288872	0	58.5	3422.25	2	1	-0.011455	0.00192554	0.000953275
PMBB3304759935541	0	55.6	3091.36	1	1	-0.00217453	0.0120077	-0.0112735
PMBB3306349690594	0	44.5	1980.25	1	1	0.00398889	-0.00555144	-0.01948
PMBB3306662826263	0	56.3	3169.6899999999996	2	1	-0.00592198	-0.00560047	0.000819126
PMBB3308491684991	0	49.5	2450.25	2	1	0.00547234	0.0130749	-0.0116416
PMBB3309276873012	0	40.6	1648.3600000000001	2	1	0.00345878	0.012104	-0.00160411
PMBB3309898354995	0	64.9	4212.010000000001	1	1	0.000965146	0.00174312	0.00139251
PMBB3310555505808	0	57.7	3329.2900000000004	2	1	-0.00178448	0.000989432	-0.00328654
PMBB3311552894810	0	82.3	6773.29	1	1	0.00306074	0.0183229	0.00244649
PMBB3312253084415	0	38.0	1444.0	2	1	0.00533237	0.0192537	-0.00730881
PMBB3312610804197	0	29.8	888.0400000000001	1	1	-0.00233649	-0.0187436	-0.00856724
PMBB3313656287209	1	51.7	2672.8900000000003	1	1	0.00226368	-0.000829462	-0.0122311
PMBB3314047323991	0	21.6	466.56000000000006	2	1	-0.00152148	0.0103938	-0.00452185
PMBB3314741625253	0	42.5	1806.25	2	1	0.00239359	0.00488204	-0.00786586
PMBB3315021135184	0	65.7	4316.490000000001	2	2	0.00814354	-0.015428	-0.000196636
PMBB3315678583294	0	63.2	3994.2400000000002	2	1	-0.00583498	0.00862984	-0.0115624
PMBB3316052842432	0	52.0	2704.0	1	1	0.00884343	-0.00901406	0.00134215
PMBB3316799326860	0	57.0	3249.0	1	1	0.00316588	-0.00285514	0.0098413
PMBB3317217599830	0	68.5	4692.25	2	1	0.00717137	-0.0246134	0.00331299
PMBB3317995158591	0	36.4	1324.9599999999998	1	1	0.00248734	0.00491909	-0.00254987
PMBB3318333529072	1	67.9	4610.410000000001	2	1	-0.00523448	-0.00257273	-0.00257184
PMBB3318781328911	0	27.8	772.84	2	1	0.00289367	0.0116981	-0.00698788
PMBB3319059235584	0	54.3	2948.49	1	1	-0.00743787	-0.00484004	0.000931085
PMBB3319484825739	0	72.5	5256.25	1	3	-0.00494471	0.00748049	-0.0040752
PMBB3319932753691	0	67.1	4502.409999999999	2	1	0.00101627	0.00913845	-0.0024308
PMBB3320824166210	0	62.1	3856.4100000000003	1	1	0.014156	0.00958338	-0.0114733
PMBB3321128494808	0	47.2	2227.84	2	1	0.00546217	0.00726351	0.000491974
PMBB3321500140471	0	67.9	4610.410000000001	1	1	-0.0098382	1.37704e-05	-0.00295338
PMBB3322028532375	0	49.1	2410.81	2	1	-0.00616484	-0.00320744	0.00148215
PMBB3322970597935	0	21.1	445.21000000000004	2	1	0.0128609	-0.0117677	0.0126254
PMBB3324844047344	0	63.9	4083.21	1	1	-0.00224231	0.00190356	0.000662618
PMBB3324918743829	0	51.9	2693.6099999999997	2	1	-0.0058725	-0.00119974	-0.0134624
PMBB3326055196276	0	52.5	2756.25	1	1	0.00135239	0.00599973	-0.00416206
PMBB3326310932649	0	21.8	475.24	2	3	-0.0130458	-0.00014186	0.0021518
PMBB3326997836112	0	44.6	1989.16	1	1	-0.00875887	-0.00380087	0.000397901
PMBB3327830973939	0	58.1	3375.61	1	1	0.0114847	-0.000598007	0.00693617
PMBB3329448237495	0	36.6	1339.5600000000002	1	1	-0.00443556	-0.00830809	0.0126975
PMBB3329765718902	0	68.0	4624.0	1	1	-0.00561796	0.00437924	-0.00464032
PMBB3331939382938	0	32.0	1024.0	2	3	0.0014081	-0.00313356	0.00192198
PMBB3331964442062	0	55.3	3058.0899999999997	1	1	-0.00144801	0.00723063	0.0102947
PMBB3333630853113	0	30.9	954.81	2	1	-0.00586989	-0.00450683	-0.00229396
PMBB3334282218472	0	48.6	2361.96	2	1	-0.00187878	0.00622502	-0.00898888
PMBB3334431001783	0	66.8	4462.24	2	3	-0.0052647	-0.00101007	-0.00500499
PMBB3334455035006	0	47.4	2246.7599999999998	2	1	-0.00518879	0.00747248	-0.00483428
PMBB3335932034121	0	53.9	2905.21	1	1	-0.00090734	-0.0029043	-0.0040825
PMBB3339207072048	0	34.2	1169.64	2	1	-0.00131231	0.000380303	0.00454764
PMBB3340275249056	0	31.2	973.4399999999999	1	1	-0.00773057	-0.00775641	-0.00220821
PMBB3342898200278	0	44.5	1980.25	1	1	0.0105636	0.0164471	0.0135711
PMBB3342960335450	0	26.8	718.24	2	3	-0.00202651	0.00184484	0.0121278
PMBB3344582687669	0	46.1	2125.21	2	3	0.00194684	-0.000286069	-0.0211825
PMBB3344823092362	0	53.2	2830.2400000000002	2	3	-0.000188553	0.000402467	-0.00523678
PMBB3344838728461	0	20.4	416.15999999999997	1	1	0.0133506	-0.00819167	0.0137901
PMBB3346268359508	0	50.5	2550.25	2	1	-0.00168975	-0.0199119	0.00561848
PMBB3348971117575	0	70.3	4942.089999999999	2	1	-0.00336293	-0.0185423	-0.00212239
PMBB3349753329221	0	46.1	2125.21	2	1	-0.00362031	0.0036221	0.00752711
PMBB3350815395722	0	89.0	7921.0	1	1	-0.00574975	-0.000679738	0.00716645
PMBB3351809959696	0	25.2	635.04	2	1	-0.000378916	-0.0194609	0.00154411
PMBB3352057815204	1	53.3	2840.89	2	1	-0.00481776	0.00602967	0.00598329
PMBB3354590902347	0	52.9	2798.41	2	3	-0.00376969	-0.00718351	-0.00825299
PMBB3355719334561	0	54.7	2992.09	1	1	-0.00495315	0.00211983	-0.00531827
PMBB3355836032869	1	69.5	4830.25	2	1	-0.0053408	-0.00167061	0.00440074
PMBB3356203502364	0	31.2	973.4399999999999	2	1	-0.00595127	0.00341463	0.00366628
PMBB3356816412458	0	66.8	4462.24	2	1	-0.00846159	-0.000177039	-0.00107007
PMBB3357902493318	0	76.2	5806.4400000000005	2	1	0.00351757	0.0105086	0.00723148
PMBB3358987010608	0	67.3	4529.29	2	1	0.00144432	-0.00620378	-0.00802875
PMBB3359170902112	0	71.9	5169.610000000001	1	1	0.00203228	0.0137977	-0.00940309
PMBB3359213123646	0	29.1	846.8100000000001	2	1	0.0254142	0.00645746	-0.00842984
PMBB3360620128941	0	38.2	1459.2400000000002	1	2	0.000788659	0.00278569	0.0209932
PMBB3362850017049	1	64.2	4121.64	2	1	-0.00946508	-0.0014557	-0.00337403
PMBB3364083041729	0	19.5	380.25	1	1	-0.00904647	-0.000262279	0.000551312
PMBB3364668447003	0	63.3	4006.8899999999994	1	1	-0.000644882	0.010216	-0.0189244
PMBB3365099253794	0	73.5	5402.25	2	1	0.00336689	-0.0032154	-0.00276936
PMBB3365113160623	0	43.0	1849.0	2	1	0.0132715	-0.00423179	-0.0120314
PMBB3365529657182	0	68.0	4624.0	2	1	-0.00114904	-0.00334752	0.0075686
PMBB3365840665722	0	25.2	635.04	2	1	0.00467353	0.00454306	0.00682541
PMBB3366084424925	1	65.1	4238.009999999999	1	1	-0.00267764	-0.00892464	0.00132242
PMBB3366201225196	0	55.6	3091.36	2	1	0.00666294	0.00367317	-0.0102682
PMBB3366569106710	0	49.1	2410.81	1	1	0.00667341	-0.00606311	0.0222733
PMBB3368882279180	0	34.0	1156.0	2	3	-0.00804307	-0.0100825	0.00110538
PMBB3369367798344	0	87.2	7603.84	1	1	0.0155419	-0.024518	-0.00242931
PMBB3371216499217	0	32.9	1082.4099999999999	2	1	-0.00237421	-0.00395268	-0.002097
PMBB3371323345225	0	36.2	1310.4400000000003	2	1	0.0097889	-0.0123633	-0.00351775
PMBB3374282363967	0	57.1	3260.4100000000003	2	2	-0.00334611	0.00842922	-0.00818091
PMBB3376714337850	1	53.5	2862.25	2	1	-0.00501441	-0.00216371	0.000115977
PMBB3377615111134	0	30.7	942.49	2	3	-0.00419109	-0.00252899	-0.000511832
PMBB3378749167119	0	29.8	888.0400000000001	1	1	-0.00284793	0.0037953	-0.00264117
PMBB3379183374046	0	24.6	605.1600000000001	2	2	-0.0132947	-0.0011045	-0.00304815
PMBB3380198802864	0	55.0	3025.0	1	1	-0.00669884	0.00413038	0.00170128
PMBB3380493668624	0	52.3	2735.2899999999995	1	1	0.00123211	0.00662311	0.000884862
PMBB3381359702200	0	72.7	5285.29	2	1	-0.00539824	0.00266694	0.0107411
PMBB3381482575750	0	32.5	1056.25	2	1	-0.00106348	-0.0045251	-0.00439038
PMBB3382352822879	0	28.9	835.2099999999999	2	1	-0.00636326	0.00647623	0.0032645
PMBB3382895339031	0	66.8	4462.24	1	1	-0.00617885	0.00339593	0.00262541
PMBB3384050223073	0	55.2	3047.0400000000004	2	1	-0.00145528	-0.000764957	-0.00531437
PMBB3385157149558	0	27.6	761.7600000000001	2	1	0.00807072	-0.00122121	0.0165539
PMBB3385734794283	0	39.0	1521.0	2	1	-0.00177185	0.00158539	-0.00476201
PMBB3386436316826	0	77.4	5990.760000000001	1	3	0.00377892	0.0024991	-0.00119896
PMBB3386922203709	0	45.0	2025.0	2	1	-0.000169461	0.00686671	-0.0044876
PMBB3387428025834	0	35.2	1239.0400000000002	1	1	0.0232735	0.00593799	0.0028659
PMBB3387694349227	0	40.4	1632.1599999999999	1	1	0.00601739	-0.0187173	0.00910486
PMBB3387832121886	0	61.4	3769.96	2	1	0.00211742	0.00839057	-0.00883236
PMBB3387968633631	0	69.5	4830.25	1	1	-0.00743245	0.00306865	0.00552913
PMBB3387982712849	0	35.1	1232.01	2	3	-0.009258	-0.00927457	0.0012694
PMBB3391663393914	0	23.3	542.89	2	1	-0.0017195	0.00220583	0.00876044
PMBB3391870678625	0	80.7	6512.490000000001	2	1	-0.0107958	-0.00413087	0.00287731
PMBB3391981161166	0	31.3	979.69	2	1	-0.00200626	0.00230364	-0.000733297
PMBB3392110011037	0	74.1	5490.8099999999995	1	1	-0.00205127	0.00161786	0.010018
PMBB3392336766841	0	18.0	324.0	2	1	-0.0131229	0.00221211	-0.000446863
PMBB3392676660354	0	24.3	590.49	2	1	-0.00237797	0.00625369	0.00201751
PMBB3393432573587	0	67.4	4542.760000000001	2	1	-0.0065933	-0.00411106	-0.00618956
PMBB3394012257207	0	50.1	2510.01	2	2	0.00741391	-0.00379881	0.00207922
PMBB3394282031668	0	57.0	3249.0	2	1	0.00487134	0.0113734	-0.00931226
PMBB3395932203210	0	65.8	4329.639999999999	1	1	-0.0020525	-0.0114381	0.0118604
PMBB3396703923396	0	58.6	3433.96	2	1	-0.00104371	-0.0144333	0.0104954
PMBB3398152728748	0	51.3	2631.6899999999996	1	3	-0.00858049	-0.00352357	-0.000489881
PMBB3398876294495	0	50.6	2560.36	1	1	-0.00303147	0.000140122	0.006683
PMBB3399637010470	0	39.7	1576.0900000000001	2	1	-0.00748067	6.07419e-05	-0.00147799
PMBB3400602495784	0	26.9	723.6099999999999	1	1	-0.00151924	0.0105881	-0.00267543
PMBB3400936503872	0	34.6	1197.16	2	3	-0.00258065	-0.00215567	0.00271189
PMBB3401097425612	0	64.4	4147.360000000001	2	3	-0.00271439	-0.00286123	0.00445162
PMBB3401479916265	0	41.0	1681.0	1	1	-0.00546338	-0.000133255	0.00505198
PMBB3402522382287	0	74.0	5476.0	1	1	-0.00829859	0.00126043	0.00450276
PMBB3405664597617	0	58.1	3375.61	1	1	-0.00541866	-0.00386236	-0.00833764
PMBB3406298512668	0	54.8	3003.0399999999995	2	1	0.0120861	-0.000358453	0.00266588
PMBB3407274682208	0	67.5	4556.25	1	1	0.00229219	-0.011004	0.00497893
PMBB3407699623259	0	58.9	3469.21	1	3	-0.00540112	0.00513269	-0.00157987
PMBB3408258673475	0	54.2	2937.6400000000003	2	1	-0.000632744	0.00991335	-0.00476733
PMBB3408421772944	0	62.5	3906.25	2	1	-0.00160681	0.00121868	-0.00852737
PMBB3409756168398	0	55.6	3091.36	1	1	-0.00077872	0.00905738	-0.00201332
PMBB3410698944040	0	60.3	3636.0899999999997	2	1	0.00266159	-0.0226748	0.0182636
PMBB3411566340427	0	61.5	3782.25	2	1	-0.00637706	0.00597005	-0.00219866
PMBB3411729516856	0	43.0	1849.0	2	1	-0.00621454	0.00500831	0.00136635
PMBB3412072421132	0	19.0	361.0	2	1	0.000847606	0.0046286	-0.00160835
PMBB3414651113393	0	55.8	3113.64	1	3	-0.00206212	-0.00969594	-0.0105115
PMBB3415384967561	0	59.6	3552.1600000000003	1	1	-0.0076781	0.00509746	-0.00831403
PMBB3419170350662	0	63.0	3969.0	2	1	-0.000567011	0.00233641	0.0122474
PMBB3419600248674	0	65.4	4277.160000000001	1	1	-0.000628193	0.00537023	0.00229543
PMBB3419740228450	0	47.9	2294.41	1	2	0.0232602	-0.00214541	-0.012517
PMBB3420403978602	0	67.7	4583.29	2	1	0.0108896	-0.00585825	-0.0265228
PMBB3421588726068	0	48.9	2391.21	1	1	0.011609	-0.000662494	0.0100132
PMBB3422346353723	0	27.9	778.41	1	3	0.0288552	0.0170925	0.00586794
PMBB3423965474570	0	37.2	1383.8400000000001	1	1	-0.00581991	0.00646099	0.00754337
PMBB3425672543806	0	46.7	2180.8900000000003	1	1	-0.0122241	-0.000649034	0.00028709
PMBB3426788528632	0	61.0	3721.0	1	1	-0.00464977	0.00589145	-0.00387144
PMBB3428468667835	0	72.4	5241.760000000001	2	1	-0.00821827	0.000610163	-0.0026879
PMBB3429344823413	0	35.1	1232.01	1	1	0.000892297	0.00479829	-0.00459206
PMBB3430200889440	0	76.3	5821.69	2	2	0.000191545	-0.0107639	0.00143184
PMBB3430835861018	0	21.4	457.9599999999999	2	1	0.00159735	0.00174537	0.00965088
PMBB3431030361846	1	78.0	6084.0	2	1	-0.00567919	-0.00241387	-0.00371232
PMBB3431099436395	0	63.6	4044.96	1	2	-0.000608633	0.00709054	-0.00567478
PMBB3432254741304	0	56.7	3214.8900000000003	2	1	-0.00261981	-0.00121224	0.00349804
PMBB3433416367082	0	67.5	4556.25	2	1	-0.00584033	0.00324171	-0.00792284
PMBB3433455585429	0	43.8	1918.4399999999998	1	1	-0.00215818	0.00828338	-0.00560857
PMBB3434290048866	0	64.1	4108.8099999999995	1	1	-0.00714622	0.00326124	0.00703891
PMBB3434680891859	0	58.2	3387.2400000000002	1	1	-0.00105519	-0.0287901	-0.000138336
PMBB3434832917828	0	25.7	660.49	1	1	-0.00371548	0.00916762	0.00982272
PMBB3435279562170	0	22.0	484.0	2	1	-0.0017676	0.0076755	-0.00580687
PMBB3436054135896	0	36.5	1332.25	2	3	-0.0081623	0.00404401	-0.00374543
PMBB3436308297889	0	62.0	3844.0	2	3	-0.00218529	0.00129707	0.00243712
PMBB3436375373580	0	67.0	4489.0	2	1	0.0117284	-0.000719397	0.00440158
PMBB3437398264361	0	72.3	5227.29	2	1	-0.00119101	-0.00544655	-0.00285081
PMBB3437728198348	0	39.4	1552.36	2	1	-0.00284729	-0.0107641	-0.0012124
PMBB3439595465383	0	53.0	2809.0	2	1	0.00113376	0.00608336	0.00238609
PMBB3440651845600	0	35.3	1246.0899999999997	2	3	0.00736252	-0.00792336	-0.00603624
PMBB3442405370339	0	56.5	3192.25	1	1	-0.006266	-0.00774238	-0.00333074
PMBB3442599178122	0	27.7	767.29	2	1	-0.00714609	0.00232082	0.0055056
PMBB3442610453460	0	54.0	2916.0	2	1	-0.000576454	0.00829235	0.0180722
PMBB3442663205958	1	83.8	7022.44	2	1	-0.0122016	-0.00032058	1.88319e-05
PMBB3442679483597	0	56.8	3226.24	1	1	0.00622307	0.000633134	-0.0100418
PMBB3443013244639	0	55.8	3113.64	2	2	0.0154381	0.00059626	0.00890594
PMBB3443797012925	0	40.1	1608.0100000000002	2	3	-0.00187705	-0.00627378	0.00383989
PMBB3443969163735	0	19.3	372.49	2	1	-0.00461969	0.00438498	0.00648001
PMBB3445281647375	0	37.1	1376.41	1	1	-0.00153338	0.00136956	0.00158767
PMBB3445532158557	0	52.1	2714.4100000000003	2	1	-0.00374379	0.0110022	-0.00941994
PMBB3446164984269	0	47.9	2294.41	2	3	-0.00628515	0.000322234	-0.0049197
PMBB3447352716655	0	65.5	4290.25	2	1	-0.00487952	-0.00829849	0.00550461
PMBB3448038986211	0	30.3	918.09	2	3	-0.0028295	-0.0191137	0.00209864
PMBB3448396472174	0	53.1	2819.61	1	1	-0.00423325	-0.000527021	0.00297168
PMBB3448936096502	0	49.0	2401.0	1	1	0.00133054	-0.0164132	0.000707604
PMBB3449896360073	0	26.1	681.21	1	1	0.00157181	-0.00355919	0.00522267
PMBB3450489013508	0	62.8	3943.8399999999997	1	1	0.0111405	-0.0181416	0.00251003
PMBB3450656385988	0	34.1	1162.8100000000002	2	1	-0.00128628	0.00993754	-0.0044312
PMBB3452221405751	0	75.6	5715.359999999999	2	3	0.0232164	0.00943781	0.00115276
PMBB3453393541204	0	47.3	2237.2899999999995	2	1	-0.00110253	-0.0126488	0.00284846
PMBB3453659652030	0	85.5	7310.25	2	1	-0.00636263	0.00350417	0.0100647
PMBB3454264999073	0	57.2	3271.84	2	1	-0.00721559	-0.00541246	-0.00277117
PMBB3455347050421	0	18.9	357.2099999999999	1	1	0.0161044	-0.00926222	-0.000961529
PMBB3455752499872	1	62.1	3856.4100000000003	2	1	0.0136248	-0.00103791	-0.00674706
PMBB3455945580594	0	29.2	852.64	2	1	-0.00599453	-0.00486126	-0.0021047
PMBB3457155608962	0	52.7	2777.2900000000004	2	1	-0.00472805	0.0076676	0.0143808
PMBB3460209092572	0	59.5	3540.25	2	1	0.00732353	0.00667455	0.00682739
PMBB3460286785816	0	65.7	4316.490000000001	2	1	-0.00811178	0.00308272	-0.00229434
PMBB3461268940997	0	44.4	1971.36	2	1	-0.001486	0.00189495	-0.00665861
PMBB3461753658323	0	20.0	400.0	2	1	-0.00123201	-0.0103553	0.00465573
PMBB3461867464800	0	67.4	4542.760000000001	2	1	-0.00871321	0.00228349	-0.00254344
PMBB3462076067492	0	58.6	3433.96	1	1	0.00595694	0.00389145	-0.0071539
PMBB3462917422357	0	72.0	5184.0	1	1	0.0131013	0.0162918	-0.00735825
PMBB3463443228102	0	35.4	1253.1599999999999	1	1	0.00324691	0.00130678	0.00282609
PMBB3466372503331	0	28.6	817.96	2	1	-0.000769167	-0.00208074	0.0182939
PMBB3466608976285	0	38.5	1482.25	1	1	-0.00408056	0.00712357	-0.0109861
PMBB3469558135288	0	38.5	1482.25	1	3	-0.0125648	-0.00103006	-0.000422809
PMBB3471067925697	0	22.1	488.4100000000001	2	1	-0.00241526	-0.00130398	-0.00334398
PMBB3471475005874	0	56.5	3192.25	1	3	-0.00863281	0.000691478	-0.00523528
PMBB3472221802686	0	67.3	4529.29	1	2	7.01331e-05	-0.0182812	0.00212886
PMBB3472995423313	0	62.4	3893.7599999999998	1	3	-0.00330903	-0.00141588	-0.0160913
PMBB3473379017926	0	55.1	3036.01	2	1	0.0135518	-0.00664889	0.0036637
PMBB3473909125929	0	32.3	1043.2899999999997	1	3	-0.00516512	-0.00248804	0.000554717
PMBB3473955761610	0	57.0	3249.0	1	1	-0.00350433	0.00461872	0.00895159
PMBB3474594581868	0	58.1	3375.61	2	1	0.0123152	-0.00925109	0.00524099
PMBB3475163733455	1	51.5	2652.25	2	3	0.00279253	-7.12435e-05	-0.00117603
PMBB3476022555842	0	49.8	2480.0399999999995	1	1	-0.000277557	0.00923067	0.0191078
PMBB3478423044920	0	26.5	702.25	2	2	-0.00440612	0.00934363	0.00316206
PMBB3478840600178	0	27.4	750.7599999999999	2	3	-0.0030856	0.00378051	0.00184049
PMBB3478913633768	0	45.3	2052.0899999999997	2	1	0.00340335	0.0117212	0.00746751
PMBB3479216418867	0	40.0	1600.0	1	1	0.00247208	-0.0266817	-0.006504
PMBB3479298940166	0	63.7	4057.6900000000005	1	1	0.0056168	0.0099946	-0.00665508
PMBB3480162146892	0	50.7	2570.4900000000002	2	1	-0.00539017	-0.00287133	0.00703001
PMBB3480698632760	0	62.6	3918.76	1	1	0.00889904	-0.000764311	0.004208
PMBB3481366323104	0	67.8	4596.839999999999	1	3	0.000177629	-0.0274264	-0.00030429
PMBB3482204109863	0	32.0	1024.0	2	1	-0.00383821	0.000929555	0.000537412
PMBB3482403196529	0	71.7	5140.89	2	1	-0.00589658	0.00602688	0.0107703
PMBB3482601214836	0	46.5	2162.25	2	1	0.0294304	-0.00128923	0.0154194
PMBB3483488096235	0	32.4	1049.76	2	3	-0.00403591	0.00280731	0.00186717
PMBB3483932615033	0	72.5	5256.25	1	1	0.00441658	-0.0114339	-0.00249279
PMBB3484173628446	0	31.0	961.0	1	1	-0.0129366	-0.00143672	0.00187228
PMBB3485016667489	0	72.8	5299.839999999999	2	1	0.00806883	0.0184999	-0.0239482
PMBB3486647224884	0	40.8	1664.6399999999999	2	1	-0.00608171	0.00238371	-0.00245916
PMBB3487610988502	0	46.0	2116.0	2	3	-0.00459994	0.00270306	0.0116789
PMBB3488386312862	0	39.6	1568.16	2	1	-0.00235555	0.00652944	-0.00759687
PMBB3488740926895	1	57.6	3317.76	2	1	-0.00878695	0.00246689	0.00373244
PMBB3489458416853	0	37.5	1406.25	2	3	0.00196338	0.00491978	-0.00238884
PMBB3489841928553	0	21.6	466.56000000000006	2	2	0.0104748	-0.0111307	-0.00145648
PMBB3490922793674	0	57.5	3306.25	2	1	-0.00570171	0.00472312	0.00751777
PMBB3491156227734	0	60.5	3660.25	1	1	-0.00597359	0.00179315	0.00492754
PMBB3491369497768	0	21.2	449.44	2	1	0.00380289	0.00653162	-0.00340185
PMBB3493157866055	0	25.1	630.0100000000001	1	3	-0.000514341	-0.00110946	-0.0116056
PMBB3494454624495	0	46.3	2143.6899999999996	2	1	-0.00903113	0.00253421	0.0120579
PMBB3496023346019	0	29.2	852.64	2	1	0.0208014	-0.00733198	-0.00319956
PMBB3496868559215	0	62.1	3856.4100000000003	1	1	-0.00574628	0.00642782	-0.00168829
PMBB3498090566055	0	56.7	3214.8900000000003	1	1	-0.00492757	0.000628788	0.00513064
PMBB3500027346250	0	27.1	734.4100000000001	2	1	0.000972368	0.00507691	-0.0115412
PMBB3500789519580	0	24.4	595.3599999999999	2	1	0.0257658	-0.00243822	0.00759201
PMBB3502685296805	0	47.1	2218.4100000000003	2	1	0.026314	0.0073762	0.00783009
PMBB3504591702306	0	23.5	552.25	2	3	-0.00982578	0.00189466	-0.00107972
PMBB3507017541772	0	23.2	538.24	2	3	-0.00282469	0.00317058	0.00382018
PMBB3507551822984	0	66.9	4475.610000000001	1	1	-0.00781112	-0.0046319	0.000984639
PMBB3508068287978	0	23.8	566.44	2	3	-0.00371663	0.00343312	-0.00451802
PMBB3508147878839	0	71.5	5112.25	2	1	0.0122568	0.00213108	-0.00651527
PMBB3508428674839	0	53.2	2830.2400000000002	1	1	-0.00387662	-0.0167084	-0.000541261
PMBB3510436664308	0	27.4	750.7599999999999	2	1	0.00896657	-0.015343	0.00611788
PMBB3511220727810	0	40.1	1608.0100000000002	1	3	0.00588305	0.00166309	-0.00365071
PMBB3512964673108	0	27.5	756.25	2	3	-0.00568438	0.00351334	0.00263662
PMBB3513728702538	0	47.9	2294.41	2	1	-0.00647321	0.00149121	-0.00191015
PMBB3513981006727	0	40.8	1664.6399999999999	2	1	0.0021593	-0.00806653	0.00792563
PMBB3514845661614	0	69.7	4858.09	2	3	-0.00401401	0.00575152	0.00147973
PMBB3516361734693	0	43.5	1892.25	2	1	0.00878853	-0.00814677	0.0106539
PMBB3516377583472	0	50.6	2560.36	1	1	0.00446914	-0.0240295	0.0112013
PMBB3517232064388	0	63.4	4019.56	1	3	-0.00685607	-0.0175927	-0.00285583
PMBB3517663780784	0	55.7	3102.4900000000002	2	1	0.00130355	0.00615468	-0.00716148
PMBB3517776906400	0	72.7	5285.29	2	3	-0.00480581	0.00063897	0.00726143
PMBB3517828422501	0	30.4	924.16	1	1	0.00665163	-0.0234155	6.79367e-05
PMBB3518476657452	0	44.4	1971.36	2	3	0.0206175	0.00918861	-0.0110617
PMBB3518849313269	0	39.7	1576.0900000000001	2	1	0.00371467	0.00833359	-0.00839867
PMBB3519045255210	0	52.5	2756.25	1	1	-0.0123817	0.000843188	-0.00347612
PMBB3519897439442	0	63.0	3969.0	1	1	-0.00286395	0.00781238	0.00781534
PMBB3520292593882	0	67.6	4569.759999999999	2	1	-0.00435878	-0.00529525	-0.00373463
PMBB3520952856043	0	28.3	800.89	1	3	-0.0105675	0.000178712	2.96501e-05
PMBB3523664186432	0	27.7	767.29	2	1	0.00199907	-0.00120161	0.00654947
PMBB3524292022137	0	65.9	4342.81	2	1	-0.00326201	0.00206448	-0.00272409
PMBB3525809119996	0	57.6	3317.76	1	1	-0.00292448	-0.000403034	0.00280741
PMBB3527271727623	0	67.4	4542.760000000001	2	1	-0.0115252	-0.000953004	-0.00316929
PMBB3527838697470	0	54.6	2981.1600000000003	2	1	-0.00440326	-0.0151174	0.00602084
PMBB3529573468771	0	49.7	2470.09	2	1	-0.00104917	0.00704185	-0.008368
PMBB3530192552594	0	47.3	2237.2899999999995	1	1	-0.00457338	0.00329722	-0.00733507
PMBB3530410645887	0	28.6	817.96	2	3	0.00375612	0.00079796	0.00589403
PMBB3531511539072	0	63.8	4070.4399999999996	2	1	0.00277953	0.000499184	0.00149611
PMBB3531684314283	0	50.4	2540.16	1	1	-0.00240276	-0.00648616	0.000533535
PMBB3531724719457	0	29.9	894.0099999999999	2	3	0.0224806	0.000655719	-0.0109956
PMBB3534609775665	0	35.1	1232.01	1	1	-0.00373157	0.00782273	0.00476152
PMBB3535937267105	0	49.1	2410.81	2	1	-0.00694861	0.00179651	0.00286734
PMBB3536165633922	0	51.6	2662.56	1	1	-0.00694892	-0.00258675	0.0001098
PMBB3536667449818	0	54.1	2926.81	2	3	-0.0003008	0.0104873	-0.00312802
PMBB3537185156288	0	64.6	4173.159999999999	1	2	-0.00659774	0.00310839	0.00575095
PMBB3539634823474	0	26.3	691.69	1	1	-0.00195109	0.00330415	-0.00966879
PMBB3540824698155	0	60.9	3708.81	1	1	0.0162179	0.0111319	-0.00168826
PMBB3541385128298	0	66.4	4408.960000000001	1	3	-0.00381461	-5.37401e-05	0.0181493
PMBB3542574515274	0	62.8	3943.8399999999997	1	2	-0.00657274	0.00205817	0.000540567
PMBB3542911979728	0	63.9	4083.21	2	1	-0.00747693	-0.000963902	0.0109979
PMBB3544196250085	0	24.2	585.64	2	3	0.0036944	-0.00238092	-0.00492427
PMBB3544671779681	0	50.9	2590.81	2	1	-0.00264193	-0.00367812	5.94905e-05
PMBB3545828992488	0	66.2	4382.4400000000005	2	3	-0.00859729	0.0050202	-0.00068644
PMBB3548403433424	1	63.2	3994.2400000000002	2	1	-0.0049928	-0.0027349	-0.0164013
PMBB3549166107418	0	53.7	2883.6900000000005	2	1	-0.00280635	0.00261611	0.00626434
PMBB3549198412175	0	39.4	1552.36	1	1	-0.0129215	-0.00203602	-0.00029593
PMBB3552737275231	0	45.0	2025.0	1	1	-0.0030521	0.00650955	-0.00096956
PMBB3557612910341	0	69.8	4872.04	2	1	-0.00472247	0.00493029	-0.0046092
PMBB3558225612191	0	42.8	1831.8399999999997	2	1	0.00916031	-1.74686e-05	0.0119665
PMBB3558395290653	0	40.3	1624.0899999999997	2	1	-0.00244129	-0.00544958	0.00675466
PMBB3559203079949	0	38.8	1505.4399999999998	1	1	0.0145048	-0.00296736	-0.0237268
PMBB3559558289756	0	46.0	2116.0	1	1	-0.00102681	0.0105176	0.00190165
PMBB3559866743627	0	29.6	876.1600000000001	2	2	-0.0127494	-0.000139827	-0.00230839
PMBB3561344493894	0	57.5	3306.25	2	1	-0.00021608	-0.0125866	-0.00102572
PMBB3561670001214	0	39.8	1584.0399999999997	2	3	-0.00297481	0.00339197	0.00227792
PMBB3562417805795	0	47.7	2275.2900000000004	1	3	0.0255733	0.000916085	-0.0136987
PMBB3564831600578	0	32.9	1082.4099999999999	2	1	-0.00698077	0.00180641	0.00194746
PMBB3566098884085	0	30.1	906.0100000000001	1	1	0.000496384	-0.0128393	-0.00889833
PMBB3567097798077	0	63.2	3994.2400000000002	2	1	0.00862959	0.0134082	0.00593164
PMBB3567629113543	0	67.7	4583.29	1	3	0.00185614	-0.00655316	-0.0135019
PMBB3570187715264	0	81.0	6561.0	1	1	0.0088282	-0.00100566	-0.00261921
PMBB3571153400110	0	24.9	620.0099999999999	2	3	-0.00574248	4.57893e-05	0.0069839
PMBB3571773523809	0	63.7	4057.6900000000005	2	1	0.00106074	0.0102674	-0.012315
PMBB3571802713159	0	39.2	1536.6400000000003	2	3	-0.00371175	0.00305275	-0.0105216
PMBB3575461402903	0	28.7	823.6899999999999	2	1	-0.000730536	0.0083815	0.00111831
PMBB3576177339908	0	44.5	1980.25	2	1	0.00296397	-0.0062092	0.00603604
PMBB3580688984611	0	25.9	670.81	2	1	-0.00489455	-0.00545859	-0.000299326
PMBB3582402845126	0	46.5	2162.25	2	3	-0.00131711	0.0110169	0.0153718
PMBB3582416668212	0	64.1	4108.8099999999995	2	1	-0.00778701	0.0036706	-0.00451611
PMBB3582514718470	0	59.1	3492.81	2	3	0.011774	0.0157022	0.0108869
PMBB3582629450806	1	58.4	3410.56	2	3	-0.0048788	0.000187009	0.0136679
PMBB3582798100505	0	32.5	1056.25	2	1	-0.00674679	-0.00210418	0.0011119
PMBB3582806397043	0	56.6	3203.56	2	1	-0.00595554	0.00430111	0.0104962
PMBB3582894848152	0	91.0	8281.0	2	3	-0.0053743	-0.0101628	0.00335079
PMBB3582897867002	0	40.4	1632.1599999999999	2	1	-0.000113765	0.00635212	-0.000746422
PMBB3583229335496	1	73.3	5372.889999999999	1	1	-0.000512001	0.0100657	-0.00419008
PMBB3584277015928	0	60.3	3636.0899999999997	1	1	-0.00430619	0.00192478	0.00272865
PMBB3585387865515	1	63.1	3981.61	2	1	-0.00583583	0.00772677	-0.0104197
PMBB3586024016112	0	49.0	2401.0	1	1	0.00818937	0.00571062	0.00784981
PMBB3587206504598	0	30.7	942.49	2	1	0.00485195	-0.0108231	-0.00433162
PMBB3587560060847	0	37.4	1398.76	2	3	-0.0067665	0.000515555	0.00347511
PMBB3587608871203	0	58.6	3433.96	2	1	-0.00122484	0.0103271	-0.00834314
PMBB3588445084990	0	59.6	3552.1600000000003	1	3	-0.000653878	-0.0156141	-0.00365588
PMBB3591448775774	0	49.5	2450.25	1	1	0.00902364	-0.0243018	0.00381783
PMBB3592054883874	0	31.4	985.9599999999999	2	1	-0.00580074	-0.00629975	-0.00963118
PMBB3593108276784	0	55.6	3091.36	1	1	-0.00782527	0.00110135	0.00729998
PMBB3593174384043	1	64.0	4096.0	2	2	-0.00893936	0.00106112	-0.000156218
PMBB3593548392169	1	71.1	5055.209999999999	1	1	0.000351921	0.00781098	0.00474253
PMBB3593946585567	0	65.2	4251.04	2	1	-0.00619927	0.00347572	-0.0227952
PMBB3594010201747	0	26.7	712.89	2	3	0.0110612	0.00870169	0.0160856
PMBB3595198649097	0	74.9	5610.010000000001	2	1	0.0065671	0.0119233	-0.0231802
PMBB3595258319935	0	69.1	4774.8099999999995	1	1	0.0115827	-0.0256871	0.0105766
PMBB3595608435150	0	46.8	2190.24	2	1	-0.00680986	0.00417399	-0.00262218
PMBB3596339843953	1	76.4	5836.960000000001	2	1	0.00377554	-0.00318883	-0.0110687
PMBB3596564204206	0	61.9	3831.6099999999997	1	2	-0.00465584	-0.000115294	-0.000783629
PMBB3596757159768	0	40.7	1656.4900000000002	2	1	0.000121101	-0.00170948	-0.00262246
PMBB3597969148082	0	31.8	1011.24	2	1	-0.00559322	0.00781877	-0.00711069
PMBB3598051859324	0	67.2	4515.84	1	1	-0.0016343	0.00290499	-0.00312142
PMBB3599870947289	0	68.7	4719.6900000000005	2	1	-0.00612933	0.000470592	0.00368768
PMBB3601053435679	0	45.8	2097.64	1	1	-0.000901958	0.000695728	-0.0046987
PMBB3601328750676	0	26.6	707.5600000000001	2	1	0.00343846	-0.0179065	0.00129096
PMBB3601533190342	0	38.0	1444.0	2	3	-0.00211962	0.0120958	-0.00249192
PMBB3602863300413	0	35.6	1267.3600000000001	2	1	-0.0114649	0.000205506	0.00130817
PMBB3603662622504	0	62.0	3844.0	1	3	-0.00489462	0.00411521	-0.00571749
PMBB3604135044168	0	47.7	2275.2900000000004	2	1	-0.00763453	-0.011488	-0.00217311
PMBB3604151900418	0	32.3	1043.2899999999997	1	1	-0.00268771	0.00609486	0.0019891
PMBB3604355736977	0	55.3	3058.0899999999997	2	3	-0.00351469	0.00485303	-0.00174784
PMBB3604623228783	0	63.1	3981.61	1	1	0.00919487	0.0045875	0.0193919
PMBB3604717710244	0	61.7	3806.8900000000003	1	3	-0.00726398	0.0063482	-0.0133513
PMBB3606054613481	0	51.2	2621.4400000000005	1	1	-0.00512992	-0.00944736	-0.0126201
PMBB3607912862250	0	32.9	1082.4099999999999	2	1	0.000850161	0.00616525	0.00036169
PMBB3609370296606	0	54.7	2992.09	2	1	-0.00326314	0.00573986	0.0020734
PMBB3610409868616	0	68.9	4747.210000000001	2	3	-0.00389052	0.00688494	0.000328164
PMBB3610500745169	0	56.8	3226.24	2	1	0.000990804	0.0009623	0.008881
PMBB3610691478125	0	66.0	4356.0	1	1	0.00749938	9.28865e-05	-0.0105292
PMBB3611267300298	0	40.7	1656.4900000000002	2	1	-0.00530338	0.00797084	-0.013746
PMBB3611826869869	0	54.1	2926.81	1	3	-0.00110677	0.00219024	-0.000404428
PMBB3611884986897	0	29.7	882.0899999999999	1	3	0.0141222	-0.00821533	0.0153234
PMBB3613810970529	0	58.3	3398.89	1	1	0.0299652	0.00537133	-0.00135582
PMBB3614557811672	0	28.9	835.2099999999999	2	1	-0.00480888	0.00281563	-0.000395606
PMBB3616209274856	0	58.7	3445.6900000000005	1	1	0.0077462	0.00867298	-0.02277
PMBB3617196976539	0	25.7	660.49	2	1	-0.00248643	0.0037556	-0.0146943
PMBB3620141001598	0	36.6	1339.5600000000002	2	3	0.00416583	-0.00451611	0.00219768
PMBB3626531861327	0	72.4	5241.760000000001	1	3	0.00431887	0.00407113	-0.0189181
PMBB3627116075670	0	46.2	2134.44	2	1	0.00152274	-0.0121513	-0.00767989
PMBB3627731925785	0	34.3	1176.4899999999998	2	3	-0.000693686	0.00383221	-0.0076275
PMBB3630535147020	0	33.0	1089.0	2	1	-0.0101767	-0.000699883	0.00261135
PMBB3630634731690	0	59.8	3576.0399999999995	1	1	0.00259743	-0.0137203	0.00176275
PMBB3632961226645	0	33.6	1128.96	2	2	-0.0128632	-0.0032236	0.000460913
PMBB3633292748037	0	35.9	1288.81	2	1	0.00055139	-0.0021174	-0.00168848
PMBB3633411319827	1	75.2	5655.040000000001	1	1	-0.00358845	0.00831486	0.013829
PMBB3633891067133	0	33.4	1115.56	2	3	-0.00395879	0.011204	-0.00417886
PMBB3634471769323	0	59.1	3492.81	1	1	-0.00438293	-0.00335627	-0.00230144
PMBB3635734173742	0	27.8	772.84	1	3	0.00837427	-0.00323011	0.0148384
PMBB3636309087783	0	29.9	894.0099999999999	2	1	0.00291203	0.0128597	0.00710585
PMBB3638059467332	0	60.0	3600.0	2	1	-0.0101378	-0.000676644	0.000827014
PMBB3638061951696	0	30.8	948.6400000000001	2	1	-0.0052952	0.00307573	0.0014801
PMBB3638312624324	0	57.5	3306.25	1	1	-0.00369657	0.00998541	-0.011127
PMBB3638403294553	0	55.5	3080.25	1	1	0.00844861	-0.00161983	-0.0239057
PMBB3638552459551	0	52.8	2787.8399999999997	1	1	0.0011698	0.00452794	0.00292063
PMBB3639225504953	0	58.0	3364.0	1	1	-0.0054824	0.0064493	0.00325245
PMBB3639560409189	0	63.0	3969.0	1	3	0.0143861	-0.00528409	0.0241157
PMBB3640402893471	1	48.2	2323.2400000000002	2	1	-0.00428004	-0.000960237	-0.00300142
PMBB3642003564746	0	37.5	1406.25	2	1	0.0106646	-0.00096188	0.00178365
PMBB3642988544142	0	31.5	992.25	2	1	-0.00670788	0.00256237	-0.00515157
PMBB3643710111793	0	26.5	702.25	2	3	-0.000349971	0.000849785	0.00028328
PMBB3644389470434	0	40.1	1608.0100000000002	1	2	-0.00172669	0.00789111	0.00154829
PMBB3644815904116	0	48.9	2391.21	2	3	-0.00200025	-0.0109928	0.00188019
PMBB3645036708990	0	41.8	1747.2399999999998	2	1	-0.00183217	-0.00122203	0.00642351
PMBB3645649504555	0	60.1	3612.01	2	1	0.00469486	-0.022421	-0.00399674
PMBB3646061117259	0	56.2	3158.4400000000005	2	1	0.00664214	-0.00606864	0.0132291
PMBB3646593185104	0	66.0	4356.0	1	1	0.0179895	-0.000634982	0.00511729
PMBB3646996885941	0	59.9	3588.0099999999998	1	1	-0.00864945	0.00230971	0.000135247
PMBB3647278952952	0	63.8	4070.4399999999996	1	1	0.0307011	-0.00675687	-0.00943234
PMBB3647817081301	0	48.5	2352.25	2	3	-0.0058125	-0.00389101	0.00222383
PMBB3649698505703	0	69.3	4802.49	1	1	-0.00278775	-0.00328624	0.00372966
PMBB3649764882024	0	34.1	1162.8100000000002	2	1	0.0021621	-0.00582283	-0.00683479
PMBB3651129661284	0	34.7	1204.0900000000001	1	1	0.00193273	-0.00909833	0.00319469
PMBB3651331574569	0	69.8	4872.04	1	2	-0.00436966	9.81553e-05	0.000709381
PMBB3651626765755	0	51.0	2601.0	2	1	-0.00503284	0.00322475	0.000576772
PMBB3651780679088	0	50.5	2550.25	1	1	0.00238947	0.00399921	-0.0153205
PMBB3652708690557	0	61.0	3721.0	2	1	-0.0089768	0.00369866	-0.00671216
PMBB3652804179900	0	71.0	5041.0	1	3	-0.00790856	0.00304911	-0.00212525
PMBB3655337708971	0	61.9	3831.6099999999997	2	1	-0.00770743	0.00288831	-0.00214663
PMBB3655382170035	0	66.5	4422.25	2	3	-0.00755154	-0.00887835	0.00358027
PMBB3658108663060	0	42.1	1772.41	2	3	0.00255588	0.00475631	-0.0046572
PMBB3659543935601	0	50.5	2550.25	2	1	0.00246158	-0.000151222	-0.0109202
PMBB3659999919589	0	52.2	2724.84	1	1	-0.00254682	-0.00869894	0.0128076
PMBB3662034287601	0	26.4	696.9599999999999	2	3	0.0197341	0.00105751	0.0014119
PMBB3664040321435	1	73.8	5446.44	2	1	-0.00500466	0.00652069	0.012762
PMBB3665076224685	0	60.8	3696.64	1	1	0.0041446	-0.00919266	-0.00584987
PMBB3666418943374	0	62.5	3906.25	2	1	-0.00403327	0.00816736	-0.0159264
PMBB3668868597818	0	47.8	2284.8399999999997	2	1	-0.00855836	-0.00105185	0.00107288
PMBB3669907145274	0	50.2	2520.0400000000004	1	1	0.000465858	0.0102338	0.0158642
PMBB3670685347034	0	33.1	1095.6100000000001	2	1	0.0179306	0.00550243	-0.012946
PMBB3671508560451	0	47.8	2284.8399999999997	1	1	-0.00854293	-0.00666723	-0.000162921
PMBB3672292384350	0	52.4	2745.7599999999998	2	1	-0.00463677	0.00662929	0.00436584
PMBB3672461403044	1	62.2	3868.84	1	1	-0.00922531	0.00403593	-0.000175197
PMBB3673469074906	0	66.0	4356.0	2	1	0.0133475	-0.00119756	-0.00245497
PMBB3673572686369	0	58.8	3457.4399999999996	1	1	0.0033094	0.0160451	-0.00678651
PMBB3673979707168	0	63.6	4044.96	1	1	-0.000161723	0.00939069	-0.00169439
PMBB3673987944165	0	37.2	1383.8400000000001	2	1	-0.00317056	0.00898153	-0.00850793
PMBB3674208270324	1	69.7	4858.09	1	3	-0.00571772	0.00570708	0.00596187
PMBB3675445482649	0	58.1	3375.61	1	3	0.00107597	-0.0214954	-0.000499607
PMBB3676587994566	0	63.6	4044.96	1	1	-0.0104709	0.00230243	-0.00258235
PMBB3678250224544	0	59.3	3516.49	2	1	-0.00790839	0.00156202	0.00310803
PMBB3679065461035	0	46.1	2125.21	1	1	-0.00101446	-0.000237135	0.00690249
PMBB3679379438685	0	33.0	1089.0	2	3	0.00151458	0.0128539	0.00599497
PMBB3679528735125	0	61.5	3782.25	1	1	0.00134405	-0.0122668	-0.0122126
PMBB3679740894319	0	46.7	2180.8900000000003	2	2	-0.00199602	0.00790157	-0.00736652
PMBB3680999126741	0	41.0	1681.0	2	1	0.00137285	0.00907287	-0.00795268
PMBB3681594499530	0	57.8	3340.8399999999997	1	1	-0.00681663	0.00203434	-0.0035273
PMBB3682878987068	0	82.5	6806.25	2	1	-0.0108058	0.000861029	0.00187265
PMBB3683265119509	0	30.9	954.81	2	3	-0.00325311	-0.00734052	-0.00322308
PMBB3685046206755	0	63.9	4083.21	1	1	-0.00231292	-0.00410311	-0.011352
PMBB3686812665678	0	51.3	2631.6899999999996	1	1	-0.00383165	-0.00627584	0.00623167
PMBB3688079612449	0	42.4	1797.76	2	3	0.000709792	0.00123248	-0.00278108
PMBB3689719054489	0	63.3	4006.8899999999994	1	3	-0.00738961	-0.00787073	-0.00339745
PMBB3690048498946	0	53.4	2851.56	2	1	-0.0040626	-0.000768413	-0.00834263
PMBB3690318341227	0	74.3	5520.49	1	1	-0.00513233	-0.00303772	0.000770983
PMBB3692604128118	0	74.2	5505.64	1	1	-0.00337872	0.00614345	0.0059089
PMBB3694074387433	0	64.4	4147.360000000001	2	1	-0.00324772	-0.00101174	0.00173203
PMBB3694550303493	0	29.7	882.0899999999999	2	1	3.99637e-05	-0.00358627	-0.0129091
PMBB3695234676541	0	30.0	900.0	2	1	-0.00465786	0.00625708	0.00248595
PMBB3695772226661	0	75.1	5640.009999999999	1	1	-0.00642875	0.006211	-0.00671204
PMBB3696849981479	0	45.8	2097.64	2	1	-0.00350016	0.00315622	0.0131558
PMBB3696939467461	1	70.7	4998.490000000001	1	1	-0.00708378	-0.00688875	-0.00469209
PMBB3698603460032	0	80.9	6544.810000000001	2	3	-0.00325374	-0.0141646	-0.00324134
PMBB3699714564278	0	24.0	576.0	2	1	-0.0079261	0.00209385	-0.0019292
PMBB3700202144792	0	35.0	1225.0	1	1	-0.00258558	0.00411074	-0.00607075
PMBB3701220511766	0	19.1	364.81000000000006	2	1	-0.00194505	0.00627934	0.00173365
PMBB3703718475623	0	34.4	1183.36	2	1	-0.00138651	0.0078635	-0.00603578
PMBB3706052155582	0	29.3	858.49	2	1	-0.0047994	-0.00521437	-0.003287
PMBB3706936839658	0	59.8	3576.0399999999995	2	1	-0.00745347	0.00655222	0.0108422
PMBB3707356207886	0	51.1	2611.21	2	1	0.00418469	-0.00306693	-0.0182892
PMBB3707357040385	0	57.8	3340.8399999999997	1	1	-0.00265436	0.00745882	1.70088e-05
PMBB3708377209348	0	50.2	2520.0400000000004	2	1	-0.0126766	-0.00133087	-0.000455776
PMBB3708437453765	0	59.7	3564.09	1	1	-0.000782943	0.0101799	-0.00816433
PMBB3709129980261	0	26.0	676.0	2	1	-0.000720905	0.00858818	-0.00659546
PMBB3709762107858	0	52.7	2777.2900000000004	2	1	-0.00803835	-0.00201045	0.00222126
PMBB3711657675161	0	64.1	4108.8099999999995	1	1	-0.00182335	-0.0158192	-0.00557216
PMBB3712878051491	1	58.0	3364.0	1	1	-0.00665817	0.000420029	0.00229782
PMBB3712965222851	0	63.0	3969.0	2	1	-0.00730532	0.0021911	-0.00261898
PMBB3713018242666	0	56.8	3226.24	2	1	-0.0081168	0.000861414	-0.00136292
PMBB3713591517609	0	70.5	4970.25	2	3	0.0263119	0.00447906	0.0146009
PMBB3715672682535	0	52.5	2756.25	1	1	-0.00636325	-0.00827113	-0.00451032
PMBB3717688472579	0	42.1	1772.41	2	1	-0.00313048	0.000944899	0.0123539
PMBB3718354632459	0	27.4	750.7599999999999	2	1	-0.00786539	-0.00269089	0.000289616
PMBB3718554211534	0	63.7	4057.6900000000005	1	1	-0.00319424	-0.000388276	-0.0128459
PMBB3719112797189	0	43.9	1927.2099999999998	1	1	0.00802979	-0.0024341	-0.0070716
PMBB3719786050018	0	50.3	2530.0899999999997	2	1	-0.000416326	0.0116568	-0.00683968
PMBB3720980240299	0	53.8	2894.4399999999996	2	1	0.0296484	-0.00328219	0.00581267
PMBB3722780596245	0	36.5	1332.25	2	3	-0.011931	-0.00185524	-0.000246272
PMBB3723062272523	0	49.0	2401.0	1	3	-0.000279529	0.00908662	-0.00664446
PMBB3726486160477	0	52.0	2704.0	2	3	0.000777231	0.00646428	-0.00948021
PMBB3726967905702	0	22.3	497.29	2	3	-0.00127872	0.0038969	0.0034624
PMBB3726980603837	0	54.9	3014.0099999999998	2	1	-0.00303084	0.00449334	0.00236217
PMBB3727278739744	0	25.8	665.64	2	1	0.00723998	0.014978	-0.00343568
PMBB3728042011530	0	26.0	676.0	2	1	-0.00103337	0.011138	-0.00129049
PMBB3728824031213	0	36.1	1303.21	2	1	-0.00106661	0.00995662	-0.00283069
PMBB3730071485408	0	75.4	5685.160000000001	2	1	0.0103078	0.00388598	-0.00741984
PMBB3730077603043	1	70.7	4998.490000000001	2	1	-0.00716003	0.00685046	-0.0114206
PMBB3730301464780	0	56.5	3192.25	2	1	0.0275237	-0.0108637	-0.0152991
PMBB3731057444237	0	52.6	2766.76	2	2	-8.51498e-05	0.0116733	0.0137118
PMBB3731974215023	0	53.0	2809.0	1	1	-0.0102793	0.00307055	-0.00106322
PMBB3734485412880	0	36.3	1317.6899999999998	1	1	-0.0048773	0.00850836	-0.00482908
PMBB3734813057723	0	49.6	2460.1600000000003	1	3	0.0160242	-0.00295204	-0.000558783
PMBB3735970832585	0	52.3	2735.2899999999995	1	1	-0.0088597	-0.00379099	-0.00737469
PMBB3736085318818	0	22.4	501.75999999999993	2	1	-0.0035102	0.0076214	0.00204143
PMBB3736812557297	0	59.1	3492.81	1	1	-0.00366654	0.00855764	0.0145184
PMBB3737611289192	0	56.9	3237.6099999999997	1	1	-0.00623066	-0.00668074	0.00104274
PMBB3738119673796	0	27.9	778.41	2	1	-0.00260784	0.00998557	-0.00659306
PMBB3738302101187	0	52.0	2704.0	2	3	0.000450569	-0.00451984	-0.00572211
PMBB3738443230895	0	27.4	750.7599999999999	2	1	-0.00768093	-0.011301	0.00103186
PMBB3738500159633	0	58.9	3469.21	2	1	0.00423298	0.00681276	0.00917476
PMBB3740422646150	0	55.7	3102.4900000000002	2	3	-0.000756307	-0.000440596	-0.0107289
PMBB3741163533093	0	50.4	2540.16	1	3	-0.000953754	-0.0245241	1.42837e-05
PMBB3742169230722	0	26.1	681.21	1	1	-0.000701449	0.00298524	0.00654586
PMBB3744496419986	0	60.4	3648.16	2	1	-0.000256307	0.0135874	-0.0102872
PMBB3745102474860	0	29.6	876.1600000000001	2	1	0.000345514	-0.0119805	-0.0018858
PMBB3745304875599	0	49.0	2401.0	2	1	0.00313971	-0.00764054	-0.00511403
PMBB3746247015319	0	45.7	2088.4900000000002	1	1	-0.00337317	-0.00383403	0.00370868
PMBB3747497405083	0	66.9	4475.610000000001	1	1	-0.00341711	0.00281808	-0.0030456
PMBB3747952669885	0	65.9	4342.81	1	1	-0.00534631	0.00341203	-0.0103651
PMBB3747970687640	0	66.7	4448.89	1	1	-0.0043964	-0.0130129	0.00267032
PMBB3748485208702	1	62.9	3956.41	2	1	0.00179377	-0.00240369	0.0106725
PMBB3749377488427	0	26.3	691.69	2	1	-0.00370372	-0.00892353	-0.00375334
PMBB3749637829511	0	54.1	2926.81	1	1	-0.00889188	-0.000485594	0.00331956
PMBB3749833586085	0	50.1	2510.01	2	2	-0.0069408	0.00597072	-0.0059369
PMBB3749841093917	0	89.2	7956.64	1	3	0.0188756	0.0147906	0.00824147
PMBB3752260229417	0	55.8	3113.64	1	3	-0.0081341	0.00197488	-1.75089e-05
PMBB3752589571140	0	25.4	645.16	2	1	0.00129233	0.000586634	-0.0100599
PMBB3753162461282	0	21.8	475.24	2	1	0.00222354	0.0141688	0.0117061
PMBB3754155496537	0	58.5	3422.25	1	1	-0.000844293	0.0107948	0.0104526
PMBB3754508564473	1	53.7	2883.6900000000005	1	3	-0.00239437	0.00678978	-0.00753384
PMBB3754625432803	0	63.2	3994.2400000000002	1	1	-0.00818737	0.00484129	-0.00743488
PMBB3755274077353	0	57.7	3329.2900000000004	2	1	-0.0118853	0.00195161	-0.00434115
PMBB3755598376279	0	52.3	2735.2899999999995	2	1	0.00380059	-0.0131029	-0.0152831
PMBB3756474524354	0	51.3	2631.6899999999996	2	1	0.00713473	0.0152255	-0.0070765
PMBB3756851540698	0	45.7	2088.4900000000002	1	1	-0.00522892	-0.00094352	0.000234748
PMBB3757746273490	0	68.9	4747.210000000001	1	1	0.0118165	0.00233837	0.0010933
PMBB3758324768870	0	81.9	6707.610000000001	1	1	-0.00595347	0.00492424	0.0058584
PMBB3759280749335	0	61.8	3819.24	1	2	-0.00217369	0.0100347	-0.0182231
PMBB3761806631659	0	24.4	595.3599999999999	2	1	-0.00342756	-0.0107113	-0.00178862
PMBB3762186534731	0	61.1	3733.21	2	1	-0.00259566	0.00941374	0.0015386
PMBB3765011951334	0	56.8	3226.24	2	1	-0.00308317	-0.00304646	0.0123966
PMBB3765591061625	0	46.9	2199.6099999999997	2	2	-0.00133515	0.00827142	0.00256879
PMBB3765901114823	0	72.2	5212.84	1	1	-0.0110581	-0.00211382	0.000698733
PMBB3765992757540	0	49.2	2420.6400000000003	1	1	0.00346778	0.00991119	-0.00346819
PMBB3766333940491	0	63.9	4083.21	1	1	0.00638802	-0.00228153	0.000290686
PMBB3767231932327	0	39.7	1576.0900000000001	2	3	-0.00741526	0.00400145	0.000438909
PMBB3767273891492	0	66.6	4435.5599999999995	2	1	-0.00353255	-0.00558497	-0.0157229
PMBB3767414195464	0	40.4	1632.1599999999999	2	3	0.00427867	0.00693635	-0.00204846
PMBB3767753471281	0	82.0	6724.0	1	3	-0.012975	-0.00210156	-0.00193971
PMBB3768210677598	0	27.0	729.0	2	3	-0.00450897	0.00441057	-0.0059505
PMBB3769554298452	0	68.2	4651.240000000001	1	1	-0.00456828	-0.00635803	0.00464944
PMBB3769771961813	0	25.1	630.0100000000001	2	1	0.00375815	-0.00341237	-0.00829839
PMBB3770296830351	0	21.7	470.89	2	3	-0.000498127	-0.00597611	0.0106619
PMBB3770415824974	0	80.9	6544.810000000001	2	1	0.00860297	-0.00603656	0.0033845
PMBB3770573125023	0	46.6	2171.56	2	1	2.57387e-05	-0.00639751	0.00424088
PMBB3770704352008	0	75.3	5670.089999999999	2	3	0.0132188	-0.0207438	0.00310267
PMBB3771492645833	0	26.6	707.5600000000001	2	1	-0.00246415	0.00397598	-0.000589112
PMBB3772705820059	0	53.6	2872.96	1	1	-0.00636332	0.00658574	-0.00449875
PMBB3773568133690	0	25.7	660.49	2	1	0.000185642	0.00537675	0.00664884
PMBB3773587767293	0	64.4	4147.360000000001	2	1	-0.00634782	-0.00148956	-0.00102236
PMBB3773990819055	0	42.1	1772.41	2	1	-0.0123237	-0.00191391	0.000884403
PMBB3774559820348	0	80.6	6496.359999999999	1	1	-0.00451389	0.00952458	0.0219298
PMBB3775249526997	1	61.1	3733.21	1	1	0.0120395	0.000669399	0.0103558
PMBB3775702668661	0	53.5	2862.25	2	1	-0.00457913	-0.000620709	0.000137126
PMBB3777076536984	0	27.1	734.4100000000001	2	1	-0.0042941	0.00607885	0.00876826
PMBB3777315573609	0	65.6	4303.36	1	1	-0.000936732	0.00567465	-0.0136413
PMBB3779131216931	0	54.1	2926.81	2	3	-0.000620106	0.00720927	0.0058949
PMBB3779960032235	0	63.0	3969.0	2	1	0.00611554	0.0079057	-0.0189975
PMBB3781245734014	0	46.0	2116.0	2	1	-0.00338929	0.00865045	-0.0161313
PMBB3782308052127	0	82.3	6773.29	2	1	0.000478159	-0.0230328	-0.00842825
PMBB3782364601998	0	33.7	1135.6900000000003	2	1	-0.0127426	-0.00167156	0.000236373
PMBB3782618259938	0	58.5	3422.25	1	3	-0.00261322	-0.00404751	-0.00314705
PMBB3782899692585	1	70.8	5012.639999999999	1	3	0.010479	0.0150515	0.00489195
PMBB3783175000244	0	67.7	4583.29	2	1	0.0211439	0.0254151	-0.000734002
PMBB3785115793058	0	31.2	973.4399999999999	2	3	-0.00337001	-0.00153617	0.00831461
PMBB3787166201087	0	44.2	1953.6400000000003	1	1	0.0235201	0.0044875	-0.00485784
PMBB3788196313323	0	48.4	2342.56	2	1	-0.00533832	-0.00528988	-1.28315e-05
PMBB3788265571808	0	21.6	466.56000000000006	2	3	-0.00478814	5.14349e-05	0.0071708
PMBB3788645888688	1	55.1	3036.01	1	1	-0.00713689	0.00619846	-0.00497518
PMBB3788882227031	0	48.9	2391.21	2	1	-0.0060411	0.00723316	-0.00496772
PMBB3789252085693	0	60.2	3624.0400000000004	1	3	-0.00527706	0.00745415	0.00333828
PMBB3789260281949	0	38.4	1474.56	1	1	-0.0126389	-0.00186486	-0.00211275
PMBB3790240784496	0	26.7	712.89	1	1	-0.000391528	-0.00163351	-0.0116436
PMBB3790837263371	0	38.4	1474.56	2	3	-0.00446253	0.00558214	-0.00270503
PMBB3793178248836	0	27.1	734.4100000000001	2	1	-0.00227953	0.00509778	-0.0121239
PMBB3795723194987	0	39.3	1544.4899999999998	1	1	-0.00893834	0.00171533	0.000986087
PMBB3799336180406	0	73.9	5461.210000000001	1	3	0.0036784	-0.00398189	-0.00165468
PMBB3799681752461	0	49.8	2480.0399999999995	1	2	-0.0050128	0.00631662	-0.0173936
PMBB3800424134024	0	48.8	2381.4399999999996	2	3	-0.00310495	-0.0137117	0.000530791
PMBB3801259841709	1	78.7	6193.6900000000005	2	1	-0.00805338	-0.0075916	-0.00367766
PMBB3801954543933	0	54.1	2926.81	1	1	-0.00703683	0.0013736	0.0118713
PMBB3802003821722	1	67.6	4569.759999999999	1	1	0.00228323	-0.0119841	0.0152995
PMBB3802123008716	0	60.9	3708.81	1	2	-0.00267735	0.00909037	-0.00125332
PMBB3802526276383	0	38.9	1513.2099999999998	2	1	-0.00079402	0.00786871	-0.0122135
PMBB3804054688033	0	40.7	1656.4900000000002	2	1	-0.00422193	0.00292176	0.00570003
PMBB3804214213961	0	43.8	1918.4399999999998	1	1	0.00563497	-0.0121373	-0.00202262
PMBB3804877908501	0	53.4	2851.56	2	1	-0.000429369	0.0018364	0.00556492
PMBB3805040060097	0	34.8	1211.0399999999997	2	3	-0.00307093	0.00571	0.0124121
PMBB3805369431749	0	66.1	4369.209999999999	2	1	0.00940222	0.0170962	0.0132666
PMBB3806212011785	0	57.7	3329.2900000000004	2	1	0.00222302	-0.0050869	-0.0085723
PMBB3806733615986	0	41.4	1713.9599999999998	1	3	-0.00317883	0.00578444	0.0144861
PMBB3807937924390	0	31.4	985.9599999999999	2	1	-0.000533439	0.0067441	0.0124418
PMBB3808663713836	0	78.3	6130.889999999999	1	1	0.00386277	-0.0023113	0.00350467
PMBB3808817638819	0	48.7	2371.69	2	1	0.0151091	-0.00156342	-0.0148317
PMBB3809462146077	0	64.1	4108.8099999999995	2	1	0.00866415	0.0125671	0.0181141
PMBB3809642959717	0	34.4	1183.36	2	1	-0.00319671	0.00625852	0.0118801
PMBB3809676979882	0	59.9	3588.0099999999998	1	1	0.00452807	0.00915879	-0.0147226
PMBB3810659366079	0	64.7	4186.09	2	3	-0.00317427	-0.00309713	0.00163804
PMBB3811040266562	0	29.3	858.49	2	1	-0.000361784	-0.00980077	0.00863653
PMBB3811186042782	0	74.6	5565.159999999999	2	1	-0.001995	0.00736998	-0.0190983
PMBB3812518209044	0	47.8	2284.8399999999997	1	1	-0.000252469	0.00636779	0.0166007
PMBB3813065553347	0	49.5	2450.25	2	1	0.00202249	-0.000761557	0.00899153
PMBB3815443908539	0	51.1	2611.21	1	1	0.0229632	0.0264938	-0.00043162
PMBB3815551357660	0	35.9	1288.81	1	1	-0.00825844	0.0012152	-0.00136655
PMBB3816552870671	1	67.4	4542.760000000001	2	1	-0.00570879	0.00764491	-0.000195524
PMBB3817391553658	0	36.2	1310.4400000000003	2	3	0.00113333	-0.00854811	0.00865233
PMBB3818454163977	0	28.4	806.56	1	1	0.00132741	0.00870701	0.00378423
PMBB3819818908981	0	47.1	2218.4100000000003	2	1	-0.00126988	-0.0166712	0.00666418
PMBB3820763287317	0	26.9	723.6099999999999	1	1	-0.00187034	0.00038979	0.00181604
PMBB3821034769859	0	53.4	2851.56	2	1	0.00745759	-0.00350579	0.0298184
PMBB3822355398261	0	80.2	6432.040000000001	2	3	0.00518369	-0.00798054	-0.0093202
PMBB3822463908415	0	63.8	4070.4399999999996	1	1	-0.00959429	-0.00258666	-0.000513694
PMBB3822543584729	1	83.3	6938.889999999999	2	3	0.0189949	-0.00557702	0.000809046
PMBB3822858349091	1	66.5	4422.25	2	1	0.011914	-0.0123304	-0.00418632
PMBB3824327846243	0	57.7	3329.2900000000004	1	3	-0.00864738	-0.00231168	0.00305296
PMBB3826830765443	0	87.5	7656.25	2	1	-0.00837399	-0.00377315	0.00776644
PMBB3828304309908	0	51.3	2631.6899999999996	1	1	-0.00157446	0.0088191	0.018711
PMBB3828497721415	0	39.9	1592.01	1	1	0.00372039	-0.00410393	-0.00941959
PMBB3828797982078	0	29.3	858.49	2	1	-0.00655835	0.00288891	0.00113963
PMBB3828968064714	0	84.9	7208.010000000001	2	1	-0.00167713	0.006234	0.00876149
PMBB3829701646600	0	49.1	2410.81	2	1	0.000495949	0.00960942	0.00531207
PMBB3829890391789	0	50.2	2520.0400000000004	1	1	-0.000528734	-0.0120362	0.0119772
PMBB3830324944740	0	33.2	1102.2400000000002	1	1	0.00193682	0.010401	-0.011538
PMBB3830380196514	0	49.4	2440.3599999999997	1	1	0.00688345	-0.0103222	0.00238972
PMBB3831670941554	0	35.0	1225.0	2	1	0.000837417	-0.000475024	-0.00943317
PMBB3832840306854	0	21.9	479.60999999999996	2	3	-0.00154247	0.0071807	-0.011088
PMBB3833569215551	0	26.0	676.0	1	1	0.00469205	0.00686752	0.0153137
PMBB3834809807305	0	77.7	6037.290000000001	2	1	-0.0004231	0.0109458	0.00533277
PMBB3835353472286	0	44.5	1980.25	1	3	-0.00260125	0.00919123	0.000338435
PMBB3835432387097	0	34.1	1162.8100000000002	2	3	0.00711825	-0.00612188	-0.0133722
PMBB3836445194731	0	37.4	1398.76	2	1	-0.00415688	0.00159599	0.00159864
PMBB3836584854530	0	47.2	2227.84	1	1	0.00200329	-0.00113113	-0.0119967
PMBB3837456063756	1	85.9	7378.810000000001	2	2	-0.0110239	0.00126193	-0.00207684
PMBB3839114448904	0	41.6	1730.5600000000002	2	1	0.00434074	-0.0086828	0.0101972
PMBB3840897355093	0	61.0	3721.0	1	1	0.00380642	0.0154369	-0.0104449
PMBB3842518009145	0	21.2	449.44	2	1	-0.0066982	0.00114511	-0.00338286
PMBB3844455997062	0	29.0	841.0	2	1	0.000400072	-0.00784282	-0.00453847
PMBB3845233985723	0	30.7	942.49	1	1	-0.00396875	0.00150461	-0.00245398
PMBB3846517156046	0	22.8	519.84	2	3	-0.000566067	-0.0062998	-0.00219683
PMBB3846601261114	0	64.5	4160.25	2	1	-0.0011679	-0.0126544	0.000948254
PMBB3846881092242	0	24.8	615.0400000000001	2	1	0.00805543	0.0133054	-0.00442068
PMBB3847544663818	0	54.1	2926.81	1	1	-0.00661354	0.00587486	-0.00378733
PMBB3848905344039	0	59.0	3481.0	2	1	-0.000492586	0.0114884	-0.00441986
PMBB3849368384153	0	74.9	5610.010000000001	1	1	0.00226061	0.00563304	-0.00996626
PMBB3850467945436	0	57.0	3249.0	2	3	-0.00092856	-0.00671834	-0.0169331
PMBB3851219775258	0	73.6	5416.959999999999	2	1	-0.00745214	0.00168273	0.0128472
PMBB3851694268503	0	73.8	5446.44	2	1	-0.0122956	-0.00226641	-0.00110332
PMBB3851744033689	0	36.0	1296.0	2	1	0.000956652	0.00717774	0.00493632
PMBB3853507597532	0	32.6	1062.76	2	1	0.0141318	0.0111302	-0.0109429
PMBB3857696118018	0	54.6	2981.1600000000003	1	1	0.0152782	0.00739016	-0.00677033
PMBB3858509541480	0	73.9	5461.210000000001	1	1	-0.00779886	-0.0104617	-0.00722111
PMBB3858668262647	0	47.9	2294.41	1	1	0.0157842	-0.00434516	-0.00508804
PMBB3859028733702	0	79.3	6288.49	1	1	0.00130934	0.00759411	0.00248286
PMBB3859749098948	0	57.6	3317.76	2	3	0.00370888	-0.0196933	0.0071517
PMBB3860689232283	0	24.5	600.25	2	1	-0.00914592	0.00238015	-0.00174754
PMBB3861792670537	0	66.1	4369.209999999999	1	1	-0.00666448	0.00550551	0.000473589
PMBB3863164327863	1	67.0	4489.0	1	1	0.00576945	-0.00594572	-0.0141115
PMBB3863738896492	0	50.5	2550.25	1	1	-0.00646257	0.00789525	-0.00635838
PMBB3864491470656	0	42.7	1823.2900000000002	2	3	-0.00658003	-0.00205892	-0.00147092
PMBB3865319696984	0	24.8	615.0400000000001	2	1	-0.00199161	0.00847964	0.00315758
PMBB3865562812880	0	60.9	3708.81	1	1	-0.0021821	0.00726581	0.0059568
PMBB3867252441821	0	50.2	2520.0400000000004	2	3	-0.000462966	0.0116463	0.00160719
PMBB3867570072583	0	48.7	2371.69	1	1	-0.00199717	0.00606875	0.00668558
PMBB3868329475008	0	36.8	1354.2399999999998	2	3	-0.00358021	-0.0146775	-0.0101774
PMBB3868661898593	0	72.4	5241.760000000001	2	3	-0.00650769	-0.00203268	-0.00100177
PMBB3868671405820	0	28.9	835.2099999999999	2	1	-0.0126187	-0.00021919	0.00169253
PMBB3871180999951	0	38.8	1505.4399999999998	2	3	-0.0109374	0.000550805	-0.00133387
PMBB3872846685293	0	66.9	4475.610000000001	2	1	0.0109223	0.0152016	0.0077884
PMBB3873056295923	0	35.4	1253.1599999999999	2	1	-0.0041325	0.00188286	0.0178338
PMBB3876640388168	0	43.8	1918.4399999999998	2	1	-0.000886082	0.000226025	0.00473506
PMBB3878745887299	0	73.4	5387.56	1	1	0.0127729	0.00970774	0.00596997
PMBB3879486314022	0	66.2	4382.4400000000005	2	1	0.00255301	-0.00540132	-0.0042477
PMBB3879725255607	0	56.1	3147.21	2	1	-0.0036726	0.00648688	-0.000636327
PMBB3879872942357	0	59.0	3481.0	2	1	-0.00520944	-0.000349276	0.0019383
PMBB3880276598097	1	66.6	4435.5599999999995	1	1	-0.00321306	0.00809056	0.00135835
PMBB3880626194452	0	29.5	870.25	2	1	-0.0042815	-0.00499129	0.000499512
PMBB3881046135778	0	47.3	2237.2899999999995	1	3	-0.00481495	-0.0014044	0.00250902
PMBB3882782127522	0	27.6	761.7600000000001	2	1	-0.00615414	0.00170379	0.00657382
PMBB3882884395599	0	28.3	800.89	1	1	-0.00167001	-0.0158133	0.00723
PMBB3884120480386	0	28.6	817.96	2	2	0.00707796	-0.00214033	-0.0073002
PMBB3885677218026	0	39.3	1544.4899999999998	1	3	-0.00200342	-0.00468861	-0.00112508
PMBB3885679410048	0	30.6	936.3600000000001	2	3	0.00150864	-0.0100388	0.00831253
PMBB3886494740917	0	44.9	2016.0099999999998	1	1	-0.00294931	0.00831871	0.0097026
PMBB3886549864831	0	55.5	3080.25	2	2	-0.00220914	0.00871837	-0.00252073
PMBB3886916157205	0	60.5	3660.25	2	3	0.0126459	-0.0133504	0.00362716
PMBB3887050881617	0	41.3	1705.6899999999998	2	1	-0.00333164	-0.0299443	0.00123277
PMBB3887672201578	0	70.3	4942.089999999999	1	1	-0.001727	0.00750437	0.00557521
PMBB3888967759594	0	56.9	3237.6099999999997	1	2	-0.00557386	-0.010907	0.000440758
PMBB3889888157975	0	55.7	3102.4900000000002	2	1	0.00176047	-0.00323712	-0.0182441
PMBB3890183219725	0	40.3	1624.0899999999997	1	1	-0.00319259	-0.00507368	0.00472889
PMBB3891888842474	0	49.3	2430.49	1	1	-0.00258089	0.0017549	0.00152436
PMBB3893383192338	0	43.5	1892.25	1	1	-0.00895575	0.00579646	-0.000738992
PMBB3893983414999	0	36.7	1346.89	1	1	-0.00331517	0.000934577	-0.000211021
PMBB3894472702115	0	51.2	2621.4400000000005	1	1	0.00585319	0.00481747	0.00276238
PMBB3895978269985	0	46.2	2134.44	1	3	-0.00988145	0.00458279	-0.0079721
PMBB3896425459720	0	52.0	2704.0	2	1	-0.0053003	-0.00219295	-0.00592511
PMBB3897537123473	0	71.5	5112.25	1	3	-0.00179811	0.00903518	-0.0234262
PMBB3897837118011	0	62.1	3856.4100000000003	2	1	-0.00532411	-0.00180264	-0.00353648
PMBB3897935072041	0	28.7	823.6899999999999	2	1	-0.00243003	0.00381662	0.0135081
PMBB3898101076716	0	40.6	1648.3600000000001	2	2	-0.0015331	-0.00495635	-0.00231649
PMBB3898298528971	1	80.7	6512.490000000001	1	1	-0.00693813	0.0055364	0.0140855
PMBB3900544885064	0	79.5	6320.25	1	3	0.00252123	-0.00264623	-0.0152186
PMBB3901000409753	0	61.7	3806.8900000000003	1	1	-0.00257834	-0.000571571	-0.00245373
PMBB3902095825243	0	35.8	1281.6399999999999	2	1	-0.00603461	-0.0161365	-0.00645814
PMBB3902726479470	0	44.3	1962.4899999999998	2	1	0.000210028	-0.000886403	-0.0115354
PMBB3903526629940	0	55.7	3102.4900000000002	1	1	-0.000660063	-0.0151394	-0.000896821
PMBB3904090492981	0	65.9	4342.81	1	2	-0.00015854	-0.00402387	-0.00773398
PMBB3905570651816	0	29.0	841.0	2	1	0.0147619	0.00309247	0.000203003
PMBB3905908839097	0	58.2	3387.2400000000002	2	1	-0.00361788	0.000184366	-0.00113956
PMBB3906511387439	0	43.0	1849.0	1	1	-0.00517159	-0.0108884	-0.00958716
PMBB3906929818149	0	32.3	1043.2899999999997	2	1	-0.00212882	0.0100583	-0.0075413
PMBB3907950498163	0	22.8	519.84	2	2	-0.00503975	0.00201881	0.00226571
PMBB3908778510791	1	52.6	2766.76	1	2	0.00135506	0.00783366	0.000279088
PMBB3910825460529	0	58.8	3457.4399999999996	1	1	0.0140544	-0.002183	-0.0108692
PMBB3912454163581	0	25.6	655.3600000000001	2	1	0.00922	0.0124265	0.00978903
PMBB3913988584984	0	46.1	2125.21	2	1	-0.00690785	-0.00307129	0.00205471
PMBB3914459680232	0	47.5	2256.25	1	1	0.00512665	-0.0105702	0.000493235
PMBB3915035265518	0	49.1	2410.81	1	3	-0.00262694	0.00845953	-0.00886778
PMBB3915295743189	0	44.3	1962.4899999999998	1	1	-0.00795067	0.0024341	-0.0124431
PMBB3916867601841	0	42.2	1780.8400000000001	1	1	-0.00441211	-0.00040059	0.000316052
PMBB3917679505779	0	63.0	3969.0	1	1	-0.00133295	0.00942028	-0.00992818
PMBB3918267908813	0	36.6	1339.5600000000002	2	1	0.00148834	0.0112261	0.0082944
PMBB3919414764502	0	68.5	4692.25	1	1	-0.00738714	0.00438373	0.00641191
PMBB3919632214508	0	46.3	2143.6899999999996	1	1	-0.0064002	0.00421596	-0.00161909
PMBB3919859954119	0	25.1	630.0100000000001	1	1	-0.00650082	0.00561413	-0.0107482
PMBB3919944408024	0	43.4	1883.56	2	3	0.00714548	-0.00644412	-0.00161928
PMBB3920929771072	0	26.1	681.21	1	2	-0.00181347	-0.000314556	-0.00311783
PMBB3923076832132	0	59.5	3540.25	2	3	-0.00139751	-0.00662171	0.00223686
PMBB3925552691312	0	45.1	2034.0100000000002	1	1	-0.00334585	0.00237439	-0.00407922
PMBB3927054960524	0	56.5	3192.25	2	1	-0.000326247	0.00969781	-0.00099629
PMBB3927793638688	0	61.3	3757.6899999999996	2	1	0.00667291	-0.00633948	-0.0115276
PMBB3928993025274	0	87.7	7691.290000000001	1	1	-0.00160042	0.000965267	-0.012335
PMBB3929156234936	0	64.4	4147.360000000001	1	2	-0.00166122	0.00205496	-0.000361099
PMBB3930039007855	0	65.7	4316.490000000001	1	1	-0.000855233	0.0141747	-0.0101262
PMBB3931751476163	0	50.7	2570.4900000000002	2	1	-0.00351966	0.00491613	-0.00184354
PMBB3932276329667	0	70.5	4970.25	1	3	0.00550252	-0.010649	-0.00566648
PMBB3932782543862	0	37.4	1398.76	2	1	0.0222601	0.00391666	0.00718228
PMBB3935129421747	1	90.0	8100.0	2	1	0.00366717	0.0148773	-0.00847947
PMBB3935669368001	0	63.2	3994.2400000000002	1	1	0.00366929	0.0150246	-0.0100681
PMBB3935960824482	0	49.1	2410.81	2	1	-0.00643298	-0.000806431	-0.0106114
PMBB3936137584389	0	32.6	1062.76	2	3	-0.00370313	-0.00174556	0.00958386
PMBB3936311337536	0	36.2	1310.4400000000003	1	1	0.00664277	-0.0075451	-0.00546066
PMBB3937099797678	0	36.7	1346.89	2	3	-0.00157686	-0.00824644	0.0132318
PMBB3938225631589	0	71.7	5140.89	1	1	-0.010105	-0.00376939	-0.00163745
PMBB3938335020343	0	31.2	973.4399999999999	2	1	0.0134129	0.00351063	-0.00744977
PMBB3938798524717	0	24.7	610.0899999999999	1	1	-0.00437113	-0.0159889	-0.00408531
PMBB3943480767755	0	31.5	992.25	2	1	-0.00154164	-0.00211755	0.0147241
PMBB3945556539581	0	33.7	1135.6900000000003	2	1	-0.0079995	0.000491885	-0.00296578
PMBB3945866821599	0	48.5	2352.25	2	1	-0.00252399	0.00844642	-0.00542313
PMBB3946750928792	0	54.1	2926.81	1	1	-0.00234893	-0.00553332	-0.000654073
PMBB3947220256309	0	28.5	812.25	2	1	-0.0010323	0.00909518	-0.00605782
PMBB3947774367749	0	67.1	4502.409999999999	2	1	-0.0123029	3.73967e-05	-0.00220425
PMBB3948182496177	0	39.5	1560.25	1	3	0.00121094	-0.00168124	-0.000485206
PMBB3948604033682	0	29.2	852.64	1	1	-0.000815857	0.00847941	-0.00672467
PMBB3948665573705	0	52.5	2756.25	2	1	0.00244611	-0.000683415	-0.0118874
PMBB3948880503226	0	54.9	3014.0099999999998	2	3	-0.00212832	0.00413283	-0.00993936
PMBB3949015691643	0	70.7	4998.490000000001	2	2	-0.0111582	-0.00136136	0.00262995
PMBB3949095737122	0	22.5	506.25	2	1	0.0197036	-0.00201594	0.00197927
PMBB3949933911577	0	72.9	5314.410000000001	1	1	0.00279336	0.00610623	-0.0201381
PMBB3949989742892	0	60.8	3696.64	2	3	-0.00689455	0.000302585	0.00555243
PMBB3951376859765	0	52.3	2735.2899999999995	2	1	-0.00653309	0.00651406	-0.0119112
PMBB3951796036477	0	70.3	4942.089999999999	1	1	-0.000358878	0.00875874	-0.00431876
PMBB3953055537675	0	58.2	3387.2400000000002	2	1	-0.0033994	0.00432037	0.00209499
PMBB3953491824407	0	82.0	6724.0	1	2	-0.00162752	0.00355317	0.0238678
PMBB3953720148156	0	44.0	1936.0	1	1	-0.00468357	-0.000370074	0.00352181
PMBB3953722114992	0	66.2	4382.4400000000005	2	1	-0.00391886	0.00292472	0.00488904
PMBB3956391925159	0	53.4	2851.56	1	1	-0.00496159	-0.00524488	-0.000374195
PMBB3958021331338	0	90.0	8100.0	2	2	0.014666	-0.00198667	0.00551243
PMBB3959561279594	0	47.4	2246.7599999999998	2	2	-0.00561324	0.0053937	-0.00312609
PMBB3959832395970	0	27.0	729.0	2	1	-0.00621217	-0.00331433	-0.00109083
PMBB3960005155749	0	75.0	5625.0	2	1	0.000587109	-0.00258864	0.000846089
PMBB3960061730194	0	65.2	4251.04	1	1	0.00374075	0.00794123	-0.015965
PMBB3960515224349	0	45.8	2097.64	2	1	-0.00373933	0.00716936	-0.0109087
PMBB3961053752315	0	77.9	6068.410000000001	2	1	0.00323452	0.00179479	-0.000694933
PMBB3961224647770	0	70.3	4942.089999999999	1	1	0.0014877	-0.00651582	0.00879829
PMBB3964269301316	0	28.3	800.89	1	1	-0.00612677	0.00585309	0.00735971
PMBB3966304664602	0	22.9	524.41	2	1	0.00145787	0.00844969	0.00653282
PMBB3967118819568	0	30.7	942.49	2	3	-0.00605792	-0.00560799	0.00222466
PMBB3968098091355	0	59.4	3528.3599999999997	1	3	-0.004575	-0.00451123	-0.0230062
PMBB3972404619236	0	71.7	5140.89	2	1	-0.00245862	0.00178676	0.00231647
PMBB3973122041325	0	69.1	4774.8099999999995	2	1	-0.00390723	-0.00639078	0.00307477
PMBB3974962171960	0	48.6	2361.96	2	3	0.0279706	0.0130389	0.0170126
PMBB3976299537708	0	59.7	3564.09	1	1	-0.0134555	-0.00225751	-3.18613e-06
PMBB3977435668193	0	50.7	2570.4900000000002	1	1	0.0169538	0.00194388	0.00669105
PMBB3978566482211	0	62.9	3956.41	2	1	-0.00182685	0.00710455	0.00617535
PMBB3978835332684	0	28.2	795.24	2	1	0.017292	0.00126368	-0.000422802
PMBB3980611326896	0	50.5	2550.25	1	1	-0.00289079	0.00157153	-0.00198469
PMBB3980735616700	0	32.0	1024.0	2	3	-0.00975257	0.000299633	-0.000612234
PMBB3981485360508	0	35.7	1274.4900000000002	1	1	-0.00317647	0.00491722	-0.00015246
PMBB3982206673255	0	55.9	3124.81	1	3	-0.00692716	-0.00966305	0.00681504
PMBB3983573819544	0	60.0	3600.0	2	1	0.00788832	0.017768	-0.00240432
PMBB3984003874637	0	71.2	5069.4400000000005	2	1	0.00887013	-0.0039243	0.00210662
PMBB3985323397797	0	41.6	1730.5600000000002	2	1	0.0130545	0.0135858	-0.0041376
PMBB3986103489761	0	22.2	492.84	1	1	-0.00388517	-0.00276811	0.00229316
PMBB3986513106785	0	66.2	4382.4400000000005	2	2	-0.00292632	-0.00617212	0.00551214
PMBB3986770853447	0	55.9	3124.81	2	3	-0.00132557	-0.0116042	0.00672821
PMBB3987124755690	1	46.3	2143.6899999999996	2	1	-0.00796002	0.00277266	0.00049991
PMBB3987347412445	0	27.3	745.2900000000001	2	1	-0.00217964	0.00879963	-0.00842
PMBB3987456031496	0	42.0	1764.0	1	1	-0.00369775	0.00398075	-0.00152111
PMBB3988998254397	0	56.2	3158.4400000000005	1	1	0.00153491	-0.0192194	-0.00261302
PMBB3989599556952	0	52.6	2766.76	1	1	-0.00836619	0.00203359	0.0107518
PMBB3991694634972	0	27.7	767.29	2	1	-0.0123823	0.000573378	0.00074206
PMBB3992141665820	0	29.1	846.8100000000001	2	1	-0.00461659	0.00937301	-0.00779472
PMBB3992579441551	0	34.8	1211.0399999999997	2	1	0.00368426	0.00241675	0.00489618
PMBB3993436363888	0	48.4	2342.56	1	1	-0.00954679	-0.00571303	0.00488907
PMBB3994378077524	0	51.7	2672.8900000000003	2	3	-0.000912654	0.00486236	-0.0100958
PMBB3994979681860	0	39.6	1568.16	2	1	0.0197047	-0.00273021	-0.00168948
PMBB3995866364007	0	30.9	954.81	2	2	0.0282923	-0.00889368	0.00939929
PMBB3996303857731	0	55.5	3080.25	1	1	0.00332095	-0.00580669	0.000649715
PMBB3996507629213	0	34.8	1211.0399999999997	2	3	0.000987697	-0.00463014	0.0168574
PMBB3996643252077	0	32.1	1030.41	1	1	-0.00143728	0.00938233	-0.00277993
PMBB3997192614973	0	42.1	1772.41	2	3	-0.00692091	0.00102715	-0.000397338
PMBB3998466575988	0	37.1	1376.41	1	3	-0.00166703	-0.00353876	0.000685436
PMBB3998843900546	0	41.7	1738.8900000000003	2	2	0.00770399	0.00832138	-0.0111687
PMBB3999311699977	0	48.6	2361.96	1	1	0.00675751	-0.00238646	-0.00263403
PMBB4000593745299	0	26.1	681.21	2	3	-0.00116876	0.00437417	0.0154324
PMBB4001974947938	0	56.2	3158.4400000000005	2	1	0.00803301	-0.00413053	-0.015913
PMBB4002794203092	0	18.7	349.69	2	1	0.0143799	0.00424035	0.0123109
PMBB4007046026109	0	84.5	7140.25	1	1	0.00679058	0.0108772	0.00279342
PMBB4007176875042	0	19.8	392.04	2	1	-0.00254908	-0.00400493	-0.00900724
PMBB4008471570014	0	31.8	1011.24	2	1	-0.000628047	0.012656	-0.00452159
PMBB4011258132410	0	28.0	784.0	2	3	-0.00241082	0.0074169	0.0233702
PMBB4012460065471	0	64.6	4173.159999999999	2	1	0.000354768	-0.00600546	0.00962092
PMBB4013435210648	0	39.4	1552.36	2	1	0.0244284	0.00237879	-0.014253
PMBB4013992846015	1	73.4	5387.56	1	3	-0.00464153	-0.0068598	0.00162514
PMBB4014253345056	1	64.8	4199.04	1	1	0.00346046	0.00970204	0.00331664
PMBB4015022629920	0	71.5	5112.25	2	1	0.00333677	0.0109652	-0.00300385
PMBB4016106332353	0	80.2	6432.040000000001	1	1	0.0291085	0.0036966	-0.0104152
PMBB4017107312421	0	56.5	3192.25	1	1	-0.000622437	-0.00949842	-0.00521942
PMBB4017945864783	0	26.0	676.0	2	1	-0.00178733	-0.00695472	0.00094405
PMBB4022386823018	0	54.1	2926.81	1	1	-0.00113493	-0.00542494	-0.00206539
PMBB4023298119389	0	36.8	1354.2399999999998	2	1	0.00451915	-0.00072165	-0.00136947
PMBB4025862009461	0	27.4	750.7599999999999	1	1	0.00380964	-0.00300247	-0.0205989
PMBB4026960111783	0	31.9	1017.6099999999999	2	3	-0.0033612	-0.00551472	-0.00238738
PMBB4028783102582	0	64.9	4212.010000000001	1	1	0.00344626	-0.014727	-0.00286916
PMBB4029178376545	0	22.9	524.41	2	2	0.00831376	-0.00210575	0.00175813
PMBB4030272854966	0	29.2	852.64	2	2	-0.00541359	0.00219142	-0.000546136
PMBB4030474123193	0	54.7	2992.09	2	1	-0.00258829	0.00743494	-0.0102161
PMBB4030572682121	0	61.3	3757.6899999999996	1	1	-0.00114661	0.0059343	0.0119191
PMBB4032381092173	0	53.7	2883.6900000000005	2	1	0.00331543	-0.0149531	0.00439033
PMBB4032636742645	0	23.2	538.24	1	1	-0.00203166	-0.00677788	0.00313641
PMBB4032792048870	1	71.2	5069.4400000000005	2	1	0.00628799	0.0114711	0.00564857
PMBB4034002995138	0	53.0	2809.0	1	1	-0.00732659	-0.00200884	0.00130133
PMBB4034372237574	0	49.1	2410.81	1	1	0.00931168	0.00791716	0.0080726
PMBB4035499681157	0	48.1	2313.61	2	1	-0.0013622	-0.00375417	0.00336288
PMBB4038108160840	0	69.7	4858.09	1	1	-0.00217323	0.00273815	-0.00443132
PMBB4038471551791	0	60.3	3636.0899999999997	1	1	-0.00602046	0.00558369	-0.000336467
PMBB4038854523121	0	89.0	7921.0	2	3	0.00613031	-0.0212681	0.00992961
PMBB4039194756053	0	48.0	2304.0	1	1	-0.00954163	-0.0108958	-5.03259e-05
PMBB4039293597334	1	54.2	2937.6400000000003	1	2	0.00863328	-0.00969439	0.00680945
PMBB4039570340064	0	55.7	3102.4900000000002	2	1	0.00663186	-0.0228568	0.0135091
PMBB4039808659928	0	63.7	4057.6900000000005	2	1	-0.00423064	-0.00234718	-0.00583078
PMBB4041495721543	0	54.6	2981.1600000000003	1	1	-0.00385721	0.00326258	-0.000953431
PMBB4042480847658	0	24.9	620.0099999999999	2	1	0.00614846	-0.0028846	0.00592014
PMBB4042481762217	0	51.7	2672.8900000000003	1	1	-0.00424313	0.00796115	0.00114683
PMBB4042539534343	0	26.2	686.4399999999999	2	1	0.00466182	-0.00872791	-0.00890347
PMBB4043028559739	0	29.5	870.25	2	1	0.00261221	-0.00656141	-0.00312567
PMBB4044203894700	0	64.9	4212.010000000001	2	3	0.0120543	0.00255032	0.00891508
PMBB4047135739899	0	45.1	2034.0100000000002	2	3	-0.00555552	0.00696196	0.00391423
PMBB4048204740961	0	72.5	5256.25	1	1	-0.00779813	-0.0115938	-0.00460818
PMBB4049688421771	0	60.1	3612.01	2	1	0.00416	0.0099357	0.0161907
PMBB4050183883813	0	23.5	552.25	1	1	0.00183768	-0.00611715	0.0100591
PMBB4050800570266	0	40.0	1600.0	1	1	0.00253402	-0.0167564	0.00112087
PMBB4050957952781	0	41.8	1747.2399999999998	2	2	0.0208299	0.00044505	0.00305167
PMBB4051499377267	0	61.3	3757.6899999999996	2	1	-0.00402979	-0.000775401	-0.00455128
PMBB4052442901004	0	31.5	992.25	2	1	-0.00343695	-0.00346135	0.00148842
PMBB4052690815793	0	37.7	1421.2900000000002	2	3	-0.00246846	-0.00986193	-0.000159704
PMBB4053181042517	0	55.7	3102.4900000000002	2	1	0.00361558	0.0017751	0.00887869
PMBB4053277507828	0	59.4	3528.3599999999997	1	1	-0.00648328	0.00395526	0.0079203
PMBB4053749815067	0	34.7	1204.0900000000001	1	1	0.00194775	0.00405281	0.00359202
PMBB4054254646521	0	32.2	1036.8400000000001	1	1	-0.00107324	-0.00028806	0.00980767
PMBB4054486352790	1	31.7	1004.89	2	3	-0.00590715	-0.001346	-0.00115699
PMBB4054946847463	0	48.2	2323.2400000000002	1	1	0.00135533	0.0153957	0.00226411
PMBB4055111729482	0	38.9	1513.2099999999998	2	1	0.00999545	0.0147417	-0.00353942
PMBB4055840093436	0	34.8	1211.0399999999997	2	3	0.00111514	0.0121948	0.0186966
PMBB4056047334333	0	58.1	3375.61	1	1	-0.00767769	0.00650474	0.00371326
PMBB4056120149910	0	63.4	4019.56	2	1	0.00887181	-0.014578	-0.00156596
PMBB4056847494307	0	66.3	4395.69	2	1	0.0139572	-0.0178914	-0.0160486
PMBB4057011717544	0	49.7	2470.09	1	3	-0.00639709	0.00629999	0.0109258
PMBB4057787003089	0	60.7	3684.4900000000002	1	1	-0.000180063	0.00794358	-0.00661033
PMBB4058469720444	0	40.1	1608.0100000000002	2	3	0.0135209	-0.00948749	0.00989703
PMBB4059089491315	0	55.9	3124.81	2	3	-0.00552264	-0.00205502	-0.00180925
PMBB4059766271513	0	62.2	3868.84	1	3	-0.00957819	-0.0053916	0.000611084
PMBB4059834174210	0	49.1	2410.81	1	3	-0.00436673	0.00660002	0.00605247
PMBB4060024668628	0	57.6	3317.76	2	1	-0.00425677	0.00717067	0.0135298
PMBB4060223642694	0	31.7	1004.89	1	1	-0.00640789	-0.0182093	-0.00331472
PMBB4060256998823	0	57.9	3352.41	1	1	0.0107559	-0.0299443	-0.00790674
PMBB4060263799002	0	37.3	1391.2899999999997	2	1	-0.00163947	0.00343812	-0.00836654
PMBB4062097631285	0	40.9	1672.81	2	1	-0.00211408	-0.00335163	0.0024457
PMBB4062224276139	0	67.4	4542.760000000001	1	1	0.000950424	0.00189307	-0.00141279
PMBB4062413405207	0	40.7	1656.4900000000002	1	1	-0.0073557	-0.00139198	-0.0017462
PMBB4062701449841	0	29.1	846.8100000000001	2	1	-0.00415631	-0.000368729	0.00190415
PMBB4063065634330	1	59.3	3516.49	2	1	-0.00071031	-0.0154162	-0.00295377
PMBB4063146715934	0	25.0	625.0	2	1	-0.00177469	0.00483329	-0.000269678
PMBB4063169426319	1	59.2	3504.6400000000003	2	1	0.00194462	-0.00378684	-0.000252217
PMBB4063226425207	0	68.2	4651.240000000001	2	1	0.00398021	0.010333	0.00110803
PMBB4065504672566	0	55.6	3091.36	1	1	0.00426148	-0.00403364	0.0158737
PMBB4070666517368	0	57.8	3340.8399999999997	1	3	-0.00433245	0.00232071	0.00375273
PMBB4070808665494	0	52.7	2777.2900000000004	1	1	-0.00436391	0.00860329	0.00245521
PMBB4070836705197	0	71.9	5169.610000000001	2	2	0.00140905	-0.00243834	-0.00569704
PMBB4071008268025	0	23.6	556.96	2	3	0.000175242	0.00200936	0.00534697
PMBB4072012598493	0	22.6	510.76000000000005	2	3	0.0159208	-0.00177056	-0.00128583
PMBB4072616705066	0	50.7	2570.4900000000002	2	1	-0.00591349	-0.00671583	0.00408943
PMBB4073543281489	0	31.8	1011.24	2	1	-0.00112433	0.00652328	0.0163423
PMBB4074793156971	0	32.4	1049.76	2	1	-0.00141774	-0.0117236	0.000369654
PMBB4074810594115	0	30.7	942.49	1	1	-0.00238105	-0.0138176	-0.00406796
PMBB4076312483302	0	26.8	718.24	2	1	-0.00240763	-0.00133	-0.0188506
PMBB4076719086163	0	55.3	3058.0899999999997	2	1	0.000381153	-0.0183096	-0.017073
PMBB4077636997561	0	67.3	4529.29	2	1	-0.00131294	0.0139293	0.00132026
PMBB4077979386444	0	35.5	1260.25	2	1	0.00143822	-0.00540135	0.0033479
PMBB4079849350428	0	39.2	1536.6400000000003	2	1	-0.00489252	0.00631229	0.00364763
PMBB4080059148468	0	61.1	3733.21	2	1	0.0152857	-0.00359832	0.0150475
PMBB4080929751093	0	36.3	1317.6899999999998	2	1	0.00239278	-0.0192944	-0.000345078
PMBB4081412462455	0	71.9	5169.610000000001	1	1	-0.00703783	-0.00194381	0.00325113
PMBB4082391965049	0	70.3	4942.089999999999	1	3	-0.013022	0.00211558	-0.000973216
PMBB4084103551094	0	86.6	7499.559999999999	1	2	-0.00539163	-0.004083	0.0115831
PMBB4085048362395	0	34.0	1156.0	2	1	0.00294675	0.0108263	0.0198004
PMBB4086179199471	0	29.4	864.3599999999999	2	1	-0.00541781	0.00239526	0.0117079
PMBB4086520628014	0	27.4	750.7599999999999	2	1	-0.000828548	-0.00912516	0.00274928
PMBB4086547622594	0	49.8	2480.0399999999995	1	1	0.00180342	-0.0117146	-0.00234706
PMBB4087350197049	0	37.3	1391.2899999999997	2	1	0.00165136	-0.00171073	-0.007095
PMBB4087706922659	0	53.5	2862.25	1	3	-0.00487794	-0.00736022	-0.000431315
PMBB4090011245396	0	22.5	506.25	2	3	-0.00374372	0.00729915	-0.0167524
PMBB4091570222766	0	23.1	533.61	2	3	-0.00691428	0.00255231	0.00341418
PMBB4092191572833	0	35.0	1225.0	1	1	-0.00581472	0.00526671	0.0136409
PMBB4094095502973	1	84.5	7140.25	2	1	-0.00316978	0.00547046	0.0136346
PMBB4094868341842	0	28.8	829.44	1	1	-0.00310925	-0.00927123	7.3085e-05
PMBB4095159828212	0	63.7	4057.6900000000005	1	2	0.0288251	0.0108285	-0.0159881
PMBB4096260761361	0	74.8	5595.04	2	2	0.0255612	0.0098797	-0.0151871
PMBB4096917179470	1	48.5	2352.25	2	1	0.00238281	-0.00817196	-0.00192486
PMBB4098561451652	0	81.1	6577.209999999999	1	2	-0.00501917	-0.00708033	-0.000531577
PMBB4099467171092	0	32.1	1030.41	1	1	0.00574886	0.00302762	0.00586255
PMBB4099845039074	0	34.0	1156.0	2	1	0.00321462	0.0114568	0.00752201
PMBB4101211624336	0	75.4	5685.160000000001	2	1	-0.00443972	-0.0116289	-0.00823008
PMBB4101685890630	1	66.2	4382.4400000000005	1	3	0.00123375	-0.0114677	0.0109919
PMBB4101690084019	0	85.5	7310.25	2	1	-0.00863144	-0.0112515	0.000239256
PMBB4101896452755	0	58.2	3387.2400000000002	2	1	-0.00493084	-0.00120246	-0.00993653
PMBB4103385292470	0	64.4	4147.360000000001	2	1	0.0139946	0.00342199	-0.00104103
PMBB4105414155357	0	49.8	2480.0399999999995	1	1	-0.00633584	-0.00368194	-0.000979783
PMBB4106070734810	0	46.9	2199.6099999999997	2	1	-0.00536339	-0.000100914	0.00616774
PMBB4106166344192	0	32.2	1036.8400000000001	2	1	0.0211129	0.0119977	-0.00844606
PMBB4106835914356	0	29.5	870.25	2	3	0.00907568	0.00501802	-0.00138723
PMBB4107456289340	0	57.7	3329.2900000000004	1	1	0.00566769	-0.016183	-0.00238208
PMBB4107535090165	0	29.2	852.64	2	1	0.00262301	-0.00739901	-0.0137954
PMBB4108245300074	0	40.6	1648.3600000000001	2	3	-0.000535181	0.00699202	0.0131457
PMBB4109065026211	0	31.0	961.0	2	3	-0.000541799	0.00119132	-0.0034886
PMBB4109145910224	0	58.1	3375.61	1	3	-0.00256569	0.00881399	-0.00326777
PMBB4109313585946	0	43.7	1909.6900000000003	2	1	-0.0108427	0.00143049	0.00206805
PMBB4110013362393	0	23.7	561.6899999999999	2	1	-0.00709275	-0.00684968	-0.00160922
PMBB4110358527485	0	22.5	506.25	2	1	-0.00450578	-0.00984966	0.00837893
PMBB4110369350993	0	26.2	686.4399999999999	2	1	0.00323288	-0.0173243	-0.0173759
PMBB4111096215462	0	53.7	2883.6900000000005	1	1	0.010333	-0.00700339	-0.00806303
PMBB4111168171365	0	66.7	4448.89	1	1	0.00114403	0.00546076	0.0115056
PMBB4111500693297	0	49.6	2460.1600000000003	1	1	0.00127177	0.001042	-0.00573006
PMBB4114730534053	0	25.3	640.09	2	1	-0.00129027	-0.00441289	0.00164394
PMBB4115908918644	0	52.3	2735.2899999999995	1	1	-0.00157009	0.00125064	-0.00566488
PMBB4116218195201	0	58.3	3398.89	2	1	0.0171276	0.00276316	-0.00194069
PMBB4116717973412	0	38.6	1489.96	2	1	0.00735977	-0.0122277	0.00800764
PMBB4117507259510	0	51.5	2652.25	1	1	-0.00508943	0.00183074	-0.0068341
PMBB4121015580082	0	53.1	2819.61	2	1	0.0284749	-0.0139338	-0.0145195
PMBB4121859853266	0	50.0	2500.0	2	1	-0.00423983	0.00479755	-0.0006155
PMBB4122404933580	0	69.4	4816.360000000001	1	1	-0.00339365	0.00819428	-0.00666378
PMBB4124299626020	0	37.8	1428.8399999999997	2	1	0.00069517	0.0114099	0.00829231
PMBB4124467912070	0	43.6	1900.96	1	1	-0.0032185	0.0050586	-0.00493433
PMBB4124488971454	0	52.8	2787.8399999999997	1	1	0.0130227	0.00609614	-0.00895345
PMBB4125754541658	0	33.6	1128.96	2	3	-0.00474689	0.00934616	0.00526393
PMBB4128626592595	0	58.6	3433.96	1	1	-0.00520782	0.00661446	0.000555616
PMBB4129701217154	0	71.2	5069.4400000000005	1	3	0.0101531	0.00366366	0.00355677
PMBB4129957742346	0	61.0	3721.0	1	1	-0.00599807	-0.00834994	0.00238394
PMBB4130902886818	0	47.9	2294.41	1	1	-0.0126532	-0.000420536	-0.00232472
PMBB4131554076541	0	42.1	1772.41	1	1	-0.00423653	-0.000818162	0.00128744
PMBB4131815232121	1	57.9	3352.41	2	1	-0.000331128	0.00433411	-0.00283071
PMBB4132660946259	0	44.4	1971.36	2	1	0.00168901	-0.00985801	-0.0121793
PMBB4132723546259	1	71.6	5126.5599999999995	2	1	-0.00101585	0.00910069	0.00673065
PMBB4132873961472	0	36.8	1354.2399999999998	2	1	0.0249967	0.0154073	0.00789651
PMBB4133001365686	0	43.0	1849.0	2	1	-0.00141165	-0.00522074	-0.00510727
PMBB4133837601449	1	63.1	3981.61	1	2	-0.00712304	0.00714942	-0.00341021
PMBB4133968281371	0	72.9	5314.410000000001	2	1	-0.00375911	0.00807823	-0.0124422
PMBB4134491367280	0	41.9	1755.61	2	1	-0.00475732	-0.00432821	-0.0143155
PMBB4135863933950	0	43.3	1874.8899999999996	1	1	0.00180483	0.00813603	0.00565593
PMBB4136790774815	0	22.2	492.84	2	1	0.000637609	0.00830318	-0.0119658
PMBB4138076708831	0	41.5	1722.25	1	1	0.00661163	-0.00214461	-0.00280718
PMBB4138515817885	0	38.0	1444.0	1	1	-0.000548679	0.000922023	0.00915821
PMBB4139479602979	0	42.3	1789.2899999999997	2	3	-0.00590316	-0.00180819	-0.000561334
PMBB4140290782168	0	51.3	2631.6899999999996	1	1	-0.00512171	-0.0142832	-0.000690112
PMBB4141828024158	0	55.1	3036.01	2	1	-0.00821226	-0.00917444	-0.00223263
PMBB4141846747181	0	53.2	2830.2400000000002	2	1	-0.00124427	0.0116488	0.00478429
PMBB4141985235874	0	38.4	1474.56	2	1	0.00508687	-0.015728	-0.000439597
PMBB4142290725044	0	65.2	4251.04	1	3	-0.0036754	0.00755807	-0.00157919
PMBB4143037611955	0	78.7	6193.6900000000005	1	1	0.0181334	-0.0086143	0.00836542
PMBB4143285013694	0	53.2	2830.2400000000002	1	1	-0.0045119	0.00256036	0.00574538
PMBB4143823419290	0	65.7	4316.490000000001	1	1	-0.00195084	0.00704499	-0.0201127
PMBB4144660130963	0	32.3	1043.2899999999997	2	1	-0.00398159	0.000525676	0.00778925
PMBB4145787161859	0	69.3	4802.49	1	1	0.0150744	-0.00464848	-0.00823662
PMBB4149371049257	0	53.5	2862.25	2	1	-0.00666757	-0.00651397	-0.000705541
PMBB4149743080292	0	56.4	3180.96	1	1	-0.000519511	0.00967615	0.0056944
PMBB4150427376376	0	61.3	3757.6899999999996	1	1	0.0031659	-0.00824589	-0.00934854
PMBB4150631051921	0	84.9	7208.010000000001	1	1	-0.00546837	0.000573669	0.00471731
PMBB4150921267988	0	57.3	3283.2899999999995	2	1	0.000786461	0.00386513	0.00230737
PMBB4151416349783	0	52.2	2724.84	2	1	0.0168716	0.00564738	0.00460897
PMBB4151988176372	0	48.4	2342.56	2	1	0.00373551	0.00302186	0.0157831
PMBB4153475299393	0	40.4	1632.1599999999999	2	1	0.00501036	0.0182731	0.00013454
PMBB4154509566298	0	33.0	1089.0	1	1	-0.00519809	0.00344601	0.00375527
PMBB4156187236061	1	65.8	4329.639999999999	1	1	-0.00952731	0.0014308	-0.00614972
PMBB4156739410423	0	54.9	3014.0099999999998	2	1	0.0054445	-0.0152524	-0.00151923
PMBB4157300597131	0	58.8	3457.4399999999996	1	1	-0.00619886	-0.00200343	-0.00883658
PMBB4160308699042	0	32.6	1062.76	1	1	0.00313805	0.00768059	-0.0107823
PMBB4161296209457	0	52.2	2724.84	1	1	-0.00949978	0.00328658	0.00268102
PMBB4162910344514	0	43.0	1849.0	2	3	-0.0101009	-0.00147626	-0.000710805
PMBB4163809554332	0	38.9	1513.2099999999998	1	1	-0.00292981	-0.00788211	0.0134537
PMBB4165225859211	0	47.3	2237.2899999999995	2	3	-0.00192629	-0.0170647	-0.0170332
PMBB4166517792778	0	41.5	1722.25	1	1	0.00311232	-0.0120303	0.00264131
PMBB4167640536714	0	55.5	3080.25	1	1	-0.0093993	0.00518002	-0.0112906
PMBB4168607118846	0	38.3	1466.8899999999999	2	1	0.00164948	0.000572816	-0.0127528
PMBB4169084590384	0	40.8	1664.6399999999999	2	3	-0.00459633	-0.0171335	-0.00940064
PMBB4169679625187	0	37.1	1376.41	2	1	-0.00609532	1.52802e-05	-0.00482031
PMBB4170433739072	0	40.1	1608.0100000000002	2	1	-0.00270287	-0.00141126	-0.00853133
PMBB4171057738193	0	35.9	1288.81	2	1	-0.0124275	-0.000519114	0.00060368
PMBB4172935570024	0	31.7	1004.89	2	3	-0.00258887	0.00362127	0.00970821
PMBB4173394472602	0	64.0	4096.0	1	1	-0.00702164	0.00212091	0.00541279
PMBB4174553298096	0	28.8	829.44	2	1	0.00268145	-0.00495461	-0.00560923
PMBB4174820368512	0	38.0	1444.0	2	1	-0.0030749	0.00373128	0.0215709
PMBB4175600951693	0	29.2	852.64	2	1	-0.00942409	0.00114599	3.17038e-05
PMBB4175757135918	0	52.8	2787.8399999999997	2	1	-0.00652285	0.00287465	-0.00098991
PMBB4175925451563	0	58.5	3422.25	2	1	-0.00664878	-0.0139535	-0.00454722
PMBB4176627820599	0	68.0	4624.0	1	1	0.00504195	0.00170063	0.0034582
PMBB4176828240899	0	34.2	1169.64	2	3	-0.00429046	-0.0119343	-0.00502752
PMBB4176839807969	0	29.2	852.64	1	3	-0.00494162	0.00642949	-0.00673749
PMBB4179744149733	0	22.6	510.76000000000005	2	1	-0.00188694	0.010513	-0.0103929
PMBB4186000335453	0	38.1	1451.6100000000001	2	3	0.00628959	0.0130656	-0.00915298
PMBB4186054977510	0	54.9	3014.0099999999998	1	1	-0.00587227	0.00360546	0.00629985
PMBB4186993388556	0	23.0	529.0	2	1	0.0268662	0.0124572	0.00194548
PMBB4188294131451	0	62.1	3856.4100000000003	2	1	-0.00360302	0.0076661	-0.00300154
PMBB4189971175484	0	26.6	707.5600000000001	2	1	-0.0023048	0.000227354	0.0012095
PMBB4190934504301	0	48.5	2352.25	2	1	0.0080955	-0.0078708	0.0166206
PMBB4190946751713	0	48.8	2381.4399999999996	2	1	-0.0076593	0.00588659	0.00986071
PMBB4191892910012	0	68.9	4747.210000000001	1	1	0.00807722	-0.000481948	0.00503857
PMBB4191926148426	0	50.2	2520.0400000000004	2	1	-0.00552179	0.00231705	-0.00367434
PMBB4192103499784	0	72.9	5314.410000000001	1	1	0.0028184	0.0136505	0.011229
PMBB4192279096961	0	70.7	4998.490000000001	2	1	-0.00147903	-0.018386	-0.00420243
PMBB4192907144392	0	28.5	812.25	2	3	-0.000997904	0.00393765	-0.000561974
PMBB4194480163993	0	48.6	2361.96	1	3	0.000113904	0.0114379	-0.00422276
PMBB4194599256352	0	30.4	924.16	2	3	0.0271122	0.00861367	0.00616006
PMBB4196857727163	0	60.1	3612.01	2	1	0.00680501	0.0138942	-0.00304498
PMBB4198892609864	0	45.1	2034.0100000000002	2	1	-0.00275048	0.00178747	-0.00413677
PMBB4199141263623	0	47.6	2265.76	2	1	-0.00198562	0.00249018	-0.00889326
PMBB4200686967066	0	64.6	4173.159999999999	1	1	-0.00817408	0.00138944	-0.000746788
PMBB4201450535519	0	82.8	6855.839999999999	1	2	-0.00251288	0.00450006	-0.00320371
PMBB4201874525641	0	47.9	2294.41	2	3	0.009914	0.00430228	-0.000304605
PMBB4203917600910	0	75.0	5625.0	2	2	0.00768838	-0.000191406	-0.00395555
PMBB4204112395109	0	28.7	823.6899999999999	2	2	0.00723637	0.00438632	-0.00181399
PMBB4206640817754	0	47.4	2246.7599999999998	2	2	-0.00684686	-0.00418081	-0.00907682
PMBB4207656487027	0	26.9	723.6099999999999	2	1	-0.00496318	0.0114834	-0.00699532
PMBB4207720325693	0	36.0	1296.0	2	3	-0.00376516	0.000841584	-0.000204524
PMBB4208144461345	0	71.2	5069.4400000000005	2	1	-0.00266686	0.00904949	0.000308299
PMBB4209396962033	0	61.7	3806.8900000000003	2	1	-0.00393461	0.0111575	-0.00218759
PMBB4210096171756	0	19.3	372.49	2	1	-0.000809805	0.00716241	0.01009
PMBB4210133118306	0	59.5	3540.25	1	1	-0.0095517	0.00175899	0.00164898
PMBB4210745534182	0	66.7	4448.89	2	1	0.00283765	0.00832583	0.00533242
PMBB4211113882836	0	23.9	571.2099999999999	2	3	-0.00441962	-0.00711647	0.00706147
PMBB4211549220178	0	49.3	2430.49	2	3	-0.00391938	0.00283974	-0.00849684
PMBB4212299939302	0	38.6	1489.96	1	1	0.00206177	-0.0026765	0.0088907
PMBB4212539724158	0	35.3	1246.0899999999997	2	1	0.000908292	-0.00527843	-0.00149982
PMBB4213149923675	0	55.2	3047.0400000000004	2	3	0.00318265	-0.0205129	0.00858465
PMBB4213958918868	0	34.7	1204.0900000000001	2	3	0.0069187	0.00106849	-0.00425517
PMBB4214390491978	0	67.7	4583.29	2	1	-0.00649315	-0.00357409	-0.00388548
PMBB4214693532188	0	47.8	2284.8399999999997	2	3	-0.00296462	-0.00176913	-0.0016531
PMBB4214974337862	0	49.4	2440.3599999999997	1	1	-0.00502558	0.00613954	0.002277
PMBB4215388886267	0	56.7	3214.8900000000003	2	1	0.00974635	0.00526085	-0.00417801
PMBB4215504085206	0	55.0	3025.0	2	1	-0.00432607	0.00494104	0.00296329
PMBB4216754090511	0	33.1	1095.6100000000001	1	3	0.0207757	0.0018949	0.00423081
PMBB4217176321352	0	30.9	954.81	2	2	0.015429	-0.00664271	0.00478885
PMBB4218120489297	0	47.0	2209.0	2	1	-0.00219022	-0.0205025	-0.00730426
PMBB4218602105373	0	60.5	3660.25	1	1	-0.00503476	-0.014084	-0.0111239
PMBB4218987169028	0	71.1	5055.209999999999	1	1	0.000511665	0.00205429	0.00685644
PMBB4220065118481	0	40.0	1600.0	2	3	-0.000763909	0.00147139	0.00532722
PMBB4220568184729	0	68.4	4678.56	2	3	0.0241296	0.00374483	-0.00708159
PMBB4221046876773	0	28.4	806.56	2	3	0.0138291	-0.00999508	-0.00719139
PMBB4221151974879	0	33.1	1095.6100000000001	2	3	-0.0016154	0.0105614	0.00177583
PMBB4222025743157	0	67.1	4502.409999999999	2	3	-0.00602401	-0.0147523	-0.0128164
PMBB4223316754706	0	31.5	992.25	2	1	-0.00178313	0.00116573	-0.0158174
PMBB4223505002529	0	71.1	5055.209999999999	2	2	-0.00469778	-0.0141999	0.0111001
PMBB4224341311733	0	71.0	5041.0	1	1	0.00813397	-0.00278863	0.00126709
PMBB4225098033973	0	39.2	1536.6400000000003	1	1	-0.00371402	0.00493696	0.0172657
PMBB4231234857426	0	33.5	1122.25	2	1	0.000626812	0.00123575	-0.00696746
PMBB4232232152608	0	34.9	1218.01	2	1	-0.00591716	0.00149251	-9.655e-05
PMBB4232497241825	0	25.6	655.3600000000001	2	1	-0.00266582	-0.0099773	-0.00755923
PMBB4233244691078	0	23.2	538.24	2	1	0.0287688	0.0040199	-0.0197587
PMBB4233812250489	0	74.5	5550.25	2	1	0.00541501	-0.0119199	0.0203596
PMBB4234858528567	0	55.7	3102.4900000000002	2	1	-0.0034301	-0.0101859	0.000272308
PMBB4237108630031	0	31.5	992.25	1	1	0.0185865	0.00686885	0.000122446
PMBB4237571162830	0	26.5	702.25	1	3	-0.00316335	0.00299474	-0.00330706
PMBB4238769828286	0	41.2	1697.4400000000003	2	1	0.00505642	-0.00225019	0.0109284
PMBB4238941771131	0	36.0	1296.0	2	1	-0.00537232	-0.00542292	-0.00708819
PMBB4239081338810	0	31.2	973.4399999999999	2	1	0.00264559	0.000627938	-0.00509148
PMBB4239447564513	0	38.4	1474.56	2	1	0.00290189	-0.00635482	0.00549368
PMBB4239745732815	0	56.7	3214.8900000000003	1	3	0.0286435	0.00722882	0.00509062
PMBB4239892982139	0	63.9	4083.21	2	1	-0.00829845	0.00430962	0.00064416
PMBB4239975841682	0	68.6	4705.959999999999	1	1	-0.00133768	0.00791539	-0.00543076
PMBB4240419710660	0	68.9	4747.210000000001	2	1	-0.00764006	-0.00576852	0.00266231
PMBB4241171656772	0	39.3	1544.4899999999998	1	1	-0.0059127	0.000642911	-0.00166668
PMBB4241410825512	0	52.8	2787.8399999999997	2	1	0.00835016	-0.0202237	-0.0134993
PMBB4242889546873	0	44.9	2016.0099999999998	2	3	-0.00289178	0.00325095	-0.00825871
PMBB4243435210129	0	65.2	4251.04	1	1	0.00163558	-0.0200703	0.00360952
PMBB4243468307988	1	66.4	4408.960000000001	2	1	-0.00705005	-0.00656321	0.00851482
PMBB4244080988410	0	28.7	823.6899999999999	2	1	-0.00263666	0.00527292	0.00013091
PMBB4245017134006	0	75.7	5730.490000000001	1	1	0.00407263	0.017196	0.00729345
PMBB4248432290347	0	48.8	2381.4399999999996	1	1	-0.00444575	0.00699725	-0.00417715
PMBB4249241114666	0	62.9	3956.41	1	1	-0.00430627	0.00172541	-0.00635591
PMBB4249283466321	0	38.9	1513.2099999999998	2	1	0.0241022	0.00038385	-0.000834701
PMBB4251449306914	0	83.9	7039.210000000001	1	1	-0.00574621	0.0107911	-0.00471363
PMBB4251516555689	0	75.7	5730.490000000001	1	1	-0.00499609	0.00237861	0.000416988
PMBB4251827029570	0	60.0	3600.0	1	1	-0.00380421	0.000793926	-0.0028646
PMBB4252398588787	0	52.8	2787.8399999999997	2	1	0.00680294	-0.000720901	0.0265693
PMBB4258096393399	0	60.9	3708.81	1	1	0.000773615	0.00659945	0.00277376
PMBB4258811312685	0	55.9	3124.81	2	1	0.00547595	0.00638174	-0.0212301
PMBB4259232669929	1	87.5	7656.25	2	3	-0.000610708	-0.013883	0.00225935
PMBB4259398625264	0	33.1	1095.6100000000001	2	3	-0.00397752	0.00698699	0.00235074
PMBB4259562233489	0	37.8	1428.8399999999997	2	3	-0.00484975	0.00210257	-0.0024389
PMBB4259987177052	0	62.2	3868.84	2	1	-0.00826074	0.000196859	0.00183841
PMBB4260350542534	1	69.7	4858.09	1	1	-0.0043868	-0.000787619	0.00681429
PMBB4261661673232	0	22.0	484.0	2	1	0.00122454	0.00444778	0.00435982
PMBB4262257664630	0	48.7	2371.69	2	1	-0.00314488	0.00439915	-0.0135514
PMBB4263222982110	0	28.9	835.2099999999999	2	3	-0.00348427	0.00371916	0.00781986
PMBB4264396561877	0	31.7	1004.89	2	1	-0.0025999	-0.00319653	0.0112413
PMBB4266376328644	0	46.2	2134.44	2	1	0.00118457	-0.00548712	-0.00170804
PMBB4268547399139	0	69.9	4886.010000000001	2	3	-0.00489556	0.000187582	0.00093607
PMBB4271383526178	0	53.7	2883.6900000000005	1	1	-0.00431099	-0.00692299	-9.05925e-05
PMBB4271404904067	0	70.5	4970.25	2	1	-0.00747173	0.00202991	0.00256589
PMBB4272804956078	0	47.5	2256.25	2	3	-0.00776827	0.00280485	-0.00503637
PMBB4272855179176	0	63.3	4006.8899999999994	1	2	0.000228203	0.00577622	0.00372794
PMBB4273476473354	0	58.0	3364.0	2	3	0.0295296	-0.0037251	0.0203806
PMBB4273698299759	0	26.7	712.89	2	1	-0.00369667	-0.00993751	-0.00292247
PMBB4274555170181	0	67.3	4529.29	1	1	0.00714465	-0.0155342	0.00357871
PMBB4276115322217	0	56.7	3214.8900000000003	2	1	-0.00152555	0.00780205	0.000272883
PMBB4279312186324	0	49.1	2410.81	1	1	-0.00404161	0.00595951	0.00045134
PMBB4283186868667	0	33.1	1095.6100000000001	2	1	0.017316	-0.0144696	-0.00621742
PMBB4283554859073	0	56.5	3192.25	1	1	2.23924e-05	0.0154909	-0.0117359
PMBB4284299563419	0	39.6	1568.16	2	3	-0.00245476	-0.0074909	0.000618996
PMBB4284301047297	0	61.3	3757.6899999999996	2	3	-0.00725642	0.00405151	-0.000480467
PMBB4284803515324	0	35.3	1246.0899999999997	1	1	-0.00443332	0.00664354	-0.0023661
PMBB4286413857751	0	27.8	772.84	2	1	0.00162424	-0.0128604	-0.00715214
PMBB4286497694461	0	38.9	1513.2099999999998	1	3	-0.00535919	-0.00627896	-0.0105719
PMBB4286709063968	0	68.5	4692.25	1	1	0.00112342	-0.00858814	0.000176715
PMBB4286850293937	0	38.3	1466.8899999999999	2	2	-0.0040001	0.00768646	-0.00658316
PMBB4287716933941	0	66.2	4382.4400000000005	1	1	0.00107651	0.0108463	-0.011818
PMBB4287813162916	0	66.5	4422.25	1	3	-0.00481716	0.0032616	0.00371364
PMBB4288718897671	0	51.4	2641.96	2	1	-0.00558872	0.00606596	-0.00320861
PMBB4289010868753	0	26.3	691.69	2	1	-0.00437962	-0.00504265	0.000361309
PMBB4289324590876	0	43.3	1874.8899999999996	2	3	-0.011394	0.00173255	0.00422389
PMBB4289496449306	0	64.9	4212.010000000001	1	1	0.000853505	0.00447401	-0.00777093
PMBB4289994068232	0	75.5	5700.25	1	1	0.00316175	0.00545972	0.014439
PMBB4290244183320	0	44.7	1998.0900000000001	2	2	0.00148758	-0.0151126	0.010186
PMBB4290452754203	0	63.5	4032.25	2	3	-0.000159524	0.00970989	0.0148046
PMBB4291611005063	1	72.1	5198.409999999999	2	1	-0.000936051	-0.00767106	0.000757527
PMBB4291983047770	0	70.7	4998.490000000001	1	1	0.000660489	0.0164612	-0.0260145
PMBB4292057946942	0	63.7	4057.6900000000005	2	1	0.00438691	0.00741821	0.00217757
PMBB4293464267505	0	33.5	1122.25	2	1	-0.00165839	-0.00212295	0.00648921
PMBB4296396822613	0	38.1	1451.6100000000001	2	1	-0.00287136	0.00817052	-0.00896753
PMBB4296745499270	0	56.8	3226.24	2	1	-0.00629465	-0.0159525	-0.00137426
PMBB4297007438141	0	69.7	4858.09	1	2	-0.00392618	0.00809917	-0.00117339
PMBB4298334361343	0	42.6	1814.7600000000002	2	1	-0.00491009	-0.011573	0.000316881
PMBB4298513805359	0	30.6	936.3600000000001	2	1	-0.0121606	0.000476004	-0.0029481
PMBB4298710243523	0	33.6	1128.96	2	3	-0.00598218	-0.00667643	0.0180395
PMBB4300654952730	0	63.2	3994.2400000000002	2	1	-0.000619577	-0.0154001	0.0108591
PMBB4301109920971	0	44.4	1971.36	2	1	-0.00894127	0.0020223	0.000404021
PMBB4301546530054	0	36.5	1332.25	2	1	-0.00818674	-0.00303814	-0.00307707
PMBB4301907423886	0	26.1	681.21	2	1	-0.0052734	-0.00936718	0.000130306
PMBB4302688489506	0	30.6	936.3600000000001	1	3	-0.00326052	0.00237079	0.00951746
PMBB4303165101842	0	23.7	561.6899999999999	1	1	-0.00445185	0.00367589	0.00255733
PMBB4303355069902	0	56.8	3226.24	1	1	-0.00451613	0.00356161	-0.00866645
PMBB4303404084533	0	43.0	1849.0	2	3	-0.00792923	-0.008608	-0.00499824
PMBB4303505799336	0	61.0	3721.0	1	1	0.000659851	-0.000822939	0.00739929
PMBB4305177999578	0	39.1	1528.8100000000002	2	2	-0.00854375	-0.0012264	-9.81347e-05
PMBB4305466367044	0	66.7	4448.89	2	1	0.0152639	0.00874695	0.00288531
PMBB4305595154115	0	31.3	979.69	2	2	0.00625128	0.00989239	0.00029132
PMBB4306001012565	0	21.7	470.89	2	3	-0.00127357	0.00103477	-0.00572826
PMBB4307901365084	0	60.4	3648.16	1	1	0.0143182	0.0178184	-0.000682989
PMBB4308784286040	0	66.2	4382.4400000000005	2	1	-0.00586799	0.0043553	-0.00336603
PMBB4308889637570	0	22.6	510.76000000000005	1	1	-0.0123842	-0.00054794	-0.00166497
PMBB4310553509588	0	79.0	6241.0	2	2	-0.00746919	0.00489188	0.00236436
PMBB4310657306255	0	56.2	3158.4400000000005	1	3	-0.00695513	0.00105296	0.00378564
PMBB4310896154203	0	58.9	3469.21	2	2	0.0119068	-0.0175174	-0.0121273
PMBB4311288032586	0	50.9	2590.81	2	2	-0.0091963	-0.00468249	-0.00166585
PMBB4312013281229	0	67.1	4502.409999999999	1	1	-0.00664636	-0.0132687	-0.00252146
PMBB4313107197284	0	65.5	4290.25	1	1	0.00180093	0.00820598	0.00822595
PMBB4313746736894	0	46.9	2199.6099999999997	2	3	0.00336929	-0.00103052	-8.30257e-05
PMBB4314042063748	0	86.1	7413.209999999999	2	3	0.000711191	0.0116267	-0.00520126
PMBB4320139648269	0	45.8	2097.64	2	1	-0.00603134	0.00205727	0.000846732
PMBB4322053023027	0	68.9	4747.210000000001	1	3	0.0229892	0.0100451	0.000194671
PMBB4322363300298	0	39.7	1576.0900000000001	2	1	-0.00268433	0.00785547	0.00686208
PMBB4323229466600	0	39.4	1552.36	1	1	0.0291644	-0.012778	0.0139639
PMBB4323506466995	0	27.0	729.0	1	2	0.022316	0.00591463	-0.0147158
PMBB4324773696585	0	41.8	1747.2399999999998	2	1	-0.00257119	-0.00923515	-0.00448999
PMBB4324780339874	0	33.3	1108.8899999999999	2	1	0.0105128	-0.00820058	0.0158835
PMBB4325653316506	0	30.8	948.6400000000001	2	1	-0.00709609	0.00114396	0.0131171
PMBB4326663567093	0	60.6	3672.36	1	1	0.000558784	0.00670281	0.00505051
PMBB4327198515858	0	44.9	2016.0099999999998	1	3	-0.00488878	0.00665475	-0.00880847
PMBB4329269911182	0	26.7	712.89	2	1	-0.000835875	0.000681502	0.00467102
PMBB4331700464625	0	24.2	585.64	2	1	-0.000803508	-0.0092524	0.00317756
PMBB4331954133151	0	75.8	5745.639999999999	1	3	0.00299123	-0.0130133	0.0109074
PMBB4332214050377	0	49.5	2450.25	2	1	0.0243332	0.00559409	-0.00521052
PMBB4333238935433	0	32.2	1036.8400000000001	2	3	-0.00493634	0.00436369	-0.00559995
PMBB4334684779562	0	34.2	1169.64	2	1	0.0228196	0.0050441	-0.00973762
PMBB4335137466941	0	19.3	372.49	2	1	0.00326949	0.0102776	0.00168912
PMBB4335887565012	0	55.1	3036.01	1	1	-0.000166731	0.00628535	-0.0107456
PMBB4336919004607	0	69.8	4872.04	2	3	0.00020837	-0.0015862	-0.00160259
PMBB4339315577483	0	53.2	2830.2400000000002	1	1	0.00670306	0.00416549	-0.00923949
PMBB4339693361952	0	71.9	5169.610000000001	2	1	-0.00779558	0.00368814	-0.00142532
PMBB4340845245522	0	56.7	3214.8900000000003	2	1	0.0203268	0.00222341	0.0082462
PMBB4343702323509	0	61.1	3733.21	1	3	-0.00748119	0.00461872	-0.00282156
PMBB4344496659837	0	25.6	655.3600000000001	2	1	-0.00210016	-0.0138891	0.0132551
PMBB4344947200164	0	53.9	2905.21	2	1	0.00735936	9.92558e-05	0.0235032
PMBB4345321352107	0	79.4	6304.360000000001	1	1	0.0181331	-0.022345	-0.00869986
PMBB4345776513091	0	64.6	4173.159999999999	2	1	0.000912253	-0.00639837	-0.00379626
PMBB4346649937464	0	28.5	812.25	2	1	0.0042343	8.17609e-05	0.01685
PMBB4349256142620	0	44.8	2007.0399999999997	2	1	-0.00523631	0.00221119	0.00136788
PMBB4351857775771	0	61.9	3831.6099999999997	2	3	0.00829567	0.0142101	0.00404857
PMBB4352952943983	0	21.3	453.69000000000005	2	3	0.0135209	-0.0115915	-0.00970171
PMBB4353712176495	0	77.0	5929.0	1	1	-0.00639802	-0.00192831	-0.00710737
PMBB4355936534433	0	42.0	1764.0	2	2	0.00314721	0.00894055	0.0176908
PMBB4356072058664	0	58.5	3422.25	2	1	-0.00464725	0.00677257	0.00492665
PMBB4356593619122	0	33.2	1102.2400000000002	2	1	-0.00292248	0.00196293	-0.00197453
PMBB4357575898267	0	24.8	615.0400000000001	2	1	0.0248298	0.0172871	0.0122917
PMBB4357667901880	0	42.5	1806.25	2	1	-0.00723296	0.00212993	-0.0037726
PMBB4358188427210	0	52.2	2724.84	2	1	-0.00418538	-0.00619673	0.00104046
PMBB4358447842913	0	76.0	5776.0	1	1	-0.000719331	-0.00958211	-0.00735689
PMBB4359400840651	0	42.4	1797.76	1	1	-0.00407699	0.00941011	-0.00488079
PMBB4359593394342	1	60.4	3648.16	1	1	-0.00500523	-0.00368963	0.00354055
PMBB4361964167879	0	60.7	3684.4900000000002	1	3	-0.00656119	0.00462558	0.000713084
PMBB4363578849179	0	26.7	712.89	2	1	-0.00130352	0.000781689	0.0057076
PMBB4363579826636	0	56.8	3226.24	1	1	-0.00044179	0.000409459	-0.0186536
PMBB4366141897506	0	29.3	858.49	2	1	-0.00459456	0.00760162	0.00953616
PMBB4367012174121	0	45.8	2097.64	2	1	0.0112239	-0.0134238	0.00502255
PMBB4368666918305	0	21.6	466.56000000000006	2	1	0.00533569	-0.0199935	0.00151465
PMBB4368812590446	0	65.1	4238.009999999999	2	1	-0.00373739	7.44019e-05	0.00203703
PMBB4369039550391	0	53.0	2809.0	1	1	0.00351995	0.00140982	-0.00355608
PMBB4370140799879	0	30.5	930.25	2	1	0.00249379	0.000445626	-0.00738095
PMBB4370567061594	0	32.1	1030.41	2	1	-0.0038023	0.00402368	0.00956401
PMBB4370985805001	0	64.8	4199.04	1	1	-0.000997706	0.00129426	-0.0237583
PMBB4373196339910	0	80.1	6416.009999999999	2	3	0.000302915	0.00861319	-0.00624759
PMBB4373578448333	0	22.2	492.84	1	1	-0.00555505	0.000208792	0.00170857
PMBB4373792659318	0	30.6	936.3600000000001	2	1	-0.00192081	0.00854503	-0.0168527
PMBB4374299629354	0	58.0	3364.0	1	3	7.61321e-06	-0.00207349	0.0115711
PMBB4375409066053	0	67.8	4596.839999999999	1	1	-0.00506433	0.00876163	-0.0056489
PMBB4376075922791	0	50.7	2570.4900000000002	2	1	-0.00755694	0.00167217	-0.0103223
PMBB4376397133319	0	51.0	2601.0	2	1	0.00111162	0.00817473	-0.005897
PMBB4376472681156	0	63.2	3994.2400000000002	1	1	-0.00247083	-0.0102274	0.00631654
PMBB4376503568341	0	57.8	3340.8399999999997	1	1	0.0128887	0.00765279	-0.0140257
PMBB4380170642561	0	28.7	823.6899999999999	2	1	-0.00859663	-0.00064956	0.00128101
PMBB4380872206204	0	54.0	2916.0	2	3	-0.00148065	0.000676431	-0.00984435
PMBB4381187061377	0	59.8	3576.0399999999995	1	1	0.0171322	-0.00857183	0.0125228
PMBB4381914170828	0	63.9	4083.21	2	2	-0.00647889	0.00343245	0.00045995
PMBB4382182585199	0	68.9	4747.210000000001	2	1	-0.0107839	-0.000226197	0.0114667
PMBB4382758645515	0	40.6	1648.3600000000001	1	3	-0.0111987	-0.00145215	0.00427537
PMBB4383630296125	1	70.8	5012.639999999999	2	1	-0.00185302	-0.00101863	0.0142266
PMBB4384963946048	0	73.1	5343.609999999999	1	1	0.00209004	-0.0024768	0.00930047
PMBB4384986277220	0	34.4	1183.36	2	1	-0.00921829	0.00168891	-0.00645204
PMBB4385619144427	1	47.0	2209.0	1	1	0.00574817	0.0114932	0.0159281
PMBB4385778116428	0	33.8	1142.4399999999998	1	1	-0.000651006	0.0143433	-0.00593982
PMBB4385951352859	0	52.3	2735.2899999999995	1	1	-0.00852345	-0.00404914	0.00368564
PMBB4386492045450	0	66.9	4475.610000000001	2	1	-0.00602915	0.00281443	0.000156683
PMBB4386874266138	0	36.2	1310.4400000000003	1	3	-0.00399312	0.00238741	-0.00916766
PMBB4387812621451	0	42.6	1814.7600000000002	2	2	0.00114207	-0.00162555	-0.0119108
PMBB4388722248919	0	37.1	1376.41	1	1	-0.00547773	0.00121655	-0.000425432
PMBB4389228096907	0	70.5	4970.25	2	3	-0.00944412	0.00123533	-0.00357314
PMBB4389660718349	0	53.4	2851.56	2	1	0.00199838	-0.00298605	0.0160557
PMBB4391012246380	0	56.2	3158.4400000000005	2	1	-0.00888139	0.00542025	0.000726697
PMBB4391928188930	0	46.0	2116.0	1	1	0.0278797	-0.00611805	-0.00594281
PMBB4392398167361	0	27.9	778.41	2	3	-0.00481838	-0.00472502	-0.00184322
PMBB4395725855799	0	52.9	2798.41	2	3	-0.00340114	-0.00389073	-0.00324201
PMBB4395753508843	0	57.2	3271.84	1	1	-0.0128576	-0.00280188	-0.00159872
PMBB4396401759839	0	69.1	4774.8099999999995	2	1	-0.0026043	0.0118994	0.000742463
PMBB4396439635397	0	48.2	2323.2400000000002	1	1	-0.00477213	0.00866665	0.000442792
PMBB4397435165206	0	64.3	4134.49	1	1	-0.00214741	0.0103112	-0.00391051
PMBB4399282314779	0	35.2	1239.0400000000002	2	3	0.00331448	0.00781555	0.000593595
PMBB4400322931919	0	75.8	5745.639999999999	2	1	-0.00675426	0.00486099	0.00743659
PMBB4401006513162	0	32.6	1062.76	2	3	-0.000106817	0.00799787	-0.000846082
PMBB4401588113157	0	39.8	1584.0399999999997	2	1	-0.00175404	0.00454818	0.0176128
PMBB4401639624049	0	68.7	4719.6900000000005	2	1	-0.00672025	0.00712555	-0.00549985
PMBB4401747089024	0	27.0	729.0	2	1	-0.00248814	-0.00812077	-0.00128916
PMBB4402435586774	0	53.3	2840.89	2	3	-0.00347584	0.00073351	-0.00594284
PMBB4402770873225	0	57.1	3260.4100000000003	2	1	-0.00999705	-0.00563367	-0.00627662
PMBB4403829904264	0	65.4	4277.160000000001	2	1	-0.00953111	0.00404939	0.00930821
PMBB4404429472051	0	68.1	4637.61	1	3	-0.00571756	-0.0254936	-0.00921355
PMBB4404864837605	0	29.5	870.25	2	1	-0.0074355	0.00213471	0.00481719
PMBB4405586817590	0	25.9	670.81	2	1	-0.00512507	0.00564243	-0.00288053
PMBB4406927444847	0	30.6	936.3600000000001	2	1	-0.00132309	0.0105429	-0.0113777
PMBB4407359472385	0	25.5	650.25	2	1	-0.000144523	0.000439297	-0.0244571
PMBB4407798379193	0	62.6	3918.76	1	1	0.00900099	0.0153086	-0.0258961
PMBB4408876156807	0	62.5	3906.25	2	1	-0.00338424	0.00181691	-0.019959
PMBB4409189528390	1	68.4	4678.56	2	1	-0.00478197	-0.00770444	0.000928647
PMBB4409524456742	0	63.9	4083.21	2	1	0.00125384	-0.00550728	-0.00759543
PMBB4410518290930	0	69.8	4872.04	2	1	0.00815382	-0.00547376	0.0037652
PMBB4411109145106	0	34.6	1197.16	1	3	-0.00323766	0.00619667	0.00659668
PMBB4411846302573	0	65.9	4342.81	2	1	-0.00388732	-0.00173763	0.00390808
PMBB4412973800738	0	25.8	665.64	2	3	0.0257127	-0.00995144	0.000297889
PMBB4413436364789	0	77.4	5990.760000000001	1	3	0.0121768	-0.00737881	-0.010683
PMBB4415554553947	0	56.0	3136.0	1	1	-0.00445713	-0.00610289	0.0137951
PMBB4416496705501	0	25.2	635.04	1	3	-0.000914254	-0.0081107	-0.00137495
PMBB4418229408742	0	33.0	1089.0	2	2	-0.00295755	-0.0134408	-0.000747615
PMBB4418773401670	0	30.9	954.81	1	2	0.000665704	0.0132991	-0.00366373
PMBB4418939144185	0	63.6	4044.96	1	2	0.00945487	0.0155723	-0.00210423
PMBB4421312822604	1	66.8	4462.24	2	1	-0.00122328	-0.0156173	-0.00719622
PMBB4421823502199	0	41.6	1730.5600000000002	1	1	-0.00107633	0.0104842	-0.00447887
PMBB4422597108734	0	84.9	7208.010000000001	2	2	-0.00135638	0.00509798	0.00657869
PMBB4424161556203	0	54.8	3003.0399999999995	1	1	-0.00221945	0.000500425	-0.00383017
PMBB4424524906828	0	41.5	1722.25	2	1	-0.00986949	0.00252243	0.00876024
PMBB4424752369889	0	29.0	841.0	2	1	-0.00805348	0.000759078	0.000264206
PMBB4425709723717	0	24.5	600.25	1	1	0.00278258	0.00464501	-0.0175763
PMBB4427126018662	0	32.5	1056.25	2	3	-0.00283993	-0.00724436	-0.00223568
PMBB4428158299816	0	27.4	750.7599999999999	2	3	-0.00015172	-0.0064019	-0.000220403
PMBB4428627602149	0	53.1	2819.61	2	1	-0.00174167	0.00696511	0.00167321
PMBB4428971313544	0	33.3	1108.8899999999999	2	1	0.00155937	0.0105442	-0.0198731
PMBB4432015472408	0	51.5	2652.25	2	1	-0.00349065	0.00151182	-0.0137105
PMBB4432696133270	0	35.2	1239.0400000000002	2	1	-0.0128203	-0.00150673	-0.000788167
PMBB4432783543781	0	59.3	3516.49	2	1	0.000166823	-0.0217494	0.00442708
PMBB4435002067759	0	19.3	372.49	2	1	-0.00548911	0.00249782	-0.00461357
PMBB4435375793077	0	45.3	2052.0899999999997	2	3	-0.00880478	0.00356878	8.17001e-05
PMBB4435592884203	0	74.7	5580.09	1	1	0.0043928	-0.0207154	-0.00148193
PMBB4435963650906	0	37.4	1398.76	2	1	-0.00681424	0.00132563	-0.00229621
PMBB4436706439488	0	39.5	1560.25	2	3	-0.00321051	-0.00012783	0.00262428
PMBB4437486530491	0	65.2	4251.04	1	1	-0.00447813	0.000371321	0.00201173
PMBB4437679095761	0	57.4	3294.7599999999998	1	1	0.00342988	0.00450771	-0.00659858
PMBB4438372454013	0	81.9	6707.610000000001	2	1	-0.00914786	-7.75952e-05	-0.00180752
PMBB4438460129849	0	68.2	4651.240000000001	2	1	-0.00998074	-0.0122086	-0.00197041
PMBB4439120806114	0	42.6	1814.7600000000002	2	1	0.00186512	-0.00140164	0.000491396
PMBB4440773675964	0	33.7	1135.6900000000003	1	1	0.00831716	0.0132943	0.000209227
PMBB4441381272971	0	33.4	1115.56	1	3	0.0103049	-0.00404286	-0.00757238
PMBB4442845468112	0	60.9	3708.81	2	1	-0.00695538	-0.00328672	-0.00471135
PMBB4444023856633	0	59.2	3504.6400000000003	1	2	0.0127066	-0.00515534	-0.00155014
PMBB4445020998229	0	22.3	497.29	2	1	-0.00296856	-0.0103378	0.0129226
PMBB4445104931445	0	56.7	3214.8900000000003	2	1	0.000727353	0.00976646	0.00144557
PMBB4445134473208	0	38.4	1474.56	2	1	0.000423489	0.00714429	-0.00829174
PMBB4445455373709	0	42.3	1789.2899999999997	2	1	0.00383758	0.00295475	0.0209279
PMBB4447255485785	0	66.8	4462.24	1	1	-0.00876269	-0.0103417	0.00826186
PMBB4449039112724	0	51.2	2621.4400000000005	1	3	0.00264857	-0.00554245	0.00547739
PMBB4449361958132	0	35.3	1246.0899999999997	2	1	-0.00467416	-0.00191336	-0.00314984
PMBB4450066260724	0	57.4	3294.7599999999998	2	3	0.0173965	-0.00222523	0.00142815
PMBB4450625758662	0	21.3	453.69000000000005	1	1	0.0023041	-0.0192296	0.0124723
PMBB4450801687778	0	19.6	384.1600000000001	2	3	0.0119337	-0.000675984	-0.00813818
PMBB4452009391799	0	23.9	571.2099999999999	1	1	0.0183708	0.00998562	-0.00549256
PMBB4452423466176	0	68.1	4637.61	1	1	-0.0129071	-0.00375599	-0.00367421
PMBB4452715723971	0	59.7	3564.09	1	1	0.0266907	0.00751582	-0.00724681
PMBB4453799207233	0	43.3	1874.8899999999996	1	2	0.0141298	-0.00924804	0.010876
PMBB4455872811370	0	73.7	5431.6900000000005	1	1	-0.00096647	0.00585888	-0.00183007
PMBB4456078620048	0	67.0	4489.0	2	3	0.018842	0.010163	-0.00619009
PMBB4456447030483	0	43.3	1874.8899999999996	2	1	-0.00218284	-0.0215284	-0.0196868
PMBB4457367443399	0	56.6	3203.56	1	1	-0.00504544	-0.00775087	-0.0102317
PMBB4458949304734	0	22.9	524.41	2	1	-0.00251842	-0.00688823	-0.00360863
PMBB4459543760660	0	44.0	1936.0	1	1	-0.00128131	0.00660668	0.00453432
PMBB4461151881482	0	44.2	1953.6400000000003	2	1	0.000161423	-0.000727774	-0.00425948
PMBB4461215319944	0	46.4	2152.96	1	3	0.0050444	0.00735536	-0.0129658
PMBB4461707230750	0	55.7	3102.4900000000002	2	1	-3.94663e-05	-0.00884261	-0.0135166
PMBB4462206389064	0	37.3	1391.2899999999997	2	3	-0.00194034	0.00394167	0.00516244
PMBB4462350545514	0	25.6	655.3600000000001	2	1	-0.00120676	0.00528856	0.0107221
PMBB4462460699977	0	74.1	5490.8099999999995	1	1	-0.00369096	-0.0258443	-0.0017111
PMBB4463060585297	0	28.5	812.25	2	3	-0.00567908	0.00630608	0.00281513
PMBB4466235482495	0	47.2	2227.84	2	3	-0.00555562	-0.0150098	-0.00742039
PMBB4467296245269	0	59.6	3552.1600000000003	2	1	-0.00748473	0.00537413	0.000425986
PMBB4467638425320	0	20.5	420.25	1	1	-0.00476641	0.00187102	0.00534141
PMBB4468473763324	0	27.7	767.29	2	1	0.000720016	0.00888981	0.00196448
PMBB4469244021085	1	57.8	3340.8399999999997	2	2	-0.00284402	0.000429789	0.00365371
PMBB4472448396181	0	25.8	665.64	2	1	-0.00123916	-0.00477663	0.00115712
PMBB4473281312557	0	56.5	3192.25	2	1	0.00532109	-0.0237254	0.00571143
PMBB4473560754893	0	64.3	4134.49	2	1	-0.00646656	0.0024236	-0.00908688
PMBB4473592780553	0	60.8	3696.64	2	3	0.000480239	-0.0107891	0.00269105
PMBB4474457026722	0	60.5	3660.25	1	1	-0.00487279	-0.00268014	-0.000777411
PMBB4474617932063	0	55.3	3058.0899999999997	2	3	0.0022376	0.0127106	-0.0100575
PMBB4474620456810	0	28.2	795.24	2	3	0.00620612	0.00188432	0.00950706
PMBB4474920309776	0	63.0	3969.0	1	1	-0.0106463	-0.00302647	0.00468193
PMBB4476608781441	1	74.0	5476.0	2	3	-0.00336629	-0.00965865	0.00105348
PMBB4477946971761	0	83.0	6889.0	1	1	-0.00129525	-0.00458339	0.00727676
PMBB4478712977095	0	75.1	5640.009999999999	2	1	-0.00233513	0.00495357	-0.0042234
PMBB4479896443677	0	53.9	2905.21	1	1	0.00175163	0.0133127	-0.0138666
PMBB4480619936604	0	59.7	3564.09	2	1	-0.00585785	0.00423736	-0.0028663
PMBB4482419481328	0	26.6	707.5600000000001	2	1	0.00343839	0.00866384	0.0134322
PMBB4482571307863	0	39.8	1584.0399999999997	2	1	-0.00405081	-0.00568672	-0.00435836
PMBB4482826361749	0	25.6	655.3600000000001	2	1	-0.00461955	0.00821775	0.00873044
PMBB4483113430437	0	21.8	475.24	2	3	-0.0123664	-0.000221264	-0.00367817
PMBB4483740339455	0	65.0	4225.0	2	1	-0.0043956	0.000886811	0.00722406
PMBB4485008277787	0	27.1	734.4100000000001	2	1	-0.00277884	0.00716754	-0.00294997
PMBB4485406777939	0	68.9	4747.210000000001	2	1	0.00644183	0.00415147	0.00212442
PMBB4485775246509	0	51.5	2652.25	1	1	0.00801281	0.0114144	-0.00116243
PMBB4487328147442	0	50.7	2570.4900000000002	1	1	0.00107389	0.00806333	-0.00257079
PMBB4487583988095	0	39.5	1560.25	2	3	-0.0077105	0.0033129	0.0132926
PMBB4487801964418	0	29.9	894.0099999999999	1	1	0.0219747	0.000634398	-0.00146598
PMBB4488679630814	0	58.8	3457.4399999999996	1	1	0.0114481	-0.00531884	-0.0137561
PMBB4489065416819	0	71.4	5097.960000000001	2	1	0.0010506	-0.00546744	-0.00647106
PMBB4489181301159	0	19.4	376.35999999999996	2	3	-0.00674749	6.45799e-06	0.00126969
PMBB4489244184093	0	44.0	1936.0	2	1	0.0013152	0.00962698	0.00367658
PMBB4493217572648	0	37.5	1406.25	2	1	0.00047116	0.00796639	0.00622784
PMBB4493271761274	1	91.3	8335.689999999999	2	3	-0.00271318	0.00167732	0.00436612
PMBB4494064982928	0	50.9	2590.81	2	1	-0.00699612	0.00139165	-0.00156816
PMBB4494081054056	0	78.2	6115.240000000001	2	1	-0.000698763	-0.000272603	-0.01105
PMBB4495018294823	0	37.2	1383.8400000000001	2	1	0.00323086	-0.0199406	-0.0027322
PMBB4495309727183	0	72.0	5184.0	1	1	0.00674198	-0.00161338	0.0243342
PMBB4496443303676	0	64.2	4121.64	2	1	0.014603	0.0074019	0.00152967
PMBB4498143350229	0	21.1	445.21000000000004	2	1	-0.00280622	0.0053571	0.00780793
PMBB4499772651908	0	20.7	428.48999999999995	2	1	-0.00581904	0.000766272	0.00221503
PMBB4501158472004	0	48.0	2304.0	1	1	0.0297897	0.000750239	0.0030331
PMBB4501759060388	0	55.4	3069.16	2	3	-0.0121945	-0.000802934	0.000746777
PMBB4502002620435	0	35.9	1288.81	2	1	0.000192666	0.00937224	0.00982656
PMBB4502273898372	0	59.3	3516.49	1	1	-0.0023154	0.0124666	-0.0096803
PMBB4502488681394	0	31.4	985.9599999999999	2	3	-0.00666565	-0.00268131	-0.00050725
PMBB4504460515376	0	58.6	3433.96	1	1	-0.00184108	-0.0169709	0.00793084
PMBB4505398142250	0	28.2	795.24	2	3	-0.00812843	0.00423907	0.0038743
PMBB4505699582860	0	66.1	4369.209999999999	2	3	-0.00681243	0.00285823	-0.0169754
PMBB4506466096501	0	25.6	655.3600000000001	2	1	-0.00514338	-0.00525351	0.00379096
PMBB4510506319975	0	63.0	3969.0	1	1	0.00889758	-0.00502157	0.0263557
PMBB4510528467257	0	35.8	1281.6399999999999	2	3	-0.00142289	0.00562731	-0.00493062
PMBB4510888370780	0	82.8	6855.839999999999	1	1	0.0124735	0.00848814	-0.0116098
PMBB4510891952780	0	54.8	3003.0399999999995	2	1	0.00160469	-0.0144528	0.00343115
PMBB4511335298971	0	49.4	2440.3599999999997	2	1	-0.00292063	-0.0236331	-0.0222298
PMBB4511663258599	0	25.2	635.04	1	1	0.00644918	0.00408067	0.00747156
PMBB4515114534893	0	58.5	3422.25	2	1	0.00900458	-0.00944067	-0.0141643
PMBB4517685805705	0	30.9	954.81	1	1	-0.00812348	0.00414073	0.00181479
PMBB4517725063373	0	25.4	645.16	2	1	-0.00228611	0.00450537	-0.00859665
PMBB4519497410068	0	30.8	948.6400000000001	2	3	-0.00352654	0.00832194	0.000954466
PMBB4521248886610	0	26.4	696.9599999999999	2	1	0.00218903	0.0064384	0.0011477
PMBB4522439402724	0	65.5	4290.25	2	1	-0.00669456	0.00436705	-0.00735604
PMBB4522966249678	0	39.8	1584.0399999999997	1	3	0.011385	0.00308098	0.00166657
PMBB4523451879374	0	67.1	4502.409999999999	2	3	-0.00246921	0.00172975	-0.000885793
PMBB4523968502200	0	63.5	4032.25	1	3	-0.00909106	0.00579245	-0.016032
PMBB4525026827164	0	34.1	1162.8100000000002	2	1	-0.00220463	0.000726033	-0.00773888
PMBB4527401372078	0	54.4	2959.3599999999997	2	1	-0.00188001	0.00937972	0.00297885
PMBB4527509976450	0	53.2	2830.2400000000002	1	1	-0.00520855	0.00371124	-0.00347429
PMBB4530397462994	0	45.4	2061.16	1	1	-0.00161396	0.00721554	-0.0126189
PMBB4533719348087	0	18.7	349.69	2	1	-0.00826804	0.00551104	-0.00199574
PMBB4534318736688	0	68.8	4733.44	2	1	0.0188797	0.00278435	0.00283052
PMBB4535140350663	0	62.3	3881.2899999999995	1	1	0.0221359	0.0100274	-0.00111005
PMBB4535749609429	1	64.8	4199.04	1	1	0.00381991	0.00665949	0.00977836
PMBB4536464661839	0	55.6	3091.36	2	1	-0.00474894	0.00602769	0.0126792
PMBB4536968311470	0	54.2	2937.6400000000003	1	1	-0.012827	0.000260754	0.000980089
PMBB4537348380204	0	35.7	1274.4900000000002	2	1	0.0018189	-0.00389501	0.0224289
PMBB4538995322242	0	27.4	750.7599999999999	2	3	0.00130246	-0.0233216	0.00457115
PMBB4541032228585	0	72.2	5212.84	1	1	-0.00526009	0.0042669	0.0109022
PMBB4541146908658	0	55.5	3080.25	2	1	-0.000133636	0.00713309	0.00486777
PMBB4541439915925	0	48.4	2342.56	1	1	0.00205692	0.0161503	-0.014292
PMBB4541638413762	0	59.4	3528.3599999999997	1	1	-0.00106215	0.00301588	0.00542574
PMBB4541974589693	0	69.5	4830.25	2	1	0.0111419	-0.00754732	-0.00719267
PMBB4543656667941	0	21.0	441.0	2	1	-0.0065373	-0.011428	0.000250252
PMBB4544792539578	0	61.3	3757.6899999999996	2	1	-0.00138264	0.00758493	-0.0109989
PMBB4545343488307	0	46.4	2152.96	2	1	0.0160856	0.00225052	-0.010575
PMBB4547241000221	0	35.4	1253.1599999999999	2	3	-0.00347966	-0.0153104	0.0025533
PMBB4549719836190	1	79.8	6368.04	2	1	0.000600721	0.010801	0.00392705
PMBB4551018784495	0	23.2	538.24	2	3	-0.000949855	-0.000557878	0.00528028
PMBB4552328761714	0	57.9	3352.41	2	1	-0.000774253	-0.0168873	-0.00242319
PMBB4552670241688	0	25.8	665.64	2	3	-0.0051559	-0.000301443	0.024541
PMBB4554232146065	0	49.2	2420.6400000000003	1	1	0.000170544	0.00373659	0.0107951
PMBB4558104235302	0	31.9	1017.6099999999999	2	1	-0.0129895	1.60295e-05	-0.00262909
PMBB4559853989367	0	29.2	852.64	1	3	0.00142148	-0.0135804	-0.00293898
PMBB4560531846337	0	82.2	6756.84	1	1	0.00253132	0.0168833	0.00399823
PMBB4562766977749	0	44.7	1998.0900000000001	1	1	0.0234377	-0.00892131	-0.000385858
PMBB4563734853989	0	68.7	4719.6900000000005	1	1	0.00318679	0.00478455	-0.00149624
PMBB4565029163683	0	26.9	723.6099999999999	2	1	-0.00482704	0.00973311	0.00666815
PMBB4566151666003	0	39.4	1552.36	2	3	0.00632724	-0.0108401	-0.0199528
PMBB4566444601851	0	63.8	4070.4399999999996	2	1	-0.00124783	-0.00535343	-0.0142238
PMBB4570027650379	0	84.2	7089.64	2	1	-0.00462953	0.00333836	0.00986102
PMBB4570184106583	0	70.3	4942.089999999999	2	2	-0.0071456	0.00225176	-0.00470654
PMBB4570941724465	0	49.0	2401.0	2	3	-0.00976755	0.00137426	-0.0117057
PMBB4571047222252	0	66.0	4356.0	2	1	0.0100616	0.0127037	-0.00140782
PMBB4571310242708	0	58.8	3457.4399999999996	2	1	0.00896401	0.00475571	0.0204652
PMBB4572356111539	0	38.8	1505.4399999999998	2	1	-0.0013819	0.00765854	0.00278396
PMBB4573029077636	0	35.7	1274.4900000000002	1	1	0.00161072	0.00103314	-0.00505485
PMBB4573204833718	0	55.8	3113.64	2	1	-0.00868582	0.0014864	0.00279323
PMBB4574848866609	0	61.6	3794.5600000000004	2	1	-0.000279438	-0.0100095	0.00737245
PMBB4575289701252	0	29.8	888.0400000000001	2	3	0.0122748	0.00549425	-0.0100818
PMBB4575953700867	0	57.7	3329.2900000000004	1	1	-0.00563221	0.00232074	0.000617769
PMBB4576209109544	0	64.3	4134.49	2	1	-0.00188646	-0.00810556	-0.00322816
PMBB4576462710447	0	79.6	6336.159999999999	1	3	-0.00343896	0.00397182	-0.00269112
PMBB4576494694001	0	42.0	1764.0	2	1	0.0171515	0.000615166	0.00106501
PMBB4576778073898	0	87.5	7656.25	2	3	-0.00226157	0.0125963	-0.00850037
PMBB4578590595341	0	44.5	1980.25	2	1	0.00422185	0.00111254	0.0134353
PMBB4580163710891	0	49.1	2410.81	1	1	0.000918254	-0.00112296	-0.000154617
PMBB4581481175023	0	42.0	1764.0	1	3	-0.00596719	-0.00460793	0.000368074
PMBB4582139757478	0	39.8	1584.0399999999997	2	1	-0.00494127	-0.00318282	0.00578579
PMBB4583079894984	0	48.6	2361.96	2	1	-0.0129945	-0.00175483	-0.000329641
PMBB4586081204445	0	43.0	1849.0	2	3	-0.00080339	-0.0131565	-0.000179174
PMBB4586945096478	0	40.9	1672.81	1	1	-0.00740113	0.0010816	0.00860567
PMBB4588224590117	0	20.5	420.25	2	1	0.00569718	-0.0216671	-0.00125399
PMBB4588471455140	0	53.8	2894.4399999999996	1	1	-0.00841128	0.00374647	0.007749
PMBB4588669261453	0	52.3	2735.2899999999995	1	1	-0.00798333	0.00209295	0.00788285
PMBB4589887143570	0	19.8	392.04	1	2	-0.00471647	-0.00482796	0.00268734
PMBB4589904392354	0	61.4	3769.96	2	1	0.0139181	0.00869919	0.0095387
PMBB4590202276437	0	40.0	1600.0	2	1	-0.00254675	-0.000758812	-0.00135738
PMBB4590978890449	0	26.8	718.24	2	1	-0.00778661	0.00119455	-0.00028901
PMBB4591470145558	0	61.1	3733.21	2	1	-0.00014404	0.0115876	0.00807951
PMBB4591976579747	0	32.2	1036.8400000000001	2	1	0.0099016	0.000211237	-0.0174392
PMBB4592961370930	0	61.5	3782.25	1	1	-0.00586687	-0.00892016	-0.0107252
PMBB4593519147038	0	47.2	2227.84	1	1	-0.00107943	-0.00058709	0.00469943
PMBB4594250196137	0	50.0	2500.0	2	1	-0.00637294	0.00126643	0.00668387
PMBB4595536600577	0	51.1	2611.21	1	1	-0.0102589	0.00275275	-0.000494903
PMBB4597365755399	0	25.8	665.64	2	1	-0.00767869	0.00312299	-0.00381968
PMBB4597549690774	0	63.6	4044.96	1	1	-0.0126887	-0.000955721	-0.00271559
PMBB4598723706580	0	32.9	1082.4099999999999	2	1	0.000634341	-0.00976562	0.00702548
PMBB4599153427976	0	35.1	1232.01	2	1	0.0309786	0.0124944	0.00195675
PMBB4599275366578	0	51.6	2662.56	2	2	0.000919289	-0.000229601	0.0037126
PMBB4600168923945	0	83.0	6889.0	1	1	-0.00539694	0.00678782	-0.0106563
PMBB4600510185551	0	73.1	5343.609999999999	1	1	0.00669916	0.0133864	0.00733664
PMBB4600829823015	0	48.2	2323.2400000000002	2	1	0.0209553	-0.00130691	0.00475072
PMBB4600975621375	0	36.4	1324.9599999999998	2	1	0.0299006	-0.00412589	0.00628446
PMBB4602142401059	0	24.0	576.0	1	3	0.0010084	0.0065984	-0.0199006
PMBB4602766679308	0	72.0	5184.0	2	3	0.00675626	0.0104238	0.00225214
PMBB4604770713787	0	35.8	1281.6399999999999	2	1	-0.00872751	-0.00148239	-0.00520416
PMBB4605575581116	0	45.8	2097.64	1	1	-0.00884731	0.00427376	0.00205978
PMBB4605839313472	1	30.9	954.81	2	3	0.00158945	0.0146389	-0.0084348
PMBB4606522586794	0	73.1	5343.609999999999	2	1	0.00880698	-0.00946715	0.0072269
PMBB4606558697034	0	21.2	449.44	2	1	-0.00830078	0.00494526	-0.00122772
PMBB4606658939261	0	41.1	1689.21	2	1	0.0220857	-0.00713144	0.00204349
PMBB4608790959654	0	90.0	8100.0	2	1	-0.0067958	0.00519926	-0.00512476
PMBB4608850498581	0	57.6	3317.76	1	3	-0.0125248	-0.00219719	-0.00101359
PMBB4609041320045	0	76.3	5821.69	1	3	-0.00113545	-0.00899003	-0.00195589
PMBB4611066675385	0	53.6	2872.96	2	1	-0.00445611	0.0061389	0.00348662
PMBB4612108094689	0	41.3	1705.6899999999998	1	1	-0.00268194	0.000816704	0.000706261
PMBB4612434603083	1	76.1	5791.209999999999	2	2	5.19011e-05	7.86102e-05	-0.00607977
PMBB4613531781657	0	64.4	4147.360000000001	2	1	-0.00286944	-0.00856889	-0.00268984
PMBB4615166350511	0	35.9	1288.81	2	1	-0.00322392	0.0022517	-0.0122499
PMBB4616419238270	0	62.4	3893.7599999999998	1	1	-0.00646917	0.00749782	0.000965366
PMBB4617160261976	0	59.7	3564.09	1	1	-0.000826484	-0.00307009	0.00630334
PMBB4617327441018	0	85.2	7259.040000000001	2	1	-0.00750691	0.00313164	-0.00864819
PMBB4620592385021	0	22.9	524.41	1	1	0.0242921	-0.00873955	-2.95579e-05
PMBB4620830370154	0	61.9	3831.6099999999997	2	1	0.00536774	0.0120222	-0.0146444
PMBB4621188984700	0	79.0	6241.0	1	1	-0.0099395	0.00147567	-0.00151042
PMBB4621890023729	0	62.8	3943.8399999999997	2	1	0.00371885	-0.0105135	-0.000308169
PMBB4622755381239	0	19.5	380.25	2	1	-0.00132874	0.000218904	0.00914653
PMBB4623248723015	0	60.4	3648.16	2	1	0.00341002	-0.00120223	0.0201758
PMBB4623401301471	0	53.8	2894.4399999999996	2	1	-0.00926701	-0.000104142	-0.000397304
PMBB4623590708512	0	44.5	1980.25	1	1	0.00166967	0.00513697	0.00692435
PMBB4624077265582	0	64.0	4096.0	1	1	0.00697082	0.0146261	0.00422354
PMBB4625913701929	0	59.3	3516.49	1	3	-0.000789412	0.00387683	0.00018579
PMBB4627392699682	0	63.7	4057.6900000000005	1	1	0.00638136	-0.00138742	0.00901237
PMBB4628554803857	0	78.5	6162.25	2	1	-0.00677294	0.00529313	0.0067515
PMBB4629265932191	0	63.6	4044.96	1	1	-0.00619275	0.00449848	0.000716788
PMBB4630936201962	0	46.3	2143.6899999999996	1	2	-0.00271013	-0.00423333	-0.0107208
PMBB4632023218285	0	54.1	2926.81	2	1	0.00146781	0.00953062	-0.00567974
PMBB4632610523071	0	55.0	3025.0	2	1	-0.00206536	0.00919689	-4.89521e-05
PMBB4632985117004	0	66.0	4356.0	1	1	-0.00462726	0.00392202	0.00380098
PMBB4633026451182	0	71.7	5140.89	2	3	-0.00295032	0.00255072	0.0120405
PMBB4633543844104	0	68.9	4747.210000000001	2	1	-0.00135698	-0.00579586	0.00342853
PMBB4634113591819	1	55.9	3124.81	1	1	0.0181628	-0.0289046	-0.00604951
PMBB4634351758005	0	42.1	1772.41	2	1	-0.00266411	0.00466632	-0.00135606
PMBB4634709715842	0	36.8	1354.2399999999998	1	2	0.00283734	-0.015367	0.00799229
PMBB4635258554615	0	40.0	1600.0	1	1	-0.000985196	0.011875	-0.0180851
PMBB4637700047671	0	28.4	806.56	2	3	-0.00555967	-0.00436199	0.00610328
PMBB4638041569387	0	60.7	3684.4900000000002	2	1	-0.0024108	-0.00391869	0.000303142
PMBB4640836772843	0	58.7	3445.6900000000005	1	1	0.000891739	0.00900773	-0.0199755
PMBB4641209916446	0	76.2	5806.4400000000005	1	1	-0.00489376	0.00262094	-0.00592728
PMBB4641692889910	0	44.8	2007.0399999999997	1	3	0.00117336	0.00558412	0.00781984
PMBB4642343320831	0	57.9	3352.41	1	1	-0.00590026	0.00523815	-0.0175555
PMBB4642846027155	0	34.5	1190.25	2	2	-0.00189959	-0.00359956	-0.00767489
PMBB4644094586752	1	53.1	2819.61	2	1	0.0107328	0.0189323	0.0128653
PMBB4645025820675	0	47.6	2265.76	1	1	0.00357865	-0.0159976	-0.00163972
PMBB4645034858063	0	43.6	1900.96	2	1	-0.00243461	0.000579935	-0.0128588
PMBB4645062116830	0	53.8	2894.4399999999996	1	1	0.0143353	-0.00426815	0.0048542
PMBB4645567835119	0	31.8	1011.24	2	1	0.0225848	-0.0010036	0.0146382
PMBB4647157238124	0	58.5	3422.25	2	1	0.0208138	-0.000848384	0.00819906
PMBB4647242610978	0	18.7	349.69	2	3	0.00446856	-0.00552825	-0.0169024
PMBB4648428422072	0	58.5	3422.25	2	1	0.0166765	-0.00886498	0.00882846
PMBB4648958668119	0	54.7	2992.09	2	1	-0.00218912	-0.00737471	0.00099978
PMBB4649157342251	0	23.7	561.6899999999999	2	3	0.0136362	-0.0106423	-0.000887293
PMBB4650137778727	0	46.9	2199.6099999999997	2	3	-0.00397051	0.00504977	-0.000260452
PMBB4651026345755	0	58.5	3422.25	1	3	-0.00233681	0.00930809	-0.00457488
PMBB4651439710561	0	41.2	1697.4400000000003	2	3	-0.000482243	-0.00586611	0.00061534
PMBB4657061501226	0	31.5	992.25	2	3	-0.00129077	0.00076733	-0.00232151
PMBB4658370276597	0	40.7	1656.4900000000002	2	1	0.00257166	0.0104032	0.010982
PMBB4661101983860	0	20.0	400.0	2	1	0.000158576	0.010083	0.00684889
PMBB4661984805849	0	62.3	3881.2899999999995	2	1	0.00686825	0.0248855	-0.00968233
PMBB4664909727711	0	24.2	585.64	2	1	0.00749636	0.0119205	0.0111993
PMBB4664916525942	0	18.8	353.44000000000005	2	1	-0.00112997	-0.00272905	0.00536225
PMBB4665019492021	0	31.6	998.5600000000001	2	2	-0.00770311	0.00200519	0.00611448
PMBB4665678852917	0	66.6	4435.5599999999995	1	3	-0.00973139	-0.000217966	0.00235665
PMBB4666560814974	0	39.9	1592.01	2	1	-0.00332497	-0.0111744	0.00221444
PMBB4667354940739	0	46.8	2190.24	2	1	-0.00512104	-0.00526382	0.00224921
PMBB4668052812488	0	74.5	5550.25	2	1	0.0126502	-0.000359639	-0.000409717
PMBB4668086795320	0	38.2	1459.2400000000002	2	1	0.00326615	0.00635946	-0.000769612
PMBB4668133046732	0	63.3	4006.8899999999994	1	3	-0.00402754	0.00521175	-0.00489361
PMBB4668824411908	0	65.9	4342.81	1	1	-0.0054892	-0.00514039	0.00664755
PMBB4668931673163	0	48.3	2332.89	2	1	-0.00476497	0.00442444	-0.0112362
PMBB4669712246323	0	54.0	2916.0	2	1	-0.000519587	-0.00313085	-0.00350935
PMBB4670228275020	0	29.6	876.1600000000001	2	3	0.00772513	0.00474146	-0.0151073
PMBB4670475126034	0	45.6	2079.36	2	1	-0.00732988	0.00495693	-0.0127178
PMBB4670484206262	0	41.3	1705.6899999999998	2	2	-0.00557515	-0.00758544	0.00223605
PMBB4670533126299	0	52.3	2735.2899999999995	2	1	-0.0042994	0.00759606	-0.0025728
PMBB4671346551870	0	42.8	1831.8399999999997	1	3	0.000845298	0.000511219	-0.00522575
PMBB4672198091514	0	50.2	2520.0400000000004	2	3	-0.007879	0.00240245	0.000381611
PMBB4672444544970	0	77.1	5944.409999999999	1	1	-0.00917212	0.00174575	-0.00688339
PMBB4673086880308	0	63.6	4044.96	1	1	-0.00263614	0.00546119	-0.00449178
PMBB4673370291845	0	57.9	3352.41	2	1	-0.00273249	0.00903467	-0.0041022
PMBB4674212254050	0	55.6	3091.36	1	1	-0.00675425	-0.000460393	0.00181429
PMBB4675344013861	0	43.6	1900.96	2	1	0.00395149	-0.0186721	-0.000245208
PMBB4675600820140	0	57.0	3249.0	2	1	0.0028118	-0.0186609	0.0137832
PMBB4675659326411	0	43.3	1874.8899999999996	1	3	-0.00296993	0.00248447	0.00725188
PMBB4676830863038	0	29.0	841.0	2	1	0.00230302	0.00373779	-0.00727241
PMBB4677519332347	0	19.8	392.04	2	3	-0.0121074	-0.00291054	-0.00175599
PMBB4678035480340	0	61.0	3721.0	1	1	0.00851092	-0.0189603	0.00663421
PMBB4678075752167	0	49.3	2430.49	1	1	-0.0017365	-0.0190417	-0.0103227
PMBB4678961445680	0	39.5	1560.25	2	1	0.00122545	0.0100856	-0.00275672
PMBB4680041269575	0	37.9	1436.4099999999999	1	1	-0.00362347	0.00765572	0.0048904
PMBB4680238639045	0	21.8	475.24	2	3	-0.00391145	-0.00402213	-0.00959004
PMBB4681511521566	0	23.4	547.56	2	1	-0.00390195	0.00267998	0.0103849
PMBB4681512044947	0	35.1	1232.01	1	1	-0.0019116	-0.0067502	0.00354212
PMBB4681689508740	0	25.9	670.81	2	1	-0.00328581	-0.00121939	0.00763816
PMBB4683489113788	0	46.1	2125.21	2	1	0.00332161	-0.0142501	0.0130365
PMBB4684206738518	0	33.4	1115.56	2	1	-0.00128162	-0.00889272	0.0066009
PMBB4684324029615	0	68.9	4747.210000000001	2	3	-0.00665588	0.000986114	0.00425008
PMBB4684371919632	0	37.1	1376.41	2	1	-0.00619084	-0.00038164	-0.0019428
PMBB4684654053637	0	53.2	2830.2400000000002	1	1	0.00167295	-0.0045181	0.0048386
PMBB4685565724011	0	33.6	1128.96	1	1	-0.00164214	0.00583326	0.00275925
PMBB4685810914032	0	50.0	2500.0	1	1	-0.000631028	-0.000794337	0.000305215
PMBB4686682844215	0	27.5	756.25	2	1	0.00414445	5.16119e-05	0.0164805
PMBB4687155604736	0	62.6	3918.76	1	1	-0.00271204	-0.0136801	0.000722665
PMBB4687976460509	0	59.5	3540.25	1	3	0.00786644	-0.00736966	0.00847876
PMBB4691451746864	0	57.2	3271.84	2	1	0.0184403	0.00279502	-0.00820788
PMBB4693484149547	0	51.2	2621.4400000000005	1	1	-0.00388692	0.00185202	-0.000610784
PMBB4693566651461	0	81.8	6691.24	1	1	-0.000101263	0.00459745	-0.00154531
PMBB4697773544907	0	36.9	1361.61	2	1	-0.00653085	-0.0142274	-0.00652991
PMBB4698127283975	0	40.2	1616.0400000000002	1	1	-0.00497915	0.00477095	-0.0117097
PMBB4700726747686	0	27.5	756.25	1	1	-0.00526009	-0.000542696	0.00342988
PMBB4702275517485	0	65.9	4342.81	1	1	-0.0112736	0.00255081	-0.00524587
PMBB4702816782902	0	59.3	3516.49	1	1	-0.0125354	-0.000724909	-0.00254919
PMBB4703737285897	0	52.7	2777.2900000000004	2	1	-0.00736152	0.00394192	-0.000676196
PMBB4704695085869	0	60.7	3684.4900000000002	1	1	0.0131144	0.00656094	0.00765097
PMBB4706180460771	0	62.4	3893.7599999999998	2	1	0.020762	-0.000588522	0.00619405
PMBB4706299346292	0	69.0	4761.0	2	3	-0.0107675	0.000297088	0.00243816
PMBB4706988052174	0	66.9	4475.610000000001	1	1	-0.00393941	-0.00825213	0.0113033
PMBB4708309960775	0	66.2	4382.4400000000005	2	1	0.000656086	-0.000512574	-0.0121362
PMBB4709253863980	0	37.9	1436.4099999999999	2	1	0.0302926	0.0148948	0.00554703
PMBB4710351459972	0	26.6	707.5600000000001	2	1	-0.00584536	0.00750769	0.00616705
PMBB4710485553651	0	57.2	3271.84	2	1	-0.00957781	0.00344779	0.00218725
PMBB4712249417702	0	55.2	3047.0400000000004	1	1	0.000604501	0.00090838	-0.0166086
PMBB4713297367931	0	61.7	3806.8900000000003	2	3	0.000442772	0.00796586	0.00368089
PMBB4713750603191	0	66.9	4475.610000000001	2	1	0.00077435	0.0141009	0.00844895
PMBB4714046160160	0	70.4	4956.160000000001	1	1	-0.000576935	0.00520237	0.00374399
PMBB4715926108119	0	18.6	345.96000000000004	2	1	-0.00216418	0.00920224	-0.00501366
PMBB4715980422696	0	60.3	3636.0899999999997	2	3	-0.00430796	0.00827573	0.0057949
PMBB4716569259920	0	77.8	6052.839999999999	1	1	0.000517863	0.0130323	-0.0110834
PMBB4717101267248	0	36.4	1324.9599999999998	2	1	-0.00530802	0.00343376	-0.00284615
PMBB4717319737079	0	42.6	1814.7600000000002	1	3	-0.00974654	0.00159515	-0.00224873
PMBB4717838350372	0	54.7	2992.09	1	1	-0.00827369	0.00248716	-0.00267792
PMBB4718480034085	0	38.0	1444.0	2	1	0.00288585	0.00202344	0.013459
PMBB4721009445797	0	68.5	4692.25	1	1	-0.00684808	0.00641755	-0.00271964
PMBB4723648506038	0	68.9	4747.210000000001	1	3	0.00113064	-0.0155775	0.000457615
PMBB4724485588244	0	56.4	3180.96	2	1	0.000542758	-0.02966	-0.00975717
PMBB4725096392097	0	69.1	4774.8099999999995	2	3	-0.00816362	-0.00719262	-0.00775242
PMBB4726239272051	0	66.5	4422.25	2	1	0.0109778	-0.00995973	-0.000482174
PMBB4727092468927	0	57.3	3283.2899999999995	1	1	0.0244921	0.0226836	-0.00098586
PMBB4727314767833	0	36.9	1361.61	2	3	-0.0064921	0.000850007	-0.00102555
PMBB4727725314664	0	34.8	1211.0399999999997	2	1	-0.00487608	0.0014743	0.000476248
PMBB4729060068507	0	30.0	900.0	2	1	0.00168984	-0.0119072	-0.00725959
PMBB4729807915773	0	47.1	2218.4100000000003	2	2	0.0114677	0.0150383	-0.0260408
PMBB4730187527009	0	62.3	3881.2899999999995	2	1	-0.000618672	0.000568358	0.00599934
PMBB4730540219561	0	60.8	3696.64	2	1	0.0094865	0.0200403	-0.00116395
PMBB4730709002554	0	59.9	3588.0099999999998	1	1	0.0048034	-0.0261899	-0.00223825
PMBB4731151029404	0	52.2	2724.84	2	1	0.00127902	0.00406662	-0.0139815
PMBB4731296919317	0	68.4	4678.56	2	1	0.00178479	0.00991572	-0.00596022
PMBB4732722947762	0	46.7	2180.8900000000003	2	1	0.000835076	-0.00363197	0.00220116
PMBB4732784460330	0	34.7	1204.0900000000001	2	3	0.00172481	0.00489878	-0.00500012
PMBB4732852895678	0	50.1	2510.01	2	3	0.00321196	-0.0089826	0.00519876
PMBB4734182528845	0	59.8	3576.0399999999995	1	1	0.00249599	-0.00248736	0.0117036
PMBB4734492826413	0	33.0	1089.0	2	1	0.0193819	0.00559117	0.00953946
PMBB4734696377933	0	61.0	3721.0	1	1	0.00819991	-0.018849	-0.00277758
PMBB4735870732706	0	65.5	4290.25	2	1	0.000832287	-0.00325332	-0.0094638
PMBB4737255879455	0	51.5	2652.25	2	1	0.00116953	0.00877724	0.00748851
PMBB4737592050441	0	35.3	1246.0899999999997	2	1	-0.00298764	0.00264743	0.00907986
PMBB4739881004263	0	36.7	1346.89	1	1	-0.00581001	-0.00102409	-0.00314527
PMBB4740389433876	0	54.2	2937.6400000000003	2	1	-0.000148819	-0.0146798	0.00199994
PMBB4741078476932	1	53.7	2883.6900000000005	2	1	-0.0043437	0.00636614	-0.00197265
PMBB4744780775616	0	57.2	3271.84	2	1	-0.00115608	-0.0108946	-0.00116689
PMBB4746551251726	0	50.9	2590.81	2	1	-0.00527166	0.00277516	0.0135226
PMBB4746886874098	0	32.9	1082.4099999999999	2	1	0.0087675	-0.0180727	0.00438791
PMBB4748112539661	0	57.7	3329.2900000000004	2	1	-0.000637328	-0.00222565	0.00741751
PMBB4752772793464	0	65.4	4277.160000000001	2	1	0.00192993	-0.00373243	-0.0032902
PMBB4754070857489	0	53.2	2830.2400000000002	1	1	-0.00346512	-0.00627822	-0.0150664
PMBB4755036146084	0	23.2	538.24	2	3	0.00356674	-0.00274263	0.00247631
PMBB4755975173197	0	58.9	3469.21	2	3	0.0176708	0.000453572	-0.0101238
PMBB4756377198271	0	54.8	3003.0399999999995	1	1	-0.00236083	-0.00136213	-0.00527585
PMBB4756628256282	0	90.0	8100.0	2	1	-0.00126114	0.0100785	-0.0123094
PMBB4756930295792	0	55.4	3069.16	2	1	0.00445147	0.00795173	0.0206776
PMBB4762191571601	1	63.5	4032.25	2	1	-0.00564454	-0.005045	-0.0107599
PMBB4762609833732	0	66.0	4356.0	2	1	-0.00681236	0.00782849	0.000325112
PMBB4762894335619	0	49.5	2450.25	1	1	-0.00200842	0.0115694	-0.00929494
PMBB4762896285953	1	56.5	3192.25	2	1	-0.00714588	0.00545625	-0.000120192
PMBB4763198147420	0	46.5	2162.25	1	1	-0.00620837	0.00474639	0.00139234
PMBB4765614547971	0	21.9	479.60999999999996	2	1	-0.00236497	-0.00703312	0.00824372
PMBB4767275590858	0	29.1	846.8100000000001	2	1	0.0218931	-0.00496637	0.0160421
PMBB4767595191608	0	55.5	3080.25	1	1	0.0197256	0.002279	0.00541936
PMBB4768800071928	0	52.2	2724.84	2	1	-0.00731443	0.00585634	-0.00461311
PMBB4771922433210	0	20.7	428.48999999999995	2	3	-0.00863136	0.000931363	0.0020109
PMBB4772246596697	0	50.4	2540.16	2	3	-0.0077949	-0.0150163	0.00108345
PMBB4772417401666	0	41.1	1689.21	2	1	0.00168031	0.000569951	0.00367859
PMBB4775446873479	0	45.9	2106.81	1	1	-0.00400278	-0.00624909	0.00493119
PMBB4776937703661	0	37.6	1413.7600000000002	2	1	-0.00699184	0.00155721	0.000147925
PMBB4777980781302	0	67.8	4596.839999999999	2	1	-0.00162043	0.00661197	-0.000905034
PMBB4779265667467	0	35.0	1225.0	2	1	0.0242439	0.0234625	0.00925008
PMBB4779288149718	0	64.9	4212.010000000001	1	1	-0.00927035	-0.00632809	0.000670535
PMBB4780094704380	0	20.8	432.64000000000004	2	3	-0.000326549	0.00258194	0.0118161
PMBB4780234087827	0	64.1	4108.8099999999995	2	1	0.00605716	0.00469534	-0.0131039
PMBB4780396405880	0	44.9	2016.0099999999998	2	1	-0.00193639	0.00939916	-0.0020523
PMBB4780762409595	0	29.3	858.49	2	1	-9.3349e-05	-0.00927839	-0.00842783
PMBB4783447055670	0	23.2	538.24	2	1	-0.000556266	-0.00794829	-0.0135321
PMBB4785201638364	0	29.2	852.64	1	1	-0.00346264	-0.000323068	-0.00685048
PMBB4785884115147	0	42.7	1823.2900000000002	1	3	-0.00194907	-0.00629473	0.0102403
PMBB4786618376224	0	77.9	6068.410000000001	2	1	-0.00440292	0.00739375	0.0065659
PMBB4788044173221	0	32.4	1049.76	2	3	0.000168781	-0.0112118	-0.0155866
PMBB4789573774456	0	61.5	3782.25	1	1	-0.0041099	0.00720215	0.0144256
PMBB4791290634665	0	68.4	4678.56	1	1	-0.00526562	-0.00316929	0.00093694
PMBB4791627543194	0	55.8	3113.64	1	1	-0.00482523	0.00068283	0.00779704
PMBB4793117700209	0	43.2	1866.2400000000002	2	3	0.00256802	-0.00327914	0.0112034
PMBB4793597922433	0	28.4	806.56	2	1	0.000563943	0.00875377	-0.0030687
PMBB4793971636601	0	61.9	3831.6099999999997	1	1	0.0118856	-0.00712128	0.0115123
PMBB4796168930283	0	66.6	4435.5599999999995	2	1	-0.00665996	-0.0025236	1.94289e-05
PMBB4796595975822	0	22.9	524.41	1	1	0.0224908	0.00524969	0.00570365
PMBB4796939717660	1	57.4	3294.7599999999998	1	1	-0.00565752	0.00743356	-0.0134626
PMBB4797067392068	0	32.1	1030.41	2	1	0.0212739	0.00089251	0.00342452
PMBB4797386114473	0	65.6	4303.36	1	1	-0.00279453	-0.0018858	-0.00248832
PMBB4799655488567	0	47.1	2218.4100000000003	1	1	-0.00661944	0.00699878	-0.0222832
PMBB4799676500018	0	49.4	2440.3599999999997	1	2	0.025299	0.00958909	-0.0110227
PMBB4799976190590	0	48.1	2313.61	1	1	0.0193796	0.00109985	0.0124598
PMBB4801378282150	0	28.4	806.56	1	3	0.00479838	-0.00732956	0.00303606
PMBB4802680887924	0	28.5	812.25	1	1	0.00165999	0.0113755	-0.0012256
PMBB4802995086959	0	23.2	538.24	2	3	-0.00603378	0.00721923	-0.0024246
PMBB4804408395442	0	68.1	4637.61	2	2	0.00362867	0.00818583	0.000981408
PMBB4804861043560	0	56.9	3237.6099999999997	1	1	-0.00836934	0.00472822	0.00193435
PMBB4806647470161	0	39.9	1592.01	1	3	-0.00157659	-0.000991624	-0.0035235
PMBB4806666526302	0	44.0	1936.0	1	2	0.0230118	0.0015391	-6.28056e-05
PMBB4807737221400	1	91.1	8299.21	2	3	0.00134379	0.0010323	-0.0185142
PMBB4807842141127	1	71.5	5112.25	2	1	-0.00390399	0.00420549	0.00412078
PMBB4808171404346	0	40.2	1616.0400000000002	2	3	0.00290682	-0.00642089	0.00198506
PMBB4808215558243	0	32.3	1043.2899999999997	2	1	-0.00317962	0.00623491	0.00655023
PMBB4810032940080	0	52.0	2704.0	2	3	-0.00226848	-0.00838215	0.00366253
PMBB4811425622026	0	79.6	6336.159999999999	1	1	-0.00232258	0.00425002	0.00530731
PMBB4811541685423	0	34.2	1169.64	2	1	0.0148805	-0.0088032	0.00795506
PMBB4811710881043	0	44.2	1953.6400000000003	2	1	0.0053948	0.00526613	-0.00485611
PMBB4812040403313	0	31.3	979.69	2	3	-0.00334682	-0.00191762	-0.00114682
PMBB4812481107656	0	46.0	2116.0	2	1	-0.00121431	0.00422612	-0.00810156
PMBB4812748442292	0	66.9	4475.610000000001	2	1	-0.00117871	-0.00547128	0.0153878
PMBB4812787500913	0	48.3	2332.89	1	1	0.00663003	0.00255688	8.77962e-06
PMBB4812915943280	0	56.1	3147.21	1	1	-0.00759498	0.00104883	-0.00232901
PMBB4813287979719	0	63.4	4019.56	1	1	-0.00923923	-0.00791638	-0.00100838
PMBB4814114696887	0	56.7	3214.8900000000003	2	1	-0.00342458	-0.0115842	2.49862e-05
PMBB4814414702888	0	54.2	2937.6400000000003	1	1	-0.00952999	0.0022577	-0.000272255
PMBB4815025616149	0	71.9	5169.610000000001	1	3	0.00652159	-0.010162	0.013999
PMBB4815111501595	0	58.3	3398.89	2	1	-0.001496	0.00326992	0.0116259
PMBB4815335462514	0	49.4	2440.3599999999997	1	1	-0.00884502	0.000614223	0.00148151
PMBB4815466257950	0	55.8	3113.64	1	3	-0.00448521	-0.0207134	-0.00451773
PMBB4816650505698	0	25.3	640.09	1	1	-0.00833162	0.00376936	0.0115247
PMBB4816693777942	0	51.3	2631.6899999999996	2	1	-0.0100254	0.000868461	0.00244374
PMBB4816959405088	0	22.2	492.84	2	3	-0.00394475	0.00756786	-0.00565863
PMBB4819975004730	1	59.1	3492.81	1	3	0.0205155	-0.0157442	-0.00771947
PMBB4820527067939	0	46.0	2116.0	2	1	-0.00283563	0.0111866	0.00903562
PMBB4821020724111	0	48.4	2342.56	2	3	-0.00194599	0.00213765	0.0141945
PMBB4821867316840	0	44.8	2007.0399999999997	2	1	-0.010493	-0.000623068	0.00713331
PMBB4822568893679	0	41.0	1681.0	2	1	-0.00495513	0.000899172	0.0139967
PMBB4823313676922	0	44.9	2016.0099999999998	2	1	-0.000808383	-0.00286709	0.000480549
PMBB4824969926755	0	28.7	823.6899999999999	1	1	-0.00335053	0.00955865	-0.0203843
PMBB4825426781421	0	58.6	3433.96	2	1	-0.00575346	0.00243207	0.00872402
PMBB4825802894450	0	52.9	2798.41	2	3	-0.00280976	0.0051183	-0.00495348
PMBB4828167927056	0	58.6	3433.96	1	1	-0.00778244	0.00167341	-0.00782075
PMBB4829019882875	0	25.2	635.04	1	1	0.00748488	-0.00186829	-0.0142083
PMBB4830142736928	0	22.0	484.0	1	1	0.00200138	-0.0083374	-0.00318632
PMBB4830255025891	0	52.7	2777.2900000000004	2	1	-0.00215004	0.00724519	0.00752592
PMBB4831996060761	0	78.8	6209.44	2	1	-0.00618692	-0.000198186	0.000576401
PMBB4832588888339	0	54.4	2959.3599999999997	2	1	-0.00681233	0.00550771	0.00169298
PMBB4833412974006	0	34.3	1176.4899999999998	2	1	0.00579673	0.00294269	-0.000222728
PMBB4833814174347	0	26.6	707.5600000000001	2	1	0.000115667	0.0108612	-0.000612723
PMBB4835026154535	0	19.2	368.64	2	1	-0.00088534	-0.0102526	0.000948611
PMBB4835060478719	0	64.8	4199.04	2	1	-0.000507872	0.00027283	0.014219
PMBB4835142104424	0	54.3	2948.49	1	1	0.000390245	0.000450166	0.0133744
PMBB4835944549509	0	59.0	3481.0	2	1	0.0112728	-0.00988115	0.00572149
PMBB4836028839911	0	21.8	475.24	1	1	0.00482717	0.00851109	-0.00863784
PMBB4836252106936	0	36.8	1354.2399999999998	2	3	-0.00665575	0.00758539	0.0257137
PMBB4837895751560	0	65.6	4303.36	2	1	0.00562305	0.00197359	0.000254524
PMBB4838510921651	0	42.2	1780.8400000000001	1	3	-0.00230731	0.00739194	0.00983546
PMBB4838864144608	1	35.0	1225.0	2	1	-0.012296	0.000987395	0.000682152
PMBB4840605489797	0	58.2	3387.2400000000002	2	1	-0.00397996	0.00256722	0.00292486
PMBB4840696004369	0	43.5	1892.25	1	1	-0.00260113	0.00709347	-0.000137828
PMBB4841459282012	0	23.9	571.2099999999999	2	1	-0.00979297	0.00178624	-0.000918216
PMBB4841517806189	0	43.4	1883.56	2	2	-0.0108763	0.000960405	-0.00152793
PMBB4841933097643	0	27.1	734.4100000000001	2	2	-0.00143711	-0.00149042	-0.0114328
PMBB4842706530825	0	47.5	2256.25	2	3	-0.00280819	-0.0114416	0.00706527
PMBB4844510559161	0	53.0	2809.0	2	1	0.00970259	0.0174736	-0.00422036
PMBB4845142272974	0	29.8	888.0400000000001	2	1	0.00245877	-0.00334878	-0.00357362
PMBB4847723891203	0	55.9	3124.81	1	1	-0.000652741	0.00695511	0.0136334
PMBB4848049900856	0	50.8	2580.64	2	2	-0.00300206	-0.00843485	0.00273529
PMBB4848998445229	0	25.9	670.81	2	3	-0.00429791	-0.000718436	-0.00804732
PMBB4849515370718	0	28.3	800.89	2	2	-0.0030313	0.0035059	0.00781637
PMBB4850092348552	0	65.7	4316.490000000001	1	1	-0.00617043	0.00442547	0.011032
PMBB4852584148757	0	39.5	1560.25	2	1	0.0253822	-0.00589415	-0.00772057
PMBB4853145965233	0	60.1	3612.01	1	1	-0.00609891	0.00580183	0.00633015
PMBB4856921080607	0	60.2	3624.0400000000004	2	1	-0.0120157	3.62263e-05	0.00029286
PMBB4857270098538	0	56.2	3158.4400000000005	2	1	0.00737289	-0.0124455	-0.00147441
PMBB4858013950152	0	58.2	3387.2400000000002	1	1	-0.00681562	0.00117188	-0.00259485
PMBB4860822321569	0	70.3	4942.089999999999	1	1	-0.00163699	-0.032899	-0.00595586
PMBB4861441985145	0	57.1	3260.4100000000003	1	1	0.00125964	-0.0147332	0.00570611
PMBB4862790511519	0	38.5	1482.25	2	3	-0.000587699	-0.0126985	0.00693166
PMBB4863040511677	0	62.4	3893.7599999999998	1	1	-0.00572267	-0.00307071	0.0148714
PMBB4863236909301	0	47.7	2275.2900000000004	1	1	-0.00739818	0.000242943	-0.0104903
PMBB4865061484600	0	49.6	2460.1600000000003	1	1	-0.0124794	-3.81377e-05	0.00264382
PMBB4865077572443	0	49.5	2450.25	2	1	0.00435707	0.00253	-0.0180838
PMBB4866193144102	0	32.7	1069.2900000000002	2	1	0.000428958	-0.0175618	-0.00370742
PMBB4866637788018	0	41.2	1697.4400000000003	2	1	-0.00781694	0.00474891	0.00486172
PMBB4867960779711	0	73.7	5431.6900000000005	1	1	-0.00269648	-0.000389972	0.00114186
PMBB4868239843880	0	55.3	3058.0899999999997	2	1	-0.0085166	0.00258446	0.000146252
PMBB4868642647318	0	29.1	846.8100000000001	2	3	-0.00570115	0.00130626	0.00613193
PMBB4869130716022	0	54.6	2981.1600000000003	2	3	-0.00597919	0.00517639	0.00794661
PMBB4869411758989	1	69.1	4774.8099999999995	1	1	-0.00377255	-0.000306429	0.00197243
PMBB4869734604476	0	54.9	3014.0099999999998	1	2	-0.000598452	0.00997052	0.0106071
PMBB4870067176055	0	53.8	2894.4399999999996	1	1	-0.012463	0.00124467	-0.00430882
PMBB4871544931311	0	34.2	1169.64	2	1	-0.00290737	-0.0033982	-0.000138293
PMBB4871608616900	0	60.9	3708.81	2	1	0.026519	-0.0159488	-0.0143397
PMBB4872564492416	0	62.4	3893.7599999999998	1	3	-0.000471933	-0.00307772	-0.0110002
PMBB4873011691692	0	57.4	3294.7599999999998	2	1	0.000419977	-0.00938396	0.00635822
PMBB4873237703706	0	44.8	2007.0399999999997	2	1	-0.00359963	0.00804906	0.0092518
PMBB4873376780351	0	47.1	2218.4100000000003	2	1	-0.000472127	0.0115178	-0.0181023
PMBB4873608887204	0	63.7	4057.6900000000005	1	1	0.0107426	-0.00789873	0.00132402
PMBB4875255113574	0	60.7	3684.4900000000002	1	1	-0.00353837	-0.00201208	0.00211103
PMBB4875396379441	0	38.9	1513.2099999999998	2	1	0.0115279	-0.00621889	-0.0105243
PMBB4876003975742	0	73.8	5446.44	1	3	0.0121951	0.011491	0.00484843
PMBB4878398575149	0	88.4	7814.560000000001	2	2	0.00165172	0.00643535	0.00458678
PMBB4879306713922	0	35.0	1225.0	2	1	0.020986	0.00565744	-0.000467093
PMBB4879454385495	0	44.2	1953.6400000000003	2	3	0.0186484	-0.0130307	-0.0039385
PMBB4882468494011	0	29.6	876.1600000000001	2	3	-0.012475	-0.00201345	0.000335745
PMBB4882598723634	0	44.7	1998.0900000000001	2	1	-0.00689495	0.00683071	0.00487976
PMBB4885895054929	0	78.3	6130.889999999999	2	1	-0.000114167	0.0130691	0.00136191
PMBB4887058323126	0	36.9	1361.61	1	1	-0.00334494	-0.0155428	-0.024492
PMBB4887301645366	0	61.0	3721.0	2	1	-0.000526437	-0.01736	0.00895233
PMBB4887626560457	0	20.2	408.03999999999996	2	3	-0.00205931	0.00130613	0.00149956
PMBB4887671256674	0	56.4	3180.96	2	2	-0.0106026	-0.0195653	-0.000991914
PMBB4888515186174	0	65.4	4277.160000000001	1	1	-0.00441093	0.00265492	0.0101249
PMBB4888811176123	0	65.7	4316.490000000001	1	1	0.00225659	-0.0202346	-0.00345951
PMBB4888861352881	0	20.1	404.01000000000005	2	1	-0.00298675	-0.0175303	-0.00273842
PMBB4889449137951	0	73.3	5372.889999999999	1	1	-0.00414005	-0.00223325	-0.00475778
PMBB4890044835106	0	62.5	3906.25	2	1	0.00225955	-0.0133691	0.00164857
PMBB4892913568645	0	33.6	1128.96	2	1	0.0223825	0.00247639	0.000146013
PMBB4893188587318	0	23.1	533.61	1	1	0.00366933	-0.00480951	0.00653336
PMBB4895066395875	0	40.4	1632.1599999999999	2	2	0.00186034	0.0118632	0.00418693
PMBB4895323500426	0	31.0	961.0	1	2	0.0303958	-0.00392508	-0.00628033
PMBB4895530440227	0	57.4	3294.7599999999998	2	1	-0.00615595	-0.000568396	-0.0034494
PMBB4895767146752	0	46.5	2162.25	2	2	0.019966	0.00119376	0.00650316
PMBB4896495412118	0	53.3	2840.89	1	1	-0.00141502	0.00896273	-0.000307624
PMBB4897545435652	0	59.5	3540.25	2	3	0.0314415	0.00843148	0.012041
PMBB4897919235611	0	56.0	3136.0	1	1	0.0176658	-0.00728199	0.0098859
PMBB4899910966341	0	64.4	4147.360000000001	2	1	0.0120118	0.00865381	-0.0116075
PMBB4902937182356	0	69.3	4802.49	2	1	0.0113754	0.0211907	-0.0221435
PMBB4903353493900	0	54.5	2970.25	1	3	-0.00543388	0.00228752	0.011303
PMBB4903545723070	0	24.6	605.1600000000001	2	1	-0.00650155	-0.010881	-0.00160048
PMBB4904851355224	0	55.0	3025.0	1	3	0.00126725	-0.0211422	-0.00664436
PMBB4905255956048	0	60.8	3696.64	2	1	0.00362576	0.00465908	0.00602269
PMBB4906735066390	0	62.1	3856.4100000000003	1	1	0.00569346	0.00695817	0.00757962
PMBB4907334988210	0	43.0	1849.0	2	1	-0.00285369	0.00434079	-7.03511e-05
PMBB4907486105833	0	44.1	1944.8100000000002	1	3	-0.0127734	-0.00180772	-0.00189894
PMBB4907761797164	0	67.8	4596.839999999999	2	1	-0.00961497	0.00206238	-0.000497364
PMBB4907787678824	0	68.3	4664.889999999999	2	1	-0.00866917	-0.00154721	-0.00139639
PMBB4908437309104	0	50.9	2590.81	2	1	-0.002052	-0.0101189	-0.00728936
PMBB4909105776575	0	68.0	4624.0	2	1	0.00656245	-0.0140251	-0.00220347
PMBB4910734020386	0	21.7	470.89	2	1	-0.00237867	-0.000447796	0.0015903
PMBB4911333641410	0	44.2	1953.6400000000003	1	1	0.00264453	0.00998512	0.011344
PMBB4911426304036	0	45.7	2088.4900000000002	1	3	0.00123526	0.00656625	-0.00870439
PMBB4911511806657	0	52.3	2735.2899999999995	2	3	0.0284929	-0.0176939	-0.00169535
PMBB4911820520516	0	24.7	610.0899999999999	1	1	-0.0125855	-6.60906e-05	-0.000821726
PMBB4912367193378	0	57.5	3306.25	1	1	0.00181634	-0.0103673	-0.0057007
PMBB4912460513555	0	46.2	2134.44	1	1	-0.00232153	-0.00101677	-0.00434054
PMBB4912571027566	0	56.4	3180.96	1	1	0.0133877	0.00516248	0.0127264
PMBB4912683420032	0	25.4	645.16	1	1	0.0015532	-0.00748859	-0.00511623
PMBB4912987106766	0	56.8	3226.24	2	1	-0.00310014	0.00251048	0.00651584
PMBB4913008697228	0	50.1	2510.01	2	1	-0.000101744	0.00540683	-0.000891629
PMBB4914291301011	0	50.7	2570.4900000000002	2	1	-0.0074543	-0.00163959	-0.000411983
PMBB4916874964340	0	74.0	5476.0	2	1	-0.00642943	0.0024851	-0.000530436
PMBB4917737496758	0	45.5	2070.25	1	1	-0.00469875	0.00366626	-0.00203665
PMBB4919882120521	0	43.9	1927.2099999999998	2	1	0.00489605	-0.0185155	0.00379887
PMBB4921588566372	0	53.0	2809.0	2	1	-0.00342329	-0.0144742	0.00591856
PMBB4922821556054	0	59.4	3528.3599999999997	2	1	0.00444241	0.00422585	0.00401353
PMBB4923989265925	0	32.6	1062.76	2	1	-0.00756729	0.00227779	0.0106737
PMBB4929662312378	0	64.7	4186.09	2	1	-0.0106196	0.00252022	1.30355e-05
PMBB4932331626320	1	56.2	3158.4400000000005	2	1	-0.00664267	0.00151869	0.0105434
PMBB4932506175634	0	51.4	2641.96	1	1	-0.00257112	0.00116436	0.00314145
PMBB4932760506190	0	27.2	739.8399999999999	2	1	-0.0123087	0.00152879	-0.000797911
PMBB4932999133871	0	19.0	361.0	2	1	0.0217869	0.00775269	-0.00480598
PMBB4933068687336	0	39.0	1521.0	2	3	-0.00392416	0.00569582	0.0161807
PMBB4933958755061	0	81.3	6609.69	1	3	-0.00759852	0.00577959	-0.00347319
PMBB4934315318225	0	68.6	4705.959999999999	2	3	0.000760501	-0.00637647	0.00550614
PMBB4934616994840	0	69.5	4830.25	1	1	0.0196335	-0.000667736	0.0122783
PMBB4935633986804	0	31.3	979.69	2	3	-0.000269052	3.9836e-05	0.00064942
PMBB4936112178078	0	45.6	2079.36	2	1	-0.00585036	0.00394689	0.0111187
PMBB4937627042901	0	28.4	806.56	1	1	0.0106333	-0.0047028	0.00118132
PMBB4937681668044	0	68.8	4733.44	1	3	-0.0082568	-0.00282618	0.00940129
PMBB4938226547591	0	50.9	2590.81	2	1	-0.00191001	0.00643083	-0.0077625
PMBB4938329002267	0	23.5	552.25	2	1	-0.00442923	0.00526607	-0.00234507
PMBB4938899424164	0	52.8	2787.8399999999997	2	1	-0.0032445	0.0058263	0.00740518
PMBB4939111831081	0	63.7	4057.6900000000005	2	1	-0.00498764	-0.0119745	0.00246168
PMBB4943500863931	0	38.7	1497.6900000000003	1	1	0.00398798	0.00598253	0.0134361
PMBB4943858580770	0	58.5	3422.25	2	1	-0.00331238	-9.99068e-05	-0.00544994
PMBB4944396132934	0	82.7	6839.290000000001	2	1	5.38954e-05	-0.0164705	-0.0180913
PMBB4944970162755	0	60.3	3636.0899999999997	2	2	-0.000886862	-0.0193067	0.0019524
PMBB4945072150488	0	29.6	876.1600000000001	2	1	0.00751111	-0.0132124	-0.0136474
PMBB4945547597966	0	54.9	3014.0099999999998	2	1	-0.00488482	-0.00236534	0.00337887
PMBB4946285540899	0	55.5	3080.25	2	1	-0.00133192	-0.00290318	-0.00750264
PMBB4946898635857	0	53.5	2862.25	2	1	-0.00592447	-0.00824849	0.00783814
PMBB4947178646028	0	67.4	4542.760000000001	1	1	-0.0123361	-0.000984574	0.00151434
PMBB4947830685243	0	69.3	4802.49	2	1	0.0101506	-0.00501759	0.0108208
PMBB4949407721561	0	69.8	4872.04	1	1	-0.00943913	0.00318787	0.00288887
PMBB4950025517424	0	23.5	552.25	2	1	-0.00529643	0.00186223	0.0141447
PMBB4950394349582	0	53.1	2819.61	1	2	-0.00625569	0.00079506	0.00317509
PMBB4950965361208	0	65.6	4303.36	2	1	-0.00767263	0.0012515	0.000264147
PMBB4951113846394	0	40.7	1656.4900000000002	2	1	0.00416955	0.00683358	2.52152e-05
PMBB4951136417881	0	39.2	1536.6400000000003	2	3	0.00171561	0.00420164	0.0167295
PMBB4951181359114	0	49.0	2401.0	2	1	-0.00532686	0.000217469	0.00613958
PMBB4954549377023	0	68.6	4705.959999999999	1	1	-0.000168662	-0.00592752	-0.00283926
PMBB4956912082650	0	52.9	2798.41	1	3	-0.000605564	0.00532868	0.00142923
PMBB4959830387104	0	53.8	2894.4399999999996	1	1	-0.00498989	0.0100216	-0.0120165
PMBB4960608143801	0	51.8	2683.24	2	1	0.000979006	0.00533304	-0.00178309
PMBB4961641198774	0	76.9	5913.610000000001	2	1	-0.00244744	-0.00737883	0.00351929
PMBB4962567156188	0	64.0	4096.0	2	1	-0.00325508	-0.00785117	0.00289946
PMBB4965804384924	0	62.0	3844.0	1	1	-0.00315069	-0.00861353	-0.010613
PMBB4966935158116	0	55.2	3047.0400000000004	2	1	-0.0070212	0.00652203	-0.0116667
PMBB4967826812211	0	72.2	5212.84	2	1	-0.00940801	0.00308226	-0.00150539
PMBB4968597394450	0	22.6	510.76000000000005	1	1	0.000587519	-0.00224705	0.0097795
PMBB4969384394783	0	29.9	894.0099999999999	1	1	-0.00488479	0.00082918	0.00493066
PMBB4969527202070	0	58.4	3410.56	2	2	-0.00604581	0.0072221	0.0138506
PMBB4969594369474	0	23.8	566.44	2	1	0.025338	-0.00393209	0.00221562
PMBB4970240278479	0	52.7	2777.2900000000004	2	1	-0.0102617	0.0016341	-0.00577265
PMBB4971448473437	0	58.6	3433.96	1	1	-0.00459479	0.000872829	0.0141627
PMBB4971612739209	0	54.4	2959.3599999999997	2	1	-0.00271415	0.00500419	0.00945333
PMBB4972283082348	0	35.2	1239.0400000000002	2	2	0.0211985	0.0066693	-0.00210516
PMBB4972531244992	0	61.4	3769.96	1	3	-0.00574194	0.0063274	0.00173615
PMBB4973045007126	0	25.6	655.3600000000001	2	1	0.0295739	0.00286222	-0.00959073
PMBB4975012689244	0	65.8	4329.639999999999	2	1	0.00244344	0.00655817	-0.00823542
PMBB4975377946711	0	74.7	5580.09	1	1	0.00928633	0.0159413	-0.0109547
PMBB4976778436778	0	57.4	3294.7599999999998	2	3	0.00546705	0.00965808	-0.00517274
PMBB4976867029646	0	56.5	3192.25	1	1	0.00287383	-0.00410866	-0.0102486
PMBB4977777017005	0	48.8	2381.4399999999996	2	1	-0.00418922	-0.00326058	-0.00330156
PMBB4977825479983	0	30.0	900.0	2	3	0.0055096	0.0114743	-0.00400071
PMBB4978644895670	0	66.7	4448.89	1	3	-0.000511776	0.00477703	-0.0179072
PMBB4978888512670	0	27.7	767.29	1	1	-0.00480351	0.000583041	0.0078003
PMBB4979220869086	0	47.9	2294.41	1	1	-0.00747674	0.00121316	-0.00443101
PMBB4980524896337	0	38.3	1466.8899999999999	2	1	0.00311878	0.00676993	-0.0206267
PMBB4981050455668	0	58.2	3387.2400000000002	1	1	-0.00500053	-0.00459566	-0.00125082
PMBB4981553495590	0	53.8	2894.4399999999996	2	1	-0.00685698	0.00133538	0.00459736
PMBB4984178298497	0	29.2	852.64	2	1	-0.00348386	-0.00579332	0.00640272
PMBB4985035232601	0	45.7	2088.4900000000002	2	2	-0.00504845	0.00449408	0.00290127
PMBB4985175914431	0	30.4	924.16	2	1	-0.00323615	0.00606551	0.000130556
PMBB4985339456460	0	66.6	4435.5599999999995	2	1	-0.00535423	-0.00157853	0.000355436
PMBB4985864842564	0	33.9	1149.2099999999998	1	1	-0.00549699	0.00297896	0.0026494
PMBB4985972051368	0	51.7	2672.8900000000003	1	1	-0.00122698	-0.00764677	0.00100315
PMBB4986092726970	0	65.9	4342.81	2	1	-0.00602644	-0.00770531	-0.00117216
PMBB4987594862837	1	65.3	4264.089999999999	2	1	-0.00782015	0.00385213	0.00429478
PMBB4988022358054	0	33.9	1149.2099999999998	2	1	-0.00725387	0.000287574	-0.0121835
PMBB4989204298953	0	26.8	718.24	2	1	-0.00208707	0.00216495	-0.00877776
PMBB4989653595318	1	58.9	3469.21	2	1	-0.000752802	0.00215512	5.78643e-05
PMBB4989697867497	1	79.3	6288.49	1	1	-0.000941955	0.00794918	0.0133598
PMBB4990003897247	0	80.5	6480.25	2	1	-0.0027987	-0.00168542	-0.0146269
PMBB4990333990621	0	18.5	342.25	2	1	0.00506056	-0.0164352	-0.00824125
PMBB4990734722982	0	43.7	1909.6900000000003	2	1	-0.00759421	0.00933827	0.0127356
PMBB4991050825637	0	44.8	2007.0399999999997	2	3	-0.00833159	-0.00510698	-0.00206201
PMBB4991309904652	0	67.2	4515.84	1	1	0.00746801	-0.00650287	-0.0185297
PMBB4994242947100	0	23.7	561.6899999999999	1	1	-0.00585385	-0.00492344	-0.00339447
PMBB4994428399268	0	46.3	2143.6899999999996	2	1	0.00436558	0.00345967	-0.0144674
PMBB4995317592917	0	58.8	3457.4399999999996	2	1	-0.00638403	0.00423469	-0.00243924
PMBB4997317195360	0	53.3	2840.89	1	1	0.00237689	-0.0123414	-0.00678953
PMBB4997779724775	0	55.6	3091.36	2	1	0.00491508	0.0032958	-0.00783307
PMBB5000098836299	0	62.7	3931.2900000000004	2	1	0.0153026	-0.00684426	-0.00514843
PMBB5001031903469	0	27.8	772.84	2	1	0.000903661	0.00430844	0.0113498
PMBB5001386448861	1	66.9	4475.610000000001	2	1	0.00715218	0.0116912	0.0139554
PMBB5002231085428	0	59.1	3492.81	1	1	-0.00669907	-0.00176177	-0.0148546
PMBB5003135436508	0	57.7	3329.2900000000004	2	1	0.0241626	0.00216941	0.0157633
PMBB5005135351538	0	27.5	756.25	2	3	0.00404237	0.011572	0.00130586
PMBB5005220077068	0	53.2	2830.2400000000002	2	1	0.00891318	-0.0074336	-0.0133584
PMBB5005505374845	0	19.0	361.0	2	3	0.0225712	0.00262347	0.00170889
PMBB5005875161261	0	32.1	1030.41	2	1	-0.0019001	0.00855125	-0.00511668
PMBB5006061410165	0	36.1	1303.21	2	3	0.00580162	-0.00846516	-0.00395165
PMBB5006179152302	0	42.4	1797.76	2	2	0.0162589	-0.0102998	-0.0159189
PMBB5006796204239	0	44.5	1980.25	2	1	0.00166182	-0.0123602	0.0228078
PMBB5007753422888	0	41.3	1705.6899999999998	2	1	-0.01297	-4.97075e-05	-7.79045e-05
PMBB5007806595751	0	47.3	2237.2899999999995	2	1	-0.00459004	-0.0145165	0.00854085
PMBB5007940849401	0	35.1	1232.01	2	1	-0.00727287	0.00292965	-0.00174091
PMBB5008392277072	0	30.5	930.25	1	1	-0.0105848	-0.000896054	0.000741432
PMBB5009475621308	0	53.4	2851.56	1	1	0.00245036	0.0111779	0.00218872
PMBB5010051486595	1	71.4	5097.960000000001	2	3	0.00334365	0.0168923	-0.0105311
PMBB5010846767454	0	65.9	4342.81	2	2	-0.0057333	0.00354085	0.00430483
PMBB5010877911587	1	48.1	2313.61	2	3	0.00704467	-0.0104987	-0.0144613
PMBB5010996751763	0	49.3	2430.49	2	3	0.000837477	0.00715395	-0.00385262
PMBB5011011620829	0	71.8	5155.24	2	1	-0.00881374	-0.00627062	-0.00138332
PMBB5012110193267	0	21.1	445.21000000000004	1	1	-0.00128159	0.009132	-0.00911691
PMBB5012157477724	0	58.2	3387.2400000000002	2	1	-0.00942307	0.00384898	-0.00130095
PMBB5012190342572	0	56.4	3180.96	2	1	0.0190065	0.0164609	-0.000124965
PMBB5012624670485	0	48.6	2361.96	2	1	-0.00565655	-0.00286883	0.00797222
PMBB5012669667206	0	59.4	3528.3599999999997	2	1	-0.00530085	0.00327042	-0.0017202
PMBB5013117669872	0	31.9	1017.6099999999999	2	3	0.00504755	-0.0132151	0.00541585
PMBB5013844845440	0	65.7	4316.490000000001	2	1	-0.00203884	0.00169841	0.00470532
PMBB5015444819091	0	28.2	795.24	2	1	0.00202217	-0.00565776	0.00646512
PMBB5015867932181	0	50.8	2580.64	2	3	-0.00287824	0.00377883	-0.00206191
PMBB5017508824050	0	62.0	3844.0	2	3	-0.00206909	0.00868066	-0.00174307
PMBB5018128123822	0	50.6	2560.36	2	3	-0.000999393	-0.00383822	-0.00504149
PMBB5021876422444	0	65.1	4238.009999999999	2	1	0.00735178	0.0161884	-0.00339946
PMBB5022071329901	0	28.7	823.6899999999999	2	1	-0.0045209	-0.00152162	0.00413199
PMBB5022743875626	0	54.9	3014.0099999999998	2	1	-0.00170697	0.00648382	0.00238216
PMBB5022869442076	0	72.5	5256.25	2	3	0.00785335	0.00398302	-0.00491679
PMBB5025838329783	0	22.7	515.29	1	1	0.0197276	0.00533055	0.00418413
PMBB5027032158893	0	30.8	948.6400000000001	2	1	-0.00440734	-0.0066398	0.000299134
PMBB5028092788764	0	74.4	5535.360000000001	1	1	0.00160861	-0.0110848	-0.00466674
PMBB5028693388998	0	32.8	1075.84	2	1	-0.00148745	0.00683591	0.0131785
PMBB5029590490138	0	35.3	1246.0899999999997	1	1	-0.00269519	0.00550626	0.00707233
PMBB5031450693531	0	54.1	2926.81	2	1	-0.00746999	-0.00935344	0.00281607
PMBB5031587569491	0	27.6	761.7600000000001	2	1	-0.00652488	-0.00678188	0.000974517
PMBB5031953432846	0	63.9	4083.21	2	1	0.0267997	0.00758051	0.00276751
PMBB5032437564285	0	42.9	1840.4099999999999	2	3	0.00123466	-0.0224288	0.00867127
PMBB5032463506430	0	55.7	3102.4900000000002	1	1	-0.000593815	0.0074433	0.00265441
PMBB5032853457922	0	47.9	2294.41	2	1	0.000929906	-0.00941792	0.00871198
PMBB5036587987713	0	43.1	1857.6100000000001	2	1	-0.00411331	0.00505943	-0.00260702
PMBB5037386158663	0	33.7	1135.6900000000003	2	3	-0.00155288	0.00261094	0.00482694
PMBB5038061976986	0	68.8	4733.44	1	1	0.00189617	0.00463322	-0.00670365
PMBB5039208817574	0	79.9	6384.010000000001	1	1	-0.00446304	-0.00964452	0.00140477
PMBB5041137919769	0	59.1	3492.81	2	1	-0.000611592	0.00727746	-0.00126621
PMBB5041177489371	0	53.3	2840.89	2	3	0.0281769	0.000296473	-0.00443059
PMBB5042247599223	0	36.3	1317.6899999999998	1	1	-0.00398116	-0.010335	-0.00526522
PMBB5042358546758	0	30.8	948.6400000000001	2	1	-0.0102763	-0.00173252	0.00328647
PMBB5042706697965	0	27.5	756.25	2	1	-0.00354017	-0.00335521	0.00309924
PMBB5042882665686	0	65.4	4277.160000000001	1	1	-0.00369334	-0.00514716	0.00367528
PMBB5045132514893	0	56.4	3180.96	2	1	0.00754054	-0.00175074	-0.00226732
PMBB5045609395555	0	67.0	4489.0	1	3	-0.00343811	-0.0109843	0.0127213
PMBB5045776300881	0	26.2	686.4399999999999	2	1	0.0218614	-0.0153157	-0.00299499
PMBB5047079831328	0	66.7	4448.89	1	1	-0.00323707	-0.00159251	-0.0075566
PMBB5047094173988	0	64.7	4186.09	2	1	0.00637225	0.0105899	0.0160772
PMBB5047478221738	0	75.0	5625.0	1	3	0.00445934	-0.00741625	-0.0290918
PMBB5047594760078	0	47.5	2256.25	2	3	0.0281341	-0.00712232	-0.0026624
PMBB5047774517863	0	22.4	501.75999999999993	2	1	-0.00256019	0.00626675	-0.00291589
PMBB5049908907459	0	37.2	1383.8400000000001	1	1	-0.00705212	0.00500424	0.00151747
PMBB5050221848990	0	50.2	2520.0400000000004	1	2	0.0163013	0.00762439	0.00928205
PMBB5051123468114	0	28.0	784.0	2	1	0.00437627	-0.00729373	0.00486608
PMBB5052251615947	0	71.2	5069.4400000000005	2	1	-0.000975516	-0.00599052	-0.000131397
PMBB5053496586976	1	66.2	4382.4400000000005	1	1	-0.00507929	-0.00238968	0.0108859
PMBB5054146125889	0	60.0	3600.0	1	1	-0.000829532	-0.0102762	0.00210743
PMBB5054335108679	1	67.8	4596.839999999999	1	3	-0.0125166	-9.09697e-06	-0.000976298
PMBB5055926792961	0	24.7	610.0899999999999	2	1	-0.000985582	-0.0131888	-0.00749894
PMBB5056637779114	0	39.9	1592.01	1	3	-0.00327919	-0.00226272	-0.00538597
PMBB5056751410090	0	61.6	3794.5600000000004	1	1	-0.0066125	-0.00902727	0.00508295
PMBB5057519792247	0	66.7	4448.89	1	1	-0.00841492	0.004842	0.00347534
PMBB5058149021276	0	51.9	2693.6099999999997	2	1	-0.00700888	0.000755712	0.00341829
PMBB5059399930063	0	57.0	3249.0	1	1	-0.00579606	0.00582148	-0.00221783
PMBB5059654684987	0	68.9	4747.210000000001	1	3	-0.000160085	0.00376021	0.00272717
PMBB5059812058395	0	48.8	2381.4399999999996	2	2	0.00650167	0.00964398	0.00460916
PMBB5060208243295	0	46.9	2199.6099999999997	1	1	0.00304098	-0.0209306	0.0112689
PMBB5061245393219	0	66.5	4422.25	2	1	0.0102201	0.00313233	0.0130113
PMBB5065038557617	0	27.2	739.8399999999999	2	1	0.0252998	0.0073083	0.000168812
PMBB5065757311390	0	30.9	954.81	1	3	-0.00697648	-0.000368803	0.00132766
PMBB5067416294264	0	61.7	3806.8900000000003	1	1	0.00977219	-0.000463483	-0.0032566
PMBB5067459875721	0	47.4	2246.7599999999998	1	1	-0.00527476	0.00284857	0.00971816
PMBB5067638888820	0	54.1	2926.81	1	1	0.00211573	0.00307725	0.00704254
PMBB5067699214469	0	58.9	3469.21	1	1	-0.00728615	0.00121657	0.00248802
PMBB5068760257044	0	20.9	436.80999999999995	2	3	-0.000536344	0.010888	-0.00282841
PMBB5069587558806	0	34.9	1218.01	2	1	0.0236436	-0.00183999	-0.00549613
PMBB5070144949919	0	48.1	2313.61	1	1	-0.00869862	0.00113001	0.00124545
PMBB5070293758389	0	54.7	2992.09	2	1	-0.000342702	0.00592971	-8.12494e-05
PMBB5070628281546	0	58.6	3433.96	1	3	0.00120387	-0.0143059	0.0192453
PMBB5070745964114	1	49.9	2490.0099999999998	2	1	-0.00617083	0.0062176	-0.00787671
PMBB5070814483792	0	21.3	453.69000000000005	2	1	-0.00381483	-0.0144516	-0.000651076
PMBB5072667154929	0	22.7	515.29	2	2	0.0294962	-0.00196665	0.0137394
PMBB5073212397169	0	39.6	1568.16	1	1	-0.00352453	-0.0017772	-0.00247832
PMBB5073600399722	0	36.4	1324.9599999999998	1	1	-0.00371336	-0.00867132	0.00040326
PMBB5074686079019	0	53.4	2851.56	1	1	0.00265062	-0.00986749	-0.0082328
PMBB5075527459593	0	42.4	1797.76	1	1	-0.000331308	-0.00876361	0.0115651
PMBB5076782135038	0	39.8	1584.0399999999997	2	1	0.00263733	-0.00687117	-0.00775342
PMBB5077874570392	0	63.0	3969.0	2	2	0.00585314	0.00612059	-0.00196617
PMBB5077895098065	0	54.3	2948.49	1	1	-0.00368799	-0.0123231	0.00109866
PMBB5077940058971	0	44.4	1971.36	1	3	-0.00165801	-0.0102939	0.00926254
PMBB5078006272861	0	46.1	2125.21	2	1	-0.00928259	0.00224811	-0.00506306
PMBB5078255112816	0	39.2	1536.6400000000003	2	2	-0.00202474	0.0104563	0.00094777
PMBB5079132848194	0	57.4	3294.7599999999998	1	2	-0.00110639	-0.015034	0.0151184
PMBB5080771224772	0	57.1	3260.4100000000003	2	1	-0.00392358	0.000325744	-0.00041446
PMBB5081879667322	0	68.0	4624.0	2	1	-0.00173957	0.00365464	-0.00336565
PMBB5082175761540	0	42.0	1764.0	2	1	0.0203364	0.00329901	-7.44168e-05
PMBB5082479110309	0	53.9	2905.21	2	1	-0.00782253	0.00328532	-0.00115996
PMBB5082980586626	0	37.2	1383.8400000000001	2	3	-0.0112114	-0.000567609	-0.00140641
PMBB5083147731706	0	35.0	1225.0	2	2	0.00313643	-0.0102162	0.0144528
PMBB5083241693041	0	30.6	936.3600000000001	2	3	-0.00499862	-0.0205982	-0.000964968
PMBB5083300746265	0	19.8	392.04	2	1	-0.00642432	0.00217086	0.00944034
PMBB5083733845479	0	47.3	2237.2899999999995	2	1	-0.00305136	-0.00679397	-0.00385237
PMBB5083890344253	0	50.3	2530.0899999999997	1	1	-0.00293857	-0.0103318	0.0051161
PMBB5084571049708	0	64.7	4186.09	1	1	0.00590972	-0.00355252	0.000627699
PMBB5084664959870	0	48.4	2342.56	2	1	-0.00347747	0.00697621	0.00622427
PMBB5086760963238	0	45.5	2070.25	2	1	0.0115788	0.018151	-0.00426687
PMBB5086974915564	0	62.3	3881.2899999999995	1	1	0.00371368	-0.00942675	0.00828274
PMBB5087479177950	0	22.0	484.0	2	1	-0.00211432	0.000489996	-0.00702315
PMBB5088526505225	0	48.5	2352.25	2	1	-0.00176458	0.00614076	-0.000568534
PMBB5088646203737	0	51.3	2631.6899999999996	2	1	-0.0126522	-0.00175064	-0.00124348
PMBB5089803164729	0	55.4	3069.16	1	1	-0.00384442	-0.00507194	4.60382e-05
PMBB5089845145763	0	46.8	2190.24	2	2	0.0237719	-0.0063492	-0.0193599
PMBB5092340544127	0	40.4	1632.1599999999999	2	1	0.00201387	0.0141005	-0.0195343
PMBB5092480391373	0	66.1	4369.209999999999	2	1	0.0031671	0.00643815	0.00422289
PMBB5093303108348	0	35.7	1274.4900000000002	2	3	-0.00613524	-0.00142347	0.00260262
PMBB5093928760777	0	70.4	4956.160000000001	1	3	0.00875517	-0.0164428	-0.0190631
PMBB5094640800780	0	54.1	2926.81	1	3	0.0219715	-0.0116451	0.0146169
PMBB5094846647888	0	58.1	3375.61	2	1	-0.00331983	-0.00127174	0.00295598
PMBB5096246759728	0	59.5	3540.25	2	1	-0.00239593	0.00871742	0.00702363
PMBB5097360665430	0	28.0	784.0	2	3	-0.000968817	-0.0180297	-0.00793773
PMBB5097669559635	0	62.4	3893.7599999999998	2	1	-0.000108441	0.00073008	0.000351205
PMBB5098646611542	0	20.5	420.25	2	1	-0.00476266	0.0082526	-0.0110746
PMBB5098999428167	0	31.3	979.69	2	1	-0.00407341	-0.00128471	0.000345824
PMBB5099433993235	0	25.8	665.64	2	1	0.00731243	0.0198635	-0.0113191
PMBB5100473373431	1	66.4	4408.960000000001	2	1	0.00329596	-0.000605548	0.00162636
PMBB5101814679807	0	73.0	5329.0	2	1	-0.00382703	-0.00433137	-0.00760835
PMBB5102098351320	0	49.3	2430.49	1	1	0.000480578	-0.00239421	-0.00696686
PMBB5102459958742	0	53.4	2851.56	2	1	0.00162194	0.000540288	0.00759864
PMBB5102746924047	0	65.7	4316.490000000001	1	1	-0.00450929	0.00500935	0.00600337
PMBB5102863652348	0	73.0	5329.0	2	1	-0.00131311	-0.00458696	-0.00382079
PMBB5103123452048	0	55.4	3069.16	2	3	-0.00240812	0.00912692	0.00786628
PMBB5104365536544	0	44.6	1989.16	1	1	0.0257676	0.00333644	0.00779173
PMBB5104616509862	0	56.7	3214.8900000000003	1	1	-0.00906326	0.0017159	-0.00281368
PMBB5105147906348	0	51.1	2611.21	2	1	0.000265694	-0.00295249	-0.0114462
PMBB5106217198892	0	59.2	3504.6400000000003	2	1	-0.00782803	0.00475271	-0.00521696
PMBB5107435474890	0	46.6	2171.56	1	1	-0.00308478	0.0006474	0.0115059
PMBB5107705548380	0	69.1	4774.8099999999995	2	3	0.00464474	-0.0136217	-0.00996294
PMBB5108362497633	0	24.8	615.0400000000001	2	1	0.00306981	-0.00515199	0.00588051
PMBB5108879354342	0	25.4	645.16	2	1	-0.00843956	-0.00227265	0.000767086
PMBB5110108828055	0	56.2	3158.4400000000005	1	1	-0.0043572	-0.00344707	-0.0037801
PMBB5112768965478	0	88.6	7849.959999999999	2	1	0.00854307	-0.00191611	-0.0249437
PMBB5113043352859	0	63.1	3981.61	2	1	-0.00583045	0.00272063	0.00287981
PMBB5113395582284	0	49.6	2460.1600000000003	2	1	-0.00436587	0.00756378	0.00269237
PMBB5113451929147	1	65.6	4303.36	2	1	0.00483657	-0.00384461	-0.00983249
PMBB5114216534166	0	24.8	615.0400000000001	2	1	-0.00425691	0.00302714	-0.00758058
PMBB5114930010571	1	89.0	7921.0	2	1	0.00348707	0.0126355	-0.000469229
PMBB5115318678335	1	70.7	4998.490000000001	1	1	0.0216678	0.0166466	0.000837411
PMBB5115340032179	0	70.8	5012.639999999999	2	3	0.0157216	-0.0114943	0.00149691
PMBB5115844464390	0	40.7	1656.4900000000002	2	1	-0.00734542	-0.0031294	0.000100233
PMBB5117373853312	0	62.3	3881.2899999999995	2	1	-0.00502212	0.00599315	0.0116789
PMBB5120260446941	0	48.3	2332.89	2	1	0.00139624	-0.00212136	-0.000518156
PMBB5121072610454	0	48.2	2323.2400000000002	2	1	-0.00652867	0.00120359	0.0057093
PMBB5121299663401	0	57.2	3271.84	2	1	-0.000157162	0.00521893	-0.00222618
PMBB5121567205819	0	29.2	852.64	1	3	0.00199704	-0.00201719	-0.000765865
PMBB5122528924798	0	24.2	585.64	2	1	-0.0046995	0.00893175	-0.00394318
PMBB5122649734825	0	52.5	2756.25	1	1	0.00711835	-0.00934842	-0.00495153
PMBB5124866158768	1	59.7	3564.09	2	3	-0.00476747	-0.00202633	0.00531458
PMBB5126194721471	0	43.7	1909.6900000000003	2	1	-0.00396491	0.00627787	0.00784785
PMBB5130193269091	0	48.7	2371.69	2	3	0.00145992	-0.0163824	-0.0110984
PMBB5130481630236	0	58.9	3469.21	1	1	-0.00523272	0.00619477	0.000576106
PMBB5132182241500	0	26.1	681.21	2	1	0.00595198	0.00902043	0.00450609
PMBB5132427501254	0	41.4	1713.9599999999998	2	1	-0.00139831	0.00327323	0.0108087
PMBB5133215498033	0	39.3	1544.4899999999998	2	1	0.00595606	0.000823821	-0.0256545
PMBB5133524072595	0	55.5	3080.25	1	1	-0.00281995	-0.00859039	0.0165201
PMBB5133808320980	0	27.1	734.4100000000001	1	1	-0.012455	0.00148122	0.00120785
PMBB5134084338414	0	67.8	4596.839999999999	2	1	-0.00437017	-0.0041833	0.00677684
PMBB5134239629312	0	23.2	538.24	2	3	-0.000864712	0.0100411	0.00792308
PMBB5134341706877	0	75.5	5700.25	2	3	-0.00545807	0.00674268	-0.0112664
PMBB5135284280080	0	56.3	3169.6899999999996	2	1	-0.00130386	0.00149266	0.00737352
PMBB5135965049984	0	71.9	5169.610000000001	2	1	0.0045739	0.0174641	0.00341399
PMBB5136997849714	0	51.6	2662.56	2	1	0.00781088	0.00353371	0.00180279
PMBB5137237050668	0	55.6	3091.36	2	1	-0.00606563	0.00337115	-0.00111691
PMBB5138020125588	0	71.5	5112.25	1	1	0.00248995	0.00780266	0.010049
PMBB5139193944061	0	61.9	3831.6099999999997	1	1	-0.00609848	0.00437927	-0.0015068
PMBB5141248846111	0	31.9	1017.6099999999999	2	1	0.00494045	0.00487037	0.00404334
PMBB5141586524838	1	70.7	4998.490000000001	2	1	-0.0113491	0.00143577	0.00379004
PMBB5141971908454	0	66.6	4435.5599999999995	2	1	-0.00510801	0.00572641	-0.00147376
PMBB5142421493065	0	50.7	2570.4900000000002	1	1	0.00184536	-0.00561055	-0.00276955
PMBB5142681935512	0	30.3	918.09	2	1	0.0161114	-0.00616575	-0.00339163
PMBB5144445195173	0	51.6	2662.56	1	1	-0.00515188	-0.00531362	0.000128533
PMBB5144759195966	0	82.6	6822.759999999999	2	1	-0.00177205	0.00885889	0.00913084
PMBB5145540014027	0	30.2	912.04	1	1	-0.00403851	-0.00972244	0.000584536
PMBB5145950263576	0	47.2	2227.84	1	1	-0.00464683	-0.0041403	-0.0072247
PMBB5146365675964	0	60.9	3708.81	1	1	-0.00258757	0.00829108	0.00106839
PMBB5147700318359	0	67.3	4529.29	1	1	0.0133708	0.00380807	0.00266385
PMBB5148401267992	0	40.1	1608.0100000000002	2	3	0.01131	-0.00139674	-0.0105725
PMBB5150862090002	0	60.1	3612.01	1	1	-0.000375843	0.00115056	0.0127075
PMBB5151270230911	0	20.8	432.64000000000004	2	1	0.00123732	-0.00192885	0.00329445
PMBB5151340301312	0	53.6	2872.96	2	3	0.000577687	-0.00769331	-0.000404275
PMBB5152468680584	0	33.9	1149.2099999999998	2	1	0.00115188	-0.00156965	0.00888772
PMBB5155018830589	0	40.3	1624.0899999999997	2	1	0.000427616	0.00754215	0.00789674
PMBB5155606184678	0	65.0	4225.0	1	1	-0.00769203	-0.00712222	-0.00276233
PMBB5155758179291	0	65.0	4225.0	2	1	-0.00938446	-0.00834973	0.00133466
PMBB5155949897230	0	56.9	3237.6099999999997	2	1	-0.00361792	-0.00137938	-0.00532911
PMBB5157713634072	1	68.0	4624.0	1	1	-0.00328066	-0.0290216	0.0119309
PMBB5157990662397	0	45.5	2070.25	2	1	-0.0104443	-0.000621914	0.0102599
PMBB5161005109621	0	66.2	4382.4400000000005	1	1	-0.0118152	-0.00221591	-0.00217651
PMBB5161439747768	0	27.6	761.7600000000001	1	1	0.00053062	0.0115671	-0.000163148
PMBB5162414374913	0	39.7	1576.0900000000001	2	3	-0.00887724	0.000603416	-0.00594144
PMBB5162749897272	0	37.5	1406.25	2	1	0.00533292	3.8767e-05	-0.001534
PMBB5164904306358	0	27.9	778.41	2	1	0.000748906	-0.00798824	-0.00329956
PMBB5164908406999	0	54.1	2926.81	2	1	-0.00306566	-0.0158119	-0.00582101
PMBB5165996439536	0	52.3	2735.2899999999995	2	1	0.00079929	0.00741701	2.8465e-05
PMBB5166969685687	0	54.5	2970.25	2	1	0.00424929	0.00493046	-0.00943393
PMBB5167161997699	0	56.7	3214.8900000000003	1	3	1.02429e-05	0.00418915	-0.00313564
PMBB5167395768707	0	35.5	1260.25	1	1	-0.00274758	0.00599501	0.00420906
PMBB5168078107804	0	74.6	5565.159999999999	1	3	-0.00825324	-0.00411605	0.000250616
PMBB5168463079456	0	49.9	2490.0099999999998	1	3	0.0142233	-0.0057261	-0.00614942
PMBB5168582527893	0	24.6	605.1600000000001	2	3	-0.00365493	0.00196985	0.00745164
PMBB5169598068083	0	68.0	4624.0	2	1	0.000326765	-0.00302487	-0.00185203
PMBB5169599921814	0	65.0	4225.0	2	1	0.00280706	-0.0175371	0.0052181
PMBB5172414602045	0	61.3	3757.6899999999996	1	1	0.00101723	0.00485124	-0.00486415
PMBB5173050117410	0	44.0	1936.0	2	1	0.0109217	0.00629863	0.00230506
PMBB5173686025348	0	38.4	1474.56	2	1	-0.00654126	-0.00296258	-0.000420468
PMBB5174161752032	0	37.1	1376.41	1	1	0.00580688	0.00751636	-0.00349748
PMBB5174306805997	0	59.7	3564.09	1	1	-0.00854657	0.00431689	-0.0127074
PMBB5175059379420	0	71.5	5112.25	2	1	-0.0038667	0.00600803	-0.00885268
PMBB5175320995401	0	61.8	3819.24	1	1	0.00681035	-0.00178323	0.0032155
PMBB5176198724178	0	51.9	2693.6099999999997	2	3	-0.000960691	0.00817588	-0.0057601
PMBB5176869933033	0	29.9	894.0099999999999	2	3	-0.000893424	-0.00155832	0.00544937
PMBB5178441306172	0	37.9	1436.4099999999999	2	1	0.00845937	-0.0149837	-0.0105884
PMBB5179772057007	0	73.0	5329.0	2	3	-0.00272157	0.000277115	-0.00644021
PMBB5179880700835	0	30.0	900.0	2	3	0.00285539	0.0127878	0.0160492
PMBB5183445719503	0	70.8	5012.639999999999	2	2	-0.00551465	0.00421511	0.00173106
PMBB5183754107588	0	60.1	3612.01	1	1	-0.00906122	0.00337798	-0.00218598
PMBB5183766312635	0	59.0	3481.0	2	1	-0.00083744	-0.00235064	-0.00915478
PMBB5185126087115	0	50.5	2550.25	2	1	-0.00528768	0.00346651	-0.00589066
PMBB5185576824352	0	46.8	2190.24	1	1	0.000241001	0.00952819	0.00223617
PMBB5185864575779	0	61.0	3721.0	2	1	-0.00557839	-4.34199e-05	0.00715339
PMBB5186262663007	0	44.7	1998.0900000000001	1	1	-0.00362781	0.00542098	0.000611902
PMBB5187571613696	0	60.3	3636.0899999999997	2	1	0.0152496	-0.00815529	0.0100593
PMBB5188449706126	0	51.1	2611.21	2	2	0.00335369	-0.00450001	0.00807824
PMBB5189109897295	0	67.6	4569.759999999999	2	1	-0.00455891	0.00546563	0.00958827
PMBB5191665964808	0	36.0	1296.0	1	3	0.000177169	-0.000355785	0.00159253
PMBB5192508237078	0	53.3	2840.89	2	1	0.0187206	0.00813128	-0.00176967
PMBB5192905324797	0	54.3	2948.49	2	3	0.0210359	-0.0135685	0.000773533
PMBB5193058536599	0	55.1	3036.01	1	1	-0.00487983	0.00428803	0.00449804
PMBB5193356999674	0	73.4	5387.56	1	1	-0.00889168	-0.00739289	0.00228535
PMBB5194035806004	0	25.7	660.49	2	1	-0.00112577	0.00423349	0.0018333
PMBB5194866024076	0	41.2	1697.4400000000003	2	3	-0.000598333	-0.00880845	0.000938289
PMBB5196582582743	0	48.0	2304.0	1	1	-0.00372044	-0.00916722	0.00660383
PMBB5197042467754	0	64.8	4199.04	1	1	0.00341474	0.0146865	-0.0140824
PMBB5199565203755	0	62.0	3844.0	1	1	-0.00849703	0.00468288	-0.0156778
PMBB5201500890813	0	61.9	3831.6099999999997	2	1	-0.0039333	-0.0136495	0.0114476
PMBB5201657828135	0	36.9	1361.61	2	1	-0.004859	0.00793244	-0.00261111
PMBB5201997796859	0	37.2	1383.8400000000001	1	3	0.00104115	0.00803419	-0.00438039
PMBB5203274967205	0	70.1	4914.009999999999	1	1	-0.00245353	-0.00457414	0.000378476
PMBB5204475112276	0	55.6	3091.36	2	3	-0.00103292	-0.00483449	-0.0106391
PMBB5204521748550	0	34.5	1190.25	1	1	-0.00533722	-0.0107615	0.000122201
PMBB5205615823284	0	53.2	2830.2400000000002	2	1	-0.00543249	-0.00538816	-0.000396558
PMBB5205842957471	0	51.3	2631.6899999999996	2	1	-0.000715253	0.00887295	0.0201598
PMBB5206260463850	0	67.9	4610.410000000001	1	1	-0.00381364	-0.00207248	0.000899963
PMBB5206318550893	1	42.9	1840.4099999999999	1	3	-0.00823187	0.0018914	-0.00103607
PMBB5207023934342	0	64.0	4096.0	1	2	0.0296847	-0.0113203	0.000964995
PMBB5207449432125	0	51.7	2672.8900000000003	2	1	0.0010755	-0.0130575	-0.0107562
PMBB5207726549086	0	65.8	4329.639999999999	2	2	0.00467653	0.00268083	-0.00479652
PMBB5208744011255	0	47.6	2265.76	2	1	-0.00503074	-0.00628316	0.00622578
PMBB5209985346478	0	49.5	2450.25	2	1	-0.00596812	0.00729793	0.00291209
PMBB5210544276470	0	27.7	767.29	2	3	0.000413926	-0.00398821	-0.0137982
PMBB5212918199931	1	56.2	3158.4400000000005	2	1	-0.0024017	-0.00823957	-0.010218
PMBB5213654868084	0	47.8	2284.8399999999997	1	1	-0.00108227	0.0100951	-0.00770853
PMBB5214321016525	0	25.9	670.81	2	3	0.0301259	-0.0068187	0.00120633
PMBB5215228454798	0	21.2	449.44	2	1	0.000447185	-0.0142369	-0.00533145
PMBB5215460180664	0	56.8	3226.24	2	2	-0.00917225	-0.00254775	0.00502547
PMBB5215782588761	0	42.1	1772.41	1	1	0.001337	0.00158996	0.00313613
PMBB5215795536884	0	61.9	3831.6099999999997	2	1	-0.00847762	0.00253771	0.00237962
PMBB5216543810424	0	40.5	1640.25	2	3	-0.00433641	0.00475863	0.0106262
PMBB5216728706537	0	81.2	6593.4400000000005	2	1	0.0111781	-0.00980884	0.0151646
PMBB5216742914138	0	31.3	979.69	1	1	-0.00958259	-0.00407353	-0.000813735
PMBB5217186926837	0	68.6	4705.959999999999	2	1	0.00191268	-0.0334386	0.015789
PMBB5217381844216	0	30.5	930.25	2	3	-0.0116765	0.00260395	1.44659e-05
PMBB5218955856370	0	61.8	3819.24	1	1	-0.00194989	-0.00656814	0.0108956
PMBB5223796298051	0	68.5	4692.25	2	1	0.0112034	0.0040555	0.00293879
PMBB5224443164338	0	33.2	1102.2400000000002	2	1	-0.00240908	0.00893737	-0.00335201
PMBB5225054459637	0	50.2	2520.0400000000004	1	1	0.00425197	-0.00586605	-0.00871647
PMBB5226990213108	0	35.4	1253.1599999999999	1	3	0.00444658	-0.00940397	-0.00172133
PMBB5227393997146	0	53.0	2809.0	1	1	-0.000617134	0.00592672	-0.0145032
PMBB5229902528676	0	86.0	7396.0	1	1	-0.00462184	0.00503506	-0.00151183
PMBB5231403127655	0	28.4	806.56	2	1	0.00251175	0.0116026	0.00309736
PMBB5235259015655	0	64.1	4108.8099999999995	2	1	-0.000636437	-0.00484175	0.000620807
PMBB5236703385857	0	43.8	1918.4399999999998	1	1	0.00726065	-0.00274396	0.00748747
PMBB5237525101486	0	45.1	2034.0100000000002	1	1	0.0035411	0.0134432	-0.0122551
PMBB5238603031140	0	36.0	1296.0	2	1	-0.000286186	0.00300944	0.00169156
PMBB5238620245508	0	65.2	4251.04	1	1	-0.00595014	-0.00570083	-0.00930755
PMBB5238722309355	0	37.3	1391.2899999999997	2	3	-0.0123891	-0.0019221	0.000662504
PMBB5239721972107	1	70.9	5026.81	1	1	0.00220403	0.0118387	0.00305034
PMBB5240031713545	1	59.7	3564.09	2	2	0.0303767	0.0134226	0.00278218
PMBB5240638955467	0	23.3	542.89	1	1	-0.0038212	0.00391224	-0.00414437
PMBB5242098837730	0	59.8	3576.0399999999995	1	2	0.00336468	0.00514186	0.0187993
PMBB5242125046680	0	47.1	2218.4100000000003	1	1	-0.00525887	0.00692885	0.00314607
PMBB5242207894067	0	26.1	681.21	2	1	-0.00509552	-0.000706605	0.00144203
PMBB5243315751593	0	70.5	4970.25	1	1	-0.00787982	0.001555	-0.00462092
PMBB5243402589767	0	60.1	3612.01	2	2	-0.000819767	-0.00400682	0.00135705
PMBB5243593848136	0	78.8	6209.44	2	1	-0.00397834	-0.00743727	-0.012547
PMBB5243834847972	0	71.4	5097.960000000001	2	1	-0.00320595	0.0067775	0.00177032
PMBB5244455082055	0	69.6	4844.159999999999	1	1	-0.00338422	-0.00176424	0.00309697
PMBB5249771128355	0	21.8	475.24	2	1	0.00225686	0.00156521	-0.00449896
PMBB5250881323197	0	45.9	2106.81	1	1	0.0220855	0.00476365	0.00714029
PMBB5251326556624	0	34.6	1197.16	2	3	-0.0065457	0.00504474	3.43138e-05
PMBB5251617149022	0	62.2	3868.84	2	1	0.00952236	-0.00841561	-0.00418839
PMBB5252104437358	0	38.6	1489.96	2	1	0.0040392	0.00678412	-0.00290536
PMBB5252765538832	0	30.3	918.09	2	2	-0.00338028	-0.00927151	0.00338809
PMBB5253399730470	0	20.8	432.64000000000004	1	1	0.00187573	-0.0110667	0.00385806
PMBB5253907961335	0	38.5	1482.25	2	1	-0.0045456	-0.00392856	0.00519973
PMBB5254019624247	0	75.8	5745.639999999999	2	1	0.0112597	0.0191739	-0.00671359
PMBB5254109349505	0	58.6	3433.96	1	1	0.00089012	0.00590368	-0.00798447
PMBB5254112503843	0	27.3	745.2900000000001	1	1	0.00250596	0.0122601	0.0015996
PMBB5258485779302	1	71.5	5112.25	2	1	0.00121261	0.0104404	-0.00669456
PMBB5261527126830	0	71.0	5041.0	2	1	0.00970577	0.00643861	0.00898894
PMBB5262372702275	1	80.6	6496.359999999999	2	1	-0.00688416	-0.000163193	-0.000161019
PMBB5265255168385	0	75.0	5625.0	2	1	0.019749	-0.00958602	0.0136576
PMBB5267121587842	0	31.7	1004.89	2	1	-0.00346636	-0.000544799	-0.000928553
PMBB5267155198229	0	38.5	1482.25	2	1	-0.00612152	0.00431541	0.00396165
PMBB5267245592846	0	57.1	3260.4100000000003	2	1	0.0138825	-0.00368764	-0.0181101
PMBB5268132187445	0	64.0	4096.0	2	3	-0.00636142	-0.0073105	-0.00269349
PMBB5270029904738	0	40.5	1640.25	2	3	-0.00152183	0.0093887	-0.0032916
PMBB5271516146794	0	27.4	750.7599999999999	1	1	-0.00373498	0.00848382	-0.00388384
PMBB5275280418383	0	27.5	756.25	2	1	-0.000235356	-0.00642097	-0.0019782
PMBB5275372223466	0	65.6	4303.36	2	1	0.00166836	0.0114152	0.0194078
PMBB5276397418719	0	29.9	894.0099999999999	2	3	-0.00087332	-0.00813657	-0.00756483
PMBB5278144195137	0	62.2	3868.84	2	1	-0.00988671	-0.00411721	-0.002031
PMBB5278742188062	0	20.5	420.25	2	1	-0.00549954	0.00680233	0.00423894
PMBB5279367172772	0	21.8	475.24	2	1	-0.000767732	0.0122658	-0.020164
PMBB5281960301460	0	56.7	3214.8900000000003	2	1	-0.000272255	-0.00349093	-0.00160292
PMBB5283271739234	0	31.9	1017.6099999999999	1	1	0.0229052	0.00707462	-0.00118912
PMBB5283761340517	0	53.2	2830.2400000000002	2	3	0.0153408	0.000983977	-0.00950711
PMBB5283935220122	0	58.4	3410.56	2	1	0.00456633	0.0045683	-0.011893
PMBB5285018865927	0	50.9	2590.81	2	1	0.00538906	0.00776788	0.000600933
PMBB5286383567393	0	44.0	1936.0	2	2	-0.00438358	0.00424252	1.32634e-05
PMBB5286594723661	0	50.5	2550.25	2	1	-0.00684382	0.00458333	0.00421146
PMBB5287450535476	0	62.5	3906.25	1	1	-0.0123227	-0.00062751	-0.00176655
PMBB5287841017327	0	39.1	1528.8100000000002	1	1	-0.00446543	0.00486147	0.00185997
PMBB5288995345923	0	52.9	2798.41	2	1	-0.00700909	0.0042247	-0.00197659
PMBB5290680820109	0	38.7	1497.6900000000003	2	1	-0.0124645	-0.00157586	-0.00175421
PMBB5291861907389	0	43.8	1918.4399999999998	2	1	-0.0055971	0.00936162	-0.00586142
PMBB5293027064699	0	30.7	942.49	2	1	0.0232132	0.00612168	0.00862347
PMBB5293734788143	0	76.4	5836.960000000001	2	1	-0.00467745	0.00662341	-0.0154022
PMBB5294996736328	0	43.2	1866.2400000000002	1	1	-0.0036338	0.000451302	-0.00887084
PMBB5295283166332	0	39.2	1536.6400000000003	2	1	0.000181855	0.00359121	-0.0109511
PMBB5295435986180	0	23.7	561.6899999999999	2	1	-0.00647902	-0.0016968	0.0038536
PMBB5295996999469	0	76.1	5791.209999999999	1	1	0.00995068	0.00240335	0.00621629
PMBB5296091213104	0	28.1	789.6100000000001	1	3	0.00286863	0.00466205	0.00950296
PMBB5296104773679	0	46.9	2199.6099999999997	2	1	-0.00134878	-0.00940838	-0.0119321
PMBB5296407454045	0	55.2	3047.0400000000004	1	1	0.00553518	-0.00446867	-0.0164601
PMBB5298301794250	0	53.6	2872.96	2	2	0.00256765	0.00444296	-0.00306825
PMBB5298967498116	0	58.6	3433.96	1	1	-0.00996471	-0.0108686	-0.000745853
PMBB5299598074219	0	48.6	2361.96	1	1	0.0195088	-0.00478445	0.00347198
PMBB5300120018340	0	66.0	4356.0	1	1	-0.00567827	0.00568274	-0.00657133
PMBB5300360719484	0	46.3	2143.6899999999996	2	3	-0.00120259	-0.0102667	-0.000259644
PMBB5300402916067	0	53.4	2851.56	2	1	0.00384862	-0.0197018	0.0108654
PMBB5300828984959	0	57.4	3294.7599999999998	1	1	0.000171443	0.00845536	-0.00478568
PMBB5301701306135	0	40.3	1624.0899999999997	2	2	-0.00481295	0.00239804	-0.00406445
PMBB5301984026913	0	49.5	2450.25	2	1	-0.00541965	0.00479932	0.0057191
PMBB5302759638632	0	43.5	1892.25	1	1	0.00994224	0.000305318	-0.00263549
PMBB5303385631813	0	29.5	870.25	2	1	0.00214299	0.0120759	-0.00132462
PMBB5303601775404	0	69.3	4802.49	1	1	-0.00182362	0.000821383	-0.00864734
PMBB5304048362970	0	53.3	2840.89	2	1	-0.00426298	-0.0108051	-0.0109294
PMBB5304319652825	0	33.8	1142.4399999999998	2	1	-0.0118286	-0.00022841	-0.00123822
PMBB5304793155508	0	59.6	3552.1600000000003	1	2	-0.00269377	0.00993343	-0.012986
PMBB5305794070361	0	53.3	2840.89	1	1	0.000760948	-0.00746338	0.00887133
PMBB5306006086097	0	61.4	3769.96	1	1	0.00448644	0.00187048	-0.00621724
PMBB5307669981243	0	60.7	3684.4900000000002	1	1	0.00497047	0.0145729	0.00999973
PMBB5308863074379	0	61.1	3733.21	2	3	0.0215541	0.00688171	0.0141834
PMBB5309006592994	0	29.0	841.0	2	1	-0.00685596	0.00775389	-0.00924117
PMBB5310617414855	0	61.3	3757.6899999999996	1	1	0.0233018	0.00556092	0.00506776
PMBB5310675399750	0	59.5	3540.25	1	1	-0.00145271	0.0113603	0.00851765
PMBB5311684978171	0	58.0	3364.0	1	1	0.00280921	-0.00460284	0.00683583
PMBB5312425624765	0	47.7	2275.2900000000004	1	1	0.0224908	0.00105736	-0.0109417
PMBB5312756636876	0	70.5	4970.25	2	1	-0.00712026	-0.00541176	-0.0022288
PMBB5312925477878	0	34.0	1156.0	2	1	-0.0017669	0.00523851	-0.000588771
PMBB5313030458723	0	69.9	4886.010000000001	1	1	-0.00520585	0.00411503	0.0104938
PMBB5313149353357	0	48.3	2332.89	2	1	-0.00340264	-0.00241418	0.014471
PMBB5313879224066	0	62.7	3931.2900000000004	1	3	0.0215037	0.000575688	0.00857166
PMBB5314092403516	0	36.8	1354.2399999999998	2	1	0.0208296	0.00395178	0.00106829
PMBB5314336234187	0	76.0	5776.0	1	1	-0.000926717	-0.0148148	0.00663646
PMBB5314472803457	0	42.5	1806.25	2	3	-0.00416024	0.00345404	0.00181789
PMBB5315247619810	0	26.0	676.0	2	1	0.019412	0.00394288	0.02136
PMBB5316727986593	0	49.9	2490.0099999999998	1	1	0.0131302	-0.0205848	-0.0117213
PMBB5317476712996	0	31.7	1004.89	2	3	-0.000626729	0.0117873	-0.000676796
PMBB5320205155854	0	53.7	2883.6900000000005	2	1	-0.00328922	0.00477164	-0.00210671
PMBB5321219436932	0	61.6	3794.5600000000004	2	1	0.0126835	0.017647	-0.00768613
PMBB5322963552708	0	37.6	1413.7600000000002	2	1	-0.00656275	-0.00520991	-0.00449847
PMBB5323323183957	0	42.0	1764.0	2	3	0.00395503	-0.00152362	-0.0160198
PMBB5323839284012	0	70.8	5012.639999999999	1	1	0.0303868	0.000645831	0.00245101
PMBB5325482242027	1	70.6	4984.359999999999	2	1	0.00511805	0.0186451	-0.00332179
PMBB5326110125865	0	25.7	660.49	2	1	-0.00506911	-0.00172679	-0.0026191
PMBB5326468404778	0	69.9	4886.010000000001	2	1	0.0112975	-0.00215376	0.0028178
PMBB5327612074832	0	30.0	900.0	2	3	-0.0122856	-0.0015641	-0.0023143
PMBB5328000229673	0	58.5	3422.25	1	1	0.00541631	-0.012363	-0.00838986
PMBB5328558662096	0	57.6	3317.76	2	3	0.0183558	0.00209361	-0.000668681
PMBB5330811201537	0	64.3	4134.49	1	1	-0.00550023	-0.007394	0.000617896
PMBB5330813180450	0	76.9	5913.610000000001	2	1	0.00292488	0.00814901	0.0178191
PMBB5331478735305	0	25.9	670.81	2	1	-0.00493879	-0.000229172	-0.00494726
PMBB5331968027168	0	40.7	1656.4900000000002	1	3	-0.00678257	0.00497043	-0.00663166
PMBB5332197169791	0	72.7	5285.29	1	1	-0.00564957	0.00617948	-0.00903625
PMBB5333212214020	0	27.1	734.4100000000001	2	1	-0.00334799	0.0108171	-0.00351073
PMBB5333243398959	0	32.8	1075.84	2	1	-0.00583714	0.000199037	-0.000921187
PMBB5335182982930	0	70.1	4914.009999999999	1	1	0.00822193	0.00483646	-0.0179146
PMBB5336233406778	0	55.8	3113.64	2	1	-0.00695748	-2.33728e-05	-0.00304693
PMBB5336628098649	0	67.6	4569.759999999999	1	1	-0.0114825	0.00151004	0.00171993
PMBB5337558986929	0	39.7	1576.0900000000001	2	3	-0.00704713	0.00044915	0.00905797
PMBB5338414952053	0	34.0	1156.0	2	1	-0.00519085	0.00579595	-0.00375574
PMBB5339077052204	0	38.3	1466.8899999999999	1	1	0.000615596	-0.0139728	-0.0103411
PMBB5339156729039	0	25.6	655.3600000000001	2	1	-0.00706845	0.00553215	-0.00398496
PMBB5339978430263	0	66.0	4356.0	1	2	-0.00170697	0.00481267	-0.00750009
PMBB5340661837955	0	51.9	2693.6099999999997	1	1	0.00242863	0.00145024	-0.000403514
PMBB5340895079390	0	41.1	1689.21	2	1	0.00222017	-0.00264598	0.00545317
PMBB5342079444783	0	61.2	3745.4400000000005	2	1	-0.00485917	-0.0109006	0.010638
PMBB5342373684808	0	18.6	345.96000000000004	2	1	-0.0130425	0.00175901	-0.00198168
PMBB5343056117877	0	25.5	650.25	2	1	0.00483904	-0.0138624	0.00243494
PMBB5344143219545	0	85.7	7344.490000000001	1	1	0.00175508	0.00918958	-0.00194691
PMBB5344669194788	0	21.9	479.60999999999996	2	1	0.0232119	-0.00446075	0.00237522
PMBB5344901038670	0	32.8	1075.84	1	1	-0.00205322	-0.00658803	0.0108979
PMBB5345555047340	0	66.9	4475.610000000001	1	1	-0.00259077	0.0127555	-0.0159022
PMBB5345643370007	0	41.3	1705.6899999999998	2	3	-0.00487489	-0.00639033	-0.00823615
PMBB5346942476806	0	48.9	2391.21	1	1	-0.00477303	-0.00149582	0.0010274
PMBB5347042174476	0	59.1	3492.81	1	1	0.00772845	0.00299001	0.00363882
PMBB5347437132484	0	28.4	806.56	1	1	-0.00108311	-0.0220818	0.00806697
PMBB5347536075289	0	22.3	497.29	2	1	-0.00226906	0.00473118	-0.000599594
PMBB5347659523167	0	31.0	961.0	1	1	-0.000839362	0.00796548	-0.0059517
PMBB5350332425958	0	58.8	3457.4399999999996	1	3	0.0179042	-0.00182698	0.0024058
PMBB5350636599688	0	58.2	3387.2400000000002	1	1	-0.00540009	-0.000942293	-0.00740293
PMBB5351473362693	0	58.8	3457.4399999999996	2	1	-0.00471313	0.0142659	-0.0209839
PMBB5353272525905	0	26.0	676.0	2	1	0.0218563	0.00434269	-0.00641651
PMBB5354830527722	0	61.8	3819.24	2	1	-0.00680471	0.00249723	-0.000638391
PMBB5356070217467	0	58.2	3387.2400000000002	2	3	-0.00453258	0.00156204	0.00391672
PMBB5356586007860	0	60.3	3636.0899999999997	1	1	0.0134234	0.00110576	-0.00675006
PMBB5356762108998	0	40.5	1640.25	2	3	0.00403131	-0.000678015	0.00708701
PMBB5357845949811	0	72.4	5241.760000000001	2	1	0.0167591	0.00558744	0.00821109
PMBB5357880389084	0	27.1	734.4100000000001	2	1	-0.0105022	0.00220929	0.00384179
PMBB5358034600671	0	49.3	2430.49	1	1	-0.0044709	0.00740312	0.00116442
PMBB5360083408856	0	36.3	1317.6899999999998	2	1	-0.00890832	-0.00139998	0.0113065
PMBB5360612809021	0	20.0	400.0	2	1	-0.00418872	-0.00629121	-0.00323124
PMBB5361878116811	0	57.8	3340.8399999999997	1	1	-0.00387906	0.00337257	0.00825967
PMBB5362890799573	0	50.0	2500.0	2	2	-0.00556705	-0.00119036	-0.000734522
PMBB5364969276488	0	57.8	3340.8399999999997	1	1	0.00323614	0.00956834	0.0032601
PMBB5365700424441	0	56.4	3180.96	2	1	-0.00196347	0.00978451	0.00980348
PMBB5367554262530	0	30.1	906.0100000000001	1	1	-0.00736175	0.00258127	0.0145673
PMBB5368707293623	0	57.3	3283.2899999999995	2	1	-0.00155684	-0.00196391	0.00372261
PMBB5368795710869	0	70.7	4998.490000000001	2	1	-0.00396459	4.43438e-05	0.00310818
PMBB5369086642038	0	32.3	1043.2899999999997	2	1	0.0220908	-0.00190434	0.00550746
PMBB5369357814946	0	52.7	2777.2900000000004	1	1	-0.00468617	0.0101529	-0.013042
PMBB5369718950840	0	56.6	3203.56	1	1	-0.00851821	0.00224865	0.00843027
PMBB5371648866927	1	69.5	4830.25	1	1	0.00574297	-0.00867571	0.00308283
PMBB5372253048624	0	57.9	3352.41	2	3	0.0020275	-0.0112524	0.0124837
PMBB5372675474401	0	54.9	3014.0099999999998	2	1	0.00419109	-0.0223117	-0.001508
PMBB5373225033270	0	62.6	3918.76	1	2	0.00472835	-0.000211803	-0.00301601
PMBB5373609534295	0	67.9	4610.410000000001	1	1	0.0216784	0.00341309	0.00698375
PMBB5374026903657	0	26.8	718.24	2	3	0.00588251	-0.00862725	-0.0107771
PMBB5374865512494	0	49.5	2450.25	1	3	-0.00280079	0.00521309	0.00759936
PMBB5376538914756	0	69.4	4816.360000000001	1	1	-0.00691366	0.00258607	0.000236518
PMBB5377886197513	0	18.7	349.69	2	1	-0.00409625	-0.0210124	-0.0022421
PMBB5378674589396	0	69.9	4886.010000000001	2	2	-0.00762088	-0.00120836	0.00502664
PMBB5379002769035	0	75.2	5655.040000000001	1	1	-0.00943821	0.00421568	0.00257502
PMBB5379243284490	0	22.1	488.4100000000001	2	1	0.00120882	-0.00154425	-0.00695436
PMBB5379559774925	0	72.6	5270.759999999999	2	1	-0.008663	0.0054559	-0.00760886
PMBB5381029829617	0	57.2	3271.84	2	3	-0.0108197	-0.00225623	0.00210317
PMBB5381124317069	0	24.7	610.0899999999999	1	1	-0.00630579	0.00447331	0.00194781
PMBB5381560412605	0	30.7	942.49	2	3	0.0257803	-0.00323474	0.00855964
PMBB5382268542065	0	34.9	1218.01	2	1	-0.0048807	-0.00788836	-0.00433747
PMBB5382415482118	0	64.3	4134.49	1	1	0.00911173	-0.00120801	-0.00240779
PMBB5383223069004	0	43.5	1892.25	2	1	-0.0060461	0.00224494	-0.00358624
PMBB5383501667579	0	23.8	566.44	2	1	-0.00179693	0.00714324	-0.012388
PMBB5383986039941	0	53.0	2809.0	1	1	-0.00875243	0.000441541	0.000102967
PMBB5385891853190	0	53.9	2905.21	1	1	-0.00684615	-0.000597565	-0.00129739
PMBB5386401818879	0	32.6	1062.76	2	3	-0.00287226	-0.00608871	0.00417378
PMBB5388029270282	0	67.2	4515.84	2	1	-0.00294854	-0.00772966	0.0118966
PMBB5390074663491	0	60.1	3612.01	2	1	0.00624595	-0.00174578	-0.0332693
PMBB5391554046976	0	59.6	3552.1600000000003	1	1	-0.00741829	0.00493386	0.0109047
PMBB5391599575650	0	47.2	2227.84	1	1	-0.00524162	0.000496129	-0.000174526
PMBB5391775309313	0	61.7	3806.8900000000003	1	1	0.00946612	-0.00435379	-0.0071651
PMBB5393074792228	0	57.9	3352.41	2	3	-0.000655285	-0.0019327	0.00277735
PMBB5393259893346	0	28.8	829.44	1	1	-0.00211919	-0.009298	0.00370891
PMBB5393566623695	0	38.0	1444.0	2	1	-0.00309196	-0.0244298	0.00485405
PMBB5394533833218	0	59.8	3576.0399999999995	2	1	-0.007325	-0.0035939	-0.00387189
PMBB5397139535822	0	56.2	3158.4400000000005	1	1	-0.000148735	0.00578095	-0.00195356
PMBB5398294962587	0	47.2	2227.84	1	1	-0.00380605	0.00428934	-0.0131552
PMBB5399711638053	0	40.8	1664.6399999999999	1	3	0.0187029	0.00128109	-0.00130236
PMBB5399985494163	0	54.5	2970.25	1	1	0.0181412	0.0143935	0.00281777
PMBB5400191777379	0	70.4	4956.160000000001	2	1	0.00313508	0.0061239	0.0101344
PMBB5401310859604	0	43.7	1909.6900000000003	1	1	-0.000961258	-0.00986963	0.00210304
PMBB5401784521454	0	45.1	2034.0100000000002	1	1	0.0192707	-0.00359297	-0.00505577
PMBB5402205683947	0	27.2	739.8399999999999	2	1	0.00261854	0.0129662	0.00476174
PMBB5402715140959	0	38.2	1459.2400000000002	2	1	0.00204055	0.00726714	0.00166399
PMBB5403907854271	0	77.5	6006.25	1	1	0.00155954	-0.00349445	0.00313357
PMBB5404892527838	0	65.7	4316.490000000001	2	1	-0.00490679	-0.0159491	-0.000521684
PMBB5405224009594	0	47.3	2237.2899999999995	2	1	0.0315977	0.0129524	-0.000865026
PMBB5405844061954	0	74.7	5580.09	1	3	0.00479604	-0.000594776	-0.00556577
PMBB5408753308568	0	37.1	1376.41	1	2	0.021527	0.00430246	0.000849594
PMBB5408869819833	0	32.1	1030.41	1	1	0.00928149	0.00243391	0.0232666
PMBB5409637531702	0	58.7	3445.6900000000005	1	1	-0.0071166	0.00272355	-0.00467464
PMBB5409968173153	0	52.3	2735.2899999999995	2	2	0.00441209	0.0129673	-0.0141236
PMBB5410796328414	0	66.7	4448.89	2	3	-0.00212891	0.00818117	0.00605358
PMBB5412901721569	0	24.3	590.49	1	1	-0.00489635	0.00230724	0.0163908
PMBB5413162162115	0	63.0	3969.0	2	3	0.030039	-0.00368459	-0.00991258
PMBB5413476328911	0	29.4	864.3599999999999	2	3	0.00151797	-0.0222249	-0.00614715
PMBB5413858828198	0	22.9	524.41	2	3	0.00446679	0.00567201	0.0167342
PMBB5414248259581	0	28.2	795.24	2	1	-0.000584865	-0.00696449	0.00332521
PMBB5414268646770	0	59.8	3576.0399999999995	2	1	0.00206505	0.0105371	-0.00269838
PMBB5415214007715	0	30.7	942.49	1	3	-0.0063107	-0.000425782	-0.00259498
PMBB5415847014450	0	24.7	610.0899999999999	1	1	0.000203908	0.0109605	0.0164001
PMBB5416052752844	0	34.1	1162.8100000000002	2	1	-0.00392661	0.00125856	0.00193564
PMBB5416148083730	0	51.6	2662.56	1	1	-0.00571959	0.00901208	0.00940687
PMBB5417850203425	0	56.8	3226.24	1	1	0.00119241	-0.00672878	-0.00912441
PMBB5417851844854	0	29.6	876.1600000000001	2	3	1.71177e-05	-0.00318688	-0.00264029
PMBB5418634770643	0	76.0	5776.0	2	2	0.0164077	-0.016341	0.00553485
PMBB5419371061243	0	20.8	432.64000000000004	2	1	1.06491e-05	0.0113339	-0.004802
PMBB5419511283662	0	78.2	6115.240000000001	2	1	-0.00313593	0.00773337	0.00356376
PMBB5419669014090	0	40.3	1624.0899999999997	2	1	-0.00651859	0.00488582	0.012147
PMBB5420621211366	0	76.7	5882.89	2	1	0.0143744	-0.0226036	0.000643332
PMBB5422252270196	0	74.8	5595.04	2	1	0.00553746	0.00357534	-0.0145751
PMBB5422605426883	0	51.6	2662.56	2	1	-0.00497247	0.0062418	0.0088926
PMBB5422743914648	0	24.3	590.49	2	3	0.000342449	-0.0140519	0.0168759
PMBB5423721372160	0	60.6	3672.36	2	1	-0.00600959	-0.00287076	-0.00265453
PMBB5425115101454	0	54.3	2948.49	2	1	-0.000654885	-0.0140429	0.0102006
PMBB5425687609660	0	58.2	3387.2400000000002	1	1	-0.00629279	-0.0117007	-0.00645657
PMBB5426269700026	0	24.4	595.3599999999999	2	1	0.0169838	-0.011462	-0.0137848
PMBB5428469652118	0	31.3	979.69	1	1	-0.00704837	0.00545684	-0.00399169
PMBB5428563893448	0	23.1	533.61	2	1	-0.00348993	-0.00159328	-0.00307447
PMBB5428595487849	0	57.3	3283.2899999999995	2	1	-0.00759991	0.00164326	0.0114404
PMBB5429237955963	0	68.5	4692.25	1	1	0.0101179	-0.00305334	0.0107502
PMBB5429298598889	0	63.0	3969.0	2	1	-0.00473036	0.00384769	0.00605711
PMBB5429364560469	0	74.0	5476.0	1	1	0.000838134	0.0137872	0.00401513
PMBB5431683656198	0	23.9	571.2099999999999	2	1	-0.00213554	0.00901292	0.00698261
PMBB5431959741265	0	58.4	3410.56	2	1	0.00223355	0.00961598	0.00962553
PMBB5432078518830	0	55.1	3036.01	2	1	-0.00120256	-0.00940271	0.000400528
PMBB5433837658297	0	40.7	1656.4900000000002	1	3	-0.00467531	0.00275548	0.0135025
PMBB5434262601031	0	61.4	3769.96	2	1	0.00562113	0.00590394	0.00578622
PMBB5437277677290	0	67.6	4569.759999999999	1	1	-0.00480948	0.00805484	0.00233943
PMBB5437942718469	0	33.6	1128.96	1	1	0.013113	-0.00626217	0.0107211
PMBB5438686580156	0	50.1	2510.01	1	1	-0.00846034	0.00369748	-0.00381572
PMBB5440310995642	0	49.3	2430.49	2	3	-0.00251785	-0.0184331	0.00136481
PMBB5440443820971	0	60.6	3672.36	1	3	0.00388993	0.00117771	-0.00757379
PMBB5440986189243	0	65.2	4251.04	1	1	-0.00771341	0.00633652	-0.000474036
PMBB5441137590159	0	50.4	2540.16	1	1	-0.00152543	-0.000625921	-0.00526731
PMBB5441398750267	0	63.9	4083.21	1	3	0.000762476	-0.00891303	0.0177418
PMBB5442521890660	0	56.3	3169.6899999999996	1	3	-0.0120894	-0.00371172	0.000378601
PMBB5443324387419	0	67.1	4502.409999999999	1	1	0.00154512	-0.0208579	0.00212465
PMBB5443334268888	0	42.8	1831.8399999999997	2	1	-0.0126178	-0.00174239	0.000667914
PMBB5443766192485	0	62.6	3918.76	2	3	-0.00505539	-0.00160744	-0.0186105
PMBB5444414345125	0	62.8	3943.8399999999997	2	1	-0.000841871	0.00271214	0.00369281
PMBB5444436183545	0	46.9	2199.6099999999997	2	1	-0.00424595	0.0102264	0.00612108
PMBB5445584921460	0	41.3	1705.6899999999998	2	3	0.0195781	0.000845045	0.00166111
PMBB5446675362967	0	41.8	1747.2399999999998	2	3	0.00489619	0.0075528	-0.00712489
PMBB5446756340715	0	57.8	3340.8399999999997	1	1	-0.00457937	-0.00740943	0.000663795
PMBB5447088632863	0	45.6	2079.36	2	3	-0.000230947	-0.00491813	0.00556373
PMBB5447215025881	0	63.0	3969.0	2	1	0.000181951	0.0111012	-0.00937125
PMBB5447928347885	0	42.4	1797.76	2	3	-0.00595537	0.00045344	0.00839023
PMBB5447967828297	0	61.0	3721.0	2	3	0.0025225	0.00770065	-0.00310419
PMBB5448157194443	0	35.4	1253.1599999999999	1	3	-0.000192062	-0.00833497	-0.000811546
PMBB5448976167958	0	73.3	5372.889999999999	1	1	-0.00699771	0.00511575	-0.00354056
PMBB5450277943375	0	53.5	2862.25	2	1	-0.00770633	0.00149728	-0.00296416
PMBB5451707254288	1	95.9	9196.810000000001	2	3	-0.0105576	1.23098e-06	0.00228446
PMBB5452120728623	0	39.1	1528.8100000000002	1	1	-0.00165954	0.00953517	0.0134191
PMBB5454376308326	0	49.0	2401.0	1	1	-0.000647533	-0.00632445	-0.013922
PMBB5455256000774	0	29.1	846.8100000000001	2	3	0.00106022	-0.0194905	-0.00669723
PMBB5455674725229	0	40.5	1640.25	1	1	0.00426074	-0.000618393	0.0209337
PMBB5456167366926	1	61.7	3806.8900000000003	2	1	-0.00687406	-0.0282558	-0.00172312
PMBB5457870523547	0	53.2	2830.2400000000002	1	3	0.00890301	-0.00444942	-0.0025411
PMBB5458454537547	0	38.3	1466.8899999999999	2	1	-0.00632922	-0.00217104	0.0151385
PMBB5458568942756	0	68.4	4678.56	1	3	0.00399073	-0.0111022	0.00299939
PMBB5458796033023	0	46.7	2180.8900000000003	2	3	0.00750043	-0.00383161	-0.00321667
PMBB5458870029053	0	38.4	1474.56	2	1	0.000724355	0.000627454	-0.00346068
PMBB5463745390528	0	69.9	4886.010000000001	2	1	0.000174691	-0.0258398	-0.00484571
PMBB5465220420685	0	60.0	3600.0	2	1	-0.00264668	0.0108034	-0.00675713
PMBB5465562346998	0	45.4	2061.16	2	3	-0.000266328	-0.00851071	-0.00493673
PMBB5467014403156	0	34.8	1211.0399999999997	2	2	0.0141974	0.00225769	0.00508184
PMBB5468361173211	0	56.3	3169.6899999999996	1	1	-0.0058113	0.000349652	0.00061073
PMBB5469871350449	0	58.2	3387.2400000000002	2	1	-0.00275222	-0.0144633	0.012898
PMBB5469898960007	0	69.9	4886.010000000001	1	1	0.0137679	-0.0132038	-0.00492689
PMBB5470141275570	0	56.6	3203.56	1	1	0.00407347	0.00749581	0.000593737
PMBB5472813291632	0	19.5	380.25	2	2	-0.00330634	-0.00684125	-0.0044335
PMBB5473304598880	0	62.4	3893.7599999999998	1	3	0.00130417	-0.0164849	-0.0146628
PMBB5476215803738	0	32.6	1062.76	1	1	0.00676576	-0.0016056	-0.00824754
PMBB5477032762948	0	61.6	3794.5600000000004	1	1	-0.00582825	-0.0106339	-0.00371779
PMBB5477582971692	0	62.3	3881.2899999999995	2	1	0.0053686	-0.0156147	0.016281
PMBB5477850560283	0	32.8	1075.84	1	1	-0.0124984	-0.000661821	-0.000873939
PMBB5478993848067	0	83.9	7039.210000000001	1	1	-0.00733885	0.00120303	0.00179246
PMBB5479034010883	0	38.3	1466.8899999999999	2	3	-0.00540831	0.00918767	-0.013357
PMBB5480005633081	0	24.1	580.8100000000001	2	1	-0.00468379	-0.0066485	0.00217831
PMBB5480950827889	0	54.7	2992.09	2	3	0.00383059	-0.00798363	-0.000512839
PMBB5480981928077	1	68.2	4651.240000000001	1	1	-0.0121348	0.00144065	0.000476598
PMBB5481084816421	0	21.9	479.60999999999996	2	3	-0.00493317	-0.00732488	-0.00058338
PMBB5481127976281	0	20.3	412.09000000000003	2	1	-0.00201985	-0.0059004	-0.00570156
PMBB5482400264316	0	63.6	4044.96	1	1	-0.0052084	0.000290833	0.00641732
PMBB5483501000531	0	33.5	1122.25	2	1	0.00139781	-0.00903899	0.0179513
PMBB5484141663168	0	61.2	3745.4400000000005	2	3	0.0151906	-0.00384636	-0.0174211
PMBB5484301442274	0	29.9	894.0099999999999	2	1	-0.00473646	-0.000513505	-0.0079096
PMBB5484800701204	0	57.0	3249.0	2	1	-0.00580048	0.00358906	0.0117439
PMBB5485567013414	0	35.8	1281.6399999999999	2	1	-0.0124282	-0.00256633	0.000295955
PMBB5486625499603	0	65.5	4290.25	2	2	-0.0026457	-0.00167901	0.0121084
PMBB5486781897205	0	79.2	6272.64	1	1	0.00242813	-0.00441519	-0.0121564
PMBB5487341934828	0	74.2	5505.64	1	1	-0.00328248	0.00115087	0.00588892
PMBB5487511354155	0	50.5	2550.25	2	3	0.00167639	-0.000319301	0.00307221
PMBB5488772243948	0	62.3	3881.2899999999995	1	1	-0.00502478	0.00427444	-0.011667
PMBB5489727709179	0	48.0	2304.0	2	1	-0.000438151	0.000245449	-0.00323216
PMBB5489836683269	0	49.7	2470.09	2	3	0.00387869	0.0124725	0.00647047
PMBB5489953374512	0	41.4	1713.9599999999998	2	2	-0.00687167	0.00241973	-0.00425735
PMBB5493465550554	0	53.8	2894.4399999999996	1	1	0.00073168	0.00285572	0.00768496
PMBB5493625483631	0	64.9	4212.010000000001	2	3	-0.00525784	0.000362569	6.43049e-05
PMBB5495581689217	0	75.9	5760.810000000001	2	1	0.00328269	-0.00458286	0.0042873
PMBB5495662930935	0	61.3	3757.6899999999996	1	2	-0.00560975	-0.0117496	0.00196197
PMBB5495832417681	0	20.6	424.36000000000007	2	1	-0.0059205	0.00723173	0.0119633
PMBB5496124007386	0	23.2	538.24	2	3	0.0153557	-0.0122205	-0.0144427
PMBB5496240767623	0	30.6	936.3600000000001	1	3	0.000120123	-0.0160674	-0.000458141
PMBB5497416195609	0	52.4	2745.7599999999998	1	1	-0.00415151	0.00209375	-0.00420166
PMBB5498838614509	0	28.3	800.89	2	3	-0.00299398	-0.00203666	-0.00339218
PMBB5499857708290	0	60.8	3696.64	1	1	0.0173583	0.0145894	-0.0087376
PMBB5500140833098	0	40.0	1600.0	2	1	-0.00214666	0.00522283	-0.00244092
PMBB5503086709062	0	37.2	1383.8400000000001	2	1	-0.00343065	0.0058413	-0.00678581
PMBB5503462844654	0	47.7	2275.2900000000004	2	2	-0.00959052	-0.00200451	-0.00197173
PMBB5507831814731	0	36.5	1332.25	2	3	-0.0033769	0.00627634	0.00665891
PMBB5508485011343	0	52.4	2745.7599999999998	1	1	0.0049542	0.00889965	0.0110567
PMBB5508793242695	0	54.4	2959.3599999999997	1	1	-0.00161394	0.00236329	0.017728
PMBB5509339768010	0	55.6	3091.36	2	1	-0.00796597	0.00136211	0.000685329
PMBB5509375002067	0	51.8	2683.24	1	1	-0.00475401	0.00688723	-0.00164214
PMBB5509541953584	0	40.3	1624.0899999999997	2	3	0.00316364	-0.0110223	0.00027971
PMBB5510585588686	0	25.6	655.3600000000001	2	3	-0.00060257	0.000529937	-0.00124042
PMBB5511083939144	0	49.1	2410.81	2	1	0.000972874	0.000843513	-0.00444001
PMBB5512037842529	0	28.2	795.24	2	1	0.00145095	0.00504164	-0.00178013
PMBB5512367840602	0	57.5	3306.25	1	1	-0.0049346	-0.0181421	0.00124354
PMBB5512664806956	0	50.3	2530.0899999999997	2	1	-0.00126367	0.00465282	0.0117169
PMBB5514248206384	0	60.9	3708.81	1	1	-0.00487561	-0.000736259	-0.0213049
PMBB5514402636170	0	65.8	4329.639999999999	1	1	-0.000622196	0.00866455	-0.0178453
PMBB5515109294943	0	45.1	2034.0100000000002	1	1	-0.00422023	-0.0012193	0.00574097
PMBB5515773653238	0	72.1	5198.409999999999	1	1	-0.00729767	0.00483608	-0.00330318
PMBB5516882057581	0	35.9	1288.81	2	2	0.00201177	0.0144947	-0.0170986
PMBB5519466681847	0	70.0	4900.0	2	2	-0.00595046	0.00694068	0.00879443
PMBB5519573228022	0	29.6	876.1600000000001	2	1	0.00260366	0.000196816	0.00160514
PMBB5519764465687	0	47.1	2218.4100000000003	2	1	0.000501233	-0.000437508	0.0102853
PMBB5520234706287	0	45.6	2079.36	2	1	0.00174612	0.002444	0.0105927
PMBB5521604553397	0	39.7	1576.0900000000001	2	1	-0.0110112	0.00230043	0.00172447
PMBB5521779968868	0	48.8	2381.4399999999996	1	2	-0.00675578	0.00496718	0.00127216
PMBB5521794714440	0	52.5	2756.25	1	1	-0.000975382	0.00438303	-0.00647744
PMBB5522362621361	0	54.7	2992.09	1	1	-0.00481838	-0.00413355	-0.00701501
PMBB5522655471080	0	60.2	3624.0400000000004	1	1	0.000701638	-0.00890786	0.0110714
PMBB5524000062634	0	52.0	2704.0	1	1	-0.000318147	-0.0178872	0.0102396
PMBB5524305059527	0	42.6	1814.7600000000002	2	2	-0.00606855	0.00420135	0.00381234
PMBB5525034676556	0	52.3	2735.2899999999995	1	1	-0.00326775	0.00654999	-0.00566074
PMBB5525788169800	0	68.2	4651.240000000001	2	1	-0.00334207	0.00515375	0.00448936
PMBB5526657759042	0	42.2	1780.8400000000001	2	1	0.000575922	0.00116642	0.00545049
PMBB5527336307351	0	30.8	948.6400000000001	1	1	-0.00996951	0.000150145	0.000464512
PMBB5528233896676	0	59.2	3504.6400000000003	2	1	-0.00226251	0.00730768	0.00843228
PMBB5528236206279	0	58.4	3410.56	1	1	0.000569253	0.00841263	0.0015911
PMBB5528298610896	0	74.1	5490.8099999999995	2	1	-0.00230103	-0.00403656	0.0146838
PMBB5529949898243	0	58.9	3469.21	2	1	0.000768029	0.0122071	-0.00217476
PMBB5530136383954	0	27.7	767.29	2	1	0.00284417	-0.00960542	0.00134506
PMBB5531303429335	0	31.6	998.5600000000001	2	1	-0.00222007	0.00101165	0.0137679
PMBB5531647260812	1	58.6	3433.96	2	1	0.00513429	0.00412517	-0.00803233
PMBB5532252224588	0	59.4	3528.3599999999997	1	1	0.00106302	0.0112399	0.00224674
PMBB5532288719077	0	29.7	882.0899999999999	2	1	0.00704116	0.00807357	0.00209221
PMBB5534326117491	0	30.7	942.49	2	3	0.0245569	-0.000211536	0.0113042
PMBB5535035565928	0	60.1	3612.01	1	1	-0.00652331	0.00595875	-0.00527114
PMBB5536365521243	0	39.7	1576.0900000000001	2	3	-0.00330808	0.00267217	-0.00154669
PMBB5536408800207	0	30.5	930.25	2	1	0.0213255	0.000605216	0.00329938
PMBB5537601773709	0	41.9	1755.61	2	2	-0.00682266	-0.000968243	0.00389143
PMBB5538036037903	1	79.0	6241.0	2	1	-0.00657824	0.00483134	-0.00360044
PMBB5538169537816	0	72.3	5227.29	2	3	-0.00380292	0.0103101	0.00716553
PMBB5538287197578	0	19.9	396.00999999999993	2	1	-0.00316502	0.00098513	0.00544003
PMBB5538620197972	0	67.2	4515.84	2	1	-0.00727998	0.00228853	0.0115837
PMBB5539652144484	0	61.8	3819.24	2	3	-0.00377555	0.00842012	-0.00451659
PMBB5540786352215	0	52.1	2714.4100000000003	1	1	0.00199344	0.0022472	0.00118108
PMBB5540809435503	0	37.4	1398.76	2	3	-0.0133795	0.000307433	-0.00116183
PMBB5541171638198	0	45.1	2034.0100000000002	1	1	0.0244715	-0.0105762	-0.0105988
PMBB5541418366459	0	34.7	1204.0900000000001	2	1	0.00478323	0.0123668	-0.0109873
PMBB5542465994668	0	69.8	4872.04	1	3	0.00437867	-0.0107438	-0.00669637
PMBB5542948575692	0	43.3	1874.8899999999996	2	3	-0.000707013	0.0134125	-0.00368863
PMBB5543064232486	0	21.0	441.0	2	3	-0.00170483	-0.00127181	-0.00862988
PMBB5543148255994	0	36.7	1346.89	2	1	-0.00655797	0.00247438	-0.00182871
PMBB5543316570607	0	61.1	3733.21	1	1	-0.00393461	0.00186844	-0.00649895
PMBB5543528117363	0	25.6	655.3600000000001	2	1	0.00196825	0.0144529	-0.0166208
PMBB5545927488608	0	57.3	3283.2899999999995	1	3	-0.00323246	-0.00754851	0.00228153
PMBB5546010275721	0	83.8	7022.44	2	2	0.00694042	-0.0265661	-0.00266973
PMBB5546792443746	0	35.7	1274.4900000000002	2	3	-0.00296251	-0.00136183	0.000944328
PMBB5547477232431	0	49.0	2401.0	1	1	-0.00159964	0.00484802	0.00217864
PMBB5547751578512	0	27.4	750.7599999999999	1	1	-0.00412681	0.00267543	0.00117593
PMBB5548335329027	0	48.8	2381.4399999999996	2	1	-0.00343393	0.00738507	0.00295608
PMBB5548836952835	0	38.8	1505.4399999999998	2	3	-0.00452529	0.00714693	0.00596559
PMBB5549053700942	0	37.2	1383.8400000000001	1	1	-0.00405303	-0.00823363	-0.00473593
PMBB5550886166497	0	42.9	1840.4099999999999	1	3	0.00131746	-2.16701e-05	0.00955754
PMBB5552175792403	0	43.8	1918.4399999999998	2	1	-0.00751768	0.00524103	-0.00462983
PMBB5553337011131	0	65.8	4329.639999999999	2	3	-0.0103778	-0.000295793	-0.00100859
PMBB5556247684992	0	65.4	4277.160000000001	2	1	-0.00214377	-0.0159526	0.00397755
PMBB5556494275910	0	37.9	1436.4099999999999	2	3	-0.00205276	0.00495581	0.0051777
PMBB5556498954131	0	61.9	3831.6099999999997	1	1	-0.00568829	-0.00228049	0.00370793
PMBB5556958297351	0	52.0	2704.0	1	1	-0.00117903	-0.000809522	-0.00826716
PMBB5557950175788	1	58.5	3422.25	1	1	0.00059892	0.0131326	-0.0027239
PMBB5558386392787	0	23.9	571.2099999999999	2	2	0.0042503	0.0106567	0.00915347
PMBB5558521025420	0	49.8	2480.0399999999995	2	1	-0.00564741	0.00739691	0.0163347
PMBB5559710326300	0	32.0	1024.0	2	1	-0.0081171	0.00227412	-0.00115153
PMBB5559836100789	0	37.8	1428.8399999999997	2	3	0.00283903	0.00832948	-0.00233288
PMBB5559951494245	0	42.9	1840.4099999999999	2	3	-0.0084032	0.00236664	0.00715248
PMBB5562651217676	0	20.5	420.25	2	3	-0.00412726	0.00583057	0.00342622
PMBB5563061141073	0	65.9	4342.81	2	1	0.00748364	-0.000333511	-0.0117759
PMBB5563189209843	0	54.5	2970.25	2	3	-0.00489264	-0.000921397	-0.00184323
PMBB5563706178929	0	50.5	2550.25	1	3	-0.00740574	-0.00821054	0.00170695
PMBB5564166044273	0	62.1	3856.4100000000003	1	1	-0.00892698	0.000420124	0.00490975
PMBB5565907942942	0	57.4	3294.7599999999998	2	1	-0.00695967	-0.000766775	0.00190401
PMBB5566061920572	0	28.2	795.24	2	1	0.0286097	0.00466733	-0.0059785
PMBB5569060885180	0	58.8	3457.4399999999996	2	3	-0.00734807	-0.00138107	0.0124727
PMBB5570507044367	0	44.8	2007.0399999999997	2	1	8.64424e-05	0.00984406	0.00817265
PMBB5571084880767	0	60.7	3684.4900000000002	2	1	0.00439526	-0.00335	-0.0126238
PMBB5571388835230	0	64.2	4121.64	2	2	-0.00937376	0.000507484	0.000120061
PMBB5571491241375	0	62.2	3868.84	2	3	-0.0124981	-0.0025024	-0.000528828
PMBB5572194891800	0	40.5	1640.25	2	2	-0.00143787	0.00536406	-0.00143637
PMBB5572228108666	0	62.4	3893.7599999999998	2	1	0.00934117	0.0113463	0.000189596
PMBB5572798123973	0	25.6	655.3600000000001	2	3	-0.0057658	0.00640223	-0.0132053
PMBB5572894830156	0	23.2	538.24	2	1	-0.00801278	0.00192236	0.000703679
PMBB5573967305404	1	39.4	1552.36	2	1	-0.0126728	0.000322566	-0.00215386
PMBB5575502022278	0	34.6	1197.16	2	1	0.00691762	0.00183539	0.00340518
PMBB5575947295791	0	59.0	3481.0	1	1	-0.00395257	0.00584044	-0.00451822
PMBB5576776910370	0	40.0	1600.0	1	1	-0.00948746	-0.00390619	0.00961759
PMBB5577225429319	0	78.2	6115.240000000001	1	1	0.0194997	0.00371968	-0.0220466
PMBB5578577415580	0	21.0	441.0	2	1	-0.00883505	-0.00265925	0.00285761
PMBB5579096771115	0	42.5	1806.25	2	1	-0.00452549	-0.0144178	0.00468887
PMBB5581474938070	0	67.4	4542.760000000001	1	1	-0.00485696	-0.000690889	0.00268876
PMBB5581482768290	0	61.4	3769.96	1	1	0.0242646	-0.0112437	0.0157062
PMBB5581510799828	0	48.0	2304.0	1	3	-0.00406057	-0.00563327	0.00285166
PMBB5581692715147	0	69.9	4886.010000000001	1	1	0.00442194	-0.00358478	-0.00256708
PMBB5582464720298	0	35.6	1267.3600000000001	2	3	0.000424069	0.00511363	0.000156085
PMBB5582488634384	0	26.9	723.6099999999999	2	1	-0.00125703	0.000341786	-0.000739727
PMBB5583610129011	0	30.0	900.0	2	3	0.000339984	0.00262595	-0.00360494
PMBB5584028269850	0	31.3	979.69	2	3	-0.00806899	-0.00859218	-0.000680674
PMBB5586454663923	0	75.8	5745.639999999999	2	1	-0.00504754	0.0022681	0.0045496
PMBB5586958884911	0	56.5	3192.25	1	1	-0.00401951	0.0113631	-0.00354082
PMBB5587359177322	0	66.5	4422.25	2	1	-0.00318074	0.00703591	0.0101052
PMBB5587735535659	0	62.2	3868.84	1	1	-0.00220897	0.00861085	0.0108777
PMBB5589714361247	0	75.8	5745.639999999999	1	1	-0.00560687	0.00317834	0.00335201
PMBB5590068007690	0	66.9	4475.610000000001	2	3	-0.00626898	0.00786972	-0.00856851
PMBB5592011936982	0	75.2	5655.040000000001	2	1	0.0190479	-0.00978137	-0.0122448
PMBB5592930909900	0	29.8	888.0400000000001	2	3	-0.00156935	-0.00206157	-0.00255258
PMBB5593246373968	0	57.1	3260.4100000000003	1	1	-0.0100183	-0.00304912	0.00412012
PMBB5593352644350	0	74.2	5505.64	1	1	-0.0043808	0.00232523	0.00593782
PMBB5594096784557	0	59.6	3552.1600000000003	1	2	-0.00610385	-0.000231678	0.00141693
PMBB5594977792189	0	34.8	1211.0399999999997	1	1	-0.0123629	0.00186287	0.00113535
PMBB5595054101142	0	50.1	2510.01	2	1	-0.0102054	0.00100408	-0.00673106
PMBB5595276681246	0	47.7	2275.2900000000004	1	1	-0.00249653	-0.00541562	0.00968395
PMBB5597580589102	0	31.0	961.0	2	1	-0.000821001	0.00701487	-0.00831131
PMBB5598543764674	0	45.2	2043.0400000000002	2	1	-0.00132936	0.00897353	-0.00397988
PMBB5600352220925	0	47.7	2275.2900000000004	1	1	-0.000154002	-0.00653896	-0.01994
PMBB5601303486262	0	33.7	1135.6900000000003	1	3	-0.00474135	0.00841473	-0.00949825
PMBB5601732962511	0	65.3	4264.089999999999	2	2	-0.00242541	0.00929259	-0.0140704
PMBB5601762531753	0	19.2	368.64	2	1	-0.00138226	-0.00337118	-0.00336107
PMBB5601832539411	0	56.8	3226.24	1	1	0.00744991	0.0104953	-0.00600632
PMBB5603038895401	0	54.6	2981.1600000000003	2	1	-0.00237715	-0.00943495	0.00202699
PMBB5603561947917	0	61.9	3831.6099999999997	1	3	-0.00427553	0.00731941	0.00336672
PMBB5604385453255	0	26.0	676.0	2	1	-0.00543983	0.00483302	0.00123601
PMBB5604617407420	0	44.1	1944.8100000000002	2	1	0.00242969	0.00583323	-0.0139675
PMBB5605299379380	0	45.5	2070.25	2	3	-0.00326064	0.000239495	0.00060193
PMBB5606922712810	0	23.7	561.6899999999999	1	2	0.00738601	-0.00451354	-0.00531052
PMBB5606926017316	0	80.2	6432.040000000001	1	1	0.0036602	0.0037	0.0113699
PMBB5607442952326	0	21.4	457.9599999999999	1	1	-0.00309054	-0.00555558	-0.00121335
PMBB5609402116348	0	61.6	3794.5600000000004	2	2	0.0254782	-0.0183746	0.00623654
PMBB5609691424419	0	64.2	4121.64	2	1	0.000255838	-0.00049889	-0.000983209
PMBB5610367164541	0	57.2	3271.84	2	3	-0.00615	0.00605774	-0.00667546
PMBB5610607656511	0	74.2	5505.64	2	3	0.00206107	0.017293	-0.0137967
PMBB5610975812141	0	47.1	2218.4100000000003	1	1	-0.00997288	0.00302574	-0.00381207
PMBB5611234748328	0	64.3	4134.49	2	1	0.000866107	-0.00405188	-0.00188872
PMBB5612278046531	0	27.6	761.7600000000001	2	1	-0.00494967	0.00551244	-0.00331777
PMBB5612664179338	0	59.1	3492.81	2	1	-0.00245342	-0.00396154	-0.00614052
PMBB5612686879988	0	34.8	1211.0399999999997	1	1	0.0210461	0.00371574	-0.00259855
PMBB5612730505781	0	64.3	4134.49	1	1	-0.000246517	0.0105208	0.00787525
PMBB5613734999838	0	72.4	5241.760000000001	2	1	-0.00810135	0.00425646	3.55599e-05
PMBB5615584178229	0	26.3	691.69	2	1	0.0132155	-0.00462272	0.00553413
PMBB5615918146335	0	55.1	3036.01	1	1	-0.00108212	0.00363915	-0.00584536
PMBB5616095785426	0	35.7	1274.4900000000002	2	1	-0.00426538	-0.00846964	-0.00483415
PMBB5617736029371	0	35.4	1253.1599999999999	2	1	0.00326938	0.00722068	-0.00510054
PMBB5617746475934	0	27.6	761.7600000000001	2	1	-0.00219157	-0.0179011	0.00421905
PMBB5618984331248	0	50.2	2520.0400000000004	2	1	-0.00520757	-0.00571522	-0.0195784
PMBB5619094997091	0	55.5	3080.25	1	1	0.00211461	-0.0129176	0.00935953
PMBB5619141334663	0	49.4	2440.3599999999997	1	1	0.0209361	-0.019209	-0.00173641
PMBB5619264025479	0	52.6	2766.76	2	1	0.00189443	0.0112411	0.0124092
PMBB5620013806830	0	28.7	823.6899999999999	2	3	0.0281259	0.0113152	-0.00351246
PMBB5620369241815	1	77.8	6052.839999999999	1	3	-0.00656251	0.00236774	0.0105995
PMBB5622556194626	0	20.8	432.64000000000004	2	1	-0.000405472	-0.0029164	-0.0153825
PMBB5623815486046	0	53.3	2840.89	2	1	0.00442833	0.0109994	0.0142737
PMBB5625172526726	0	68.1	4637.61	1	1	0.000251934	0.00574023	-0.000411313
PMBB5625431647334	0	59.1	3492.81	1	1	-0.00865869	0.00227499	0.00145274
PMBB5625667260344	0	65.3	4264.089999999999	2	1	-0.00554275	0.00563577	-0.00486582
PMBB5626817794448	0	42.9	1840.4099999999999	1	1	-0.00387196	-0.00965313	0.00691351
PMBB5627939408192	0	64.7	4186.09	1	1	-0.00731017	-0.00164532	0.000679284
PMBB5628288986986	0	60.6	3672.36	2	1	0.00129327	-0.0179144	0.0043472
PMBB5629382317937	1	59.6	3552.1600000000003	1	1	-0.00957894	-0.00340385	-0.00207745
PMBB5630945732625	0	38.3	1466.8899999999999	2	3	-0.00420359	0.00196379	0.004363
PMBB5632830199168	0	32.2	1036.8400000000001	2	3	0.0137143	-0.00270484	0.0113338
PMBB5634949034169	0	21.3	453.69000000000005	2	1	-0.00118191	0.0116444	0.0103726
PMBB5637770720105	0	71.4	5097.960000000001	1	1	0.00194379	-0.00403105	0.0055533
PMBB5637993823950	0	68.5	4692.25	1	1	-0.00786076	0.00506125	-0.00987417
PMBB5638418552177	0	76.3	5821.69	1	1	-0.00551404	0.0103931	-0.004507
PMBB5638544113097	0	30.1	906.0100000000001	2	1	-0.00263975	0.00680979	-0.00219826
PMBB5638711218675	0	27.6	761.7600000000001	2	1	-0.001289	-0.00253843	0.00495726
PMBB5638833546767	0	41.3	1705.6899999999998	1	1	-0.00736458	-0.00631259	-0.00329585
PMBB5639298262016	0	66.8	4462.24	1	1	-0.000940055	0.00373214	0.00637109
PMBB5639657236041	0	44.5	1980.25	2	1	4.1807e-05	-0.0177767	-0.00375971
PMBB5641883657103	0	19.9	396.00999999999993	2	1	-0.00206192	0.00127325	-0.010702
PMBB5642873367221	0	58.1	3375.61	2	1	0.0200769	-0.00336736	-0.0100437
PMBB5643026467782	0	33.1	1095.6100000000001	1	1	-0.0005118	-0.00642677	0.00339862
PMBB5644665413234	0	52.7	2777.2900000000004	2	1	-0.0104647	-0.00169065	-0.002588
PMBB5646166920290	0	58.3	3398.89	1	1	-0.00313357	-0.0167139	0.0030759
PMBB5646808655666	0	25.9	670.81	2	1	0.0273677	-0.0136525	0.00904429
PMBB5648013669697	0	69.5	4830.25	2	1	0.00823586	0.00433633	-0.00676115
PMBB5648094013189	0	48.3	2332.89	1	3	-0.0122445	-0.00195359	-0.00278284
PMBB5648306784727	0	83.7	7005.6900000000005	2	1	0.0101803	-0.00494253	0.013766
PMBB5648664436196	0	60.8	3696.64	2	1	0.00093189	0.00082296	-0.00279158
PMBB5648676035169	0	25.2	635.04	1	3	-0.0047069	-0.00294762	-0.0158334
PMBB5649295666545	0	63.9	4083.21	1	1	0.00138119	-0.00283292	0.000837567
PMBB5650531882910	0	30.1	906.0100000000001	2	1	0.0292988	0.00145914	0.00567229
PMBB5650586399246	0	59.7	3564.09	1	1	-0.00249647	-0.00564881	0.00382883
PMBB5651888565536	0	58.0	3364.0	1	2	0.0143547	0.000129421	0.00214842
PMBB5652646781611	0	51.9	2693.6099999999997	2	1	0.0108052	0.00542153	0.0145219
PMBB5653175958722	0	58.6	3433.96	2	1	0.00566036	0.00279117	-0.0149678
PMBB5655432779074	0	50.3	2530.0899999999997	2	1	-0.00146045	0.00128919	0.00346557
PMBB5656284331637	0	45.7	2088.4900000000002	2	1	-0.00699566	0.00553258	-0.0104761
PMBB5657439977980	0	65.1	4238.009999999999	1	1	-0.00725036	-0.0039405	-0.00603833
PMBB5658858757773	0	55.8	3113.64	1	1	0.000762524	-0.0110056	0.0166049
PMBB5659332744670	0	81.2	6593.4400000000005	1	3	-0.0127167	0.00136671	-0.00164282
PMBB5660539660234	0	77.9	6068.410000000001	2	1	0.000848601	0.00058796	0.00501605
PMBB5660773444358	0	36.5	1332.25	2	3	-0.000121447	0.0116	-0.00647643
PMBB5661590719236	0	68.5	4692.25	2	2	-0.00683502	0.00769606	0.00422396
PMBB5661982328810	1	64.7	4186.09	2	1	-0.000764682	0.0106483	-0.0158878
PMBB5662770573451	0	61.5	3782.25	2	1	0.0168134	0.00164965	0.00346403
PMBB5663599566819	0	23.1	533.61	2	2	-0.00590909	-0.00372719	0.00176501
PMBB5665639948283	0	32.3	1043.2899999999997	2	3	-0.0133164	-0.00262235	-0.000526077
PMBB5666475372454	0	58.7	3445.6900000000005	1	3	-0.00299772	0.00938598	-0.00985084
PMBB5666968628065	0	43.5	1892.25	1	3	-0.00447504	-0.00264123	0.00267379
PMBB5667263634430	0	58.7	3445.6900000000005	1	1	0.0123566	-0.00727788	0.0125509
PMBB5668447007610	0	64.0	4096.0	2	1	-0.00101652	-0.00242474	-0.00626365
PMBB5668693000930	0	50.6	2560.36	1	1	0.0183149	0.0164417	0.00617916
PMBB5668949325900	0	61.2	3745.4400000000005	2	1	-0.00619949	-0.00142151	-0.00217529
PMBB5670424210347	0	30.9	954.81	2	1	-0.00652564	0.00731084	-0.00749632
PMBB5670495393893	0	22.9	524.41	2	3	0.0264332	-0.00283821	-0.0103748
PMBB5670864629401	0	66.6	4435.5599999999995	2	1	0.000173959	-0.0163204	0.00687797
PMBB5671024333994	0	64.9	4212.010000000001	2	1	-0.006681	-0.00324052	0.00131895
PMBB5672098952838	0	43.5	1892.25	1	1	0.0118098	0.00655918	0.00310545
PMBB5673011990227	0	29.2	852.64	1	1	-0.00335425	-0.000791728	-0.00233717
PMBB5673592499452	1	66.3	4395.69	2	1	0.00887378	0.00198219	-0.0125964
PMBB5674492565021	0	51.0	2601.0	1	1	0.000945192	0.00666527	-0.014101
PMBB5675046014586	0	70.9	5026.81	2	1	-0.000681358	0.00564324	0.000373083
PMBB5677683102596	0	31.7	1004.89	1	1	-0.00468958	0.00205852	-0.00134725
PMBB5679096021808	0	68.1	4637.61	1	1	-0.000849817	0.00906285	-0.00400187
PMBB5679434433884	0	46.2	2134.44	2	1	0.0192357	-0.00177036	0.000396203
PMBB5681059887827	0	68.0	4624.0	2	3	0.0138729	-0.00104221	-0.0189872
PMBB5681497762086	0	38.5	1482.25	1	3	0.00173238	0.0120032	-0.0105001
PMBB5682438884071	0	74.0	5476.0	1	1	0.0102426	1.00524e-05	0.0187439
PMBB5683199826690	0	68.1	4637.61	2	1	0.0059418	-0.0207215	-0.00198423
PMBB5683945357911	0	51.2	2621.4400000000005	2	3	-0.00243568	0.0114937	0.0156843
PMBB5685044063065	0	67.9	4610.410000000001	2	1	-0.00575989	0.00462438	-0.00123174
PMBB5685268926625	0	36.9	1361.61	1	3	-0.00140474	0.00376306	0.000584442
PMBB5685396848716	0	51.3	2631.6899999999996	2	1	0.00110231	0.00316005	-0.00518565
PMBB5685536182567	0	71.5	5112.25	1	1	0.00195427	0.011404	0.0092106
PMBB5687477955054	0	69.0	4761.0	2	1	0.0079792	0.0136051	0.00938048
PMBB5688776789750	0	43.4	1883.56	2	3	-0.0109443	0.00113423	0.00149939
PMBB5689239010613	0	67.3	4529.29	1	1	0.0175422	0.0207512	-0.0126981
PMBB5690250105550	0	26.8	718.24	2	1	0.0255299	0.00923618	0.00326983
PMBB5690566927779	0	28.0	784.0	1	1	-0.00955969	-0.0136636	-0.00791087
PMBB5690749838164	0	47.5	2256.25	1	1	-0.00103231	0.00706534	0.00494244
PMBB5693925788488	0	40.5	1640.25	2	1	0.00132294	0.00693715	-0.0162969
PMBB5694129624371	0	49.0	2401.0	1	1	-0.00277688	-0.0330066	-0.00530142
PMBB5694812706836	0	18.8	353.44000000000005	2	1	-0.00262149	-0.00223094	-0.0142744
PMBB5695534357465	0	43.6	1900.96	2	1	-0.00266312	0.00210631	0.00983669
PMBB5696567154488	0	32.4	1049.76	1	2	-0.00397286	-0.00667753	-0.007734
PMBB5698491915379	0	50.1	2510.01	1	1	-0.0041093	0.00935759	-0.0177675
PMBB5699417091158	0	30.8	948.6400000000001	1	3	0.0231305	0.00617435	-2.02744e-05
PMBB5699733983972	0	66.5	4422.25	1	1	0.00149685	-0.00607723	0.00268827
PMBB5700417581365	0	39.6	1568.16	1	1	0.0165273	-0.0246932	0.00354655
PMBB5701560363726	0	55.8	3113.64	2	1	-0.00184018	-0.00513582	-0.0032088
PMBB5701688105935	0	42.8	1831.8399999999997	1	1	-0.00287706	-0.00924578	0.00633369
PMBB5702924984368	0	58.5	3422.25	2	1	0.00505782	-0.000425018	-0.00688663
PMBB5703663660986	0	44.3	1962.4899999999998	2	1	-0.00287404	-0.000452428	0.00384413
PMBB5703777679479	0	62.0	3844.0	1	1	-0.00041773	0.0067242	-0.0155653
PMBB5704447102337	0	36.4	1324.9599999999998	2	1	-0.000708099	0.00310865	-0.000898574
PMBB5705232654710	0	50.5	2550.25	2	1	-0.0037253	0.00184547	0.00832056
PMBB5705972514082	0	26.5	702.25	2	3	-0.000919607	-0.0048876	-0.00199125
PMBB5706245663811	0	58.9	3469.21	2	1	0.00113058	0.0134334	-0.000606426
PMBB5707416776837	0	37.4	1398.76	2	1	-0.0130684	-0.00127153	-0.000767382
PMBB5708128173061	0	27.9	778.41	1	1	0.00390088	0.0119654	-0.00374082
PMBB5708192177886	0	34.4	1183.36	2	1	-0.00357625	-0.0106229	-0.00800136
PMBB5709979067891	0	33.8	1142.4399999999998	2	1	-0.0032614	0.0033532	-0.0318628
PMBB5710437480441	0	60.7	3684.4900000000002	1	1	0.00418092	-0.00664121	-0.000597824
PMBB5711690254869	0	61.2	3745.4400000000005	1	1	-0.00216874	0.00164859	0.00324834
PMBB5712285335745	0	48.2	2323.2400000000002	2	1	0.00466647	0.00471444	0.00438978
PMBB5714879616849	0	30.8	948.6400000000001	2	1	-0.00655317	0.00649494	-0.0109824
PMBB5715414030473	0	75.1	5640.009999999999	1	1	0.00719128	-0.00678147	-0.012392
PMBB5716773859255	0	52.1	2714.4100000000003	1	2	0.0123757	0.000974189	-0.00391586
PMBB5717060040916	0	31.3	979.69	2	1	0.00483414	0.00267573	0.00182763
PMBB5717458867733	0	32.9	1082.4099999999999	2	1	0.00861103	-0.0187749	0.00205982
PMBB5718075320865	0	57.8	3340.8399999999997	2	1	0.0303601	-0.00066679	-0.00249075
PMBB5718629987812	0	46.7	2180.8900000000003	2	1	-0.00279253	0.00627811	0.00190097
PMBB5719731949938	0	48.7	2371.69	2	1	0.00960014	0.00061297	0.00865781
PMBB5719991732182	0	43.9	1927.2099999999998	2	1	-0.00132532	0.00106449	0.000169053
PMBB5720561009732	0	51.7	2672.8900000000003	2	1	-0.0018359	0.0122124	0.00700282
PMBB5721784012407	0	55.3	3058.0899999999997	2	1	-0.00724694	0.00177043	0.00549436
PMBB5722586822801	0	38.8	1505.4399999999998	2	1	0.00864312	0.00739545	-0.00697589
PMBB5723105626770	0	59.5	3540.25	1	1	-0.00264356	0.00754781	0.0126415
PMBB5723635088066	0	52.0	2704.0	2	1	-0.0127976	-0.00160581	0.000490527
PMBB5723891689429	0	30.1	906.0100000000001	2	1	-0.0100684	-0.00294636	-0.00409169
PMBB5725832477057	0	42.0	1764.0	1	1	0.00124848	0.0063721	0.00374554
PMBB5727457049689	0	56.3	3169.6899999999996	2	1	0.00286227	0.0125455	-0.00195301
PMBB5728089954477	0	28.9	835.2099999999999	1	1	-0.00620895	0.00115492	0.00162967
PMBB5728195291139	0	70.1	4914.009999999999	2	1	-0.00650696	0.00721044	-0.0112542
PMBB5728650751204	0	64.6	4173.159999999999	2	1	0.00216174	0.00953766	0.000563356
PMBB5729181367543	0	51.5	2652.25	1	1	-0.00674298	-0.00468006	-0.00963531
PMBB5730151354559	0	65.4	4277.160000000001	2	1	-0.00341755	0.00863258	0.00622496
PMBB5730239084029	0	31.0	961.0	2	3	-0.00655124	-0.00306449	-0.00164715
PMBB5731501743185	0	37.2	1383.8400000000001	1	3	0.00353286	0.00398751	0.0154712
PMBB5733439675782	0	62.6	3918.76	1	1	-0.00251873	0.0029032	-0.00806738
PMBB5734799826527	0	55.3	3058.0899999999997	2	3	-0.00271242	0.00853352	-0.00611178
PMBB5736527724927	1	66.3	4395.69	1	1	0.000688393	0.00819167	0.00745378
PMBB5736709609782	0	56.0	3136.0	1	1	0.000236549	0.0141092	-0.000216311
PMBB5737464521637	0	31.7	1004.89	2	1	0.0193147	-0.00717194	0.0048223
PMBB5738144686104	0	20.1	404.01000000000005	2	3	-0.00849184	0.0035522	-0.000967187
PMBB5738977614715	0	74.5	5550.25	1	1	0.02163	0.00253974	0.00906082
PMBB5740252815662	0	50.4	2540.16	2	1	0.00344573	-0.00778898	0.00991109
PMBB5741783123411	0	79.0	6241.0	1	1	0.0224193	0.0175849	-0.00527865
PMBB5742133785342	0	74.1	5490.8099999999995	1	1	0.00417555	-0.000645713	0.00977552
PMBB5743063583627	0	30.8	948.6400000000001	1	3	0.00251423	0.0114849	0.00752583
PMBB5743573747804	0	29.9	894.0099999999999	1	1	-0.000143634	0.0123188	0.0121712
PMBB5744807217979	0	32.5	1056.25	2	3	0.015484	-0.00757727	-0.00340301
PMBB5748035036061	0	71.0	5041.0	1	3	-0.0012978	-0.0125214	0.00625419
PMBB5748339138838	0	47.2	2227.84	1	1	0.00488363	-0.0219572	0.011042
PMBB5749115227950	0	66.3	4395.69	2	2	-0.00187736	-7.00821e-05	0.0167359
PMBB5749147463762	0	68.9	4747.210000000001	2	1	-0.00316326	-0.000431298	0.0137552
PMBB5749256622105	0	26.6	707.5600000000001	2	1	-0.00485402	-0.00278626	0.0012645
PMBB5751411198151	0	58.5	3422.25	1	1	0.000634878	-0.0200107	-0.00216766
PMBB5751419531121	0	24.8	615.0400000000001	1	1	0.0168207	0.0123303	-0.00720123
PMBB5751611978644	0	39.0	1521.0	2	1	-0.00746383	0.00206419	-0.0123688
PMBB5751922653034	0	66.6	4435.5599999999995	2	1	-0.00893359	-0.00422877	0.00775036
PMBB5752167536367	0	39.8	1584.0399999999997	2	3	-0.00565081	-0.00117351	3.32738e-05
PMBB5754743877180	0	58.6	3433.96	1	1	-0.00122049	0.00220975	0.00494926
PMBB5755966274879	0	66.9	4475.610000000001	2	1	0.000881518	0.00634768	0.00767268
PMBB5756673194524	0	37.7	1421.2900000000002	1	1	-0.00808606	0.000706652	-0.00439561
PMBB5757314323413	0	65.6	4303.36	1	1	-0.00363719	-0.00306647	0.0136594
PMBB5757351386028	0	70.2	4928.04	1	1	0.0012004	0.0100393	-0.00200223
PMBB5757393316651	0	69.3	4802.49	1	1	0.00219862	-0.00222275	0.0124074
PMBB5757520633219	0	67.0	4489.0	1	1	-0.00243075	0.000689084	-0.0106722
PMBB5758188482405	0	72.3	5227.29	2	1	0.0120463	-0.00116517	-0.00106123
PMBB5758681832042	0	53.8	2894.4399999999996	1	1	-0.00679025	0.00380237	0.00404107
PMBB5759893936408	0	37.3	1391.2899999999997	2	3	0.00207394	0.0148639	0.00226806
PMBB5763025685422	0	26.3	691.69	2	1	0.000277738	0.00951996	-0.00354733
PMBB5763813594036	0	19.4	376.35999999999996	2	1	-0.00619563	0.00786187	0.000790062
PMBB5765280404404	0	33.4	1115.56	1	2	0.0233141	-0.00387842	-0.000750687
PMBB5765346862573	0	39.0	1521.0	2	1	-0.00559437	0.00250837	-0.00222045
PMBB5768085664290	0	18.1	327.61000000000007	2	1	-0.000651339	-0.00454627	0.00360522
PMBB5768360347196	0	60.3	3636.0899999999997	1	1	-0.000705926	-0.00449113	0.0110373
PMBB5768789252915	0	45.9	2106.81	2	3	0.0235873	-0.00633349	0.00364699
PMBB5769241704455	0	58.7	3445.6900000000005	2	3	0.00135767	-0.00412358	-0.00381128
PMBB5769530336113	0	25.9	670.81	2	2	-0.00135661	-0.00514644	0.00597934
PMBB5771470183513	0	53.9	2905.21	1	3	-0.00368149	0.0104052	-0.0101191
PMBB5772760457552	0	25.2	635.04	2	1	0.0122974	-0.0106829	0.00784684
PMBB5772819704804	0	38.7	1497.6900000000003	2	1	-0.00382755	0.00813713	0.0159211
PMBB5773734981619	0	63.7	4057.6900000000005	2	1	0.00412396	0.00555383	-0.00381292
PMBB5774172884934	0	31.0	961.0	1	1	0.000240867	0.0118744	-0.0143995
PMBB5775992519352	1	48.5	2352.25	2	1	-0.00219627	0.011457	0.00170892
PMBB5776153424482	0	60.2	3624.0400000000004	2	1	-0.00341926	-0.00200179	-0.00129917
PMBB5776614854668	0	27.0	729.0	1	2	-0.00391055	-0.00162781	-0.0155202
PMBB5778858531718	0	51.9	2693.6099999999997	1	1	-0.00114172	-0.00334243	0.0033283
PMBB5779696095475	0	31.0	961.0	2	1	0.0226674	0.00148412	0.0118496
PMBB5780115766276	0	60.6	3672.36	2	1	-0.00833333	-0.0079521	-0.00703869
PMBB5780153932791	0	42.8	1831.8399999999997	2	1	0.000131028	-0.0170821	0.00221897
PMBB5781343427658	0	43.1	1857.6100000000001	1	3	0.0030846	0.00617516	-0.0176168
PMBB5781807624162	0	24.8	615.0400000000001	2	3	-0.00630194	-0.000498604	-0.000329896
PMBB5781891396678	0	51.0	2601.0	1	1	0.00230322	-0.00326408	0.00389102
PMBB5782084920740	0	37.1	1376.41	2	1	0.0052867	0.00326355	-0.00518246
PMBB5782352390691	0	53.4	2851.56	1	1	-0.00121578	0.0121944	0.011992
PMBB5783385578049	0	25.5	650.25	2	1	-0.00114999	-0.000324502	0.0155086
PMBB5783572773554	1	50.4	2540.16	1	1	-0.000827684	-0.00152369	0.000563445
PMBB5783928052260	0	58.3	3398.89	1	1	-0.00435046	0.00503353	-0.00205557
PMBB5784492208455	0	60.8	3696.64	2	1	-0.00766348	0.00247812	0.000751289
PMBB5784623316430	0	60.1	3612.01	1	1	-0.00511816	-0.00759584	-0.000437414
PMBB5785410730188	0	55.4	3069.16	2	1	-0.00930795	0.00362896	-0.00127864
PMBB5786883402399	0	76.4	5836.960000000001	2	1	-0.00233526	0.00534332	-0.0016667
PMBB5787123353866	0	64.0	4096.0	1	1	0.00218239	-0.00182445	-0.00661762
PMBB5789297480966	0	47.9	2294.41	1	1	-0.0015346	-0.000130604	1.89381e-05
PMBB5789812758327	0	42.9	1840.4099999999999	1	1	0.0199076	0.00265625	0.00380022
PMBB5793114524240	0	50.2	2520.0400000000004	2	1	0.00624444	-0.0107324	-0.00728318
PMBB5793362598351	0	58.6	3433.96	2	3	0.0155807	0.0183215	-0.000600268
PMBB5794153634228	0	24.9	620.0099999999999	2	3	-0.0020183	-0.00442446	0.00582948
PMBB5794913326082	0	64.4	4147.360000000001	2	3	-0.00651507	-0.00273002	0.00391321
PMBB5795445115598	0	51.6	2662.56	2	1	-0.00328389	-0.00508397	-0.00234416
PMBB5795957186306	0	48.3	2332.89	1	1	-0.00809218	0.00338316	0.00350245
PMBB5796259264416	0	61.3	3757.6899999999996	2	3	-0.00495713	0.00538739	-0.00538875
PMBB5796320900277	0	41.7	1738.8900000000003	2	3	0.0239652	-0.0107601	-0.00173148
PMBB5796491998492	0	74.6	5565.159999999999	1	1	0.011347	0.00707207	-0.00525037
PMBB5796768532518	0	64.8	4199.04	2	1	0.0137002	-0.0143352	0.00522191
PMBB5801764607428	0	57.2	3271.84	1	2	-0.00614765	-0.00368094	0.0028775
PMBB5802576336818	0	60.1	3612.01	2	1	-0.00914197	-0.00130745	-0.00257581
PMBB5802701668845	0	57.1	3260.4100000000003	1	1	0.00106329	0.0036446	0.000725327
PMBB5806106532858	0	57.0	3249.0	2	1	0.000961262	-0.00417372	0.00704069
PMBB5806565981501	0	63.1	3981.61	1	1	0.0196861	0.000712496	0.0169444
PMBB5806701677334	0	35.1	1232.01	2	1	-0.00472953	-0.00834282	0.000594258
PMBB5807829685383	0	35.6	1267.3600000000001	2	1	0.00102339	0.00483494	0.00689408
PMBB5808614449749	0	40.4	1632.1599999999999	2	3	-6.49875e-05	0.00372796	0.00450279
PMBB5810092777808	0	63.7	4057.6900000000005	1	1	0.0114838	0.00235983	0.00543973
PMBB5811874480486	0	36.9	1361.61	2	1	-0.000778356	-0.00257146	0.0134231
PMBB5812265264809	0	66.2	4382.4400000000005	1	1	-0.00592775	0.0060383	0.003567
PMBB5812283246641	0	56.1	3147.21	1	3	0.0241952	-0.00199804	0.00057264
PMBB5812916150269	0	52.3	2735.2899999999995	2	1	-0.00233456	-0.000922742	-0.00859344
PMBB5813054364727	0	54.4	2959.3599999999997	2	1	0.00354725	-4.44783e-05	0.0166412
PMBB5813216291158	0	47.0	2209.0	2	1	-0.0116105	1.36556e-05	0.0011665
PMBB5814014537148	0	73.5	5402.25	1	3	-0.00052044	-0.00486632	-0.0204645
PMBB5814850073442	0	69.8	4872.04	2	2	-0.00863573	0.00270633	-0.000995575
PMBB5816545896610	0	28.2	795.24	2	3	0.0122375	0.00358096	0.0172701
PMBB5817185667316	0	57.1	3260.4100000000003	1	1	-0.000620647	0.00717427	-0.00129919
PMBB5817962843318	0	58.2	3387.2400000000002	1	1	0.0226253	0.006104	0.00128687
PMBB5818473862822	0	55.9	3124.81	1	1	-0.00637984	-0.000699442	-0.00156294
PMBB5818977947758	0	30.3	918.09	2	1	-0.00295476	-0.00611683	-0.00882115
PMBB5820319583095	0	51.0	2601.0	1	1	-0.0076149	0.00356009	-0.00432295
PMBB5823981112697	0	58.0	3364.0	1	1	-0.00651608	-0.00607017	0.000417153
PMBB5824075557319	0	68.2	4651.240000000001	1	1	-0.000400135	0.0102588	0.0121554
PMBB5826351230667	0	39.4	1552.36	1	3	0.00110655	0.000271122	-0.0116387
PMBB5828130138657	0	23.9	571.2099999999999	2	1	0.00105547	-0.00525306	0.00762778
PMBB5831233992675	0	31.7	1004.89	2	1	-0.00141322	0.0105352	0.00290884
PMBB5831341688994	0	71.8	5155.24	2	1	0.0123005	0.00116618	-0.0243783
PMBB5831486283042	0	46.7	2180.8900000000003	1	1	-0.0120396	0.00106394	-0.00079852
PMBB5833021087830	0	60.8	3696.64	1	1	-0.00614846	0.00384365	-0.00516485
PMBB5835570455652	0	54.6	2981.1600000000003	1	3	0.00605426	0.00100455	-0.00803072
PMBB5836576472964	0	42.4	1797.76	2	1	0.00257247	-0.0131569	0.0021634
PMBB5837208487639	0	50.9	2590.81	2	1	-0.00501584	0.00546176	0.00182657
PMBB5837578041942	0	59.3	3516.49	1	1	0.0134094	-0.00770557	0.010128
PMBB5841989452967	0	60.0	3600.0	1	3	-0.00804017	0.00559514	0.00186746
PMBB5842479402033	0	48.1	2313.61	2	1	0.0124835	0.00367046	-0.0135546
PMBB5843702485491	0	65.2	4251.04	2	1	-0.00094594	0.00245754	0.0019948
PMBB5843773088105	0	70.6	4984.359999999999	1	1	0.00236119	0.00472537	-0.00454455
PMBB5844523305430	0	55.4	3069.16	1	1	-0.0100187	0.00100899	0.00762468
PMBB5846335241038	0	58.6	3433.96	1	1	-0.00218688	0.00466758	0.0131449
PMBB5847909265199	0	48.7	2371.69	1	1	-0.000971789	-0.0101906	0.00906721
PMBB5848233439112	0	38.2	1459.2400000000002	2	1	-0.00264536	0.0064466	-0.00500256
PMBB5848854513997	0	68.4	4678.56	1	1	-0.0106059	0.00032098	0.000703119
PMBB5849070517427	0	36.8	1354.2399999999998	2	3	-0.00276053	0.00566721	-0.00644015
PMBB5851109205820	0	62.0	3844.0	1	1	-0.0037136	0.00778327	0.00568694
PMBB5851422045210	0	61.9	3831.6099999999997	1	1	-0.0131118	-0.000607515	0.00288455
PMBB5852472594391	0	64.8	4199.04	2	1	-0.00583871	0.00583793	0.00182017
PMBB5858488198946	0	51.0	2601.0	2	1	-0.00437539	-0.00823516	-0.0100608
PMBB5859435845060	0	65.8	4329.639999999999	2	1	0.00217216	0.0124954	0.0176533
PMBB5859629122695	0	53.8	2894.4399999999996	1	2	0.0013709	0.00166275	0.00488447
PMBB5861532430416	0	61.5	3782.25	1	1	-0.00146313	-0.00944229	-0.00772194
PMBB5861840190119	0	43.3	1874.8899999999996	2	2	-0.00442177	-0.0182269	-0.00112583
PMBB5864270025313	0	54.3	2948.49	1	3	-0.00933459	-0.00743984	0.00164738
PMBB5864374574568	0	26.1	681.21	2	3	-0.0126548	-0.000715425	0.000575332
PMBB5864990974790	0	21.2	449.44	2	1	0.00103746	0.00823528	0.0158748
PMBB5865123253984	0	32.7	1069.2900000000002	2	3	-0.00964177	-0.00132323	-0.00295024
PMBB5866168119268	0	72.7	5285.29	1	1	0.00796529	-0.000797546	-0.0118639
PMBB5866780208713	0	31.0	961.0	2	1	0.00476975	-0.0159268	0.0153722
PMBB5867282867662	0	75.6	5715.359999999999	2	3	0.00413225	0.000369965	0.00790182
PMBB5867547344137	0	72.8	5299.839999999999	2	1	-0.00222909	0.00134319	0.00233877
PMBB5868082010199	0	62.5	3906.25	2	1	0.0125223	-0.00260158	-0.0161131
PMBB5869507775593	0	70.6	4984.359999999999	1	1	0.00327065	0.000108819	0.00748467
PMBB5869936816777	0	71.7	5140.89	1	1	0.000558099	-0.00875394	-0.000193054
PMBB5870763620892	0	72.0	5184.0	1	1	0.00722217	-0.00767083	0.00407396
PMBB5872250878439	0	23.8	566.44	1	3	0.018012	0.00341841	0.00504998
PMBB5872944480635	0	39.5	1560.25	2	1	-0.00163334	-0.000854282	0.00189799
PMBB5875269397672	0	64.3	4134.49	2	3	0.0048524	0.0136526	0.00533037
PMBB5875736714021	0	37.2	1383.8400000000001	1	1	-0.0020088	0.00677915	-0.00652071
PMBB5876702594138	0	65.0	4225.0	1	2	-0.00608472	-0.00580674	-0.0106076
PMBB5877430428643	0	57.9	3352.41	1	1	-0.00778381	0.00385478	-0.00315737
PMBB5878273131005	0	67.6	4569.759999999999	1	3	-0.00814128	0.000572269	0.00323817
PMBB5878308310404	0	47.8	2284.8399999999997	1	1	0.0049983	-0.014787	-0.00122185
PMBB5878541391596	1	51.2	2621.4400000000005	2	1	-0.00731623	-0.0051323	0.000832385
PMBB5880608807477	0	50.2	2520.0400000000004	2	1	-0.000638022	-0.00667325	-0.00296789
PMBB5881622146300	0	54.9	3014.0099999999998	1	1	0.00254762	0.0140628	-0.00249324
PMBB5882019489907	0	79.4	6304.360000000001	2	1	0.00315855	-0.00242865	-0.00475211
PMBB5882275604338	0	44.7	1998.0900000000001	2	1	-0.00562497	0.00770701	-0.0086346
PMBB5883970780822	1	61.6	3794.5600000000004	2	1	-0.00137078	-0.00480636	-0.0111542
PMBB5885437722469	0	49.8	2480.0399999999995	2	2	-0.00331567	0.00839067	0.00922951
PMBB5885777809380	0	53.0	2809.0	2	1	-0.00476588	-0.0136997	-0.00136639
PMBB5886954944111	0	44.5	1980.25	1	1	-0.0124969	0.000531096	0.000250346
PMBB5887081575695	0	37.2	1383.8400000000001	2	1	-0.0119815	-0.000883677	-0.00192968
PMBB5891166821242	0	33.2	1102.2400000000002	2	1	0.0275872	-0.0101341	0.000836791
PMBB5891222151565	0	46.9	2199.6099999999997	1	3	0.00488981	0.00615482	0.0289172
PMBB5892519721895	0	54.5	2970.25	1	1	-0.00751483	0.00100824	0.00522395
PMBB5894690766048	0	57.2	3271.84	1	1	0.0225082	-0.0210939	-0.0112966
PMBB5895672023402	0	27.3	745.2900000000001	2	3	-0.0024059	0.00848291	-0.0026707
PMBB5898424900782	0	50.5	2550.25	2	1	-0.00368653	-0.00218166	-0.00138686
PMBB5899643565299	0	56.8	3226.24	2	1	-0.00477713	0.00661878	0.00356235
PMBB5899815951448	0	35.2	1239.0400000000002	2	1	-0.00451962	-0.0022767	0.000231651
PMBB5901037879792	0	67.7	4583.29	2	3	-0.00704731	0.00866698	0.000286277
PMBB5902152811409	0	50.2	2520.0400000000004	1	3	0.0182697	-0.000811246	-3.80662e-05
PMBB5903568847887	0	78.0	6084.0	1	1	-0.00957585	0.00473249	0.00299043
PMBB5904482308379	0	73.0	5329.0	2	1	-0.00656841	0.00346236	0.00391742
PMBB5904570174842	0	28.8	829.44	1	1	-0.00553161	0.00577348	-0.00255489
PMBB5905501298503	0	60.6	3672.36	1	1	-0.00392259	-0.00523015	0.00359798
PMBB5906292028997	0	54.5	2970.25	2	2	-0.00767956	0.00227587	0.00375555
PMBB5906880409110	0	49.2	2420.6400000000003	1	1	0.00136401	0.00475097	-0.00116763
PMBB5908302773925	1	57.9	3352.41	2	3	0.00792479	0.00964456	-0.0109306
PMBB5908706785263	0	19.7	388.09	2	3	-0.0069244	0.00231044	0.00812217
PMBB5908960793300	0	38.7	1497.6900000000003	2	1	0.00107132	0.00311797	0.011551
PMBB5910043796341	1	59.6	3552.1600000000003	2	1	0.0069789	-0.0095346	0.00404726
PMBB5910533720715	0	23.3	542.89	2	1	-0.000231916	-0.00859973	0.00967444
PMBB5910751598743	0	78.1	6099.609999999999	1	1	-0.00202337	0.00680598	0.00246543
PMBB5910936495837	0	59.8	3576.0399999999995	2	2	0.00220596	0.00904971	0.00973353
PMBB5912710101760	0	22.8	519.84	2	1	-0.00266669	0.00487929	0.0200494
PMBB5913617059786	0	72.9	5314.410000000001	1	1	0.0275132	0.0117152	0.0234268
PMBB5914947242873	0	47.8	2284.8399999999997	2	1	0.00188413	-0.00356286	-0.00138453
PMBB5917655432595	0	49.5	2450.25	2	1	-0.00238517	0.0059367	0.0175048
PMBB5918798195695	0	60.0	3600.0	1	1	0.0186479	0.0163247	0.0116125
PMBB5918903332650	0	85.0	7225.0	1	1	-0.00734777	0.00396743	0.000977591
PMBB5919387893312	0	46.0	2116.0	1	3	0.0275346	0.0231113	-0.00463586
PMBB5919667889199	0	42.7	1823.2900000000002	1	1	0.00606435	0.00120618	0.00890903
PMBB5920009970541	0	48.1	2313.61	1	1	0.00397186	-0.0023626	-0.0172595
PMBB5921028303918	0	65.9	4342.81	2	1	0.00564921	0.00823928	0.00770827
PMBB5921190983440	0	61.3	3757.6899999999996	1	1	-0.00229289	0.00765658	-0.00238343
PMBB5922472572401	0	63.3	4006.8899999999994	2	1	-0.00438391	0.00886668	-0.00453448
PMBB5924188212955	0	67.8	4596.839999999999	2	1	0.00282474	-0.00575694	0.0029147
PMBB5927780905287	0	31.0	961.0	2	1	-0.00550884	0.000904308	0.00766187
PMBB5928407035473	0	61.7	3806.8900000000003	2	1	0.000639496	0.00985461	-0.00124285
PMBB5928494057560	0	69.4	4816.360000000001	2	1	0.000696947	0.0116933	0.000470537
PMBB5930786210436	0	22.8	519.84	2	1	-0.00103503	-0.00718328	0.00140566
PMBB5931409297148	0	40.5	1640.25	2	2	-0.0041215	-0.000966834	-0.0015671
PMBB5931462885238	0	64.6	4173.159999999999	2	1	-0.000752389	0.00278255	0.00647776
PMBB5933469885218	0	68.3	4664.889999999999	2	1	0.0146799	0.0209949	0.00628775
PMBB5935494584648	0	69.0	4761.0	1	1	0.0032273	-0.00255871	0.0158347
PMBB5936493793693	1	84.1	7072.8099999999995	2	1	-0.00371557	-0.0159833	0.000350282
PMBB5936508395363	0	63.4	4019.56	2	1	-0.00648101	0.00227254	0.000242859
PMBB5937032848868	0	26.1	681.21	2	1	0.00519164	0.00650067	0.00250737
PMBB5938175315866	0	51.7	2672.8900000000003	2	1	-0.00814742	0.00443533	0.004113
PMBB5938223738591	0	46.9	2199.6099999999997	2	2	-0.00902957	0.00304605	0.00222597
PMBB5939316653433	0	62.6	3918.76	2	3	-0.00661157	0.00412017	0.0034855
PMBB5942684306608	0	57.6	3317.76	2	1	0.00975866	-0.00534424	-0.00599084
PMBB5943072531054	0	82.3	6773.29	2	3	-0.0109683	-0.000585907	-0.00352191
PMBB5944997974106	0	63.7	4057.6900000000005	1	2	-0.00314814	0.00493829	0.00304363
PMBB5946344093143	0	60.5	3660.25	2	3	0.00015998	-0.00400111	0.00248582
PMBB5947752692088	0	50.6	2560.36	2	1	-0.00587113	0.0035479	0.00442779
PMBB5947942863333	0	56.2	3158.4400000000005	2	1	-0.00794642	0.00603821	-0.0167828
PMBB5948314346158	0	30.7	942.49	2	1	0.01106	-0.00278776	0.0071157
PMBB5949444106934	0	74.9	5610.010000000001	2	1	0.0187045	-0.00430561	0.0163235
PMBB5950175742456	0	45.4	2061.16	1	3	0.0210874	0.000917776	0.00419776
PMBB5950988715419	0	69.2	4788.64	2	1	-0.00480172	-0.009883	-0.0126359
PMBB5951494114491	0	60.2	3624.0400000000004	2	1	-0.0130128	-0.000235126	-0.00210744
PMBB5953233962052	0	38.9	1513.2099999999998	2	1	-0.00495548	0.00506835	0.0143138
PMBB5954956211659	0	48.1	2313.61	2	1	-0.00762578	0.00225487	0.00639002
PMBB5956189761790	0	51.2	2621.4400000000005	2	1	-0.00727381	0.00489362	-0.00112954
PMBB5959828034413	0	56.2	3158.4400000000005	2	2	0.00219251	0.000271358	0.00636643
PMBB5960153483667	0	64.3	4134.49	1	1	0.00110693	0.000827855	0.00185116
PMBB5960212210571	0	39.9	1592.01	1	3	-0.00231795	0.00785803	-0.00857557
PMBB5960291015140	0	20.6	424.36000000000007	2	1	-0.000176313	-0.00080532	-0.000573392
PMBB5960457387237	0	39.3	1544.4899999999998	2	1	-0.00727198	0.00637268	-0.0135248
PMBB5961763036052	0	72.6	5270.759999999999	1	3	-0.00272576	-0.00350829	0.0112733
PMBB5963061661761	0	66.1	4369.209999999999	2	1	0.00546527	0.0151288	0.00879313
PMBB5963496809157	0	71.3	5083.69	1	1	-0.000940692	-0.00287661	0.000744734
PMBB5964313994318	1	90.0	8100.0	2	1	0.0101386	-0.00494305	-0.00186165
PMBB5965794447699	0	50.3	2530.0899999999997	1	3	-0.00284691	0.0063757	0.0105277
PMBB5965810360246	0	35.4	1253.1599999999999	2	3	-0.00178402	0.001592	-0.00225223
PMBB5966090226404	0	58.4	3410.56	2	1	-0.003245	0.00557638	0.00541195
PMBB5966112356147	0	67.3	4529.29	1	1	-0.00209256	-0.0157835	0.00250665
PMBB5966767428989	0	69.4	4816.360000000001	1	1	0.00091367	0.00812977	0.000626794
PMBB5966926564092	1	69.3	4802.49	2	1	0.0116567	0.0113292	0.00479212
PMBB5969069500085	0	26.2	686.4399999999999	2	1	-0.00124139	-0.00109708	-0.00377544
PMBB5969837489928	0	48.4	2342.56	2	1	-0.000984147	-0.0147234	8.61589e-05
PMBB5970052537178	0	32.8	1075.84	1	1	-0.00746634	0.00125502	0.000691383
PMBB5970438365888	0	76.6	5867.5599999999995	1	1	-0.00426767	-0.000554431	0.0023784
PMBB5971432926455	0	35.7	1274.4900000000002	1	3	-0.00335873	0.0103469	-0.00701311
PMBB5971621067245	0	46.4	2152.96	2	1	0.0203317	0.0123382	-0.0084936
PMBB5971979570103	0	48.1	2313.61	2	1	-0.00446809	-0.0158705	0.00493469
PMBB5972995544504	0	40.8	1664.6399999999999	2	1	0.00568186	-0.0344651	-0.0193394
PMBB5975676367433	0	43.2	1866.2400000000002	1	3	0.008517	-0.00821063	-0.0149526
PMBB5976037992670	0	33.7	1135.6900000000003	2	1	0.0137531	0.00302826	0.0138149
PMBB5976356934884	0	60.2	3624.0400000000004	2	3	-0.00328802	-0.00409319	-0.0037661
PMBB5978693639182	0	55.2	3047.0400000000004	1	1	-0.00789954	0.00477665	0.00516632
PMBB5978902937330	0	23.3	542.89	2	1	-0.00357274	-0.0178498	0.00142237
PMBB5979403828935	0	59.5	3540.25	1	1	0.0079368	0.00531149	-0.00443303
PMBB5980976903548	0	39.5	1560.25	2	1	-0.00428545	-0.0031077	-0.00107767
PMBB5982175566185	0	61.0	3721.0	1	1	-0.000997278	-0.00624349	-0.011784
PMBB5982365894393	0	68.8	4733.44	1	1	-0.00340712	0.00680526	-0.0117307
PMBB5982556577516	0	63.8	4070.4399999999996	2	1	0.0103658	0.0152861	0.0126673
PMBB5982968949764	1	52.1	2714.4100000000003	2	1	-0.00489967	0.009414	-0.00485988
PMBB5984601013589	0	41.4	1713.9599999999998	2	1	-0.00251194	0.00601784	0.000890336
PMBB5984633816405	0	54.3	2948.49	1	1	-0.00637003	-0.0013631	0.00850263
PMBB5987317482135	0	41.8	1747.2399999999998	2	1	0.00343765	0.00992673	0.00584514
PMBB5989512072031	0	29.9	894.0099999999999	1	1	0.00734236	0.00934329	-0.00119591
PMBB5991320294107	0	75.6	5715.359999999999	2	1	0.0133636	0.0039838	0.0147342
PMBB5991435622206	0	25.4	645.16	2	1	-0.000522901	-0.00537951	0.00321306
PMBB5994023591902	0	31.4	985.9599999999999	1	3	0.0169836	-0.00497606	0.00331436
PMBB5994813805847	1	53.9	2905.21	1	2	0.0175282	-0.00299665	0.00651176
PMBB5994952544911	0	59.4	3528.3599999999997	2	3	0.00107434	-0.00742841	-0.00392011
PMBB5995908329227	0	52.5	2756.25	2	1	-0.00253686	-0.00200357	0.0132336
PMBB5996615055896	0	35.0	1225.0	2	1	-0.00154315	0.00668719	0.0138021
PMBB5996703049220	0	66.1	4369.209999999999	2	1	-0.00456614	0.0049094	0.000280825
PMBB5996758838664	0	21.2	449.44	1	1	-0.00456881	0.0039198	0.0134535
PMBB5997747926387	0	37.7	1421.2900000000002	1	1	-0.0107474	-3.01393e-05	0.000274605
PMBB5998323143868	0	66.7	4448.89	1	1	0.00133189	-0.0115551	-0.0124179
PMBB5998422618453	0	23.6	556.96	2	3	-0.00616333	0.00136015	0.00181987
PMBB5999614650649	0	40.6	1648.3600000000001	2	1	0.0236358	0.00594937	-0.00995863
PMBB6002429332816	0	29.0	841.0	2	3	-0.00392704	0.00162567	0.00178289
PMBB6002494569352	0	66.4	4408.960000000001	2	2	-0.0105771	0.00240765	0.000422164
PMBB6002640349096	0	52.6	2766.76	1	1	-0.00351757	0.00303888	0.01023
PMBB6002680869801	0	57.5	3306.25	1	1	-0.00717537	0.00514063	-0.00603531
PMBB6003174086732	0	26.6	707.5600000000001	2	3	-0.000314427	-0.00803999	-0.00432816
PMBB6003247978554	0	30.5	930.25	1	2	0.000681601	0.0103187	-0.017839
PMBB6003839022392	0	55.4	3069.16	2	3	0.0242526	-0.0113727	-0.0172693
PMBB6004290201290	0	38.7	1497.6900000000003	2	1	0.00215689	0.0108525	0.00227888
PMBB6005315474854	0	35.3	1246.0899999999997	2	1	-0.00516377	-0.0147821	-0.00213296
PMBB6005709139309	0	23.2	538.24	2	1	-0.00149505	0.00120593	-0.00766833
PMBB6006862354210	0	38.8	1505.4399999999998	2	1	0.00519771	-0.00187582	-0.00152428
PMBB6007590427740	0	69.5	4830.25	1	1	-0.00018914	0.00498573	0.00488897
PMBB6008073352130	0	58.6	3433.96	2	1	-0.00381898	-0.00744998	0.00935912
PMBB6009257092068	0	29.0	841.0	2	1	-0.00459903	0.00221697	0.00759362
PMBB6010245701118	0	20.9	436.80999999999995	2	1	-0.0050426	0.00493364	0.0017594
PMBB6011046015467	1	29.1	846.8100000000001	2	1	0.00280903	-0.00331705	0.00353933
PMBB6011308984672	0	36.8	1354.2399999999998	2	1	0.00342224	0.00952025	0.00759622
PMBB6011894911317	0	59.9	3588.0099999999998	1	1	-0.00869454	0.00152186	-0.00114163
PMBB6012053352408	0	26.0	676.0	1	1	-0.00472353	-0.00197378	0.00747822
PMBB6012990238275	0	43.3	1874.8899999999996	1	3	-0.0123517	-0.00146861	0.00169474
PMBB6013591307573	0	62.7	3931.2900000000004	1	1	0.0121772	-0.0130646	0.00446611
PMBB6015566667748	0	57.3	3283.2899999999995	2	1	-0.00527837	-0.00200815	-0.00305614
PMBB6015958273607	0	69.8	4872.04	1	1	0.000771674	0.0112781	0.000483777
PMBB6018316731224	0	52.4	2745.7599999999998	1	2	-0.00736297	-0.00920185	0.000194644
PMBB6019054677025	0	28.8	829.44	2	1	0.00411611	0.0120026	0.00359634
PMBB6019167344098	0	27.5	756.25	2	1	0.0047609	-0.0155418	-0.00190821
PMBB6019223546472	0	65.9	4342.81	2	1	0.00597275	-0.00766627	-0.0137063
PMBB6020268615942	1	66.4	4408.960000000001	2	1	0.00429712	0.0104461	0.00851592
PMBB6020631887361	0	52.8	2787.8399999999997	1	1	-0.00569242	-0.00565702	0.00422613
PMBB6021047562470	0	74.8	5595.04	2	1	0.00532531	0.0153267	-0.00729219
PMBB6021094002101	0	52.3	2735.2899999999995	2	1	-0.00085109	-0.0209327	0.0044423
PMBB6021352565370	0	28.1	789.6100000000001	1	1	-0.00290928	0.00610708	0.00618301
PMBB6021471811811	0	48.5	2352.25	1	1	-0.000669738	0.00889469	-0.0200381
PMBB6025026619880	0	71.2	5069.4400000000005	1	1	0.000875086	-0.00223931	-0.00643337
PMBB6025618459446	0	80.0	6400.0	2	2	-0.00696704	0.00557449	0.00287875
PMBB6025635407973	0	61.7	3806.8900000000003	1	3	-0.00183772	0.00407385	0.00590326
PMBB6025963044506	0	59.9	3588.0099999999998	1	1	0.0120333	0.00753894	-0.000908107
PMBB6027036524758	0	54.8	3003.0399999999995	1	1	-0.00372214	0.00417809	-0.00925975
PMBB6027069574329	0	30.7	942.49	2	2	-0.00338665	0.00314541	-0.00298703
PMBB6028662654642	0	32.1	1030.41	1	1	-0.00338742	0.00520635	0.0158391
PMBB6028868907631	0	54.4	2959.3599999999997	1	1	0.00585101	0.0102508	0.00193596
PMBB6029119820177	0	80.6	6496.359999999999	1	1	0.0114592	-0.0240565	0.00199788
PMBB6031287387588	0	71.0	5041.0	1	1	0.0283408	0.00037881	0.00220555
PMBB6034338239290	0	73.9	5461.210000000001	1	1	0.0111091	-0.0153887	0.0023256
PMBB6034469286133	0	31.7	1004.89	1	3	-0.00413219	0.00508949	-0.00042237
PMBB6034603951412	0	56.1	3147.21	2	1	-0.00269718	0.00633343	0.00451816
PMBB6034760282045	0	23.9	571.2099999999999	1	1	-0.00331225	0.000740583	0.00191717
PMBB6035243541999	0	44.7	1998.0900000000001	2	1	-0.00561344	0.00759782	0.000541581
PMBB6035449293479	0	56.1	3147.21	1	1	-0.00528057	-0.00865567	-0.00217191
PMBB6037263078365	0	63.7	4057.6900000000005	1	1	0.0317248	-0.00224065	-0.00070076
PMBB6040487676202	0	53.2	2830.2400000000002	2	3	-0.00469071	0.00431324	-0.00432997
PMBB6040862607615	1	78.7	6193.6900000000005	2	1	0.0114278	0.00262724	-0.00256091
PMBB6041127881855	0	80.9	6544.810000000001	2	3	-0.00470336	0.0065893	-0.000538003
PMBB6041740563689	0	69.2	4788.64	2	1	-0.00833596	-0.00167846	-0.00440452
PMBB6042625993458	0	59.4	3528.3599999999997	2	1	0.00228884	-0.0219771	0.00555896
PMBB6044698868037	0	42.1	1772.41	1	1	0.00178439	-0.000639078	-0.00681667
PMBB6045925453095	0	37.2	1383.8400000000001	2	1	0.00195011	-0.020024	-0.00112279
PMBB6046560795039	1	67.2	4515.84	2	1	0.0129672	-0.0135137	-0.0146835
PMBB6047453434961	0	42.7	1823.2900000000002	1	1	0.00343259	0.00468349	0.0045424
PMBB6047550356986	0	68.7	4719.6900000000005	2	1	-0.00432612	0.00789605	-0.0118083
PMBB6048441866054	0	57.8	3340.8399999999997	2	3	-0.0116025	-0.00316215	0.000304036
PMBB6048536188697	0	31.9	1017.6099999999999	1	1	-0.00389489	-0.0104252	-0.000347162
PMBB6049498364813	0	28.3	800.89	2	3	0.00148511	0.00869206	-0.00570635
PMBB6049739568336	0	49.1	2410.81	2	1	0.000274582	0.00374984	-0.0119736
PMBB6050310307288	0	40.1	1608.0100000000002	2	1	-0.000915365	0.00924233	-0.004574
PMBB6050964695207	0	53.4	2851.56	2	3	-0.000722349	0.00503941	-0.0293878
PMBB6052414615879	1	56.9	3237.6099999999997	1	1	-0.00606825	-0.00712804	-0.00233065
PMBB6052663537273	0	25.8	665.64	2	3	0.0010908	0.00562669	-0.0144834
PMBB6052689767842	0	45.1	2034.0100000000002	2	2	-0.00623725	0.00606684	0.0079782
PMBB6052764579367	0	58.5	3422.25	1	1	0.00179059	-0.00674335	-0.0118016
PMBB6053827593152	0	59.8	3576.0399999999995	1	3	-0.00191087	0.00901746	-0.0099793
PMBB6055320325040	0	55.8	3113.64	1	1	0.0260589	-0.000605904	-0.00614816
PMBB6057046153139	0	59.7	3564.09	1	1	0.00478753	0.0157282	0.00482067
PMBB6057678535437	0	60.9	3708.81	2	1	0.00156743	-0.00558947	0.0121357
PMBB6057734279811	0	22.3	497.29	2	3	-0.00445427	0.000193626	0.00310444
PMBB6059754014795	0	72.2	5212.84	1	1	0.00605494	-0.00366547	-0.00577099
PMBB6060699545074	0	57.1	3260.4100000000003	2	1	-0.00656388	0.00244004	-0.00306167
PMBB6060720153127	0	65.3	4264.089999999999	1	1	-0.00416619	0.00783121	-0.00529997
PMBB6061152226361	0	41.4	1713.9599999999998	2	1	-0.00150249	0.0121946	-0.00535052
PMBB6062299891969	0	22.5	506.25	2	1	-0.00323134	0.00679075	-0.0113027
PMBB6063534167539	1	75.0	5625.0	2	1	-0.000219822	-0.00567646	0.000559835
PMBB6066044617452	0	31.9	1017.6099999999999	2	1	-0.00179012	-0.00322339	0.0276781
PMBB6066247164177	0	61.5	3782.25	1	1	0.0126065	0.00322182	-0.00163691
PMBB6067931155834	0	51.8	2683.24	1	1	0.000232682	0.00430506	0.0129499
PMBB6069358633273	0	28.5	812.25	2	1	-0.00572466	0.00764102	-0.00542919
PMBB6069461493681	0	32.1	1030.41	2	1	-0.00540849	-0.00237318	-0.000773471
PMBB6069550236741	0	38.7	1497.6900000000003	2	1	0.00146348	-0.0175628	0.00380771
PMBB6073183580824	0	50.3	2530.0899999999997	1	3	-0.0026515	-0.0125788	-0.0113487
PMBB6073293505893	0	34.9	1218.01	2	1	-0.0086323	0.000738226	0.00542952
PMBB6073681765423	0	31.6	998.5600000000001	2	1	-0.00319136	-0.00134365	-0.00478179
PMBB6074103429049	0	27.3	745.2900000000001	1	3	0.00930763	-0.00219627	0.012086
PMBB6074760519466	0	62.9	3956.41	1	1	-0.00887875	0.000154515	-0.00414276
PMBB6075049739833	0	47.8	2284.8399999999997	2	1	-0.00853407	0.00414943	0.000353159
PMBB6075770854911	0	47.3	2237.2899999999995	2	1	-0.00577818	-0.00374601	-0.00489904
PMBB6078511825220	0	28.4	806.56	2	1	-0.00448345	0.00388305	0.0171225
PMBB6079565641190	0	50.1	2510.01	2	3	-0.000315855	0.00229594	-0.00678448
PMBB6079873224528	0	28.1	789.6100000000001	2	3	0.00900427	0.00157435	-0.00173593
PMBB6080207469819	0	78.0	6084.0	1	1	0.00295489	0.0128808	0.00557818
PMBB6081224771435	0	82.8	6855.839999999999	2	3	-0.00169205	0.00982231	0.00800629
PMBB6081812607379	0	37.0	1369.0	2	3	-0.0050803	-0.00956081	-0.00937206
PMBB6083075130079	0	54.8	3003.0399999999995	1	1	0.000793579	0.000429039	0.00417765
PMBB6083621350502	0	30.8	948.6400000000001	2	1	0.0131896	-0.00839697	0.00682714
PMBB6084291724676	0	48.7	2371.69	2	1	-0.00629583	-0.00792617	0.00390679
PMBB6084804955778	0	35.0	1225.0	2	1	0.00801194	-0.0129733	0.0255157
PMBB6085092931374	0	51.4	2641.96	1	1	-0.0025439	-0.0112851	0.0203152
PMBB6085153553515	0	59.2	3504.6400000000003	2	1	0.00317425	-0.0176849	-0.00484317
PMBB6088919430078	1	52.9	2798.41	1	1	0.0127264	0.00113408	0.0156993
PMBB6089085102894	1	73.1	5343.609999999999	1	1	-0.00548576	-0.00346226	0.00357244
PMBB6090528494259	0	24.8	615.0400000000001	2	1	0.000282616	-0.00237652	-0.00963251
PMBB6090632772993	0	73.4	5387.56	2	1	-0.00555748	-0.00154641	-0.00518579
PMBB6090900134844	0	71.2	5069.4400000000005	1	1	0.0043318	-0.0154202	0.00775037
PMBB6092601149748	0	31.8	1011.24	2	1	-0.00817549	-0.00680972	0.00153923
PMBB6092678530607	0	21.4	457.9599999999999	1	1	-0.00591126	0.00380963	-0.0042706
PMBB6093290995272	0	45.5	2070.25	1	1	0.00411099	0.0111279	-0.0035526
PMBB6093886612861	0	46.0	2116.0	1	1	-0.00357408	0.00124948	-0.0101513
PMBB6093939634797	0	26.8	718.24	2	3	0.000225999	-0.00706839	0.000670772
PMBB6094870409271	0	30.2	912.04	2	1	-0.000132133	-0.00130205	-0.00291198
PMBB6095867387132	0	40.8	1664.6399999999999	2	1	0.003173	-0.0129997	0.00013773
PMBB6096193008046	0	38.5	1482.25	2	1	-0.00453882	0.00489939	0.0134699
PMBB6097166154672	0	39.6	1568.16	1	3	-0.00404167	-0.00459478	0.00499304
PMBB6098690920985	0	21.6	466.56000000000006	2	1	0.00344204	-0.0171561	-0.0103274
PMBB6098973627874	0	47.1	2218.4100000000003	2	1	-0.000921489	0.0045239	-0.0141438
PMBB6099845376353	1	50.1	2510.01	2	1	-0.00828655	0.00766179	0.0137198
PMBB6100704263563	0	43.9	1927.2099999999998	1	1	0.00678438	-0.00591151	0.00097594
PMBB6101229296884	0	45.3	2052.0899999999997	2	1	-0.00396837	0.00156143	0.00130209
PMBB6101273989303	0	56.4	3180.96	1	1	-0.00747625	0.00451392	0.0214637
PMBB6102013369187	0	22.1	488.4100000000001	2	3	0.0190449	0.000981032	0.00109265
PMBB6103347363358	0	62.3	3881.2899999999995	1	3	-0.00224096	0.00864624	-0.0117288
PMBB6105007266077	0	52.6	2766.76	2	3	-0.00150799	-0.0139441	-0.00113076
PMBB6105192735998	0	41.1	1689.21	2	2	0.00992489	0.00157584	0.00441025
PMBB6106439292629	0	31.0	961.0	2	1	-0.00259004	-0.00469359	-0.00531739
PMBB6106602193933	0	30.8	948.6400000000001	2	3	-0.00253093	-0.0176667	-0.00322208
PMBB6109281749472	0	46.1	2125.21	1	1	-0.00358818	0.00818589	-0.00142292
PMBB6110102894188	0	39.6	1568.16	2	1	-0.000776802	0.00180557	-0.00611115
PMBB6110292771267	0	47.5	2256.25	2	3	0.0186517	0.00340743	0.000577896
PMBB6110664192969	0	37.1	1376.41	2	2	-0.000342082	0.0046295	0.00457225
PMBB6111133148479	0	35.6	1267.3600000000001	2	2	0.000672229	0.00873555	0.0118844
PMBB6115241342168	0	53.9	2905.21	1	1	-0.00821181	0.0016613	-0.000274412
PMBB6115949200157	0	40.9	1672.81	2	1	-0.000906898	0.00448013	-0.0157668
PMBB6117880074467	0	21.3	453.69000000000005	2	1	-0.00549519	-0.00607693	-0.00859926
PMBB6118275437837	0	55.5	3080.25	1	1	0.00640603	0.00439997	-0.000713627
PMBB6118742296112	0	38.0	1444.0	2	3	0.00230428	-0.0168997	-0.0044863
PMBB6119873109448	0	56.9	3237.6099999999997	1	1	-0.00610853	-0.0045965	-0.00529997
PMBB6119973113630	0	40.5	1640.25	1	1	-0.0130524	-0.00204468	-0.000361376
PMBB6120575181085	0	24.8	615.0400000000001	2	1	-0.00206214	-0.00687403	-0.00127211
PMBB6121421794432	0	22.9	524.41	2	1	0.00282584	-0.00627145	-0.0030394
PMBB6121874404044	0	42.9	1840.4099999999999	1	1	-0.0068695	0.0051884	-0.00400998
PMBB6123690830833	0	67.4	4542.760000000001	1	1	-0.00624844	0.00798113	-0.0157444
PMBB6124774932468	0	42.4	1797.76	1	2	0.0320379	-0.00366501	0.00515468
PMBB6127424579722	0	63.0	3969.0	2	1	-0.00322702	-0.00731958	0.0127214
PMBB6128703804218	0	34.1	1162.8100000000002	2	1	-0.00154567	0.00690777	-0.00271574
PMBB6129480901062	0	62.2	3868.84	1	1	-0.00772883	0.0042649	0.00357005
PMBB6130364177312	1	64.7	4186.09	1	3	-0.004967	0.00185322	-0.00671581
PMBB6131920260737	0	74.1	5490.8099999999995	2	1	0.000324379	0.0144998	-0.00862348
PMBB6132609130230	0	47.4	2246.7599999999998	1	3	0.0143128	-0.00853206	0.0113175
PMBB6132677982736	0	70.9	5026.81	2	1	0.000998237	0.00552246	-0.00236528
PMBB6133230381838	1	46.5	2162.25	2	1	0.000716649	0.000200943	-0.004508
PMBB6133826162896	0	36.0	1296.0	2	1	-0.00396248	-0.0116317	-0.0106544
PMBB6133872317119	0	55.1	3036.01	2	1	-0.0018571	-0.0122675	-0.0101499
PMBB6136706943844	0	46.9	2199.6099999999997	2	2	0.00515866	0.00493922	0.00856297
PMBB6136893270814	0	58.6	3433.96	1	1	-0.00931926	0.00134552	0.0123149
PMBB6137367397863	0	69.8	4872.04	2	1	-0.00203305	0.00483403	-0.00236353
PMBB6137977734550	0	42.1	1772.41	1	1	-0.00114737	0.00811098	-0.00103414
PMBB6138789848069	0	58.5	3422.25	1	1	0.00730928	0.00697262	0.0150864
PMBB6140874123174	0	58.7	3445.6900000000005	1	1	-0.00965706	-0.000119649	0.00208928
PMBB6141119199410	0	64.2	4121.64	2	1	-0.00480052	-0.0017125	0.0144694
PMBB6143468244778	1	85.7	7344.490000000001	1	1	-0.00850701	-0.000119885	-0.000793656
PMBB6144449814514	0	53.0	2809.0	1	1	-0.00432728	0.00179549	0.0139291
PMBB6145732449894	0	38.9	1513.2099999999998	1	1	-0.00692908	-0.0041909	-0.000677047
PMBB6145757048978	0	31.4	985.9599999999999	2	1	0.00753223	0.00941993	0.00362545
PMBB6147364114585	0	52.1	2714.4100000000003	1	1	0.00242	-0.0149727	-0.0192202
PMBB6148513547197	0	32.6	1062.76	2	3	0.00133308	-0.0145256	-0.00883975
PMBB6148672910244	0	54.7	2992.09	2	1	0.00432426	-0.0103418	0.00119832
PMBB6149022855360	0	60.3	3636.0899999999997	2	1	0.00330642	0.00892294	0.0166691
PMBB6150079299372	0	38.9	1513.2099999999998	2	1	-0.0055483	-0.00417888	0.00542216
PMBB6152249928191	0	24.7	610.0899999999999	2	1	-0.000610885	0.00968252	-0.0116812
PMBB6153973363884	0	25.6	655.3600000000001	2	1	0.0123589	0.0036616	0.00412194
PMBB6154119588833	0	47.4	2246.7599999999998	2	1	-0.00123032	-0.00284644	-0.00031621
PMBB6154168033331	0	26.9	723.6099999999999	2	1	0.0210491	-0.00567859	0.000815396
PMBB6155351083777	0	32.9	1082.4099999999999	2	1	-0.00232543	0.00607045	-0.00874385
PMBB6156877696247	0	35.0	1225.0	2	3	-0.00213704	0.00144192	-0.00594757
PMBB6157990185719	0	51.6	2662.56	2	1	-0.00287886	-0.000692907	-0.00277797
PMBB6158143069100	0	36.9	1361.61	2	1	0.000222573	0.00747062	0.00622891
PMBB6159197349017	0	28.0	784.0	2	2	0.0066721	-0.0082206	-0.0174857
PMBB6159689388950	0	27.9	778.41	2	1	-0.00416695	0.00260373	-0.00676774
PMBB6159701465617	0	29.4	864.3599999999999	2	3	-0.00258321	0.00258536	-7.44553e-05
PMBB6160595193010	0	31.3	979.69	1	1	-0.00737529	0.00422373	-0.00332075
PMBB6162222184250	0	42.8	1831.8399999999997	1	1	-0.00355024	-0.000707557	-0.00512885
PMBB6162699234728	0	57.5	3306.25	2	1	-0.000523212	-0.0145037	-0.0175105
PMBB6163007213757	0	65.8	4329.639999999999	2	2	-0.00248878	-0.00120293	0.00179461
PMBB6163867213727	0	71.1	5055.209999999999	1	1	5.20508e-05	-0.0202031	-0.00428079
PMBB6164123913450	1	60.3	3636.0899999999997	2	1	-0.00644386	0.00652612	-0.000201827
PMBB6164844411750	0	66.9	4475.610000000001	1	1	-0.00349337	0.00418849	-0.00726166
PMBB6165202003500	0	26.6	707.5600000000001	2	1	-0.00186078	0.00661416	0.00124478
PMBB6165353289244	0	65.1	4238.009999999999	2	1	-0.0093877	0.00265727	-0.00238789
PMBB6165536288241	0	61.0	3721.0	1	1	-0.00482756	-0.00440361	0.0116361
PMBB6165829104619	0	31.8	1011.24	2	1	-0.00645472	-0.005263	-0.011068
PMBB6165977193980	0	61.7	3806.8900000000003	2	1	-0.00516057	-0.00881251	0.00259087
PMBB6166311678941	0	64.3	4134.49	2	1	-0.00744885	0.00379996	0.00282516
PMBB6166613503376	0	35.3	1246.0899999999997	2	3	0.00406637	0.0095187	-0.0054167
PMBB6166636012663	0	57.7	3329.2900000000004	2	1	-0.00320715	0.00576209	-0.00130514
PMBB6167150241011	0	69.2	4788.64	2	1	-0.00217725	-0.0163461	0.00183024
PMBB6168749648748	0	63.0	3969.0	2	3	-0.0123691	0.00147305	0.000300107
PMBB6169263467283	0	76.8	5898.24	1	3	0.00492509	0.0111335	0.0130534
PMBB6169579085217	0	20.5	420.25	2	3	-0.00855328	-0.0112316	0.00278006
PMBB6171172835229	0	42.2	1780.8400000000001	2	3	0.00144194	0.00014593	-0.0130352
PMBB6172404768864	1	79.6	6336.159999999999	2	1	-0.0045718	-0.00310966	0.000990866
PMBB6174469259365	0	50.5	2550.25	1	1	0.00292179	0.00554014	0.00955724
PMBB6174899716471	0	27.9	778.41	2	1	0.00166112	0.00534924	0.00243793
PMBB6178903050302	0	59.8	3576.0399999999995	2	3	0.00129796	-0.00326535	0.0101304
PMBB6179842958596	1	60.9	3708.81	2	1	-0.00971138	0.00124893	0.00297075
PMBB6180272215486	1	67.4	4542.760000000001	2	1	-0.0047054	0.000887506	0.0203465
PMBB6180532719458	0	42.2	1780.8400000000001	1	1	-0.00784634	0.00481064	0.000458156
PMBB6181687050930	0	61.0	3721.0	2	3	0.0213927	0.000985054	0.00645663
PMBB6181770973749	0	81.3	6609.69	2	1	-0.00433206	0.00192779	-0.0180895
PMBB6182361536091	0	61.6	3794.5600000000004	2	1	-0.0110351	-0.00195347	-0.00336174
PMBB6183128975208	1	78.0	6084.0	2	1	0.0105773	-0.0280229	-0.0162916
PMBB6183527471126	0	23.8	566.44	2	1	0.0306014	-0.0048944	-0.0049235
PMBB6184853852034	0	36.1	1303.21	2	1	-0.00581258	-0.00183069	0.00183374
PMBB6185993775501	0	52.1	2714.4100000000003	1	3	0.000108018	0.00942762	0.00742835
PMBB6186931693406	0	49.5	2450.25	2	3	-0.00540995	0.00520455	0.00416846
PMBB6187187278329	0	47.0	2209.0	2	3	-0.00312642	0.00135925	-0.00120744
PMBB6189832210602	0	82.4	6789.760000000001	1	1	-0.00470622	0.0082597	0.00962739
PMBB6190266821105	0	29.0	841.0	2	1	0.00998091	0.00825281	-0.00662373
PMBB6190994157235	0	35.8	1281.6399999999999	2	1	-0.0041431	-0.00182962	-0.00115077
PMBB6192046012695	0	79.4	6304.360000000001	1	1	-0.00222273	-0.0178321	0.000387552
PMBB6193628667421	0	35.1	1232.01	1	1	-0.00332769	0.000984932	-0.00424737
PMBB6193640868707	0	40.0	1600.0	2	1	-0.00389499	0.00252972	-0.00277861
PMBB6193978450083	0	46.0	2116.0	2	3	0.0086517	-0.00523461	-0.00671419
PMBB6194923493381	0	32.1	1030.41	2	1	0.00644835	-0.0152418	-0.0113607
PMBB6197986563252	0	36.6	1339.5600000000002	2	1	-0.00476147	-0.00740907	0.00449315
PMBB6200211408081	0	63.7	4057.6900000000005	2	3	0.00293851	0.016852	-0.0101637
PMBB6200961216995	0	71.6	5126.5599999999995	2	1	0.00362487	-0.00051421	-0.00231954
PMBB6202495216032	0	28.9	835.2099999999999	2	2	-0.00413571	0.00523727	0.00828204
PMBB6203264778550	0	66.5	4422.25	1	1	-0.00892022	-0.00402321	-0.000904484
PMBB6203373332662	0	28.5	812.25	2	1	-0.00363189	-0.000628596	-0.0137543
PMBB6205638107743	0	65.9	4342.81	2	2	-0.000680924	-0.0067511	0.0015019
PMBB6205698602265	0	31.3	979.69	1	2	-0.00417977	-0.00997634	0.00337276
PMBB6205990129900	0	46.4	2152.96	1	1	0.00388487	0.0051811	0.0118774
PMBB6206648071952	0	28.4	806.56	2	1	-0.00567348	0.00576464	-0.00633755
PMBB6206897560966	0	52.9	2798.41	1	1	-0.00316988	0.00275488	0.0139792
PMBB6207024876211	0	21.4	457.9599999999999	2	1	-0.00174591	0.0104174	0.00762398
PMBB6207812960146	0	40.5	1640.25	1	1	0.010169	-0.0193552	0.00387224
PMBB6208484139083	0	57.5	3306.25	1	1	-0.00246067	0.00709192	-0.00787094
PMBB6208690642215	0	68.9	4747.210000000001	1	1	-0.00978926	0.00246662	0.000571187
PMBB6209661145012	0	71.8	5155.24	1	3	-0.003517	0.00252792	0.0163729
PMBB6211871944043	0	23.3	542.89	2	1	-0.00435835	0.00830248	-0.00585821
PMBB6211902561045	0	66.2	4382.4400000000005	1	3	-0.00505515	0.00189108	0.00209876
PMBB6212289968189	0	38.9	1513.2099999999998	2	1	-0.00655826	0.00879544	-0.00452503
PMBB6212496223518	0	34.2	1169.64	2	3	-0.00490828	-0.00180914	-0.00310515
PMBB6212585561802	0	56.1	3147.21	1	1	0.000100591	-0.0047884	0.00293576
PMBB6213649042571	0	67.0	4489.0	1	1	0.0132425	0.000130357	0.0180175
PMBB6215878591385	0	37.2	1383.8400000000001	2	1	-0.00586192	-0.00284505	-0.00951671
PMBB6216278188022	0	33.0	1089.0	2	1	0.00119156	0.0116367	0.00866026
PMBB6217258954371	0	52.7	2777.2900000000004	2	1	0.00368787	-0.020532	0.00807198
PMBB6217521370719	0	37.1	1376.41	2	1	-0.00260962	0.00573806	0.00389475
PMBB6218193505197	0	23.7	561.6899999999999	1	1	-0.00442557	0.00637365	-0.00105399
PMBB6218443954969	0	29.4	864.3599999999999	2	1	0.00351449	-0.017415	0.00140219
PMBB6218959881872	0	67.9	4610.410000000001	1	3	-0.00378518	-0.00453052	0.00443687
PMBB6219379252146	0	40.5	1640.25	2	3	-0.00570024	0.00601561	0.0127285
PMBB6220352290120	0	30.8	948.6400000000001	2	1	0.00205606	-0.0238178	0.00478316
PMBB6222042340990	0	66.4	4408.960000000001	1	3	0.00502456	0.0127407	0.00333831
PMBB6222069018056	0	40.2	1616.0400000000002	1	1	-0.00336924	-0.00518229	0.00010665
PMBB6223745551173	0	51.3	2631.6899999999996	1	1	-0.0120397	-0.000561512	0.000406493
PMBB6224317912070	0	53.8	2894.4399999999996	2	1	0.00253151	-0.00381587	-0.00579842
PMBB6225345711378	1	62.3	3881.2899999999995	2	1	0.0125063	-0.00734361	0.00659192
PMBB6225939763565	0	47.8	2284.8399999999997	1	2	-0.00242126	-0.0103577	-0.00451473
PMBB6226034865951	0	29.3	858.49	1	1	0.0021114	0.00648547	0.0144888
PMBB6226548629416	0	56.4	3180.96	1	1	-0.003511	-0.00204494	-0.0103992
PMBB6226730076459	0	60.0	3600.0	1	3	0.0291344	-0.00256399	0.000972341
PMBB6229613615905	0	60.4	3648.16	2	1	0.0122902	-0.00404178	0.00603804
PMBB6231547909403	0	61.2	3745.4400000000005	1	1	-0.000664701	0.0112184	-0.00706501
PMBB6231895648093	0	32.5	1056.25	2	1	-0.0124836	-0.000237825	-0.000560011
PMBB6232576531360	0	45.2	2043.0400000000002	2	3	0.0226925	-0.00100421	-0.000519387
PMBB6232620721042	0	27.7	767.29	2	1	0.00815419	-0.01317	0.0101793
PMBB6233623561899	0	77.9	6068.410000000001	1	1	0.0106866	0.0125834	0.0201178
PMBB6235081113060	0	65.3	4264.089999999999	1	1	-0.00451755	0.00145775	0.00436564
PMBB6235569714098	0	38.9	1513.2099999999998	2	1	-0.00564968	0.00242019	-0.000266217
PMBB6236174219633	0	65.9	4342.81	2	1	-0.0116323	0.000907734	0.00182287
PMBB6236497354614	0	68.0	4624.0	1	1	0.0014786	-0.0153916	-0.00272079
PMBB6236676460032	0	47.4	2246.7599999999998	1	1	0.00364794	-0.0109778	0.0110485
PMBB6237259901121	0	49.3	2430.49	1	1	0.000608884	-0.00718014	0.00777873
PMBB6237926473250	0	56.6	3203.56	2	1	-0.00614155	-0.00480672	0.0125205
PMBB6239736397478	0	55.5	3080.25	1	1	-0.00765193	-0.00512374	0.000351093
PMBB6241494950385	0	74.1	5490.8099999999995	2	1	-0.0077	0.00218114	0.00444297
PMBB6242148708524	0	64.8	4199.04	2	1	0.00419753	0.0108059	0.01694
PMBB6242470794516	0	30.2	912.04	2	2	-0.00140774	-0.00235769	0.0117968
PMBB6243180557077	0	49.7	2470.09	2	1	0.0213771	0.0212447	-0.00427866
PMBB6243712520637	0	48.4	2342.56	2	1	0.0054152	-0.000636268	-0.0107009
PMBB6244510937243	0	57.5	3306.25	2	2	0.00430733	0.0108194	0.00292641
PMBB6244580411508	0	69.2	4788.64	1	2	0.0232576	0.000985199	0.00997981
PMBB6244750991185	0	41.2	1697.4400000000003	2	1	0.00515768	0.014122	0.0121829
PMBB6245492513947	0	29.5	870.25	2	3	0.00290528	0.0136213	0.00521141
PMBB6245494457651	0	31.6	998.5600000000001	1	1	-0.00102061	0.00173908	-0.00829819
PMBB6248932462376	0	55.3	3058.0899999999997	1	1	0.0172888	-0.00927884	0.0031381
PMBB6248999861177	0	26.2	686.4399999999999	1	3	-0.00335606	0.00718515	0.00218558
PMBB6252967843368	1	65.5	4290.25	2	3	-0.00383409	0.00535566	0.00589471
PMBB6253365003188	0	63.8	4070.4399999999996	2	1	0.0116884	0.00549231	0.00662107
PMBB6254064282580	0	34.6	1197.16	2	1	-0.00366316	0.00361244	0.00510852
PMBB6254737110839	0	50.1	2510.01	1	2	-0.00310841	0.0030687	0.00264566
PMBB6255218321045	0	58.0	3364.0	2	1	-0.00744851	0.00404726	-0.0095151
PMBB6257625086700	0	39.0	1521.0	1	1	0.000134826	0.0127927	-0.00955672
PMBB6257878658244	0	66.1	4369.209999999999	2	1	0.00456338	-0.0042002	-0.00537367
PMBB6257894976188	0	24.4	595.3599999999999	2	2	-0.00324771	0.00263159	-0.00934969
PMBB6258380323769	0	22.2	492.84	2	1	-0.0035359	0.00627538	0.00925527
PMBB6258685655900	0	38.6	1489.96	2	1	-0.00825687	-0.000175639	-0.00051815
PMBB6259034900081	0	56.7	3214.8900000000003	1	3	-0.00590763	0.00358145	-0.00243532
PMBB6259559096520	0	29.3	858.49	1	1	-0.012807	0.000149725	0.00140427
PMBB6260505540220	0	60.4	3648.16	2	1	-0.00538464	0.00860926	-0.00423201
PMBB6260703434162	0	57.2	3271.84	2	1	0.00426113	0.00831417	-0.00544772
PMBB6262497697973	0	29.8	888.0400000000001	2	1	-0.0130563	-0.00107993	-4.98935e-05
PMBB6264059090972	1	57.5	3306.25	1	1	0.00181143	0.00850427	-0.00825413
PMBB6267660223818	0	68.4	4678.56	1	1	-0.00145698	-0.000459494	0.0053412
PMBB6268396781589	1	79.3	6288.49	2	1	-0.0110312	0.000910529	-0.000404856
PMBB6269413454451	0	61.4	3769.96	2	1	-0.00324664	-0.00202641	0.0139192
PMBB6271189740527	0	69.5	4830.25	2	1	-0.00734855	-0.000625602	-0.00751105
PMBB6272001378025	0	29.9	894.0099999999999	2	1	-0.00332006	0.0048756	-0.0164581
PMBB6272054978583	0	68.0	4624.0	1	1	-0.00234993	0.0101302	0.00809815
PMBB6272187538415	0	29.5	870.25	1	1	0.00400807	0.00819559	0.0187833
PMBB6273248006395	0	30.1	906.0100000000001	2	1	-0.00406697	-0.00279231	-0.00363522
PMBB6273898057679	0	21.2	449.44	2	1	-0.00286861	0.00616795	-0.000249928
PMBB6275069326657	0	42.7	1823.2900000000002	2	1	-0.00747654	0.00156675	0.00214856
PMBB6276781881576	0	62.0	3844.0	1	1	-0.000558436	-0.0150697	-0.0177612
PMBB6277924049070	0	76.1	5791.209999999999	2	1	-0.0099386	-0.0090567	-0.00279202
PMBB6278045469141	0	60.5	3660.25	2	1	0.00525413	0.00876081	0.0113236
PMBB6278369721085	0	81.0	6561.0	2	1	-0.0103345	0.00362279	-0.000895122
PMBB6278399204239	0	49.6	2460.1600000000003	2	1	-0.0012918	0.00826061	-0.00192977
PMBB6279015742344	0	41.1	1689.21	2	1	-0.00644123	-0.000765994	-0.0116846
PMBB6280415290770	0	65.0	4225.0	1	1	-0.00478516	-0.00185279	0.000773432
PMBB6280625651613	0	53.8	2894.4399999999996	1	3	0.00425576	0.00951514	0.0102791
PMBB6282136323272	0	58.4	3410.56	1	1	-0.00393834	0.00154218	0.00458847
PMBB6282992614991	0	26.9	723.6099999999999	2	3	-0.00749099	0.0040952	-0.00428644
PMBB6284993644520	0	24.6	605.1600000000001	2	3	0.0022685	0.000561657	-0.00277497
PMBB6285426510768	0	38.8	1505.4399999999998	2	1	0.0294999	0.00226408	-0.00392183
PMBB6286350690616	0	59.7	3564.09	2	3	-0.00179976	0.00570586	0.00421915
PMBB6286354393399	0	68.1	4637.61	2	1	-0.00788943	0.00476761	-0.00509314
PMBB6289557981304	0	34.3	1176.4899999999998	2	1	-0.00396795	0.000669938	-0.0181958
PMBB6292032600806	0	49.2	2420.6400000000003	1	1	-0.00263115	0.00943947	-0.00302303
PMBB6293195456571	0	70.9	5026.81	1	1	-0.00387462	-0.00754689	0.00133601
PMBB6296453496286	0	47.1	2218.4100000000003	1	1	0.000553496	-0.000446688	0.00565942
PMBB6296602028371	0	74.6	5565.159999999999	1	1	0.00631343	-0.00293547	0.00363016
PMBB6297837453878	1	62.9	3956.41	1	1	-0.00198847	0.00123782	-0.00525463
PMBB6298206190792	0	35.3	1246.0899999999997	2	1	-0.00523733	0.0087283	-0.0021079
PMBB6299386100366	0	50.9	2590.81	1	1	-0.00140823	0.00289031	0.011124
PMBB6299672331604	0	22.6	510.76000000000005	2	1	-0.00764944	-0.00080596	0.0033686
PMBB6300169737383	0	22.7	515.29	2	1	-0.00529272	0.00254801	-0.00528814
PMBB6300580627290	0	46.9	2199.6099999999997	1	1	-0.00747794	-0.00346368	0.00445986
PMBB6303423585205	0	44.1	1944.8100000000002	1	1	-0.000656655	-0.00246805	-0.00823243
PMBB6303494989947	0	75.9	5760.810000000001	1	1	-0.00646355	0.00480242	-0.00810199
PMBB6303588271015	0	59.3	3516.49	1	1	-0.00590639	-0.0263077	-0.00711423
PMBB6305625389659	0	41.3	1705.6899999999998	1	1	-0.00389188	0.00497593	0.00941396
PMBB6305689265987	0	55.1	3036.01	2	1	-0.00105275	0.0013263	0.00112995
PMBB6305976785557	0	40.2	1616.0400000000002	2	1	-0.0127313	-0.00216716	-0.00133413
PMBB6306210380073	0	71.0	5041.0	2	1	-0.0127633	-0.00136576	-0.000823722
PMBB6307025755886	0	65.4	4277.160000000001	1	2	-0.0071095	0.000746275	-0.00420767
PMBB6307104733226	0	33.5	1122.25	2	1	0.0257632	-0.00537279	0.00652148
PMBB6307599332279	0	42.6	1814.7600000000002	1	1	0.00116497	-0.0142287	-0.00387929
PMBB6310075002639	0	70.8	5012.639999999999	2	3	-0.00250758	0.00637031	0.0063073
PMBB6310602051681	0	31.7	1004.89	2	1	-0.00546964	0.00344187	0.00426462
PMBB6310953293036	0	29.2	852.64	1	2	0.0076699	0.00476568	9.56291e-05
PMBB6311274919597	0	43.7	1909.6900000000003	1	3	-0.00214322	0.00277728	-0.0152892
PMBB6313931507206	0	62.0	3844.0	2	3	-0.00217009	0.0111771	-0.00463527
PMBB6314373377599	0	40.4	1632.1599999999999	1	1	0.0207277	0.00439725	0.00233711
PMBB6314599570165	0	62.5	3906.25	1	1	-0.0032221	0.0106821	-0.0147643
PMBB6316586223567	0	22.1	488.4100000000001	1	1	0.0231834	-0.00334302	-0.0115277
PMBB6316769894466	0	25.5	650.25	2	3	0.00140472	0.00795116	0.0108608
PMBB6316846208169	0	26.1	681.21	2	3	0.00521046	0.0154975	0.0127879
PMBB6316847245867	0	60.3	3636.0899999999997	1	2	-0.00394527	-0.00100274	0.022075
PMBB6317162422505	0	31.8	1011.24	1	2	0.0101983	-0.0246859	0.00538945
PMBB6317542835547	0	67.1	4502.409999999999	2	2	0.00410035	-0.003069	0.0115269
PMBB6317728588903	0	49.3	2430.49	2	3	-0.00392	0.00194206	-0.0019484
PMBB6318198916525	0	53.1	2819.61	2	1	-0.00413625	0.00425321	0.00338286
PMBB6319809804769	0	63.4	4019.56	2	1	-0.00477584	0.0069448	-0.00937754
PMBB6319904747028	0	47.2	2227.84	2	1	-0.0035917	0.00546719	0.00844454
PMBB6320529026053	0	23.9	571.2099999999999	2	3	-0.00206509	-0.00267163	-0.00341533
PMBB6322086345906	0	50.2	2520.0400000000004	2	3	-0.00160526	0.00351374	0.0126755
PMBB6322825991784	0	42.9	1840.4099999999999	2	2	0.00224807	-0.0147115	0.0145397
PMBB6324068722142	0	57.9	3352.41	1	1	-0.00835093	0.00187234	0.00161801
PMBB6324247433108	0	44.3	1962.4899999999998	2	2	0.00054054	0.00516702	0.00962699
PMBB6324968075076	0	23.6	556.96	2	1	-0.00453909	-0.00176833	-8.60014e-05
PMBB6325523469088	1	43.1	1857.6100000000001	2	2	0.000871668	0.00591284	-0.002417
PMBB6326907962202	0	41.9	1755.61	2	2	-0.0075859	0.00369744	-0.00378355
PMBB6327202789779	1	68.8	4733.44	1	1	-0.00292697	0.00416282	0.007013
PMBB6327676993066	0	30.0	900.0	2	1	-0.000294847	0.00287155	-0.016886
PMBB6328672356502	0	46.2	2134.44	1	1	0.00649443	0.0103771	-0.00794361
PMBB6330575577143	0	28.7	823.6899999999999	2	1	-0.00741804	0.00489242	0.00973463
PMBB6331125645605	0	57.1	3260.4100000000003	1	1	0.00125062	0.00751222	0.000922139
PMBB6332493376488	0	46.7	2180.8900000000003	1	1	-0.00843901	0.00528522	-0.0025889
PMBB6335489279109	0	45.1	2034.0100000000002	1	1	0.00380765	-0.00776381	0.00775661
PMBB6336216227468	0	53.0	2809.0	2	1	-0.00287606	-0.00859707	0.0108404
PMBB6336762904949	0	27.6	761.7600000000001	2	2	-0.00498738	0.00136598	0.00266812
PMBB6337600953907	0	65.2	4251.04	1	1	-0.0045214	0.000266432	-0.00167766
PMBB6338675166034	0	77.8	6052.839999999999	2	2	-0.00809086	-0.00746996	-0.00126901
PMBB6339151293430	0	23.0	529.0	2	1	-0.00491892	-0.0179046	-0.00968254
PMBB6339425345895	0	64.9	4212.010000000001	2	3	-0.00428508	0.00264676	-0.00436641
PMBB6340327931723	0	22.0	484.0	2	3	0.000863093	0.00797662	0.00574732
PMBB6340660488908	0	20.4	416.15999999999997	2	1	0.0123897	-0.0111949	-0.00590222
PMBB6341759018149	0	62.6	3918.76	1	1	7.74073e-05	-0.0129646	-0.00867051
PMBB6343221388368	0	50.0	2500.0	2	1	0.000177493	-0.00218625	-0.0153768
PMBB6344708415150	0	61.8	3819.24	2	1	0.00520348	-0.00883087	0.00178493
PMBB6345323879719	0	66.2	4382.4400000000005	1	1	0.00183159	0.00868975	0.0096492
PMBB6345747024633	0	27.7	767.29	2	1	-0.00893162	-0.00407855	-0.000124526
PMBB6345832831513	0	82.7	6839.290000000001	1	1	0.00757347	0.0123175	-0.00724799
PMBB6346870304825	0	57.5	3306.25	2	1	-0.00320399	0.00454044	0.0143613
PMBB6347383712425	0	49.4	2440.3599999999997	1	2	0.000661158	0.0065703	0.0101101
PMBB6347812282708	0	39.0	1521.0	2	2	0.000984775	0.00445208	0.00526099
PMBB6348558784113	0	78.6	6177.959999999999	2	2	-0.0030943	0.00845379	0.00421987
PMBB6349658012310	0	48.0	2304.0	2	3	-0.0054545	0.00888581	-0.00624001
PMBB6350158391917	0	55.7	3102.4900000000002	2	1	-0.00663883	0.00341359	-0.00564665
PMBB6351273909295	0	32.9	1082.4099999999999	2	3	-0.00176329	0.00995538	0.0107031
PMBB6353297938655	0	35.9	1288.81	2	1	-0.00349707	0.00760176	0.00409583
PMBB6354541847951	0	45.6	2079.36	1	1	0.0111973	-0.0139708	0.0154044
PMBB6354763822720	0	63.8	4070.4399999999996	1	1	0.0131273	-0.0207496	0.010993
PMBB6355748255838	0	45.3	2052.0899999999997	2	1	-0.00262517	-0.0125439	0.000269351
PMBB6356414895307	0	26.7	712.89	2	1	-0.00567549	0.00432673	-0.00573586
PMBB6357847476070	0	66.9	4475.610000000001	1	1	0.0203425	0.0174549	-0.0168572
PMBB6358756676300	0	76.7	5882.89	1	1	0.00295873	-0.021444	-0.0030971
PMBB6359306791898	0	61.2	3745.4400000000005	1	3	-0.000666662	0.0103234	0.0114801
PMBB6359645929849	0	45.8	2097.64	1	1	-0.000853252	-0.0195721	-0.00574203
PMBB6361834473697	0	55.7	3102.4900000000002	1	3	0.000427326	0.0113366	-0.0040202
PMBB6362800693164	0	50.9	2590.81	2	1	-0.00231302	0.00861493	0.00627908
PMBB6362970449484	0	48.6	2361.96	1	3	-0.00212215	-0.00268245	-0.00120386
PMBB6363074159172	0	81.4	6625.960000000001	1	1	-0.0051573	0.00418284	-0.000160525
PMBB6363307131824	0	67.5	4556.25	1	1	-0.00251108	0.00128249	-0.00758203
PMBB6363341618782	0	56.8	3226.24	1	2	-0.00365738	-0.00383464	0.000687744
PMBB6363480896435	0	68.7	4719.6900000000005	1	1	-0.00843555	-0.00122218	-0.00152839
PMBB6363587809324	0	62.7	3931.2900000000004	1	3	0.00296794	0.00474029	0.000592594
PMBB6363623520412	0	58.6	3433.96	2	1	-0.00197649	0.00418554	0.0158345
PMBB6364030791071	1	71.0	5041.0	1	1	0.00530888	0.00090782	0.0198636
PMBB6365900652346	0	69.5	4830.25	1	1	0.00986879	0.00418911	0.00861382
PMBB6366367258605	0	57.7	3329.2900000000004	2	1	-0.00434126	-0.00259839	-0.00817199
PMBB6366900934026	0	32.3	1043.2899999999997	2	3	0.00117664	0.0111448	0.0157367
PMBB6367660441757	0	68.9	4747.210000000001	1	3	-0.00115254	-0.0124545	-0.00996951
PMBB6367754772683	0	72.0	5184.0	2	1	-0.00961874	0.00308163	0.00979869
PMBB6367892885256	0	65.0	4225.0	2	1	-0.00938032	0.000461651	0.0036856
PMBB6370371229510	0	49.6	2460.1600000000003	2	1	0.0118468	0.00781393	0.01349
PMBB6372512068934	0	29.6	876.1600000000001	2	1	0.00190347	-0.00835412	-0.0117688
PMBB6373281877591	0	42.9	1840.4099999999999	2	3	-0.000157527	-0.00102411	-0.000879882
PMBB6373422040194	0	25.3	640.09	2	1	-0.00959205	0.00272481	-0.00106422
PMBB6373795943620	0	63.5	4032.25	1	1	-0.00241825	0.00602303	0.0056673
PMBB6373944152858	0	44.7	1998.0900000000001	1	1	-0.000904882	0.00516826	0.00705582
PMBB6374132850053	0	23.6	556.96	2	3	0.00875329	0.0101721	-0.00310447
PMBB6374364047206	0	25.2	635.04	1	1	0.00557292	8.8091e-05	0.00204264
PMBB6375608180406	0	51.4	2641.96	2	1	0.00186851	0.00257985	0.0166382
PMBB6375720105734	0	33.4	1115.56	2	1	0.00282257	0.0150067	0.00463657
PMBB6376277738874	0	50.3	2530.0899999999997	2	3	-0.00580154	-0.00195944	-0.00118558
PMBB6376664345888	1	62.5	3906.25	2	1	-0.00503326	0.00471879	-0.000435021
PMBB6376767010194	0	27.3	745.2900000000001	2	2	-0.00774245	-0.00116272	0.0114984
PMBB6377392427869	0	26.8	718.24	1	1	-0.00630072	-0.0137504	-0.0015884
PMBB6379763983843	0	74.1	5490.8099999999995	2	1	-0.000329716	0.0087442	-0.00711421
PMBB6379819070464	0	62.3	3881.2899999999995	2	1	0.00357446	0.0172442	-0.0105219
PMBB6380504447000	0	28.4	806.56	2	1	-1.16095e-05	0.0102385	4.48752e-05
PMBB6380794566097	0	36.6	1339.5600000000002	2	2	6.34507e-05	-0.00551251	0.00589378
PMBB6382501651559	0	47.1	2218.4100000000003	2	1	-0.00226767	-0.0128654	0.00972065
PMBB6383162036960	0	47.6	2265.76	1	2	0.00758173	0.0103543	0.0117611
PMBB6385946755726	0	24.5	600.25	2	1	0.000932485	-0.014997	0.00479748
PMBB6387733457054	0	63.4	4019.56	1	1	0.00326653	-0.000398636	0.00437214
PMBB6388203559211	0	51.0	2601.0	1	1	0.00760511	-0.00686274	0.00287292
PMBB6388333541171	0	27.9	778.41	2	1	-0.00730499	0.00640489	-0.000368694
PMBB6388916846086	0	21.9	479.60999999999996	2	3	0.0051506	-0.0372963	-0.000695703
PMBB6389428267163	0	36.3	1317.6899999999998	2	1	0.000928726	0.00603475	0.0129406
PMBB6389822558890	1	80.4	6464.160000000001	2	3	0.00198452	-0.00621057	-0.00958177
PMBB6391562422535	1	64.4	4147.360000000001	2	1	-0.00264007	-0.0022546	0.0130456
PMBB6392343937224	0	44.7	1998.0900000000001	2	1	-0.000250373	0.00139941	0.0114728
PMBB6392917931824	0	77.8	6052.839999999999	1	1	-0.00702399	-0.000617869	-0.00965803
PMBB6393913799324	0	73.0	5329.0	1	3	0.00874048	-0.0100219	0.00138798
PMBB6394320740987	0	45.7	2088.4900000000002	1	1	-0.00193442	0.00687663	-0.0106106
PMBB6395413364254	0	27.6	761.7600000000001	2	1	0.00384697	0.0141699	-0.0234161
PMBB6396308941922	0	47.2	2227.84	2	2	0.00194603	-0.00381325	-0.00994261
PMBB6396668588066	0	23.8	566.44	1	1	0.000605704	-0.00569981	-0.00638787
PMBB6396698156562	0	42.1	1772.41	1	3	-0.00146635	-0.00325161	-0.00715809
PMBB6398355629038	0	77.4	5990.760000000001	1	1	-0.0122031	-0.000640756	-0.00184921
PMBB6399045425874	0	60.7	3684.4900000000002	1	1	-0.00289736	-0.00961714	0.00576506
PMBB6399208741166	0	61.7	3806.8900000000003	1	1	-0.00959647	0.000533785	0.00121153
PMBB6399949902467	0	25.1	630.0100000000001	2	1	-0.00398185	-0.000440579	-0.0087933
PMBB6400331736004	0	57.3	3283.2899999999995	2	1	0.000423799	0.00213791	0.0209096
PMBB6400904223342	0	69.9	4886.010000000001	2	1	-0.00388771	-0.00395343	9.22386e-06
PMBB6401083602554	0	56.0	3136.0	2	3	7.38812e-05	0.0136292	-0.00247926
PMBB6401173657438	0	64.1	4108.8099999999995	1	2	-0.00439701	0.00405731	-0.00842792
PMBB6401416877309	0	27.7	767.29	1	3	-0.00262039	0.00157711	-0.00126256
PMBB6401905823541	0	32.7	1069.2900000000002	1	3	0.0267874	0.00680824	-0.0110367
PMBB6402339710001	1	73.3	5372.889999999999	2	2	-0.00573002	0.0075861	0.00512238
PMBB6402409344686	0	65.6	4303.36	1	1	0.00949394	0.0121672	-0.0229317
PMBB6402839961966	0	59.8	3576.0399999999995	1	1	-0.00479028	-0.00274482	-0.00846041
PMBB6403066754090	0	28.2	795.24	1	1	-0.00497742	0.00586816	-0.000721789
PMBB6403652030096	0	73.2	5358.240000000001	2	3	-0.00523427	0.00294454	0.00449415
PMBB6404824086310	0	79.2	6272.64	2	1	-0.00925305	0.00200014	0.00239901
PMBB6405089006352	0	44.1	1944.8100000000002	2	1	-0.00267797	-0.00373932	-0.00174394
PMBB6405209718560	0	42.3	1789.2899999999997	2	1	-0.00235834	0.00202629	-0.0146267
PMBB6405271467403	0	70.9	5026.81	1	1	0.00582386	-0.00683459	0.00416646
PMBB6405492381129	0	76.6	5867.5599999999995	1	1	0.00154187	-0.00448378	0.00721339
PMBB6407039820244	0	70.1	4914.009999999999	2	3	5.79326e-05	-0.00124278	-0.00155484
PMBB6408768303355	0	50.7	2570.4900000000002	2	3	0.00902577	0.0112119	-0.00468672
PMBB6409818628713	0	56.2	3158.4400000000005	2	1	-8.65097e-05	0.00837451	0.00444392
PMBB6410710970195	0	79.2	6272.64	1	1	0.00420946	0.0161501	-0.000559004
PMBB6411996215865	0	19.5	380.25	2	1	0.0301665	0.00203335	-0.000783189
PMBB6412058533216	0	27.4	750.7599999999999	2	1	-0.00858707	0.00330307	6.73479e-05
PMBB6413314719855	0	36.9	1361.61	2	3	-0.00682625	0.00595613	0.000812189
PMBB6414396278872	0	52.1	2714.4100000000003	1	1	-0.00611179	0.00278922	-0.00212102
PMBB6414878766637	0	44.1	1944.8100000000002	2	2	-0.00312823	0.00499017	0.000427615
PMBB6418610320267	0	83.3	6938.889999999999	2	1	-0.011753	0.00150453	-0.00307154
PMBB6419371051346	0	50.3	2530.0899999999997	1	1	-0.00684966	0.00217132	0.00432434
PMBB6419557019135	0	67.7	4583.29	2	1	-0.00923644	0.00050493	0.000429692
PMBB6419807445987	0	77.2	5959.84	1	1	-0.00573459	-0.00642342	-0.00031508
PMBB6420416650538	0	42.3	1789.2899999999997	2	1	-0.000902354	0.0142273	-0.00678758
PMBB6421147182167	0	48.8	2381.4399999999996	2	1	-0.00301415	0.00143244	-0.00261833
PMBB6421261503743	0	57.0	3249.0	1	1	0.0200479	-0.00389239	0.00100555
PMBB6422599202026	0	52.1	2714.4100000000003	2	1	-0.00620239	-0.00460314	-0.00336577
PMBB6424258096487	0	65.1	4238.009999999999	1	3	0.00267736	-0.0346274	-0.00961644
PMBB6425289150948	0	66.3	4395.69	2	1	0.0245062	0.00479939	-0.0078438
PMBB6427388651118	0	50.9	2590.81	2	1	0.0220034	-0.0101145	0.0198957
PMBB6428045144926	0	50.9	2590.81	1	1	-0.00706598	0.00448452	-0.00142593
PMBB6428317765584	0	64.9	4212.010000000001	1	1	0.000209553	0.00957884	0.00462563
PMBB6428566169322	0	56.7	3214.8900000000003	1	1	-0.00913588	0.00294385	0.00774964
PMBB6428584506218	1	84.2	7089.64	1	1	0.0113243	0.0102892	0.00605691
PMBB6429290908286	0	60.5	3660.25	2	1	-0.00145684	0.00399037	-0.00576471
PMBB6429545802438	0	63.8	4070.4399999999996	1	1	0.0010303	-0.0236604	-0.00410484
PMBB6429922039039	0	57.3	3283.2899999999995	1	1	-0.00691133	-0.000734923	0.00299526
PMBB6430206638293	0	33.3	1108.8899999999999	2	1	-0.00961838	0.00337082	0.00592529
PMBB6431175293639	0	50.8	2580.64	2	1	-0.00282126	0.001101	0.0127188
PMBB6431814195515	0	68.0	4624.0	2	1	0.00703517	0.0057737	0.00352948
PMBB6432242451974	0	27.0	729.0	2	3	0.000942402	-0.00346364	-0.00876138
PMBB6436294477943	0	25.7	660.49	2	3	2.11637e-05	-0.00313954	0.00217656
PMBB6436685687652	0	31.3	979.69	2	1	-0.00126946	-0.0134657	0.0118343
PMBB6437714297923	0	60.2	3624.0400000000004	2	1	0.00463847	-0.00948371	-0.00346245
PMBB6438665763165	0	35.7	1274.4900000000002	1	1	-0.00710092	0.00151513	-0.00306966
PMBB6438787702843	0	71.7	5140.89	1	1	0.0133695	0.00209255	-0.0358545
PMBB6440953328559	0	50.3	2530.0899999999997	1	1	-0.00289906	-6.22447e-05	0.000583092
PMBB6442944421196	0	48.8	2381.4399999999996	1	3	6.59626e-05	0.00571026	0.00675433
PMBB6443307292739	0	58.0	3364.0	2	3	-0.000886763	0.00210533	0.0115111
PMBB6443496148212	0	23.6	556.96	1	3	0.0127252	-0.00703895	-0.0140354
PMBB6447792776030	0	53.8	2894.4399999999996	2	1	-0.000534458	-0.00262172	-6.2782e-05
PMBB6448364978882	0	30.2	912.04	2	1	0.000823321	0.00985017	-0.000372466
PMBB6448782728331	0	44.3	1962.4899999999998	1	3	-0.00390725	0.00323811	0.00541688
PMBB6449223204326	0	62.4	3893.7599999999998	1	1	0.00867623	0.00476623	0.000189739
PMBB6449511777580	0	50.3	2530.0899999999997	2	1	0.00172264	-0.0110344	-0.00418013
PMBB6449910113798	0	43.6	1900.96	1	1	0.00418122	-0.00106128	0.0136316
PMBB6450340400284	0	60.4	3648.16	1	1	-0.00148013	0.0103096	-0.00030068
PMBB6453135804708	0	65.3	4264.089999999999	1	1	-0.00326428	-0.00323068	0.00492229
PMBB6453294813597	0	65.1	4238.009999999999	1	1	0.00278753	0.000908492	0.0082387
PMBB6454539554878	0	38.7	1497.6900000000003	1	1	0.0209199	-0.00490291	0.00402071
PMBB6456085813540	0	35.0	1225.0	1	1	-0.00553927	-0.00119108	0.00469034
PMBB6457438725297	0	41.5	1722.25	2	1	-0.00877348	0.00437342	0.00117122
PMBB6459244833604	1	81.5	6642.25	2	1	0.000854896	-0.0132039	-0.00705249
PMBB6459334977064	0	20.1	404.01000000000005	2	1	0.00676924	0.0099703	-0.00856681
PMBB6459466972441	0	25.4	645.16	2	1	-0.00211441	-0.00631881	-0.0111188
PMBB6459798776736	0	64.5	4160.25	1	1	-0.00668264	0.00666144	-0.00182889
PMBB6459881637514	0	42.9	1840.4099999999999	2	1	-0.0018384	-0.00149728	0.00074853
PMBB6460577826198	0	29.1	846.8100000000001	2	1	-0.00198712	0.00502689	-0.00816076
PMBB6460958583528	0	44.7	1998.0900000000001	1	1	0.00126837	-0.000778105	0.00764075
PMBB6462012451305	1	51.7	2672.8900000000003	2	3	0.00390476	0.00141023	0.00225565
PMBB6462052046615	0	55.4	3069.16	2	1	0.00228418	-0.00664934	0.00925115
PMBB6462306859188	0	79.5	6320.25	1	1	-0.00582734	-0.00713497	-0.00753741
PMBB6463026221487	0	59.0	3481.0	1	1	-0.0024718	-0.00429575	-0.00653532
PMBB6465930426582	0	34.5	1190.25	2	3	-0.00607155	0.00419084	0.00965141
PMBB6466032593049	0	62.3	3881.2899999999995	2	1	-0.00743482	-0.0144545	-0.00169738
PMBB6466338804482	0	33.7	1135.6900000000003	2	1	0.00273247	0.00219312	0.0142267
PMBB6467023083104	0	35.8	1281.6399999999999	2	1	-0.00191506	0.00539055	-0.00161764
PMBB6467287916544	0	73.8	5446.44	2	1	-0.00345731	0.00324631	-0.00517837
PMBB6467293239602	0	48.4	2342.56	2	1	-0.010565	0.00198876	0.00148271
PMBB6467808161522	0	61.8	3819.24	2	1	-0.00639826	-0.0134899	-0.00302921
PMBB6468365168745	0	55.2	3047.0400000000004	2	1	-0.0029194	0.0031408	-0.00300109
PMBB6468732343889	0	21.8	475.24	2	1	-0.00260657	0.00913578	-0.0198977
PMBB6468847130229	0	45.5	2070.25	2	1	-0.00507117	-0.00338576	-0.00277652
PMBB6470919919574	0	54.8	3003.0399999999995	2	1	-0.00573615	0.00542429	0.00407295
PMBB6471081045849	0	51.3	2631.6899999999996	1	3	0.000522834	0.00441934	0.00892275
PMBB6471458930204	0	24.8	615.0400000000001	2	1	-0.0023439	-0.02027	0.00670667
PMBB6471796321936	0	48.1	2313.61	1	1	-0.00619619	0.00314887	0.00448688
PMBB6471816890882	0	48.1	2313.61	2	3	0.00171658	0.0093542	-0.0127121
PMBB6473163010416	0	69.0	4761.0	1	1	-0.00305501	0.00998406	-0.00295783
PMBB6474113771303	0	55.8	3113.64	2	1	-0.00645325	0.00642404	-0.00932818
PMBB6474226412928	0	55.0	3025.0	1	1	-0.00136306	-0.00846794	0.000404896
PMBB6475160336672	0	56.6	3203.56	2	3	-0.00391225	-0.00179162	-0.00368085
PMBB6479199008819	0	51.2	2621.4400000000005	2	1	-0.0106465	-0.00839137	0.000955946
PMBB6480267144402	0	30.9	954.81	2	3	-0.00849561	0.000107534	-0.00262801
PMBB6480946683165	0	18.8	353.44000000000005	1	1	-0.000355394	0.00491877	-0.00558834
PMBB6480995937427	0	54.8	3003.0399999999995	1	3	-0.007829	0.00303278	-0.00530927
PMBB6482131238607	0	61.7	3806.8900000000003	1	1	-0.00149484	0.00748502	-0.0118887
PMBB6482982501569	0	43.2	1866.2400000000002	1	1	0.0291982	0.00653786	-8.25857e-05
PMBB6484460309291	0	65.7	4316.490000000001	1	1	-0.0129268	0.000513096	-0.000756907
PMBB6486366526348	1	64.7	4186.09	2	1	0.00612503	-0.0171819	-0.0173176
PMBB6486421671501	0	33.2	1102.2400000000002	2	3	-0.00378044	0.00480187	0.000488221
PMBB6489605618368	0	31.5	992.25	1	1	-0.00698507	0.00164809	0.00352317
PMBB6491260581418	0	50.6	2560.36	1	1	-0.00291295	-0.015061	-0.00170618
PMBB6492412297592	0	56.8	3226.24	2	1	0.00420205	0.00545988	-0.00192805
PMBB6493507386455	0	55.6	3091.36	1	3	-0.00263322	0.000939965	0.000667514
PMBB6495021353196	0	25.8	665.64	2	2	0.0053183	0.00697345	-0.00128821
PMBB6495801584758	0	73.9	5461.210000000001	2	1	0.0150637	0.00680705	-0.0293021
PMBB6498117501945	0	44.5	1980.25	2	2	-0.00785761	-0.0042767	-0.00387924
PMBB6498137558322	0	37.8	1428.8399999999997	2	1	-0.00584076	0.00239819	0.00352568
PMBB6499542428022	0	18.6	345.96000000000004	1	1	0.0232046	0.00438439	0.00185577
PMBB6499886864847	0	44.7	1998.0900000000001	2	3	-0.00208008	0.00802592	0.00712387
PMBB6500855115886	0	62.7	3931.2900000000004	2	1	0.00287929	-0.0107303	-0.0122492
PMBB6501090548644	0	21.9	479.60999999999996	2	1	-0.00309496	-0.00618746	0.0132038
PMBB6501154318546	1	64.3	4134.49	2	1	-0.00612008	-0.0127384	-0.00656849
PMBB6502710121092	0	57.8	3340.8399999999997	2	3	-0.0110728	0.0014161	0.000697463
PMBB6506770514718	0	25.1	630.0100000000001	2	1	-0.00588037	0.00604062	-0.000948761
PMBB6507460109136	0	59.6	3552.1600000000003	1	1	-0.0028892	-0.0172217	0.00274244
PMBB6507596027643	0	31.6	998.5600000000001	2	3	-0.00377057	-0.00588802	0.00493544
PMBB6510135709648	0	49.2	2420.6400000000003	1	3	-0.0130434	-1.0457e-05	-0.00338883
PMBB6510757606308	0	37.3	1391.2899999999997	2	2	-0.00567539	-0.0106114	-0.0019278
PMBB6510782858988	0	51.1	2611.21	1	1	-0.00605806	-0.00138045	-0.00217164
PMBB6511122020615	0	24.8	615.0400000000001	2	1	-0.00730773	0.00129421	0.00814108
PMBB6512156886388	0	45.9	2106.81	2	1	-0.00499172	0.00260537	-5.77082e-05
PMBB6512282110054	0	51.4	2641.96	2	1	-0.00585029	-0.018222	0.00310847
PMBB6512785732431	0	52.4	2745.7599999999998	1	1	0.000330303	-0.00489902	0.00683965
PMBB6515742917167	0	31.0	961.0	2	1	-0.000995288	-0.0137256	0.004684
PMBB6516134837081	0	45.1	2034.0100000000002	2	1	0.00585171	-0.0244977	0.00942849
PMBB6518395368868	0	77.9	6068.410000000001	1	1	-0.00985794	0.00300734	-0.00330436
PMBB6521859275729	0	35.8	1281.6399999999999	2	3	-0.00841365	-0.00263158	-0.00228095
PMBB6522092404570	0	59.5	3540.25	2	3	-0.0120091	0.00110119	-0.00243714
PMBB6522415922492	0	59.3	3516.49	1	1	0.0197676	0.00294019	-0.00379607
PMBB6522593325746	0	43.3	1874.8899999999996	1	1	0.0216231	-0.0110416	-0.00742842
PMBB6522713955600	0	51.7	2672.8900000000003	1	1	-0.00413471	0.00292086	0.00518682
PMBB6524140978940	0	37.0	1369.0	1	1	-0.00288311	-0.00371979	-0.0157483
PMBB6525145142374	0	58.4	3410.56	1	1	0.0211876	0.00936927	-0.0129161
PMBB6526382528005	0	64.2	4121.64	1	1	-0.00142216	0.00860053	0.00463112
PMBB6528623651479	0	52.4	2745.7599999999998	1	3	0.0166966	0.0167537	-0.0090802
PMBB6530160593555	0	36.8	1354.2399999999998	2	3	0.000743862	-0.00427282	-0.00464937
PMBB6530169482313	0	55.4	3069.16	2	3	0.00248664	0.00328206	0.00295627
PMBB6530986027342	0	56.4	3180.96	2	1	0.0298005	0.00561196	0.0018395
PMBB6531594804308	0	65.7	4316.490000000001	1	3	-0.00539997	-0.00329658	0.00194073
PMBB6531674339322	0	68.7	4719.6900000000005	2	1	0.0100444	-0.00547833	-0.0138164
PMBB6532521086914	0	33.5	1122.25	2	1	-0.00290228	0.00227238	-0.00190409
PMBB6532635205579	0	51.1	2611.21	1	3	-0.00519688	-0.0231591	0.00236027
PMBB6533823627887	0	27.3	745.2900000000001	2	1	-0.00221371	0.00135175	0.0127514
PMBB6534491090911	0	48.5	2352.25	1	1	-0.0019528	-0.00765829	-0.00489993
PMBB6536604719298	0	70.5	4970.25	1	2	-0.00786903	0.000913051	0.00222475
PMBB6537436579254	0	55.4	3069.16	1	1	0.0102722	-0.000843745	0.000901079
PMBB6537538962968	0	39.1	1528.8100000000002	2	1	-0.00274338	0.00678331	-0.0014483
PMBB6537605172676	0	66.9	4475.610000000001	2	3	0.00469486	0.020575	-0.00754704
PMBB6538067672827	0	20.0	400.0	1	1	-0.000961566	-0.00813609	0.00105837
PMBB6538229399783	1	66.0	4356.0	2	1	0.000258858	-0.00181095	0.00764475
PMBB6538382576693	0	24.7	610.0899999999999	2	3	0.0226105	0.00577275	-0.000373313
PMBB6538954609442	1	58.1	3375.61	2	3	-0.00325376	-0.010755	0.000833707
PMBB6541029219277	0	26.2	686.4399999999999	2	1	0.00129254	0.00988864	-0.00850505
PMBB6541184562872	0	20.8	432.64000000000004	2	1	0.00256167	-0.000827174	0.0168515
PMBB6541942401638	0	49.4	2440.3599999999997	2	3	0.00312855	-0.0350875	-0.0154704
PMBB6542087113300	0	57.5	3306.25	2	3	-0.00864703	-0.000692501	-0.000196103
PMBB6543305104446	0	61.3	3757.6899999999996	1	1	-0.00687181	0.00109154	0.000127909
PMBB6543405164192	0	54.2	2937.6400000000003	1	3	-0.00370903	-0.00280202	0.00518011
PMBB6544207443606	0	46.6	2171.56	2	2	0.00311527	-0.0354462	0.00684016
PMBB6544543728420	0	59.5	3540.25	2	1	0.000989759	-0.001531	0.0139704
PMBB6544548599824	0	34.3	1176.4899999999998	1	3	-0.00245036	-0.0062558	0.000567629
PMBB6544574905396	0	52.3	2735.2899999999995	2	1	-0.00305581	0.000838991	0.00214348
PMBB6544924762569	0	65.7	4316.490000000001	1	1	0.00125239	0.0148082	-0.000270944
PMBB6547712366609	0	62.0	3844.0	1	1	0.00566857	0.00968982	-0.00366035
PMBB6548000092366	0	28.2	795.24	2	1	0.00168955	-0.000856123	-0.0156394
PMBB6548213398441	0	57.2	3271.84	1	1	-0.00677366	0.00337948	-0.00135209
PMBB6548354669228	0	24.8	615.0400000000001	2	1	-0.00449415	-0.000213692	0.00164317
PMBB6548392296280	0	62.7	3931.2900000000004	1	3	-0.00669254	0.00270101	-1.79949e-05
PMBB6548768123840	0	58.4	3410.56	1	1	-0.00106455	5.20881e-05	-0.019164
PMBB6549249143163	0	85.2	7259.040000000001	1	1	-0.0100418	0.00233941	0.000384579
PMBB6553639598855	0	42.4	1797.76	2	3	-0.000183511	-0.00653459	0.00376434
PMBB6554105215491	0	32.7	1069.2900000000002	2	3	-9.54203e-05	-0.0302467	0.000556095
PMBB6556479827607	0	48.7	2371.69	2	1	0.0027574	0.00905863	-0.00591055
PMBB6556626775787	0	28.8	829.44	2	2	-0.000694358	0.00272629	-0.00126262
PMBB6557539775570	0	24.2	585.64	2	1	0.0063603	0.00580944	-0.0202848
PMBB6559762109877	0	21.9	479.60999999999996	2	1	-0.00574668	-0.0112522	0.00338995
PMBB6561414802449	0	53.4	2851.56	2	1	-0.00391682	-0.0026583	7.71529e-05
PMBB6562404378682	0	50.9	2590.81	2	1	0.0247458	0.00212844	-0.00261282
PMBB6562429192072	0	60.6	3672.36	1	1	0.00315868	-0.0045724	0.00193724
PMBB6562983283370	0	63.0	3969.0	2	1	-0.00133037	-0.0109908	-0.000895311
PMBB6564555210141	0	48.4	2342.56	2	1	0.00306847	0.0065498	-0.00371095
PMBB6565065423993	0	44.8	2007.0399999999997	1	1	0.00237693	-0.000807039	-0.00811159
PMBB6565979142761	0	67.3	4529.29	1	1	-0.00485848	-0.00956356	0.0104849
PMBB6567489277197	0	23.5	552.25	2	1	0.0200797	-0.00219375	0.00104927
PMBB6568990189665	0	67.6	4569.759999999999	2	1	-0.00373256	-0.0150139	0.00100078
PMBB6569256187946	0	60.5	3660.25	1	1	0.00619155	-0.0115212	-0.000456296
PMBB6570171430585	0	79.5	6320.25	1	1	-0.00341035	0.00791949	0.00733722
PMBB6572445379754	0	39.7	1576.0900000000001	2	3	-0.00126905	0.00322498	-0.00914783
PMBB6573697082508	0	67.6	4569.759999999999	2	1	-0.000651973	-0.00771434	-0.000365316
PMBB6573835554059	0	58.8	3457.4399999999996	1	1	-0.00119555	-0.00854351	0.0135815
PMBB6574882712392	0	75.0	5625.0	2	1	-0.0113956	-0.00151723	0.00053506
PMBB6575545855350	0	18.2	331.23999999999995	2	3	0.00396136	0.0101294	0.0138246
PMBB6575620548142	0	89.4	7992.360000000001	2	1	-0.00908909	0.00231403	0.00251061
PMBB6575888674433	0	24.0	576.0	2	1	-0.000676917	-0.0125297	0.0110916
PMBB6577818593772	0	47.1	2218.4100000000003	1	1	0.0198898	0.000990685	0.00172742
PMBB6577980272284	0	23.1	533.61	1	2	-0.00166917	0.00143511	-0.00189596
PMBB6578003418584	0	31.2	973.4399999999999	2	3	0.000108778	0.00531386	-0.00348947
PMBB6578185134791	0	23.2	538.24	2	1	-0.0032086	-0.00239563	-0.0044804
PMBB6578469800011	0	55.6	3091.36	1	1	-0.00864691	0.0062783	0.00191823
PMBB6579237033678	0	61.2	3745.4400000000005	1	1	-0.0127045	0.000882013	-0.00160943
PMBB6579807566180	0	53.1	2819.61	2	1	-0.00134262	0.00935432	0.000775007
PMBB6580697613020	0	54.9	3014.0099999999998	2	2	0.00772906	0.0130763	-0.0066723
PMBB6581021565833	0	70.2	4928.04	1	1	0.0018367	0.0132454	0.020324
PMBB6581216832437	0	34.1	1162.8100000000002	2	1	0.002427	-0.0141661	-0.00153645
PMBB6581263000308	0	40.6	1648.3600000000001	2	1	-6.20863e-05	-0.000331449	-0.0126554
PMBB6585658392060	0	34.8	1211.0399999999997	2	1	0.0015397	0.00145808	0.00387205
PMBB6588130536163	0	43.9	1927.2099999999998	1	1	-0.00528905	-0.009403	-0.0088736
PMBB6588702524257	0	56.1	3147.21	2	1	-0.00642946	-0.00746262	-0.00382932
PMBB6590382476571	0	44.2	1953.6400000000003	2	3	0.00260506	0.0152418	0.00595649
PMBB6590657536405	0	27.8	772.84	2	1	0.0217088	-0.00214987	0.0064592
PMBB6590974811111	0	65.7	4316.490000000001	1	1	0.00607978	0.0116951	-0.0153091
PMBB6591020871549	0	61.8	3819.24	1	1	-0.000427055	0.00139702	0.00141295
PMBB6591833667809	0	21.8	475.24	2	1	0.00109912	0.00810936	0.00459311
PMBB6591912138137	0	39.0	1521.0	2	1	-0.00385065	-0.000329441	-0.00320166
PMBB6591969949017	0	53.5	2862.25	2	1	-0.00238395	0.0111899	0.00767235
PMBB6592924694321	0	54.6	2981.1600000000003	1	1	-0.00511635	0.00805723	-0.00156144
PMBB6595004150024	0	35.6	1267.3600000000001	1	1	0.0108513	-0.0124175	0.00310348
PMBB6596431774615	0	64.2	4121.64	1	1	-0.00518091	0.00770762	0.012409
PMBB6596826932687	0	57.6	3317.76	2	1	-0.00254235	-0.00355598	0.0153494
PMBB6597483771533	0	50.5	2550.25	2	1	0.00566247	-0.022719	-0.00132541
PMBB6599569600073	1	59.6	3552.1600000000003	2	1	-0.00564496	0.00465625	-0.00749084
PMBB6600707547290	0	41.8	1747.2399999999998	1	2	-0.00419703	-0.00624237	0.00249473
PMBB6601100381241	0	66.9	4475.610000000001	2	1	-0.00268133	0.00257496	0.000842234
PMBB6601755515207	0	63.9	4083.21	1	1	0.000841161	0.00861215	0.00838406
PMBB6602908509638	0	76.5	5852.25	1	1	-0.000862468	-0.0173512	-0.00302933
PMBB6604310538076	0	21.3	453.69000000000005	1	1	-0.00315671	0.00277012	0.00432221
PMBB6606644008779	0	41.4	1713.9599999999998	2	2	-0.00742008	-0.00265768	0.000145563
PMBB6608144561697	0	49.7	2470.09	1	1	-0.00855117	0.00411397	-9.72439e-05
PMBB6609077238804	0	66.4	4408.960000000001	1	1	-0.00455702	-0.000273305	0.000966206
PMBB6609262873278	0	49.3	2430.49	1	1	-0.00814473	0.00152088	0.00224198
PMBB6609552885164	0	22.8	519.84	1	1	0.0229141	-0.00169806	0.00889419
PMBB6610657097435	0	20.4	416.15999999999997	2	1	0.0104505	-0.00535164	0.00285435
PMBB6610864085649	0	28.1	789.6100000000001	1	3	0.00025118	-0.0154192	0.00637007
PMBB6611480621972	0	68.7	4719.6900000000005	1	1	0.010641	-0.00458265	0.00537712
PMBB6613405715788	0	61.9	3831.6099999999997	1	1	0.00284113	-0.00343676	-0.00312606
PMBB6614519212317	0	72.1	5198.409999999999	2	1	-0.00268323	0.00931404	-0.00771499
PMBB6614730285611	0	33.1	1095.6100000000001	2	3	-0.00199746	0.00732831	0.000348852
PMBB6615718080080	0	38.0	1444.0	2	2	-0.00325443	-0.00967826	0.00321193
PMBB6617322406423	1	61.3	3757.6899999999996	2	1	0.00756678	-0.00740673	-2.55975e-05
PMBB6617506009587	0	86.6	7499.559999999999	2	1	0.00393827	0.0129561	6.52296e-05
PMBB6618793607661	0	40.0	1600.0	1	3	0.0308509	0.0039491	0.00441837
PMBB6620429886302	0	53.5	2862.25	2	1	-0.0123209	-0.000428992	0.00234936
PMBB6620580581082	0	27.9	778.41	2	1	0.00141306	-0.00364782	0.0100264
PMBB6620722389010	0	53.2	2830.2400000000002	2	1	-0.00609104	-0.00940757	-0.00804373
PMBB6620850181856	1	24.5	600.25	2	1	-0.0013637	0.00577291	0.00209629
PMBB6621860223186	0	72.7	5285.29	1	1	-0.00471519	0.00676449	0.000312219
PMBB6622112097243	0	74.5	5550.25	2	1	-0.00190334	0.0114942	0.00588518
PMBB6622241521073	0	56.8	3226.24	2	3	0.00785116	0.00542275	-0.00504796
PMBB6622720877539	0	68.1	4637.61	1	1	-0.0061913	0.00240762	0.00815515
PMBB6622901327864	0	68.9	4747.210000000001	2	1	0.00953234	0.0119341	0.00890618
PMBB6625219159467	0	63.8	4070.4399999999996	1	1	-0.00780189	0.00735257	0.00821911
PMBB6626171939912	0	21.8	475.24	1	1	0.00179651	0.00374025	-0.00623415
PMBB6627664188097	0	24.7	610.0899999999999	2	3	0.00347092	-0.0203978	-0.00605497
PMBB6627902294354	0	65.7	4316.490000000001	2	3	-0.00410319	0.00644157	0.00976327
PMBB6628298732291	0	55.6	3091.36	1	1	-0.00741042	-0.00348516	0.00109347
PMBB6630459808471	0	24.7	610.0899999999999	2	1	0.00755635	0.00140328	0.00298863
PMBB6631745659715	0	66.8	4462.24	2	1	-0.00653888	-0.0178516	-0.00881009
PMBB6632875191625	0	71.6	5126.5599999999995	1	1	-0.00463265	-0.00439488	-0.00469749
PMBB6635237250807	0	31.4	985.9599999999999	2	3	0.00175468	0.00285611	0.00277946
PMBB6637306586690	0	54.1	2926.81	1	1	-0.0126448	0.000484326	0.00167679
PMBB6637633881492	0	57.1	3260.4100000000003	1	3	-0.00426027	0.00470119	0.00794468
PMBB6637726926750	0	45.6	2079.36	1	3	-0.00344315	0.00304218	0.0028872
PMBB6638411533341	1	74.7	5580.09	2	1	-0.00806209	-0.0111491	0.00268166
PMBB6638526837960	0	36.6	1339.5600000000002	1	1	-0.00583223	0.0030251	-0.000467891
PMBB6638678106205	0	34.7	1204.0900000000001	2	1	0.00204008	-0.0167014	0.00115367
PMBB6639225183001	0	53.6	2872.96	1	1	-0.00217646	-0.0094272	-0.00433428
PMBB6640101628404	0	57.6	3317.76	2	1	-0.00347494	0.00456616	0.00251182
PMBB6640651716462	1	61.1	3733.21	2	1	-0.000608134	-0.00125971	-0.00902225
PMBB6641649999845	0	42.0	1764.0	2	1	-0.000544771	0.00635572	0.0118378
PMBB6642115316923	0	55.6	3091.36	1	1	0.00194249	-0.00106476	-0.0035811
PMBB6642973957050	0	39.2	1536.6400000000003	2	1	-0.00367582	-0.000216829	-0.000604124
PMBB6643276507158	0	47.3	2237.2899999999995	1	1	-0.00576881	-0.00314345	0.000944222
PMBB6645895322379	0	85.8	7361.639999999999	1	2	-0.0041762	0.00397834	0.0135222
PMBB6647672787557	0	75.3	5670.089999999999	2	1	0.0216884	0.0207505	0.00481095
PMBB6647876319831	0	62.7	3931.2900000000004	2	1	-0.00635052	-0.0154725	0.00329121
PMBB6648102311624	0	44.6	1989.16	2	1	-0.0111371	0.00370736	-0.00138264
PMBB6648292687462	0	80.3	6448.089999999999	2	1	0.00379927	0.00422976	0.00555885
PMBB6648400120838	0	82.2	6756.84	1	1	0.00252573	-0.0102251	-0.004425
PMBB6649459529404	0	66.7	4448.89	1	1	-0.0121077	-0.000187826	-0.000758851
PMBB6649518907439	0	47.5	2256.25	1	1	0.024702	0.00960349	-0.017837
PMBB6649638999957	0	37.1	1376.41	2	1	0.0011803	-0.008603	0.00422336
PMBB6650478134503	0	58.7	3445.6900000000005	1	1	-0.00448987	0.00219274	0.0110309
PMBB6651040310024	0	25.5	650.25	2	1	-0.00302236	-0.0103663	0.000326797
PMBB6651456555534	0	25.9	670.81	2	1	-0.00272696	0.00600208	0.00751165
PMBB6652001869137	0	65.4	4277.160000000001	2	3	0.00348145	-0.0130198	0.000293156
PMBB6652099841202	0	54.5	2970.25	2	3	0.00154029	0.00239392	0.00367058
PMBB6654559039505	0	23.5	552.25	2	3	-0.0020105	-0.0112591	-0.00463754
PMBB6655352503585	0	60.0	3600.0	2	2	-0.00507934	0.00333178	-0.000800117
PMBB6657208974918	0	46.2	2134.44	2	3	-0.00310592	0.00292585	0.00593009
PMBB6657705119717	0	39.9	1592.01	2	1	-0.00108393	-0.00795641	0.00011334
PMBB6659982552508	0	57.2	3271.84	1	1	-0.00106557	-0.00487093	0.00148436
PMBB6660085260005	0	64.9	4212.010000000001	1	1	0.00737947	-0.00102661	-0.00488642
PMBB6661091295625	0	48.1	2313.61	2	1	0.00839316	-0.0039665	0.00135346
PMBB6661703384952	0	59.5	3540.25	1	1	-0.0056876	-0.000866203	-0.00117549
PMBB6661744192281	0	63.8	4070.4399999999996	2	1	-0.00118058	-0.0102253	0.0235064
PMBB6662842345565	0	42.0	1764.0	2	1	0.00567335	0.00843449	0.00177472
PMBB6665272171638	0	53.8	2894.4399999999996	1	1	-0.00782257	0.000855129	-0.00251061
PMBB6665801555696	0	41.9	1755.61	2	2	-0.00361012	0.00325161	0.00173809
PMBB6666129448534	0	35.3	1246.0899999999997	2	1	-0.00473752	-0.00397091	0.0106165
PMBB6666320155141	0	65.3	4264.089999999999	2	1	0.000631747	-0.010196	-0.00335048
PMBB6666405623780	0	65.9	4342.81	2	1	-0.00673383	0.00221125	-0.0013858
PMBB6667728301315	0	35.9	1288.81	2	1	-0.00362848	0.00340207	-0.00242911
PMBB6668281237788	0	33.7	1135.6900000000003	2	1	0.00788291	0.00186712	-0.0185625
PMBB6668424396939	1	74.1	5490.8099999999995	2	1	-0.00189159	-0.000713514	0.00537207
PMBB6668606090580	0	81.6	6658.5599999999995	2	1	-0.0104255	-0.00129297	0.0156552
PMBB6669680551400	0	27.8	772.84	2	2	0.0253602	-0.00991278	0.0138476
PMBB6672985622832	0	74.5	5550.25	2	2	0.0196193	-0.00398082	-0.00703714
PMBB6674007250737	0	61.9	3831.6099999999997	2	1	-0.00220767	0.000648739	0.00954055
PMBB6674242652125	0	27.9	778.41	2	3	-0.0058556	0.00388028	-0.00644667
PMBB6674443875803	0	56.3	3169.6899999999996	1	1	-0.0129352	-0.00323499	-0.000434394
PMBB6674964730602	0	23.8	566.44	2	1	-0.00563899	-0.0144856	0.00291124
PMBB6677979401750	0	53.9	2905.21	2	1	-0.00806706	0.0049124	-0.00337853
PMBB6679601188582	0	26.9	723.6099999999999	2	1	-0.00674072	0.00361245	0.00231303
PMBB6680726751466	0	29.5	870.25	2	1	-0.00161935	-0.000910651	-0.0139933
PMBB6681414288236	0	54.7	2992.09	1	1	0.000799411	0.00712693	-0.00532901
PMBB6682586749981	0	29.5	870.25	1	3	0.00385295	-0.00789589	-0.00645486
PMBB6683905377290	0	39.4	1552.36	1	1	-0.00548395	-0.00467709	0.00075663
PMBB6683916477873	0	35.1	1232.01	2	2	-0.00061727	-0.000841698	0.00221999
PMBB6687417030726	0	26.6	707.5600000000001	2	3	-0.000955629	-0.00129495	-0.0163497
PMBB6687880414463	0	73.6	5416.959999999999	2	1	-0.00635136	0.00753037	0.00117087
PMBB6688042184669	0	51.6	2662.56	1	1	-0.000136606	0.0111764	-0.0018706
PMBB6689284674611	0	21.6	466.56000000000006	2	1	-0.00216761	-0.00366624	-0.00372313
PMBB6689691711318	0	34.4	1183.36	2	1	-0.0131017	-0.00199353	-0.00329831
PMBB6690494523266	0	63.0	3969.0	2	2	-0.00237992	0.00686492	0.00692631
PMBB6690682722060	0	61.9	3831.6099999999997	1	1	-0.00509674	-0.00564487	0.00109874
PMBB6691706605564	0	27.2	739.8399999999999	2	2	-0.0015511	-0.00363672	-0.00830061
PMBB6694514610795	0	25.8	665.64	1	3	-0.00363025	-0.0045598	0.000901768
PMBB6694804993177	0	52.6	2766.76	1	3	-0.00142976	-0.0172221	-0.00745246
PMBB6696125683904	0	45.8	2097.64	2	3	-0.0018946	0.00941798	-0.00655386
PMBB6697315580899	0	29.8	888.0400000000001	2	1	-0.00652292	0.00593839	0.000203044
PMBB6699173049929	0	36.7	1346.89	2	1	-0.00625485	0.00819369	0.000195958
PMBB6699226940154	0	89.2	7956.64	2	1	0.00525254	0.0169362	-0.00442612
PMBB6700452800982	0	25.7	660.49	2	2	0.00195519	0.00716674	-0.00252888
PMBB6700637597324	0	62.5	3906.25	2	1	-0.00577954	0.00707013	0.000387841
PMBB6701859792784	1	34.5	1190.25	1	1	-0.00780611	-0.00109805	0.00597336
PMBB6702178803980	0	77.3	5975.29	1	3	-0.00692626	0.00138497	-0.00307874
PMBB6703173805544	1	63.9	4083.21	1	1	0.00618841	0.0121241	-0.00693326
PMBB6703513627559	0	31.7	1004.89	2	1	-0.00345163	0.00970226	-0.00661091
PMBB6703604142952	0	50.3	2530.0899999999997	2	1	-0.00694221	-0.0299675	-0.00218846
PMBB6705330270506	0	43.8	1918.4399999999998	1	1	-0.0017055	0.00598069	0.0118972
PMBB6705734556791	0	50.5	2550.25	2	3	-0.000970557	-0.011309	0.00324749
PMBB6706051895917	0	75.2	5655.040000000001	2	1	0.000714909	0.0021641	-0.00963209
PMBB6707062498677	0	40.9	1672.81	1	1	-0.00011751	0.000478156	-0.00375242
PMBB6708189687117	0	63.0	3969.0	2	1	0.000628007	-0.0118328	-0.0010592
PMBB6709541153600	0	59.4	3528.3599999999997	1	3	-0.00391444	0.00611589	-6.8699e-06
PMBB6709908269129	0	49.3	2430.49	1	1	-0.000575681	0.0103406	0.00320478
PMBB6710320995520	0	43.5	1892.25	2	1	0.00309139	0.0202964	-0.0122993
PMBB6710885293298	0	36.8	1354.2399999999998	2	1	0.00529751	0.0130238	0.0119936
PMBB6711407170185	0	28.8	829.44	2	3	-0.00542019	0.00341278	0.00564021
PMBB6711473429811	0	30.6	936.3600000000001	2	1	-0.00585253	0.000449397	0.00237428
PMBB6711483433972	0	66.2	4382.4400000000005	1	1	-0.000596298	0.000321295	-0.0118311
PMBB6712101976341	0	59.6	3552.1600000000003	2	1	-0.00538486	-0.00203326	-0.00216331
PMBB6712426779758	0	58.1	3375.61	1	1	-0.01044	-0.00188775	-0.00640861
PMBB6713019868357	0	72.3	5227.29	1	3	-0.00179103	0.00271086	-0.00527538
PMBB6713610337549	0	40.3	1624.0899999999997	2	1	0.000952179	-0.0113676	0.00383348
PMBB6713866558864	1	68.2	4651.240000000001	1	1	-0.00186804	-0.0143135	-0.00457155
PMBB6714271754382	0	40.0	1600.0	1	3	0.0228396	-6.80974e-05	-0.00155118
PMBB6716471156104	0	38.6	1489.96	2	2	-0.00276416	0.00934231	0.00520183
PMBB6716790141247	0	64.1	4108.8099999999995	2	1	0.0214855	-0.00466201	-0.0143748
PMBB6717765417550	0	64.7	4186.09	1	1	0.0181792	0.00429763	0.00262218
PMBB6718307963724	0	61.5	3782.25	1	1	0.0185398	0.00897981	0.0147108
PMBB6718366024750	0	57.9	3352.41	2	1	-0.00167257	0.00191192	0.00306808
PMBB6719136104727	0	24.9	620.0099999999999	2	3	0.00057894	-0.0049011	0.00422155
PMBB6720926218462	0	35.5	1260.25	2	1	0.00331577	-0.00616909	-0.00883934
PMBB6721058436589	0	43.1	1857.6100000000001	2	1	0.0212837	0.00531677	0.00766316
PMBB6721304889885	0	64.4	4147.360000000001	1	1	-0.0092362	0.0035408	-0.00819288
PMBB6721470914866	0	44.6	1989.16	2	1	-0.00480146	0.00685986	-0.00434134
PMBB6722216397088	0	60.0	3600.0	2	1	0.000177021	-0.0154712	0.000972565
PMBB6722315621546	0	62.3	3881.2899999999995	1	1	0.00256696	-0.0158358	-0.0118259
PMBB6724473866232	0	49.5	2450.25	2	1	-0.001978	-0.0057517	-0.00876745
PMBB6724760129822	0	29.6	876.1600000000001	2	3	-0.00350243	0.0102328	0.0205323
PMBB6726861007415	0	34.1	1162.8100000000002	2	1	-0.00298876	-0.00847416	0.0043342
PMBB6727803060295	0	66.8	4462.24	1	1	-0.0034702	0.00563746	-0.00775871
PMBB6728848908347	0	75.5	5700.25	2	1	-0.0105324	-0.00125191	-0.00127977
PMBB6732357276930	0	63.2	3994.2400000000002	1	1	-0.00976353	0.00173595	0.00488591
PMBB6732526211586	0	26.7	712.89	2	1	-0.00034421	-0.0208072	-0.00173073
PMBB6732912653674	0	58.0	3364.0	1	1	-0.00938798	-0.0046752	-0.00242486
PMBB6733332352952	0	56.2	3158.4400000000005	1	1	-0.000150187	-0.00181581	0.00389822
PMBB6734065691279	0	60.2	3624.0400000000004	2	1	0.00292324	0.00147233	-0.0133216
PMBB6734488437370	0	58.6	3433.96	2	1	-0.0100017	0.00278986	-0.0091388
PMBB6735375140519	0	56.2	3158.4400000000005	1	1	-0.00148208	-0.0102781	0.00545104
PMBB6735944988839	0	46.7	2180.8900000000003	1	1	-0.000391233	-0.00407396	0.00470303
PMBB6736129006420	0	62.2	3868.84	1	2	0.0017903	-0.00884532	-0.004184
PMBB6736411581577	0	43.5	1892.25	1	1	-0.000389822	-0.00584179	0.00209883
PMBB6736461611566	0	55.5	3080.25	1	3	-0.00355562	0.00285742	0.0017957
PMBB6736507424838	0	68.9	4747.210000000001	1	1	-0.00542028	-0.000689189	0.00239452
PMBB6738014043002	0	64.2	4121.64	1	1	0.00426475	0.0115396	-0.0231972
PMBB6740366957580	0	54.3	2948.49	1	1	-0.00499273	-0.00691009	-1.40398e-06
PMBB6742288264746	0	39.1	1528.8100000000002	2	1	-0.0110999	-0.00220232	0.000197172
PMBB6742289307455	0	52.5	2756.25	2	1	-0.00379306	0.0045539	0.0102782
PMBB6744845034961	0	27.3	745.2900000000001	2	1	0.0072217	0.0063761	0.009911
PMBB6745477534182	0	51.7	2672.8900000000003	1	2	0.0247247	0.0019874	0.00160762
PMBB6745560658522	0	75.9	5760.810000000001	1	3	-0.00143921	0.00144178	0.0126754
PMBB6746465363047	0	52.7	2777.2900000000004	2	1	-0.00332349	-0.0143652	0.00128791
PMBB6748361043905	0	57.1	3260.4100000000003	2	1	-0.00866228	-0.000382255	0.00573437
PMBB6749248679800	0	69.4	4816.360000000001	2	3	0.00710052	-0.00968501	0.00351227
PMBB6749983933432	0	21.2	449.44	2	3	-0.00088826	-0.00396693	0.00176341
PMBB6751003414569	0	62.1	3856.4100000000003	1	2	-5.03551e-05	0.010157	-0.00177752
PMBB6755080077002	0	80.9	6544.810000000001	1	1	0.0154964	0.00265792	-0.002295
PMBB6755312433070	0	27.0	729.0	1	3	-0.00594319	0.00376671	0.00861607
PMBB6756063203445	0	60.7	3684.4900000000002	2	1	-0.00761515	0.00390994	0.0008311
PMBB6756848578248	0	63.5	4032.25	1	1	-0.00569025	-0.00273424	8.92084e-05
PMBB6758411309443	0	68.3	4664.889999999999	1	1	-0.00962146	0.000523825	-0.00370875
PMBB6758713526764	0	76.9	5913.610000000001	2	3	-0.00202248	0.00766245	0.00885674
PMBB6761292035082	0	62.0	3844.0	1	1	-0.0040919	0.00206152	0.00174639
PMBB6762120642243	0	42.5	1806.25	1	1	-0.00997946	0.00142513	0.00575242
PMBB6762162790646	0	53.1	2819.61	2	1	-0.00479581	-0.0123496	-0.000137513
PMBB6763298364092	0	72.8	5299.839999999999	2	1	-0.00322315	0.00690826	0.00592894
PMBB6763335971921	0	55.8	3113.64	2	1	-0.00811331	0.00173725	0.00105013
PMBB6763572827242	0	34.2	1169.64	1	3	-0.00624597	0.000544391	-0.0113752
PMBB6763578071136	0	61.0	3721.0	1	1	0.00428882	-0.0179215	0.00563363
PMBB6764197641387	0	35.3	1246.0899999999997	1	2	-0.00297239	0.00161293	-0.00452297
PMBB6764296839073	0	31.0	961.0	2	1	-0.00553239	0.00709354	-0.00726017
PMBB6764739494312	0	52.2	2724.84	2	1	-0.000379257	0.00822914	0.0130233
PMBB6765692432909	0	81.3	6609.69	1	1	-0.00538391	-0.0211966	-0.00341506
PMBB6766441290802	0	61.4	3769.96	1	1	-0.00859178	0.00384096	-0.0170478
PMBB6766584266899	0	48.7	2371.69	1	1	-0.00472556	3.89148e-05	0.00542245
PMBB6767762264677	0	52.8	2787.8399999999997	2	1	0.0104982	-0.00994419	0.00687653
PMBB6768151712597	0	70.0	4900.0	2	1	-0.00971442	0.000610552	0.00396021
PMBB6768715201747	0	68.4	4678.56	1	1	-0.0129984	-0.00235286	-0.00129111
PMBB6768806442690	0	32.8	1075.84	2	1	-0.00463387	-0.00798075	-0.00290299
PMBB6768957998040	0	57.2	3271.84	1	3	-0.00544501	0.00207049	0.00539946
PMBB6771027748111	0	61.5	3782.25	1	1	0.0149975	-0.0213912	0.0121109
PMBB6773290099756	0	56.7	3214.8900000000003	2	1	-0.00099202	0.00433828	0.00445955
PMBB6774580599582	1	65.1	4238.009999999999	2	1	-0.00156973	0.0128658	0.000393239
PMBB6774714333865	0	50.2	2520.0400000000004	2	1	-0.00292242	0.00574459	0.0115832
PMBB6776796340214	0	62.6	3918.76	1	1	0.00539339	-3.09457e-05	-0.00432616
PMBB6776985096983	0	77.1	5944.409999999999	2	1	-0.00658943	-0.00876392	0.010246
PMBB6777254597579	0	40.6	1648.3600000000001	2	1	0.000449159	-0.000281216	-0.00215745
PMBB6781506585752	0	35.0	1225.0	2	1	-0.00722244	-0.00580205	-0.00496448
PMBB6782169389771	0	25.3	640.09	2	1	-0.00282102	-0.00390381	-0.00498968
PMBB6783322627676	0	69.6	4844.159999999999	2	1	0.00261834	-0.00805775	-0.00216682
PMBB6783408531559	0	54.4	2959.3599999999997	1	1	0.000629474	-0.00561826	-0.00987696
PMBB6786011882048	0	41.9	1755.61	2	3	-0.00463885	0.0007048	-0.00392062
PMBB6786053463935	0	34.9	1218.01	2	1	-0.00534817	-0.0182142	0.0104153
PMBB6786301049381	0	69.4	4816.360000000001	1	1	-0.00827959	0.0032587	0.00162819
PMBB6788069284371	0	47.6	2265.76	2	1	-0.00339935	0.00214655	-0.0205496
PMBB6788526477367	0	45.3	2052.0899999999997	2	1	-0.0124661	-0.000276063	-0.00221985
PMBB6789498295048	0	64.6	4173.159999999999	2	3	0.00679113	0.00720875	-0.0178801
PMBB6790023485224	1	68.7	4719.6900000000005	1	1	0.002693	-0.0202157	0.00158963
PMBB6793333221980	0	82.1	6740.409999999999	2	1	0.00415417	0.000598782	-0.00798984
PMBB6794064237432	0	66.6	4435.5599999999995	1	3	-0.00494211	0.00242112	-0.00249761
PMBB6794234921747	0	40.0	1600.0	2	2	-0.007947	0.00238795	0.0010728
PMBB6794325108856	0	69.3	4802.49	2	1	-0.00355444	3.64068e-05	0.000637555
PMBB6794523427075	0	62.1	3856.4100000000003	1	3	-0.00250458	0.00796865	0.00994955
PMBB6796625040064	0	29.8	888.0400000000001	2	1	-0.00958058	0.00458924	0.00230119
PMBB6796960558644	0	57.7	3329.2900000000004	2	1	-0.0107784	0.00202765	0.000118609
PMBB6797289934112	0	51.1	2611.21	2	1	-0.00943415	-0.00435028	-0.00100113
PMBB6797537498821	0	37.7	1421.2900000000002	2	1	-0.00838569	0.000453966	0.000984753
PMBB6797933053322	0	30.6	936.3600000000001	2	1	-0.000467353	-0.00885222	0.00476574
PMBB6798080695127	0	37.0	1369.0	2	1	-0.00359473	0.00881861	0.0096028
PMBB6799643924073	0	67.9	4610.410000000001	1	3	-0.00296416	0.00329568	0.00290066
PMBB6801059312251	1	46.6	2171.56	2	1	-0.00667161	0.00606019	-0.00966219
PMBB6802492807550	0	63.0	3969.0	2	1	0.00143235	0.00589351	-0.0050942
PMBB6803792350730	0	63.4	4019.56	2	2	0.0102012	-0.0199586	0.00759915
PMBB6804444228515	0	62.2	3868.84	1	1	-0.00496716	-0.00141722	-0.000719403
PMBB6804732870977	0	60.1	3612.01	2	1	-0.00305043	0.0107728	-0.000922555
PMBB6805326298884	0	51.0	2601.0	1	1	-0.00206105	0.00771865	0.00716565
PMBB6805686375477	0	47.9	2294.41	1	3	-0.00599392	-0.000323131	-0.00222865
PMBB6806988009746	0	62.0	3844.0	1	1	-0.00202356	0.00207513	0.000424117
PMBB6809399507852	0	30.9	954.81	1	3	-0.00469325	0.00567974	0.0019863
PMBB6810835235346	0	29.6	876.1600000000001	2	3	1.98288e-05	0.00535622	-0.00953482
PMBB6813467966056	0	39.7	1576.0900000000001	2	1	-0.00246758	-0.00039202	-0.000829033
PMBB6813809325523	0	33.4	1115.56	2	1	0.00537154	-0.0184826	-0.000187482
PMBB6817310522647	0	62.2	3868.84	1	1	-0.00528553	0.00553945	0.00163201
PMBB6817315897969	0	66.6	4435.5599999999995	2	1	-0.00225116	0.0029876	0.00576167
PMBB6819200958073	0	84.3	7106.49	2	1	-0.000365011	-0.00664205	0.0162527
PMBB6821967184989	0	49.5	2450.25	2	2	-0.0024253	0.00314379	-0.000335373
PMBB6822853811754	1	71.9	5169.610000000001	2	1	-0.00776081	0.00356469	0.000626847
PMBB6823144752850	0	41.4	1713.9599999999998	2	1	0.00647531	0.00121245	-0.00906207
PMBB6823500590722	0	29.7	882.0899999999999	1	3	0.00157766	0.00370842	-0.00256997
PMBB6824030797684	0	54.1	2926.81	1	1	-0.0105597	0.00364824	0.00164657
PMBB6824153641573	0	23.2	538.24	1	2	0.00779212	-0.00434065	0.00652591
PMBB6824577562671	0	63.1	3981.61	2	1	-0.0116855	3.23592e-05	0.0017892
PMBB6824618983887	0	79.2	6272.64	2	1	-0.0104286	0.00275169	0.000802634
PMBB6826064560499	0	51.5	2652.25	2	1	0.00192006	0.0112156	-0.0122922
PMBB6826362955445	0	40.1	1608.0100000000002	2	1	-0.00222867	0.00265141	0.000793874
PMBB6826781898132	0	44.2	1953.6400000000003	1	2	-0.00607843	-0.00490883	0.00648585
PMBB6826954183540	0	60.1	3612.01	1	1	-0.00228711	-0.00110435	0.010985
PMBB6827107299577	1	75.2	5655.040000000001	2	1	0.00425276	-0.00095032	-0.017025
PMBB6830701243315	0	80.6	6496.359999999999	2	1	-0.00521479	0.00326611	5.50193e-05
PMBB6832894532465	0	52.7	2777.2900000000004	2	1	0.00071337	-0.00364314	0.0119134
PMBB6833349916359	0	62.4	3893.7599999999998	2	1	-0.00678852	-0.00686131	0.00177863
PMBB6833816896981	0	53.5	2862.25	1	1	0.000835705	0.0022457	0.00801011
PMBB6836012906652	0	63.6	4044.96	1	1	-0.00126571	0.00751911	0.000864896
PMBB6836531838637	0	77.3	5975.29	2	1	-0.00148585	0.0096426	-0.00973827
PMBB6837535153493	0	28.4	806.56	2	1	-0.00657708	0.00243132	-0.0095504
PMBB6838175068451	0	52.3	2735.2899999999995	2	1	-0.00342477	-0.00730393	0.00251109
PMBB6838727843758	0	71.7	5140.89	1	1	0.0125333	-0.0078132	0.00448247
PMBB6841285626592	0	30.1	906.0100000000001	2	1	-0.00161638	-0.011753	0.00888867
PMBB6841645553606	0	33.6	1128.96	2	1	0.0145502	-0.00432201	-0.0066335
PMBB6841964844706	0	63.0	3969.0	2	1	-0.00917343	0.00275618	0.00597631
PMBB6842180002588	0	53.2	2830.2400000000002	1	1	-0.0036641	0.00517681	0.00052127
PMBB6842252357531	0	37.3	1391.2899999999997	2	1	0.00235449	0.0112127	-0.00841458
PMBB6843040235382	0	50.5	2550.25	2	3	-0.00461769	0.00362032	0.00848235
PMBB6843534965333	0	62.7	3931.2900000000004	1	1	-0.00125093	0.00681375	0.0027419
PMBB6843705774383	0	72.7	5285.29	2	3	-0.0100056	0.00136947	0.00204861
PMBB6844138888602	0	52.9	2798.41	1	3	0.00319702	-0.0184784	0.00126751
PMBB6844300583340	1	68.4	4678.56	2	1	0.00797311	0.00276648	-0.000954111
PMBB6845084883785	0	28.3	800.89	2	1	-0.0014295	-0.00714005	-0.0066839
PMBB6845498473364	0	54.0	2916.0	1	1	-0.000407299	-0.00944369	-0.00465707
PMBB6846400130073	0	37.8	1428.8399999999997	1	1	0.022225	0.0071629	0.000685452
PMBB6846708877459	0	19.4	376.35999999999996	1	1	-0.00207589	0.00723723	0.00430823
PMBB6847225538303	0	48.5	2352.25	2	2	-0.00936127	0.00461889	0.0073724
PMBB6848291411731	0	71.6	5126.5599999999995	1	1	-0.00611684	0.0019074	0.00174871
PMBB6848703427393	0	43.4	1883.56	2	3	-0.00568885	-0.00328665	0.00875834
PMBB6850122636001	0	51.4	2641.96	1	1	-0.00127151	0.0122896	-0.00326433
PMBB6852199363540	1	62.3	3881.2899999999995	1	1	0.00118555	-0.0232857	0.018084
PMBB6852230813003	0	67.2	4515.84	2	3	-0.00730002	-0.000808134	0.00190996
PMBB6853336449425	0	68.2	4651.240000000001	2	1	-0.00919765	0.0020863	0.00161543
PMBB6853724202588	0	48.3	2332.89	1	3	0.0129491	0.0105205	0.00637522
PMBB6853775329320	0	35.9	1288.81	2	1	-0.00133437	0.0126271	-0.0071122
PMBB6855003614291	0	72.7	5285.29	2	1	-0.00448179	0.00385142	0.00100694
PMBB6855309587448	0	60.0	3600.0	2	1	-0.00169444	-0.0190023	0.011901
PMBB6855624227764	0	44.3	1962.4899999999998	1	1	-0.00235113	0.00623198	0.00109307
PMBB6856886045185	0	29.4	864.3599999999999	2	1	0.00404159	0.00661755	0.00423604
PMBB6857169906897	0	69.2	4788.64	1	3	0.00947074	-0.00449262	0.000854511
PMBB6857310347249	1	64.3	4134.49	2	1	-0.0106188	-0.00136945	-0.00183428
PMBB6857349553306	0	55.3	3058.0899999999997	1	1	-0.000687742	0.00275713	0.00399845
PMBB6858089304767	0	25.3	640.09	2	1	-0.00269304	-0.00756477	-0.00154125
PMBB6859731295777	0	38.5	1482.25	1	3	0.0212571	-0.00149437	-0.00311683
PMBB6860644897005	0	39.6	1568.16	2	1	0.00757193	0.0198271	-0.0108831
PMBB6862613785169	0	51.3	2631.6899999999996	2	1	-0.00780297	-0.00141695	-6.30906e-05
PMBB6862746374226	0	61.2	3745.4400000000005	1	2	-0.0127013	0.00123993	-0.000815426
PMBB6863016635068	0	60.6	3672.36	1	1	-0.00570745	0.000540752	0.00270694
PMBB6865283659938	0	27.3	745.2900000000001	2	1	-0.00545787	-0.00286817	0.00246751
PMBB6865500852556	0	56.7	3214.8900000000003	2	1	0.00890774	0.00282402	0.00379183
PMBB6865639423205	0	38.7	1497.6900000000003	2	1	0.00285798	-0.00550867	-0.00737781
PMBB6866509002390	0	40.1	1608.0100000000002	1	3	0.00511073	-0.0180078	0.00455046
PMBB6866622842901	0	61.1	3733.21	2	3	-0.00550535	0.00227319	0.00376266
PMBB6867075117360	0	27.7	767.29	1	1	0.00704392	0.00495079	0.00478819
PMBB6868470422626	0	30.9	954.81	2	3	-0.00637924	0.00418096	0.00395877
PMBB6870926209092	0	46.2	2134.44	1	3	0.0333581	0.0034701	0.00328254
PMBB6871208840511	0	53.4	2851.56	2	1	-0.00474813	-0.00608107	0.000526018
PMBB6871771209422	0	60.1	3612.01	2	3	0.00385805	0.0138166	-0.00487385
PMBB6872087534073	0	19.1	364.81000000000006	2	1	0.0201487	0.00422534	-0.00147557
PMBB6872698454694	0	62.5	3906.25	1	1	-0.0054644	0.0074209	0.0129203
PMBB6873918529684	0	57.4	3294.7599999999998	1	1	-0.0081888	0.00449811	0.00135604
PMBB6875593084078	0	50.0	2500.0	1	1	0.00210238	-0.00554926	-0.0124458
PMBB6876882412984	1	70.8	5012.639999999999	2	1	-0.00876422	0.00324247	0.00474613
PMBB6877024721056	0	54.0	2916.0	2	2	-0.00196417	-0.00501908	0.0185362
PMBB6878336437647	0	54.5	2970.25	2	1	0.00153225	-0.0248022	0.00758524
PMBB6879422566981	0	49.1	2410.81	2	1	0.0012722	0.0115393	0.00186491
PMBB6879774865750	0	38.8	1505.4399999999998	1	1	-0.00875058	0.00228741	-0.00193486
PMBB6880264278016	0	86.7	7516.89	2	1	-0.00785416	0.00185379	0.0123049
PMBB6881037502787	0	42.6	1814.7600000000002	1	1	-0.00095382	0.00553604	0.0129682
PMBB6881104535081	0	29.0	841.0	2	1	0.0177582	0.00953199	0.00686286
PMBB6883710799530	0	20.5	420.25	2	3	0.0242341	0.0137364	-0.0065893
PMBB6884744949986	0	30.3	918.09	1	1	-0.00257356	0.00101013	0.0032775
PMBB6884826399718	0	28.1	789.6100000000001	2	3	0.0012178	-0.00448239	0.0147709
PMBB6885626764549	0	30.0	900.0	2	3	-0.00400112	-0.00303277	-0.00446147
PMBB6887555465263	0	45.4	2061.16	2	1	-0.00326229	-0.000430085	0.00376383
PMBB6891161454217	0	61.3	3757.6899999999996	2	2	-0.00120781	-0.00194638	0.0112858
PMBB6891588804420	0	34.3	1176.4899999999998	2	3	-0.00346516	0.00676747	0.00349496
PMBB6892374754568	0	38.6	1489.96	2	2	0.0202428	0.0068845	0.00549099
PMBB6892902003192	0	72.5	5256.25	1	1	0.0167967	0.000860406	0.00717498
PMBB6893159804559	0	48.8	2381.4399999999996	2	3	-0.00469402	-0.0358103	-0.000550319
PMBB6894931620430	0	58.2	3387.2400000000002	2	1	0.0116054	-0.000518096	0.00327142
PMBB6895482528864	0	66.9	4475.610000000001	1	1	0.0109305	0.000818012	0.00894776
PMBB6896038640452	0	24.3	590.49	2	1	0.00500851	0.00621319	0.00489809
PMBB6896927917095	0	42.9	1840.4099999999999	2	3	-0.0116638	4.0782e-05	-0.000832484
PMBB6900975142712	0	59.3	3516.49	2	1	-0.00873979	-0.00690211	-0.00101047
PMBB6903889699053	1	74.3	5520.49	2	1	-0.0120058	0.00127558	0.00396795
PMBB6905487960372	0	36.3	1317.6899999999998	2	1	-0.012139	0.000201945	-0.00163977
PMBB6905683412109	0	38.9	1513.2099999999998	2	1	-0.00220023	-0.00964333	-0.00738569
PMBB6906330684199	0	32.5	1056.25	2	3	-1.89765e-06	-0.00377292	-0.000942924
PMBB6906692743086	0	64.4	4147.360000000001	1	1	-0.00172655	0.00493382	0.00106332
PMBB6906864442962	0	25.0	625.0	2	2	0.0191144	0.00276832	-0.000978825
PMBB6908235436258	0	63.3	4006.8899999999994	2	1	0.00393916	-0.00575152	0.00587241
PMBB6908248048355	0	39.4	1552.36	2	2	-0.00617859	0.00568481	0.0175326
PMBB6908545925476	0	49.3	2430.49	1	1	-0.00132393	0.0030004	0.00196822
PMBB6908641660250	0	41.4	1713.9599999999998	2	1	0.0237766	0.0140279	-0.0108605
PMBB6909189324448	0	67.8	4596.839999999999	2	1	0.0028267	-0.024568	-0.0150414
PMBB6909396557986	0	21.3	453.69000000000005	1	3	-0.00369089	-0.00627056	-0.000790868
PMBB6910659055936	0	64.1	4108.8099999999995	1	3	0.0101244	0.00594186	-0.0223756
PMBB6911310637389	0	54.3	2948.49	1	1	0.00662418	-0.0265022	-0.0237782
PMBB6912917331057	0	64.9	4212.010000000001	1	1	0.00136903	-0.0105094	-0.000167621
PMBB6914751566758	0	65.9	4342.81	1	3	0.0126902	-0.00626282	0.00443449
PMBB6915872558451	0	29.1	846.8100000000001	2	3	-0.00149132	0.000339846	-0.00231029
PMBB6916399155259	0	26.4	696.9599999999999	2	3	0.00934669	0.000323318	0.00908705
PMBB6916935611808	0	64.4	4147.360000000001	2	1	0.007493	0.00279547	0.00177116
PMBB6921485540121	0	65.1	4238.009999999999	1	3	0.00215204	0.00155701	0.0101059
PMBB6922318773256	0	65.2	4251.04	1	1	-0.00294759	0.004104	-0.0126803
PMBB6923659114609	1	70.3	4942.089999999999	2	3	0.0103201	-0.0109923	0.006179
PMBB6923702849535	0	51.4	2641.96	1	1	0.00498436	-0.00291005	-0.00759272
PMBB6923809004378	0	22.5	506.25	1	1	-0.00937161	0.00745638	-0.0131298
PMBB6923948134894	0	65.1	4238.009999999999	1	1	0.00171902	-8.57524e-05	-0.0183387
PMBB6924418935929	0	52.1	2714.4100000000003	1	3	0.0262895	-0.00387981	-0.00738927
PMBB6926461187087	0	81.2	6593.4400000000005	1	2	-0.00752578	0.00489924	-0.00151361
PMBB6926796747186	0	27.1	734.4100000000001	2	1	0.0239125	0.00521435	0.0079477
PMBB6926811052164	0	74.2	5505.64	1	1	-0.00437819	0.00829998	0.0131704
PMBB6927760795226	0	75.2	5655.040000000001	2	1	-0.00727994	0.0012723	-0.000256213
PMBB6930492469701	0	38.7	1497.6900000000003	2	3	-0.00134492	-0.0173441	-0.0109812
PMBB6930773043310	0	32.0	1024.0	1	1	-0.00293375	-0.00398679	-0.00260537
PMBB6931145088021	0	30.8	948.6400000000001	1	1	0.000370299	0.0093544	-0.0140928
PMBB6933657970735	0	19.4	376.35999999999996	2	2	-0.00986764	0.00367021	-0.0125257
PMBB6937767213612	0	63.1	3981.61	1	1	0.00879181	-0.00947469	0.0137566
PMBB6938022561038	0	26.8	718.24	1	3	0.00315295	0.0127474	-0.00631372
PMBB6938779949611	0	49.1	2410.81	1	1	-0.00977361	-0.0155553	-0.000784094
PMBB6940963772136	0	44.6	1989.16	1	3	0.0222984	0.00406067	0.00361063
PMBB6941960868425	0	74.0	5476.0	2	1	-0.00810224	0.00581082	-0.0108996
PMBB6941972917799	0	21.4	457.9599999999999	2	3	-0.000415595	-0.00644742	-4.94945e-06
PMBB6945999423312	0	31.1	967.21	2	1	-0.0123532	0.000382598	-0.0022728
PMBB6946732519455	0	46.1	2125.21	2	1	0.00767726	0.0151449	-0.00721191
PMBB6947233905503	0	21.5	462.25	2	3	-0.0117923	-0.00196181	-0.00176678
PMBB6947611075119	0	64.5	4160.25	1	1	-0.00532275	0.00567794	-0.000508038
PMBB6948476108623	0	47.8	2284.8399999999997	2	1	-0.00261939	-0.0112955	0.0258705
PMBB6948680605443	0	24.2	585.64	2	1	-0.00119228	-0.019911	0.0131628
PMBB6948718504952	0	31.6	998.5600000000001	2	3	-0.00148349	0.00528072	0.00436315
PMBB6949969497469	0	56.1	3147.21	1	1	-0.00769388	0.00509821	-0.00697764
PMBB6950128901644	0	36.3	1317.6899999999998	2	1	0.00385402	0.00763521	0.0153357
PMBB6951646876592	0	68.6	4705.959999999999	2	1	0.0111282	0.0174433	0.00698201
PMBB6952568514249	0	54.9	3014.0099999999998	2	1	-0.00383171	0.00503747	0.00428312
PMBB6952954891235	0	70.5	4970.25	1	1	-0.00772368	0.00637925	0.00792122
PMBB6953938760903	0	49.7	2470.09	2	2	0.0049238	-0.0129645	0.00762636
PMBB6954059741295	0	52.7	2777.2900000000004	2	1	-0.000243334	-0.00668077	-0.00663278
PMBB6954112701627	0	46.4	2152.96	2	1	0.00221853	-0.0215914	-0.020356
PMBB6954312392542	0	25.6	655.3600000000001	2	1	-0.00738069	0.00532097	0.00199111
PMBB6954815786644	0	50.8	2580.64	1	1	-0.00898355	0.00399265	0.00570795
PMBB6957689546404	0	43.2	1866.2400000000002	1	1	-0.0051257	0.00637241	0.00497622
PMBB6959039857311	0	33.7	1135.6900000000003	2	1	0.00613461	-0.00331946	0.0017765
PMBB6959618223753	0	67.6	4569.759999999999	2	1	-0.00872472	0.00239949	0.00323063
PMBB6960214919821	0	67.9	4610.410000000001	1	1	0.000365289	0.00566811	-0.000584964
PMBB6960440282392	0	83.2	6922.240000000001	1	3	-0.000791311	0.0110138	-0.00130687
PMBB6961482786197	0	30.0	900.0	2	1	-0.00345727	-0.00165351	-0.0104798
PMBB6961564637662	0	47.5	2256.25	1	1	0.00311037	0.0117316	0.00381967
PMBB6962021159616	0	66.4	4408.960000000001	2	1	-0.00801546	0.00245897	-0.00244737
PMBB6962200702694	0	31.7	1004.89	2	3	-0.00736241	0.00449965	0.00190222
PMBB6962243147583	0	38.9	1513.2099999999998	2	1	-0.00275085	-0.0168876	-0.0154397
PMBB6962570922878	0	49.4	2440.3599999999997	2	1	0.000104851	-0.000861825	-0.0103062
PMBB6962911813431	0	56.4	3180.96	1	1	0.00191503	0.00957457	0.000658726
PMBB6963034459319	0	61.1	3733.21	1	1	-0.000587848	-0.00412528	-0.000918172
PMBB6963757804658	1	81.3	6609.69	2	3	0.0120361	0.0218654	0.00840854
PMBB6964069458949	0	66.6	4435.5599999999995	2	1	0.00910931	-0.0105891	-0.00699224
PMBB6964153817831	0	55.4	3069.16	2	1	-0.00850037	-0.000491742	0.0109873
PMBB6964540570936	0	23.9	571.2099999999999	2	3	0.0286268	0.0114856	0.0143021
PMBB6965992144229	0	61.8	3819.24	1	1	0.000622168	0.00844313	-0.00774716
PMBB6966107188560	0	44.5	1980.25	2	3	-0.00444269	-0.0021392	-0.0200974
PMBB6966845127409	0	42.3	1789.2899999999997	2	2	-0.0113949	0.00016503	-0.0048909
PMBB6966908122452	0	66.5	4422.25	2	1	-0.00364721	0.00282365	-0.00373647
PMBB6967612138630	0	61.0	3721.0	2	1	0.00351533	0.0049287	-0.00357302
PMBB6968926341685	0	37.3	1391.2899999999997	1	1	0.000693828	0.000850475	-0.0139722
PMBB6969445443157	0	43.8	1918.4399999999998	1	1	-0.00722985	0.00435144	-0.00220025
PMBB6970536377700	0	64.8	4199.04	1	1	-0.00392652	0.00716064	0.0130401
PMBB6970964612630	0	50.0	2500.0	1	1	0.00794631	-0.00339703	-0.0138906
PMBB6975312239401	0	34.4	1183.36	2	1	-0.00469883	0.000242018	-0.00814576
PMBB6975921644951	0	18.2	331.23999999999995	1	1	0.0277723	-0.00708584	0.0146165
PMBB6976772815022	0	56.6	3203.56	1	1	0.00179964	-0.007035	-0.00419921
PMBB6977132402552	0	69.1	4774.8099999999995	1	1	0.00568015	0.00331839	0.00643581
PMBB6977924995567	0	69.5	4830.25	2	1	-0.00625933	-0.00121649	0.00101183
PMBB6978841547566	1	64.8	4199.04	2	1	-0.00258669	-0.00150525	0.00285399
PMBB6979540114827	0	41.6	1730.5600000000002	2	1	-0.00948998	0.00155577	0.0137299
PMBB6981870044624	0	35.1	1232.01	2	1	0.0022014	0.0021653	0.00672878
PMBB6983448420865	1	63.8	4070.4399999999996	2	3	-0.00666642	-0.000715919	0.000746033
PMBB6983647487667	0	75.2	5655.040000000001	1	1	0.00758803	0.00176634	-0.00652391
PMBB6984073810656	0	71.0	5041.0	1	3	0.0168483	-0.00584972	0.000222897
PMBB6986056684230	0	68.8	4733.44	2	1	-0.00604277	-0.00763255	-0.00207327
PMBB6986686053294	0	33.1	1095.6100000000001	2	3	-0.00171099	0.00635369	0.0041231
PMBB6988937126088	0	58.1	3375.61	1	2	-0.000459473	0.00929051	-0.0152914
PMBB6989766716301	0	43.8	1918.4399999999998	2	1	-0.0056421	0.00576755	0.00768165
PMBB6992619814440	0	64.7	4186.09	2	1	0.00180704	0.00748643	-0.00249825
PMBB6993459089755	0	64.5	4160.25	1	1	-0.0113827	-0.00468773	0.00285123
PMBB6993957638348	0	37.7	1421.2900000000002	2	1	0.00229695	-0.00394217	-0.00181138
PMBB6994545622882	0	19.6	384.1600000000001	2	1	-0.00476037	0.00289094	0.00282716
PMBB6995726112501	0	42.0	1764.0	1	2	0.0123803	-0.00168621	-0.00671456
PMBB6996231706100	0	66.9	4475.610000000001	2	1	-0.00420878	-0.0229471	-0.000592193
PMBB6996811159537	0	78.8	6209.44	1	1	-0.00511383	-0.0171269	-0.00300077
PMBB6997354252155	0	57.8	3340.8399999999997	1	3	-7.48944e-06	0.00326375	-0.00835106
PMBB6997753981656	0	37.8	1428.8399999999997	2	1	0.00359449	0.00611185	-0.00748883
PMBB6998848182946	0	69.4	4816.360000000001	1	1	-0.0050189	-0.00403167	0.0146672
PMBB6999003094407	0	60.4	3648.16	1	1	0.00378911	-0.00251503	-0.00271006
PMBB6999065560046	0	56.0	3136.0	2	1	-0.006095	-0.00676871	-0.00950386
PMBB6999371834160	0	28.1	789.6100000000001	2	1	-0.00336147	-0.022105	-0.00448569
PMBB6999453264461	0	19.9	396.00999999999993	2	1	0.0224461	7.36593e-05	0.0132245
PMBB6999832063239	0	78.6	6177.959999999999	1	1	-0.00540566	0.00620908	-0.00413144
PMBB6999909495837	0	31.2	973.4399999999999	2	3	0.00310213	0.0102338	0.0160561
PMBB6999996563076	0	38.9	1513.2099999999998	2	1	0.00223443	-0.00696482	0.0132667
PMBB7000929415431	0	43.4	1883.56	2	1	0.00279147	0.00131121	-0.0134919
PMBB7001841454509	0	80.2	6432.040000000001	2	3	0.00264138	0.00655474	0.00216797
PMBB7003982025069	0	63.4	4019.56	1	3	0.0010419	0.00568061	-0.00220951
PMBB7004066839934	0	26.8	718.24	2	1	-0.00610746	0.00452792	0.00388557
PMBB7004329869117	0	68.4	4678.56	1	1	0.00918437	-0.00287797	0.00172344
PMBB7004577703178	0	66.4	4408.960000000001	2	1	0.00670925	-0.00416624	-0.00252089
PMBB7005733706458	0	24.2	585.64	2	1	0.00413854	0.0146484	0.0152051
PMBB7006138037979	0	49.3	2430.49	2	1	-0.00361896	0.000464952	0.00165758
PMBB7006229424639	0	68.1	4637.61	1	1	0.0203827	0.00529034	-0.00229473
PMBB7006256975570	0	59.7	3564.09	1	3	0.0149105	-0.00537249	-0.00829753
PMBB7007205738862	0	41.4	1713.9599999999998	1	1	-0.0037739	0.00524673	-0.0107145
PMBB7007545539853	0	21.2	449.44	2	1	-0.00265751	0.00316525	-0.00500311
PMBB7007709992050	0	50.2	2520.0400000000004	2	3	-0.00414918	-0.00564912	-0.00546836
PMBB7007793548556	0	33.6	1128.96	2	1	-0.0026532	0.00755629	-0.00463772
PMBB7008408401536	0	57.0	3249.0	1	1	0.00261184	-0.00619439	-0.00597945
PMBB7008540484681	0	49.2	2420.6400000000003	1	1	-0.00184197	-0.00122399	-0.00438611
PMBB7009012997227	0	36.3	1317.6899999999998	2	3	0.00223021	-0.00409244	-0.00302661
PMBB7011091330964	0	19.0	361.0	1	1	-0.00088172	-0.00836082	-0.00439221
PMBB7011950847704	1	65.0	4225.0	2	3	-0.00723868	-0.00145745	0.00123683
PMBB7013157083337	0	53.1	2819.61	1	1	0.00924426	0.0128392	-0.0185885
PMBB7013362600734	0	70.5	4970.25	2	1	-0.0056451	-0.000679688	0.0141749
PMBB7014806552493	0	31.7	1004.89	2	1	0.0220834	0.00404338	0.00134385
PMBB7015157544215	0	21.7	470.89	2	1	0.00651985	-0.0139868	0.00849913
PMBB7016495182489	0	28.1	789.6100000000001	2	1	-0.00509102	0.00793471	-0.00126897
PMBB7017142517686	0	35.8	1281.6399999999999	2	2	-0.00440581	-0.00870214	-0.00438999
PMBB7017902603336	0	33.8	1142.4399999999998	2	2	-0.0125536	0.000441243	0.000254207
PMBB7020988893037	0	77.1	5944.409999999999	2	1	-0.00850672	0.000371635	-0.00451816
PMBB7021702109591	0	34.1	1162.8100000000002	2	1	0.000719453	0.00161553	0.0216852
PMBB7022428787626	0	76.1	5791.209999999999	1	1	-0.00630495	0.00552385	0.0077415
PMBB7023035215384	0	58.9	3469.21	2	1	-0.00213775	0.0038563	0.0034731
PMBB7025959238028	0	72.7	5285.29	2	3	-0.0041778	0.00593303	-0.00223082
PMBB7026852262038	0	68.8	4733.44	2	1	0.000546419	-0.00899375	0.00460974
PMBB7028011447271	0	66.9	4475.610000000001	2	1	-0.00339999	0.00870912	-0.00638206
PMBB7029359060229	0	73.7	5431.6900000000005	1	1	-0.00650228	0.00750861	-0.000908547
PMBB7031178368255	0	66.4	4408.960000000001	2	1	0.0122997	0.0231923	0.0123755
PMBB7031194902152	0	31.0	961.0	2	1	0.00862456	-0.00197075	-0.00391315
PMBB7032386403048	0	26.5	702.25	2	1	-0.00244343	-0.00392175	-0.00737186
PMBB7033097420306	0	44.9	2016.0099999999998	2	1	0.0022125	-0.00335512	-0.0121737
PMBB7033327110251	1	61.6	3794.5600000000004	2	1	0.00318964	0.0132496	-0.0176647
PMBB7034823138456	0	48.5	2352.25	2	3	0.0331661	-0.000967088	0.0057388
PMBB7036504441395	0	52.0	2704.0	1	1	0.00480596	-0.00998683	-0.00513782
PMBB7039122900371	0	66.2	4382.4400000000005	1	3	0.0034839	0.00164179	-0.00534461
PMBB7039330138668	0	68.6	4705.959999999999	1	1	-0.00433983	-0.0127323	0.00124336
PMBB7039997109912	0	51.1	2611.21	2	3	0.00769256	0.0039529	-0.000700299
PMBB7042280210479	0	47.7	2275.2900000000004	2	2	-0.00700358	0.0053646	-0.00639704
PMBB7042355811284	0	49.1	2410.81	2	3	-0.00440424	-0.0024886	0.00433568
PMBB7042749863990	0	67.1	4502.409999999999	2	1	-0.000172718	-0.00354458	0.00790207
PMBB7043333496994	0	51.5	2652.25	2	1	0.00637076	-0.0040856	0.00745644
PMBB7044773412931	0	68.6	4705.959999999999	2	1	-0.00758235	-0.000538199	0.00374601
PMBB7045294076408	0	54.4	2959.3599999999997	1	2	0.00281996	-0.0111789	-0.00240345
PMBB7046159386454	0	56.2	3158.4400000000005	2	1	-0.00549861	-0.0140694	0.00182015
PMBB7047092783675	0	25.3	640.09	2	1	-0.0032182	0.00375388	0.00506176
PMBB7050387653488	0	53.2	2830.2400000000002	1	1	-0.000376297	0.00718904	-0.003091
PMBB7050615658498	0	54.1	2926.81	1	1	-0.00268771	-0.00459073	0.00366758
PMBB7051855208363	0	64.2	4121.64	2	1	0.00165313	-0.0153384	-0.00427831
PMBB7052336279220	0	23.6	556.96	1	3	0.0236455	0.00357032	0.0014189
PMBB7053023060447	0	69.3	4802.49	2	1	-0.000740284	-0.00431091	-0.00423015
PMBB7053409237277	0	75.4	5685.160000000001	2	1	0.00272731	0.0176084	0.0046204
PMBB7054782607078	0	89.0	7921.0	2	1	0.0104406	0.00923423	-0.0106361
PMBB7055413408625	0	56.0	3136.0	2	1	-0.00714225	-0.00473012	-0.000112458
PMBB7055526471284	0	70.9	5026.81	1	1	-0.00689598	0.00540251	-0.00996945
PMBB7055680644682	0	85.2	7259.040000000001	2	1	-0.00408149	0.0025958	-0.000712272
PMBB7055970995500	0	54.7	2992.09	2	1	0.0193505	-0.00139309	-0.00433807
PMBB7056271034981	0	49.5	2450.25	1	3	-0.00240737	-0.007936	0.00515568
PMBB7057394472747	0	53.5	2862.25	1	3	-0.00674549	-0.0250113	-0.00153683
PMBB7057584660613	0	33.3	1108.8899999999999	2	1	-0.00359683	0.00284518	-0.0183196
PMBB7059027616492	0	31.2	973.4399999999999	2	1	0.0042364	-0.0137947	-0.0046071
PMBB7059126955324	0	71.4	5097.960000000001	1	1	-0.0125153	-0.000269501	0.000211131
PMBB7059750577507	0	51.7	2672.8900000000003	2	3	-0.0073193	0.00299385	0.00739719
PMBB7060247940207	0	45.5	2070.25	2	2	0.00495416	-0.0028617	0.00945621
PMBB7061225638177	0	59.4	3528.3599999999997	2	1	-0.00555602	-0.000451762	0.00609494
PMBB7061460674761	0	22.6	510.76000000000005	2	1	0.00190408	-0.00494809	-0.00280714
PMBB7062561137942	0	54.3	2948.49	1	1	0.027919	-0.00174351	0.0040546
PMBB7063893922913	0	56.5	3192.25	2	1	-0.00117771	-0.0107777	-0.00586697
PMBB7064853872719	0	62.2	3868.84	1	1	-0.00272539	-0.00310855	-0.00292392
PMBB7065087741219	0	52.6	2766.76	1	3	-0.00291666	-0.00881978	0.00204744
PMBB7065619804369	0	19.0	361.0	1	1	-0.00602804	0.00299438	0.00263199
PMBB7065747755788	0	35.8	1281.6399999999999	2	1	0.00574942	-0.00125576	-0.0189495
PMBB7066335377367	0	58.9	3469.21	1	1	0.00908377	-0.0140417	-0.0105158
PMBB7066392466864	1	65.4	4277.160000000001	2	3	-0.00484421	-0.00319087	0.00392448
PMBB7067581243662	0	28.4	806.56	2	1	-0.000469931	0.00629282	0.00274271
PMBB7068911998783	0	46.7	2180.8900000000003	1	3	0.00827932	0.00721721	0.00288367
PMBB7070755038316	0	39.6	1568.16	2	3	0.00368868	0.0153435	-5.00982e-05
PMBB7072013101275	0	70.4	4956.160000000001	2	1	0.0017183	-0.0113938	-0.00465818
PMBB7072791678718	0	42.5	1806.25	1	1	-0.0045073	0.00624082	-0.000749531
PMBB7074905006376	0	35.7	1274.4900000000002	2	1	-0.00344124	0.00421303	0.00275985
PMBB7075780728002	0	36.0	1296.0	2	1	-0.0130723	0.000519366	0.00169289
PMBB7078158008221	0	41.1	1689.21	1	3	-0.00300557	0.00738392	0.000909921
PMBB7078681117920	0	34.4	1183.36	2	1	-0.00789972	-0.0130731	-0.00369659
PMBB7080042159646	0	37.3	1391.2899999999997	2	1	0.00428342	-0.0220958	-0.0193375
PMBB7080741281589	0	51.8	2683.24	2	1	-0.0128326	8.71311e-05	0.00152241
PMBB7081273955493	0	60.3	3636.0899999999997	2	1	-7.26495e-05	-0.00942328	0.00345875
PMBB7082370537667	0	23.9	571.2099999999999	1	1	0.000112176	-0.000247424	-0.0028486
PMBB7083417736346	0	67.8	4596.839999999999	2	1	0.00256685	0.00820155	0.0107629
PMBB7084939346565	0	43.1	1857.6100000000001	2	1	0.00189682	0.0143452	0.0146574
PMBB7084978813660	0	47.2	2227.84	2	1	-0.0103121	0.00193408	-0.00031232
PMBB7085621298120	0	76.9	5913.610000000001	2	1	-0.00469639	0.00876354	-0.00445487
PMBB7086557235622	1	68.8	4733.44	1	1	-0.0092909	0.00393119	-0.000727923
PMBB7086562266306	0	25.1	630.0100000000001	2	1	-0.00727155	-0.000893495	0.00145656
PMBB7086993595058	0	26.4	696.9599999999999	1	1	-0.00617207	0.00767634	-0.00956888
PMBB7088084298546	0	82.5	6806.25	2	1	-0.00579741	0.00101509	0.000976181
PMBB7088132884641	0	55.6	3091.36	1	3	-0.00110688	0.00147822	0.00123009
PMBB7088414703160	0	57.4	3294.7599999999998	2	1	-0.0044562	-0.0013261	0.000575261
PMBB7089485333208	0	52.7	2777.2900000000004	2	1	-0.00929057	-0.00289545	-0.0154224
PMBB7090307641178	0	61.0	3721.0	1	2	0.00809777	-0.00972812	-0.00248576
PMBB7090958101991	0	59.1	3492.81	1	1	-0.000621923	-0.00258579	0.00652447
PMBB7091541547719	0	37.0	1369.0	1	3	-0.00944051	-0.00255345	-0.00174282
PMBB7092885707657	0	62.6	3918.76	1	1	-0.000151659	0.00238456	0.0164337
PMBB7093976449612	0	49.3	2430.49	1	1	0.0132415	-0.00867964	0.012761
PMBB7094739713702	0	47.7	2275.2900000000004	1	1	-0.00206052	0.00240437	-0.00923496
PMBB7095349306299	0	23.3	542.89	2	1	0.000982023	-0.0188178	-0.0054595
PMBB7095796437557	0	51.5	2652.25	2	1	-0.00630401	0.00433041	0.000324304
PMBB7097196936394	0	31.9	1017.6099999999999	2	1	-0.00172457	-0.00022881	-0.00662101
PMBB7097537273835	0	43.1	1857.6100000000001	2	3	0.00902576	-0.00272381	0.0206742
PMBB7098064926381	0	49.6	2460.1600000000003	2	3	-0.00249247	-0.00385058	0.00741046
PMBB7098793030265	0	24.1	580.8100000000001	2	1	-0.0102265	0.00341602	0.00342833
PMBB7099453127870	0	69.4	4816.360000000001	1	1	-0.000885323	0.000281802	-0.0164534
PMBB7099477146315	0	33.2	1102.2400000000002	2	1	-0.00826315	-0.0138372	-0.00135066
PMBB7100285567250	0	31.0	961.0	1	2	0.0191225	0.00774326	0.0181582
PMBB7100835308618	0	36.3	1317.6899999999998	2	1	-0.000190528	0.00345754	0.00663789
PMBB7101244336486	0	34.9	1218.01	2	3	-0.00299685	-0.00767366	-0.00314559
PMBB7101711280046	1	80.4	6464.160000000001	2	1	-0.000804136	-0.0113747	0.00178066
PMBB7101721875876	0	64.9	4212.010000000001	1	3	-0.00319827	-0.00267777	0.0045695
PMBB7102415754962	0	65.0	4225.0	1	1	-0.00367033	0.00758997	-0.00396564
PMBB7102551357311	0	82.2	6756.84	2	3	-0.00644149	-0.0162654	0.000948603
PMBB7103151231086	0	40.8	1664.6399999999999	2	1	-0.00215852	-0.00403662	0.0102361
PMBB7104059224714	0	47.5	2256.25	1	3	-0.00293048	0.00427208	0.00447562
PMBB7104536675414	0	57.6	3317.76	1	1	-0.00707637	0.00357669	0.000893867
PMBB7106161822742	0	70.6	4984.359999999999	1	1	0.000131735	-0.00310551	-0.00119525
PMBB7107808272491	0	59.3	3516.49	1	1	0.00116431	-0.0127617	-0.00114715
PMBB7110798542675	0	40.1	1608.0100000000002	1	1	-0.0124317	0.00042263	0.00206159
PMBB7112421415719	0	41.8	1747.2399999999998	1	1	0.00858189	-0.0200493	-0.00247693
PMBB7113789568912	0	46.1	2125.21	1	1	0.0226459	-0.00508666	-0.00618355
PMBB7114655866011	0	44.2	1953.6400000000003	2	2	-0.00590841	0.00421443	0.00122005
PMBB7115791398331	0	28.3	800.89	2	3	-0.00586315	-0.006445	-0.000999354
PMBB7115849485419	0	64.3	4134.49	2	1	0.000704288	-0.0102883	0.0194737
PMBB7116679783704	0	57.6	3317.76	1	3	-0.00164741	0.00216264	-0.0110883
PMBB7117644199693	0	25.3	640.09	2	1	0.00879721	0.00487114	0.00677644
PMBB7118006705156	0	72.1	5198.409999999999	1	3	-0.00134758	0.000757283	0.000167883
PMBB7118511011427	0	51.5	2652.25	1	1	-0.00712569	-0.00225259	-0.00873888
PMBB7118688983414	0	67.3	4529.29	1	1	0.000927963	0.00660333	0.00835258
PMBB7118789718018	0	56.2	3158.4400000000005	2	3	7.7748e-05	-0.00686189	0.00521187
PMBB7119503291166	0	34.1	1162.8100000000002	1	1	-0.00314654	-0.00306231	-0.00577399
PMBB7122574876037	0	57.8	3340.8399999999997	1	1	0.00175091	0.0064946	-0.0126138
PMBB7125434913551	0	36.7	1346.89	2	1	-0.00483831	-0.00335149	-0.000269153
PMBB7127474401965	0	36.8	1354.2399999999998	1	1	-0.00552946	-0.00250418	-0.00132092
PMBB7131821609960	0	24.1	580.8100000000001	2	1	-0.00174321	-0.000710194	-0.00318107
PMBB7131848660695	0	53.3	2840.89	2	1	0.00210348	-0.00256562	-0.0220107
PMBB7132326126997	0	54.1	2926.81	2	1	0.00664935	-0.0131881	-0.00946338
PMBB7132662487746	0	54.1	2926.81	1	1	0.00634344	0.00979008	0.00261049
PMBB7136544253276	0	70.3	4942.089999999999	1	3	-0.0019369	0.00105142	-0.00223563
PMBB7136645325881	0	49.1	2410.81	1	1	-0.00746089	0.0038626	-0.00700782
PMBB7138360200550	0	46.6	2171.56	1	1	0.0011841	-0.0161827	0.000534016
PMBB7138433795683	0	61.7	3806.8900000000003	1	1	-0.0102228	0.00372924	0.00328907
PMBB7139926650540	0	28.1	789.6100000000001	2	1	-0.00611203	-0.0017482	0.00342912
PMBB7140938869099	0	66.9	4475.610000000001	2	1	0.00680728	0.00724231	-0.0147622
PMBB7141348375444	0	71.2	5069.4400000000005	1	3	-0.00933104	0.00530932	-0.010577
PMBB7141381500638	0	81.5	6642.25	1	1	-0.00532915	0.00848041	0.00128175
PMBB7141915562966	0	80.7	6512.490000000001	2	1	-0.00990932	-0.00861643	-0.00255798
PMBB7143149968266	0	58.8	3457.4399999999996	2	1	-0.00230328	0.00958284	0.00143981
PMBB7143444533359	0	37.2	1383.8400000000001	2	2	-0.00531532	0.000581813	0.0143663
PMBB7144194248013	0	26.4	696.9599999999999	1	1	-0.00106487	0.0115965	-0.00261817
PMBB7144579869210	0	74.3	5520.49	1	1	-0.000945851	0.012828	0.00282946
PMBB7144812519209	0	57.3	3283.2899999999995	1	1	-0.00682855	-0.00555519	0.0126838
PMBB7146106476712	0	38.7	1497.6900000000003	2	1	-0.00910382	0.00432917	0.00212298
PMBB7146119500475	0	41.4	1713.9599999999998	1	1	0.00261238	0.00835701	0.00235167
PMBB7146171911242	0	47.7	2275.2900000000004	1	3	0.0223551	0.00253085	0.00985974
PMBB7146314528223	0	58.4	3410.56	2	2	0.00623909	-0.00271093	0.00326695
PMBB7146680070673	0	54.2	2937.6400000000003	2	1	-0.00676224	-0.00167555	0.00112793
PMBB7150396231138	0	38.1	1451.6100000000001	1	1	0.00462619	0.00130673	-0.0016978
PMBB7151753335650	0	30.2	912.04	1	1	-0.00339897	-0.00679675	-0.00853441
PMBB7154352447029	0	39.3	1544.4899999999998	1	3	0.00266604	0.000511107	-0.00804851
PMBB7154890949349	0	45.5	2070.25	1	1	-0.0014475	0.013258	-0.0167256
PMBB7156530762112	0	25.1	630.0100000000001	2	1	0.000356338	0.00827648	0.00319544
PMBB7156768751562	0	61.7	3806.8900000000003	1	2	0.011193	-0.00459156	0.0052275
PMBB7157718447139	0	66.1	4369.209999999999	1	1	-0.00316126	0.0040718	0.00643118
PMBB7158743975290	0	77.7	6037.290000000001	2	1	-0.00660567	0.00438606	0.00140756
PMBB7160369651734	0	41.0	1681.0	2	1	-0.00572464	-0.0138893	0.00670436
PMBB7160769767230	0	32.6	1062.76	1	1	-0.000972038	-0.01153	-0.00315448
PMBB7161027009786	0	40.8	1664.6399999999999	2	1	-0.00614135	0.00321368	-0.00131743
PMBB7161407868901	0	32.1	1030.41	1	1	-0.00137655	0.00387172	0.00312609
PMBB7162032033549	0	63.9	4083.21	2	1	0.0061095	0.00968565	0.007854
PMBB7162236035070	0	51.4	2641.96	1	1	0.0102558	-0.0166989	0.00825768
PMBB7162303392622	0	60.3	3636.0899999999997	2	2	0.00291998	-0.0115338	-0.00556373
PMBB7164056854443	0	28.6	817.96	2	3	0.000467004	0.00596481	-0.00178623
PMBB7166022666173	0	23.8	566.44	2	1	-0.00218354	0.00275149	0.00999123
PMBB7167319615698	0	30.8	948.6400000000001	2	1	-0.0100866	-0.0025269	-0.000953962
PMBB7168522125655	0	57.2	3271.84	1	1	-0.0025246	0.00453216	0.00523338
PMBB7168982795510	0	59.6	3552.1600000000003	1	1	-0.00222936	0.00430643	-0.00988727
PMBB7169530257917	0	47.8	2284.8399999999997	2	1	0.000524368	-0.0151065	0.00887599
PMBB7169700331436	0	29.5	870.25	2	1	-0.0120402	0.00172917	0.000618164
PMBB7171483990242	0	48.8	2381.4399999999996	1	1	0.0112864	0.00493841	-0.0181859
PMBB7171799127153	0	66.0	4356.0	1	1	-0.00903886	0.00209661	0.00496571
PMBB7171881623113	0	62.3	3881.2899999999995	1	1	-9.90318e-05	-0.0125471	-0.00226307
PMBB7172954066144	0	34.6	1197.16	2	1	0.00555703	0.00808723	0.0244168
PMBB7173345741286	1	82.5	6806.25	2	1	-0.000806971	-0.00265332	0.000898797
PMBB7174144880123	0	37.6	1413.7600000000002	1	1	-0.00522788	-0.00042809	-0.000631286
PMBB7174476822364	0	51.8	2683.24	2	1	-0.00108575	0.00304038	0.00838736
PMBB7176240277644	0	43.9	1927.2099999999998	2	1	0.00705581	0.00269109	-0.00249515
PMBB7176888915965	0	38.7	1497.6900000000003	1	1	-0.0109222	0.00115322	-0.00121041
PMBB7178385107319	0	51.9	2693.6099999999997	1	1	-0.000674951	0.00497795	0.0158681
PMBB7178513388958	1	33.4	1115.56	2	3	-0.00610824	0.00513814	-0.00536575
PMBB7179168254911	0	67.5	4556.25	2	3	-0.000231108	-0.000676243	0.00670462
PMBB7179205741594	1	80.6	6496.359999999999	2	1	0.0119177	0.00497928	-0.000590909
PMBB7180139865113	0	34.9	1218.01	1	3	-0.00304351	0.0004735	-0.0087526
PMBB7182647144570	0	55.1	3036.01	1	1	-0.00220562	0.000317104	-0.00178592
PMBB7184775351660	0	27.0	729.0	2	1	0.00323475	0.0154146	-0.00416373
PMBB7185029232102	0	52.5	2756.25	2	2	0.00779916	-0.00673811	-0.00755784
PMBB7185895456186	0	22.8	519.84	2	1	0.00108758	0.00540734	-0.00151754
PMBB7187061173554	0	75.7	5730.490000000001	1	1	-0.00824952	-0.00245707	0.00462168
PMBB7189073798396	0	55.6	3091.36	2	1	-0.00592111	0.00289313	0.00498393
PMBB7189275421995	0	24.9	620.0099999999999	2	1	0.0158268	-0.00229329	-0.00111604
PMBB7190441303061	0	42.6	1814.7600000000002	2	1	-0.00524184	0.000366975	0.00145567
PMBB7190525910851	0	57.0	3249.0	1	1	-0.0033758	0.000732456	0.00255484
PMBB7190634782152	0	38.7	1497.6900000000003	2	1	-0.00602061	-0.0109629	0.00105424
PMBB7190767128900	0	29.3	858.49	1	3	-0.0039964	0.00141384	0.0072412
PMBB7195953079703	0	51.0	2601.0	1	1	0.00154734	0.0112117	-0.0136103
PMBB7197186172153	0	52.2	2724.84	1	1	0.0046163	0.00680815	-0.00561418
PMBB7198935083958	0	53.3	2840.89	1	1	-0.00485255	0.00636052	0.00492731
PMBB7199237115861	0	81.4	6625.960000000001	1	1	-0.00712476	0.00172922	0.00302623
PMBB7199359473625	0	63.8	4070.4399999999996	2	1	-0.00805351	0.00150035	0.00367955
PMBB7199736302282	1	77.5	6006.25	2	1	0.00502946	0.00338513	0.0106882
PMBB7200243259585	0	61.5	3782.25	1	1	-0.00160939	-0.00848869	-0.00544773
PMBB7202181990531	0	57.0	3249.0	2	1	0.00377171	0.0150242	0.00528319
PMBB7202628218330	0	27.1	734.4100000000001	2	1	0.00448352	0.00216778	4.23278e-05
PMBB7203326575921	0	64.0	4096.0	2	1	0.011203	-0.00407695	0.00715409
PMBB7205038489553	0	62.5	3906.25	2	3	-0.00805111	0.00450338	-0.00231875
PMBB7205466426440	0	74.0	5476.0	2	1	-0.00715425	0.002803	0.00221513
PMBB7205693529787	0	40.0	1600.0	1	1	0.000995798	0.00304378	-0.00513256
PMBB7206134833455	0	63.1	3981.61	2	1	-0.00126869	-0.00377716	-0.00296816
PMBB7206367568076	0	61.2	3745.4400000000005	1	3	-0.00201776	-0.00413187	-0.00488111
PMBB7208832257487	0	42.4	1797.76	2	1	0.013352	-0.0113521	0.00141419
PMBB7210670991221	0	61.5	3782.25	2	1	-0.0110088	0.000399794	0.00196559
PMBB7210728204251	0	26.7	712.89	2	1	0.00165686	-0.00733806	-0.00933985
PMBB7211238383548	0	29.0	841.0	1	1	-0.00793567	0.000595529	0.00236226
PMBB7211295148241	0	48.1	2313.61	2	2	-0.0124319	-0.00201419	-0.000850038
PMBB7213275471330	0	32.3	1043.2899999999997	2	1	-0.00489959	0.00543196	0.0130118
PMBB7213927684913	0	58.2	3387.2400000000002	2	1	-0.00708241	-0.00382944	0.000159367
PMBB7215502306177	0	25.2	635.04	2	3	-0.00231599	-0.00136663	0.00727024
PMBB7215569809251	0	30.2	912.04	2	3	-0.00534988	-0.0123132	-0.00413315
PMBB7217465817430	0	26.3	691.69	1	2	-0.00319655	0.00182551	0.00162266
PMBB7219178537409	0	67.1	4502.409999999999	1	1	-0.0034563	-0.00829313	0.00217396
PMBB7219344375559	0	53.8	2894.4399999999996	2	1	-0.00758853	0.00249342	-0.0031405
PMBB7220513014303	0	23.8	566.44	1	2	0.0113526	-0.0187526	0.0189324
PMBB7221530891058	0	26.6	707.5600000000001	2	3	-0.0127831	0.00152203	-0.00250704
PMBB7222856848208	0	27.4	750.7599999999999	1	2	0.0273668	0.00416538	0.00249555
PMBB7222911392846	0	83.6	6988.959999999999	2	3	-0.00145649	0.00445101	0.0145678
PMBB7225857667427	0	54.9	3014.0099999999998	1	1	-0.00615122	-0.000681854	0.0036899
PMBB7226169742038	0	29.9	894.0099999999999	2	1	-0.00675137	0.00124522	0.0133012
PMBB7226385925527	0	52.1	2714.4100000000003	2	1	0.0108789	-0.0030475	0.000806107
PMBB7226565245388	0	37.3	1391.2899999999997	2	1	-0.0053186	0.00610344	0.0112431
PMBB7227005670462	1	85.2	7259.040000000001	2	1	-0.00579511	0.00346935	0.00322549
PMBB7227042825909	0	30.8	948.6400000000001	2	1	0.0285654	0.00682579	-0.00414166
PMBB7227583449208	0	33.8	1142.4399999999998	1	1	-0.00162587	0.00775348	-0.00291318
PMBB7228036392015	0	59.7	3564.09	2	1	0.00338454	-0.00138888	0.00988331
PMBB7228925460129	0	64.2	4121.64	1	1	0.0015134	0.00588693	-3.48462e-08
PMBB7230170471345	1	56.5	3192.25	2	1	-0.00421444	-0.00110428	-0.000735667
PMBB7232113554566	0	60.7	3684.4900000000002	2	3	-0.0107625	-0.00799098	-0.00127158
PMBB7232212697914	0	24.3	590.49	1	2	-0.00209992	-0.00474671	0.00694349
PMBB7232296024834	0	49.2	2420.6400000000003	2	1	-0.0073594	0.00235897	0.00146956
PMBB7234187542120	0	30.4	924.16	2	1	0.00232615	-0.0323215	-0.000171988
PMBB7235606443872	0	31.9	1017.6099999999999	1	3	0.00244019	-0.0151024	-0.00959204
PMBB7236314140830	0	41.7	1738.8900000000003	2	1	0.00265866	0.00228392	-0.00622616
PMBB7238389531012	0	67.2	4515.84	1	1	0.00409914	-0.0208544	0.00352351
PMBB7238402823530	0	42.9	1840.4099999999999	1	1	-0.00111507	-0.0274856	-0.00447662
PMBB7238629462804	0	30.6	936.3600000000001	2	1	-0.00863456	0.00250975	-0.00300536
PMBB7239184765302	0	65.2	4251.04	1	1	0.00233418	0.00123482	0.000719126
PMBB7239943181955	0	49.4	2440.3599999999997	1	1	0.00114965	-0.00342409	-0.0125626
PMBB7242007636497	0	52.9	2798.41	2	1	-0.00608225	-0.000294316	-0.0099286
PMBB7242173586198	0	68.9	4747.210000000001	1	1	-0.00441308	-0.00895017	-0.00447182
PMBB7242379049973	0	52.0	2704.0	1	1	-0.00129027	-0.00249791	0.00989814
PMBB7243578148600	0	72.1	5198.409999999999	2	3	-0.00594277	-0.00682536	-0.00278876
PMBB7244577739199	0	61.1	3733.21	2	1	-0.00482325	0.00628355	-0.0114497
PMBB7245641632324	0	58.6	3433.96	1	1	-0.00369113	-0.0023005	-0.0105847
PMBB7246550683522	1	52.0	2704.0	2	1	-0.00414467	-0.00335582	0.00520121
PMBB7247129678227	0	38.2	1459.2400000000002	2	1	0.00264106	-0.010677	0.00464333
PMBB7249492089745	0	80.0	6400.0	1	1	-0.008045	0.00118553	0.0170647
PMBB7250163296718	0	42.6	1814.7600000000002	2	1	0.0111874	-0.00446196	-0.00788082
PMBB7250844409106	0	43.3	1874.8899999999996	1	1	-0.00296846	0.0044867	0.0227185
PMBB7253117010158	1	66.4	4408.960000000001	1	1	0.00265343	0.0152562	0.00419556
PMBB7253691837353	0	27.2	739.8399999999999	2	3	-0.00241654	0.00315305	0.00650343
PMBB7254526833984	0	40.8	1664.6399999999999	2	1	0.00865796	0.0218644	-0.0173754
PMBB7255016349906	0	78.5	6162.25	1	1	0.00649264	-0.00144693	-0.00321662
PMBB7255365125527	0	68.7	4719.6900000000005	1	3	-0.00531209	0.00279113	-0.0171006
PMBB7255730384855	0	35.1	1232.01	2	1	-0.00231923	-0.00901214	0.000122346
PMBB7256486280964	0	31.9	1017.6099999999999	2	3	0.00750484	-0.00408123	0.00645764
PMBB7257688849019	0	65.9	4342.81	1	1	-0.0055054	0.00668179	-0.00642307
PMBB7257908471501	0	24.4	595.3599999999999	2	3	-0.00349152	0.00390875	-0.00554914
PMBB7259802939519	0	63.1	3981.61	2	1	0.00046787	0.00230804	0.0130959
PMBB7262784736674	0	68.0	4624.0	2	1	0.00687181	-0.00590494	0.00573189
PMBB7263596289523	0	53.0	2809.0	2	2	0.012034	0.00360378	-0.0147291
PMBB7264598819080	0	29.7	882.0899999999999	2	1	-0.00293534	0.00891035	-0.0198159
PMBB7265048993414	0	49.3	2430.49	1	2	-0.00736421	0.000505993	-0.00160628
PMBB7267073819469	0	69.6	4844.159999999999	2	1	-0.00639239	-0.00178402	-0.00258575
PMBB7267500420476	0	49.8	2480.0399999999995	2	1	-0.00173792	0.00802966	-0.00529276
PMBB7268274224165	0	69.1	4774.8099999999995	1	1	-0.00904545	0.00119956	-0.00156048
PMBB7268687914001	0	45.3	2052.0899999999997	1	1	-0.00564606	0.00302176	-0.0105047
PMBB7269071739030	0	47.9	2294.41	2	1	-0.00262816	-0.00121843	0.0166279
PMBB7271207765674	0	42.0	1764.0	2	2	0.00512581	0.0119289	0.00859815
PMBB7271703665027	1	78.8	6209.44	2	1	-0.00865685	-0.000579216	-0.00346779
PMBB7272196366335	0	49.2	2420.6400000000003	1	1	0.00209314	0.0156164	-0.0205479
PMBB7273995442536	0	44.4	1971.36	2	1	0.00217279	0.00393936	0.0201104
PMBB7275655227077	0	45.1	2034.0100000000002	1	2	-0.00373933	-0.0160908	-0.000843229
PMBB7275739136673	0	33.5	1122.25	2	1	0.00529145	-0.0158842	-0.00319101
PMBB7276669404738	0	25.7	660.49	2	1	-0.00724891	-0.00266437	0.0023125
PMBB7277883258263	0	38.8	1505.4399999999998	2	1	-0.00433466	0.00695359	-0.00229874
PMBB7279065664144	0	61.9	3831.6099999999997	2	1	0.0183893	-0.00941574	0.0200117
PMBB7279087621346	0	55.1	3036.01	1	3	-0.00090856	-0.00698572	0.00399751
PMBB7279727239281	0	45.2	2043.0400000000002	2	1	-0.00539936	-0.00855827	-0.00141304
PMBB7279873688606	0	48.3	2332.89	1	1	-0.00161626	0.00291202	0.00891026
PMBB7280115473543	0	40.4	1632.1599999999999	1	1	0.000282671	0.00753509	0.00211121
PMBB7281660097213	0	71.5	5112.25	2	1	-0.000587676	0.0128623	-0.0166336
PMBB7282901889638	0	65.8	4329.639999999999	2	1	-0.00599622	-0.0107153	-0.0018739
PMBB7282966966672	0	62.3	3881.2899999999995	2	1	0.0170545	-0.0029955	0.00200474
PMBB7284869555865	0	65.0	4225.0	1	1	-0.00344355	0.00953982	0.00569445
PMBB7285262024899	0	39.2	1536.6400000000003	2	1	0.00293906	0.0152682	-0.00253696
PMBB7286602000198	0	36.3	1317.6899999999998	2	1	-0.00306314	6.63747e-05	0.00426735
PMBB7286676099627	0	38.7	1497.6900000000003	2	3	-0.00828842	-0.00303834	-0.00052716
PMBB7287221167643	0	55.7	3102.4900000000002	1	1	-0.00667923	0.00592233	0.000542582
PMBB7287430553789	0	30.5	930.25	1	1	0.0200015	0.0037863	-0.00323375
PMBB7287881567364	0	41.8	1747.2399999999998	2	1	0.00471413	0.00828492	-0.00915299
PMBB7288612627803	0	61.6	3794.5600000000004	2	1	0.000385342	-0.0127996	0.00502279
PMBB7288694310012	0	71.5	5112.25	2	1	-0.0109424	-0.00166256	-0.000596453
PMBB7289060446053	1	75.2	5655.040000000001	2	3	-0.00387399	-0.00244481	-0.0242892
PMBB7290271386739	0	63.5	4032.25	1	3	-0.0105114	0.00239735	-0.000477256
PMBB7290342580959	0	31.8	1011.24	2	3	-0.0125073	0.000255686	0.0015539
PMBB7290498764331	0	27.7	767.29	2	1	-0.00356715	0.00280853	-0.00277883
PMBB7290674399055	0	28.1	789.6100000000001	2	1	0.0209683	-0.000880215	-0.00334519
PMBB7291377700843	0	36.9	1361.61	2	1	0.00122837	0.00640632	-0.0077586
PMBB7292151525995	1	57.5	3306.25	1	1	0.000296358	-0.00249237	-0.0143075
PMBB7293364748938	0	53.1	2819.61	1	1	-0.00966599	-0.00226661	0.000594847
PMBB7295370121590	0	28.3	800.89	2	1	-0.00718979	0.00261931	0.00228757
PMBB7295872924969	0	53.1	2819.61	2	1	-0.00703494	0.00458534	0.0122311
PMBB7297358466807	0	65.8	4329.639999999999	1	1	-0.000749275	-0.00211781	-0.0115442
PMBB7298161039341	1	69.6	4844.159999999999	2	3	0.00608166	0.00355661	-0.00377762
PMBB7298301621044	0	21.7	470.89	2	1	-0.00729625	0.00331512	-0.00193605
PMBB7298712256558	0	57.7	3329.2900000000004	2	3	0.0037693	0.0106608	0.00475284
PMBB7299198353303	0	24.5	600.25	2	3	0.0217128	0.00488512	0.00287824
PMBB7299422096023	0	57.6	3317.76	2	1	-0.0040304	0.0025432	-0.0146721
PMBB7299999770139	0	52.0	2704.0	2	1	-0.0032665	0.00922937	-0.00440307
PMBB7301525401343	0	44.0	1936.0	1	1	0.0142182	-0.000702344	8.47977e-05
PMBB7302810500502	0	60.4	3648.16	2	3	0.000685705	-0.0123331	0.00939718
PMBB7303548073114	0	23.8	566.44	2	3	-0.0047083	0.00775652	-0.00350495
PMBB7303836717373	0	78.6	6177.959999999999	1	1	-0.00649501	0.00380125	0.0037076
PMBB7305346324282	0	59.8	3576.0399999999995	1	1	-0.00293702	0.00856786	0.00343247
PMBB7307814017526	0	49.1	2410.81	2	2	0.0101725	-0.00417353	-0.00139931
PMBB7308242904895	0	67.0	4489.0	2	1	-0.00208373	0.00534228	-0.0125123
PMBB7308249143169	0	84.8	7191.04	2	2	-0.00421733	0.00554489	0.00726369
PMBB7309026975400	0	74.8	5595.04	1	1	0.00837772	-0.00422789	-0.00374115
PMBB7309747733548	0	40.3	1624.0899999999997	2	1	0.00136545	-0.0127945	-0.00346683
PMBB7309896364091	0	66.6	4435.5599999999995	2	1	0.00411476	-0.00400934	0.000343593
PMBB7310009456189	0	54.8	3003.0399999999995	1	1	-0.00318618	-0.0109815	0.00298233
PMBB7311527542002	0	35.4	1253.1599999999999	2	1	0.00282236	0.0063525	-0.0191252
PMBB7312140871965	0	57.4	3294.7599999999998	1	3	-0.0022035	0.0102404	0.000370123
PMBB7313450972038	0	25.0	625.0	2	1	0.0133798	0.00258566	0.0111768
PMBB7314399500785	0	52.1	2714.4100000000003	2	3	-0.0106449	-0.00320887	-0.0050414
PMBB7315396758822	0	45.6	2079.36	2	1	-0.00206103	0.00437699	0.0148473
PMBB7315975370793	0	48.5	2352.25	2	1	-0.0047717	-0.00969579	0.000378767
PMBB7317301791546	0	68.2	4651.240000000001	1	1	-0.00392808	0.00270298	0.0107924
PMBB7318443113269	0	64.1	4108.8099999999995	1	1	-0.000197727	0.00403529	0.00680348
PMBB7319344774003	0	49.0	2401.0	2	1	0.00682419	-0.0210965	0.00294598
PMBB7319354433858	0	57.2	3271.84	2	2	-0.00295051	0.00199579	0.00273615
PMBB7320458002659	0	55.1	3036.01	1	1	-0.00766031	-0.00214277	-0.00226785
PMBB7321681783339	0	26.9	723.6099999999999	2	3	-4.1099e-05	-0.0136475	-0.00344777
PMBB7321896734878	0	49.5	2450.25	1	1	-0.0124148	-0.00020573	0.000190058
PMBB7323055108853	0	20.7	428.48999999999995	2	1	0.00333773	-0.00529066	0.00703992
PMBB7324185831277	0	62.6	3918.76	2	1	0.0243041	-0.00632063	0.0140702
PMBB7326033742244	0	62.6	3918.76	1	1	-0.00359066	0.00872637	-0.000331565
PMBB7326751964135	0	45.0	2025.0	1	1	0.0264238	0.00571019	0.00361013
PMBB7328200722111	1	78.0	6084.0	1	3	0.00956117	-0.00386863	0.0115203
PMBB7328746107464	0	44.4	1971.36	2	3	0.00148323	-0.00481923	-0.00195087
PMBB7329441271735	0	22.7	515.29	2	1	-0.0053505	0.00902071	0.00378973
PMBB7329471993163	0	26.6	707.5600000000001	2	2	0.0230539	0.00979559	0.00653595
PMBB7329623389546	0	66.4	4408.960000000001	1	1	-0.00557406	-0.00366946	-0.000625882
PMBB7332921414180	0	36.7	1346.89	1	1	-0.00201042	0.00381158	0.00315866
PMBB7333519228284	0	54.8	3003.0399999999995	2	1	0.00618604	-0.0058085	-0.00130368
PMBB7333693727756	0	55.4	3069.16	2	3	0.00452943	0.00481569	0.0142575
PMBB7337191534569	0	72.7	5285.29	2	1	0.00410287	0.0112095	-0.0108345
PMBB7339275070609	1	57.6	3317.76	1	1	-0.0041958	-0.0154915	0.00993736
PMBB7340011171265	0	58.5	3422.25	1	3	-0.00262739	-0.00569412	0.00105781
PMBB7343378780903	0	58.7	3445.6900000000005	1	1	0.000596706	0.00820838	-0.0110164
PMBB7344431128399	0	44.0	1936.0	2	1	0.00276426	-0.0307303	0.00152465
PMBB7344447342768	0	47.8	2284.8399999999997	2	1	0.000876059	0.00241313	-0.000269311
PMBB7345569924456	0	73.3	5372.889999999999	2	3	-0.00381336	-0.0122411	-0.00653487
PMBB7345616542367	0	58.1	3375.61	2	1	-0.00688484	0.00685086	0.00846069
PMBB7347284079013	0	78.5	6162.25	2	1	-0.0117622	-0.000143672	-0.000215267
PMBB7349237471405	0	23.8	566.44	2	1	-0.00758968	0.00324949	-0.00488645
PMBB7349756986714	0	56.4	3180.96	2	1	0.000533065	0.00882813	-0.0147521
PMBB7350113144399	1	62.2	3868.84	2	1	-0.00703423	-0.0281203	0.00163212
PMBB7351014606448	0	52.3	2735.2899999999995	2	3	-0.010233	-0.00200482	0.000694085
PMBB7351264261852	0	47.9	2294.41	1	3	-0.00362613	-0.0119361	0.0096562
PMBB7351668787178	0	47.0	2209.0	2	3	-0.00231875	0.0132883	-0.0141561
PMBB7353071852695	0	67.9	4610.410000000001	2	1	-0.00147478	-0.0172322	0.000981971
PMBB7353327105513	0	31.5	992.25	1	1	-0.00950115	-0.000377237	0.00273376
PMBB7353587712254	0	64.0	4096.0	1	3	0.000274329	0.00300615	-0.00688927
PMBB7354798842080	0	60.0	3600.0	2	1	0.00228909	-0.0144049	-0.00369319
PMBB7355130776176	0	39.7	1576.0900000000001	2	1	0.0231412	0.00274054	-0.00379782
PMBB7355457213673	0	62.5	3906.25	1	1	-0.00140401	-0.00369406	0.00185099
PMBB7356961109033	0	34.3	1176.4899999999998	2	1	0.00382021	-0.015392	0.0104708
PMBB7357146439103	0	28.4	806.56	1	1	-0.00282044	0.00861878	0.0136376
PMBB7358190321128	0	64.0	4096.0	1	1	-0.00261865	0.0130692	-0.00335352
PMBB7360367925226	0	61.3	3757.6899999999996	2	1	-0.00667671	-0.000409017	-0.00294675
PMBB7360721553763	0	49.1	2410.81	2	1	0.0236267	-0.0149685	0.00720197
PMBB7361014325758	0	62.3	3881.2899999999995	1	1	0.0164173	-0.0163392	0.0166448
PMBB7362165775513	0	30.3	918.09	2	1	0.00709066	0.012976	0.0111817
PMBB7362538558489	0	57.1	3260.4100000000003	1	1	-0.00881795	0.00404132	-0.00800258
PMBB7363435798099	0	62.1	3856.4100000000003	2	1	-0.00695932	0.00349483	-0.0136057
PMBB7365929373105	0	54.1	2926.81	2	1	0.0108016	0.0125745	0.00305534
PMBB7366583288185	0	70.8	5012.639999999999	2	1	-0.000773917	-0.0261814	0.0102622
PMBB7366843753791	0	70.0	4900.0	1	1	0.00563297	0.00835206	0.00274612
PMBB7367444928329	0	25.7	660.49	2	3	0.0116536	0.0176533	-0.00251606
PMBB7368418706151	0	35.7	1274.4900000000002	1	3	-0.00582115	-0.000599757	0.0150652
PMBB7369547311922	0	49.8	2480.0399999999995	1	1	0.0113297	-0.00702887	-0.00267886
PMBB7370492432976	0	71.8	5155.24	1	2	0.00590162	-0.0103522	0.0038662
PMBB7371526622704	0	38.2	1459.2400000000002	2	1	-0.00712395	-0.00258401	0.00100031
PMBB7372039323299	0	36.3	1317.6899999999998	2	1	-0.00574151	-0.00303282	-0.000817485
PMBB7372556139175	0	62.2	3868.84	2	1	0.00563467	0.0164757	0.0155207
PMBB7374092715361	0	30.7	942.49	2	3	0.00297766	0.00266552	0.00414418
PMBB7374102696429	0	62.5	3906.25	1	3	0.00415863	0.00510731	-0.00999469
PMBB7374499716087	0	59.3	3516.49	2	1	-0.00157924	0.0152743	-0.00461128
PMBB7376834181619	0	67.9	4610.410000000001	2	1	0.00582293	0.00109869	0.0124252
PMBB7377686159595	0	49.8	2480.0399999999995	2	1	-0.00204281	0.0106054	0.00224249
PMBB7377749697752	0	51.0	2601.0	1	1	0.0186217	-0.00239398	-0.00496016
PMBB7378688898604	0	45.2	2043.0400000000002	2	1	0.00190182	-0.00265345	0.00128935
PMBB7380812741406	0	46.6	2171.56	1	2	0.002747	-0.00627258	0.00198822
PMBB7381168879307	0	57.9	3352.41	1	1	-0.00459797	-0.0103995	-0.000261734
PMBB7381633409025	0	57.4	3294.7599999999998	1	1	-0.0125521	0.000922235	4.37384e-05
PMBB7383032240660	1	58.3	3398.89	2	1	0.00287698	-0.0105182	0.00765053
PMBB7385317879537	0	34.2	1169.64	1	1	-0.00662986	-0.00263541	0.00544853
PMBB7385651092574	0	58.9	3469.21	2	1	0.00284444	-0.00410116	-0.00400386
PMBB7386364161973	0	55.2	3047.0400000000004	1	1	-0.000548384	-0.0110902	-0.00413142
PMBB7386423106937	1	46.3	2143.6899999999996	2	1	-0.00682962	-0.00146857	0.00199898
PMBB7386577032915	0	63.6	4044.96	2	1	-0.00292767	0.00278479	-0.0218995
PMBB7386994204948	0	31.8	1011.24	2	1	-0.00629156	0.00334822	0.00218362
PMBB7387435312292	0	37.7	1421.2900000000002	1	1	-0.00521893	0.00555585	0.000335196
PMBB7387846645519	0	50.5	2550.25	2	3	0.0215331	-0.000764879	-0.00110386
PMBB7388470780762	0	26.0	676.0	2	1	-0.00436805	0.00748328	0.00639074
PMBB7389866811473	0	57.9	3352.41	2	1	-0.0082626	0.00329399	0.00113225
PMBB7390028681589	0	62.6	3918.76	2	1	-0.00140871	-0.00442885	-0.0117485
PMBB7393656262454	0	27.0	729.0	1	1	-0.00741434	-0.00375691	-0.00567879
PMBB7396739652956	0	37.4	1398.76	2	3	0.00200536	5.85556e-05	0.00574048
PMBB7401108205002	0	35.8	1281.6399999999999	2	1	0.0164722	0.00760193	-0.013863
PMBB7401334224256	0	26.2	686.4399999999999	2	1	-0.00218869	-0.00433825	0.0143387
PMBB7403236583317	0	53.9	2905.21	1	3	-0.00284436	-0.00145923	-0.00741361
PMBB7405071496576	0	24.0	576.0	2	1	-0.00180507	0.00674494	-0.0064806
PMBB7405807116631	0	88.0	7744.0	2	3	-0.00505569	0.00393454	-0.010326
PMBB7407340041193	0	45.0	2025.0	2	1	6.39466e-05	-0.00472526	-0.00431484
PMBB7407688224087	0	64.6	4173.159999999999	1	1	0.00406856	-0.00541044	0.00371205
PMBB7408599727049	0	66.6	4435.5599999999995	1	1	1.20474e-06	-0.0139693	0.00999921
PMBB7408759208679	0	80.5	6480.25	1	1	-0.00150829	-0.0132323	0.00136181
PMBB7412563772219	0	22.1	488.4100000000001	2	1	0.0160255	0.00554484	-0.00898035
PMBB7412583004559	0	64.7	4186.09	1	1	-0.00852353	-0.00360589	-0.00212729
PMBB7412694378692	0	37.4	1398.76	2	1	-0.00732141	0.00303215	-0.00226174
PMBB7412917089992	0	75.0	5625.0	1	1	0.00068359	-0.00429527	0.00486616
PMBB7414718101950	1	79.2	6272.64	2	2	0.000649504	0.0156994	-0.0100787
PMBB7415086656449	1	80.8	6528.639999999999	1	3	-0.00144603	0.0145477	-0.0156989
PMBB7417395104167	0	49.9	2490.0099999999998	1	3	-0.00639673	0.00427549	0.000992155
PMBB7418496590504	0	71.9	5169.610000000001	1	1	0.00369645	0.0138134	-0.00633657
PMBB7419400337070	0	21.1	445.21000000000004	2	1	0.00140384	-0.007799	0.00894656
PMBB7422160380649	0	51.6	2662.56	1	1	-0.0015104	-0.00648679	-0.00548582
PMBB7424193728448	0	66.0	4356.0	1	1	0.031461	-0.00828549	0.00884415
PMBB7424399893690	0	45.2	2043.0400000000002	1	3	-0.00119785	0.00191333	-0.00399526
PMBB7424609494909	0	40.2	1616.0400000000002	2	1	-0.00467602	0.00715608	-0.0029394
PMBB7425120661243	0	53.1	2819.61	2	1	-0.00645068	0.00269456	-0.0110828
PMBB7425719031352	0	35.1	1232.01	2	1	0.00694383	-0.00971784	-0.00198294
PMBB7427330574678	0	24.7	610.0899999999999	2	3	0.0057353	0.00726636	0.00242266
PMBB7428221462834	0	66.8	4462.24	1	1	-0.00663024	0.0041804	0.00254466
PMBB7429856432585	0	84.6	7157.159999999999	2	2	0.012403	0.00791925	-0.0151143
PMBB7429943398302	0	45.2	2043.0400000000002	1	1	-0.0053819	-0.0141282	-0.00418789
PMBB7429966711002	0	52.2	2724.84	1	1	-0.00307366	0.000939023	-0.000162405
PMBB7432835678876	0	66.0	4356.0	1	1	-0.012428	0.000212207	0.000463478
PMBB7433519987380	0	31.6	998.5600000000001	2	3	-0.00438655	-0.00559491	0.000622793
PMBB7434377878670	0	65.0	4225.0	2	1	-0.0109217	0.00196018	-0.0017295
PMBB7434968082487	0	60.6	3672.36	2	1	-0.00881487	-0.000773697	0.00275719
PMBB7435201916971	0	19.2	368.64	2	1	0.00767067	-0.00831426	0.00946505
PMBB7435918477688	0	29.9	894.0099999999999	2	3	0.0182059	0.0103691	-0.00650839
PMBB7440450519219	0	26.5	702.25	2	1	-0.00210273	0.0027575	0.00878057
PMBB7440661918636	0	54.6	2981.1600000000003	2	1	-0.000296199	-0.00173738	0.00527619
PMBB7440791452080	0	55.2	3047.0400000000004	1	1	-0.0112874	0.00327467	0.00787221
PMBB7441956061675	0	32.0	1024.0	2	3	0.000380502	0.00848311	0.00676257
PMBB7442498287883	0	58.3	3398.89	2	3	-0.00441059	-0.000115639	-0.0114585
PMBB7442579371562	0	27.4	750.7599999999999	2	3	0.0158848	0.0219791	0.00548275
PMBB7443481390635	0	43.7	1909.6900000000003	1	1	-0.00096242	0.00228399	0.00368061
PMBB7445742944037	0	60.2	3624.0400000000004	2	1	-0.00794533	-3.18589e-05	-0.00787949
PMBB7446280896413	0	29.1	846.8100000000001	2	1	-0.00268395	-0.0018759	-0.00617045
PMBB7447135302600	0	57.7	3329.2900000000004	1	1	0.0204779	0.00158831	0.00616963
PMBB7447205824386	0	70.5	4970.25	1	3	0.0236896	-0.00591574	0.00136545
PMBB7447231836242	0	35.4	1253.1599999999999	2	1	0.00528867	-0.0128994	0.000845301
PMBB7447521429379	0	32.8	1075.84	2	1	-0.000148299	0.00085361	-0.00562624
PMBB7448300557365	0	38.7	1497.6900000000003	1	1	-0.00589297	0.00617959	0.0139113
PMBB7448464742014	0	36.3	1317.6899999999998	2	1	-0.00449089	0.00329288	-0.00910784
PMBB7448946213825	0	59.1	3492.81	1	1	-0.0102624	-0.00724625	0.00174728
PMBB7450798559269	0	63.6	4044.96	2	3	0.00617694	-0.00769172	0.00901448
PMBB7451070536423	0	71.3	5083.69	1	1	-0.0100016	0.00205891	-0.00144455
PMBB7452353170357	0	68.8	4733.44	2	1	-0.00507995	-0.0036485	-0.00115419
PMBB7454156662040	0	80.6	6496.359999999999	1	1	-0.0057387	0.00541436	-0.00221215
PMBB7455791730252	0	64.4	4147.360000000001	2	3	0.00297032	0.00246874	-0.0184305
PMBB7457110686182	0	30.8	948.6400000000001	2	1	0.00341171	-0.00727112	-0.0226904
PMBB7459660847270	0	54.8	3003.0399999999995	1	1	0.000479729	-0.0034559	0.0077939
PMBB7460785206741	0	61.5	3782.25	2	3	-0.000992454	0.00289607	0.00470232
PMBB7461676880276	0	51.8	2683.24	1	1	0.00424311	0.00760669	-0.00138789
PMBB7461970121497	0	53.4	2851.56	1	3	-0.00491531	-0.0113425	0.0127798
PMBB7462180058528	0	67.3	4529.29	1	1	-0.000649862	0.00655676	-0.00429354
PMBB7462299974099	0	59.3	3516.49	2	1	-0.00113079	-0.00205665	0.00665574
PMBB7463018837788	0	56.2	3158.4400000000005	2	1	-0.000467103	0.00574149	-0.00266792
PMBB7466121357276	0	59.3	3516.49	2	3	-0.00545876	0.00604125	0.00988315
PMBB7466244295037	0	69.8	4872.04	2	1	-0.00807081	0.00240844	0.0118737
PMBB7466933933438	0	47.4	2246.7599999999998	1	1	0.00148496	0.0141871	5.86729e-05
PMBB7468047077370	0	33.0	1089.0	2	1	0.0145658	-0.0224612	0.00300515
PMBB7468278554497	0	43.0	1849.0	2	1	-0.00271284	-0.00366347	-0.00228659
PMBB7468475414369	0	66.0	4356.0	2	1	-0.00674883	-0.0055473	0.00133132
PMBB7468733337900	0	64.8	4199.04	2	1	-0.000464243	0.0119845	-0.00997241
PMBB7469350863684	0	68.0	4624.0	1	1	0.0266082	0.018762	0.00668683
PMBB7470228130091	0	53.0	2809.0	2	1	0.00500558	-0.00839912	-0.0159024
PMBB7470356079941	0	51.9	2693.6099999999997	1	1	0.000550183	0.012109	0.00707297
PMBB7472263507464	0	49.5	2450.25	2	1	-0.00221271	0.00332123	-0.00488166
PMBB7472733888669	0	51.7	2672.8900000000003	2	1	-0.00293204	-0.00849683	-0.00345607
PMBB7472921335761	0	28.7	823.6899999999999	1	3	-0.00128455	0.00229844	-0.00374364
PMBB7473586077657	0	61.8	3819.24	1	1	-0.0089376	0.00227339	0.015656
PMBB7473953577354	0	56.8	3226.24	2	1	0.000510443	-0.00366356	-0.00594699
PMBB7477635412836	0	55.3	3058.0899999999997	1	1	0.016342	-0.0144032	0.00624272
PMBB7477827330538	0	66.6	4435.5599999999995	2	1	-0.0105352	0.000950709	-0.000551039
PMBB7479179272018	0	20.7	428.48999999999995	1	1	0.00029927	-0.00274511	0.0100673
PMBB7480396340761	0	64.0	4096.0	2	1	0.00603267	0.010723	0.000250459
PMBB7480812272574	0	60.3	3636.0899999999997	2	1	-0.00209513	-0.00835131	-0.00316758
PMBB7482927892602	0	67.8	4596.839999999999	2	1	-0.0122857	-0.00103333	-0.00187375
PMBB7483753414015	0	58.4	3410.56	1	1	0.0182802	0.000500934	0.013481
PMBB7484060973305	0	59.9	3588.0099999999998	1	1	0.0037162	-0.00557501	-0.0120222
PMBB7484423331365	0	36.3	1317.6899999999998	2	1	-0.0105718	0.00425092	0.00253824
PMBB7485063877809	0	55.5	3080.25	2	1	0.0116286	-0.0084161	-0.00589709
PMBB7485143576412	0	56.7	3214.8900000000003	1	1	-0.00316293	0.0068528	-0.00675001
PMBB7486310083362	0	79.8	6368.04	1	1	-0.00442735	0.00390064	0.000358924
PMBB7486561713368	0	77.7	6037.290000000001	1	1	-0.00809005	0.00362954	0.00351587
PMBB7486777120298	0	71.7	5140.89	2	1	0.00477397	0.00384594	-0.0115939
PMBB7487783843852	0	23.4	547.56	1	1	0.0224134	0.00119223	0.0138744
PMBB7488081591303	0	23.9	571.2099999999999	2	1	0.000770772	-0.00609277	-0.00848285
PMBB7489974469321	0	47.6	2265.76	1	1	0.00347348	-0.00754982	0.00913147
PMBB7490818414256	0	31.3	979.69	2	1	-0.00852452	0.00363724	0.000148809
PMBB7491100741576	0	21.7	470.89	2	3	-0.00417394	-0.00371662	0.0038231
PMBB7491888817802	0	59.5	3540.25	1	1	0.002191	0.00438447	-0.00751924
PMBB7491930689809	0	51.9	2693.6099999999997	1	2	-0.00468947	0.00635272	-0.00922458
PMBB7494767834642	0	57.6	3317.76	1	1	-0.0016698	-0.0107886	-0.0118961
PMBB7495519081480	0	63.7	4057.6900000000005	1	1	-0.010746	-0.000243409	-0.000754775
PMBB7496655256439	0	48.4	2342.56	2	1	-0.00461196	0.00584538	0.0171454
PMBB7497619400233	0	68.8	4733.44	1	1	0.00925385	-0.0261761	-0.000679485
PMBB7498114084868	0	42.6	1814.7600000000002	2	3	-0.00804779	-0.00535662	-0.00836358
PMBB7498689797313	0	31.8	1011.24	2	1	0.000864668	-0.0110949	-0.00255501
PMBB7499083192599	1	62.5	3906.25	1	1	-0.00139228	0.00230488	0.0077297
PMBB7499481144584	0	67.5	4556.25	2	1	-0.00259095	-0.00453612	0.00310238
PMBB7499738948889	0	41.7	1738.8900000000003	2	1	0.00796202	-0.0309713	-0.00514616
PMBB7500699804702	0	86.1	7413.209999999999	2	1	-0.00952492	0.00221981	-0.00188784
PMBB7501686571326	1	67.8	4596.839999999999	2	1	-0.005252	-0.00133852	-0.00290855
PMBB7501980329265	0	42.1	1772.41	2	1	-0.0045428	0.00806152	-0.00523302
PMBB7503073362924	0	77.9	6068.410000000001	2	3	-0.00275265	-0.00370673	0.003984
PMBB7505351547765	0	66.1	4369.209999999999	2	1	-0.00208992	-0.00426826	0.00281316
PMBB7505562202695	0	57.9	3352.41	2	2	-0.00577119	0.00478217	-0.00827854
PMBB7507279475027	0	27.1	734.4100000000001	2	1	-0.005932	-0.0166362	0.000487287
PMBB7508476641304	0	87.0	7569.0	2	1	-0.00246185	-0.0135592	-0.00932233
PMBB7508538345662	0	56.2	3158.4400000000005	2	3	-0.000282314	-0.0133711	0.00542273
PMBB7509008586146	0	76.7	5882.89	2	3	0.0201755	0.00548347	-0.000222697
PMBB7509451977103	0	25.6	655.3600000000001	2	1	-0.00385653	0.00300492	-0.0101793
PMBB7509742533407	0	36.2	1310.4400000000003	1	1	0.00147896	-0.00255466	0.00934263
PMBB7510874846716	0	48.0	2304.0	2	1	0.00194808	0.00407775	-0.00668538
PMBB7511216087811	0	46.0	2116.0	2	2	-0.000887335	-0.00150794	-0.00977087
PMBB7512883858473	0	51.3	2631.6899999999996	2	1	-0.000160197	0.00300773	0.00104404
PMBB7514452749706	0	79.3	6288.49	2	1	0.00395745	-0.0161516	0.00377257
PMBB7515891741410	1	81.2	6593.4400000000005	1	1	0.0100276	-0.0123047	-0.015634
PMBB7516315707253	0	52.4	2745.7599999999998	1	1	-0.00747799	0.00351593	-0.000501847
PMBB7516824636861	0	34.1	1162.8100000000002	2	1	-0.000164987	-0.000641988	0.0157076
PMBB7518213472180	0	53.1	2819.61	2	1	-0.00475018	0.00173295	0.000899435
PMBB7518545414381	0	22.9	524.41	2	1	-0.00519121	-0.00449251	-0.000373006
PMBB7520507714596	1	54.7	2992.09	1	1	-0.00169106	-0.00250472	-0.00752703
PMBB7521033451340	0	44.9	2016.0099999999998	2	2	-0.00358875	0.00685247	-0.00808239
PMBB7523787920120	0	31.4	985.9599999999999	2	1	0.0160171	0.00706146	-0.00344717
PMBB7524866880464	0	63.3	4006.8899999999994	2	1	-0.00506	0.00645452	0.00240411
PMBB7525160913806	0	38.8	1505.4399999999998	2	1	-0.00679761	0.0040048	-0.00773492
PMBB7525611261200	0	50.7	2570.4900000000002	1	1	-0.00848305	-0.00268748	0.00245378
PMBB7526256053362	1	78.7	6193.6900000000005	1	1	-0.00813445	0.00230475	0.0036877
PMBB7527496194899	0	27.9	778.41	1	3	0.000764656	-0.0122981	-0.0217211
PMBB7528427338127	0	45.0	2025.0	2	1	-0.00615188	0.00376257	-0.00426915
PMBB7529221766917	0	33.9	1149.2099999999998	2	3	-0.00609708	-0.000771443	0.000882391
PMBB7530761722605	0	48.4	2342.56	2	1	0.0271223	0.00807519	-0.0110236
PMBB7530802194044	0	79.4	6304.360000000001	1	1	-0.00430326	-0.0210598	-0.00436783
PMBB7532297434100	0	24.0	576.0	2	1	-0.000948116	-0.00684936	-0.00624972
PMBB7533409121010	0	28.4	806.56	1	1	-0.00273343	0.00163209	-0.017682
PMBB7534636784356	0	76.8	5898.24	1	1	-0.00849723	0.00227062	-0.00242478
PMBB7534818073042	0	34.3	1176.4899999999998	2	1	-0.00688279	0.0015591	-0.0148355
PMBB7535380086298	0	28.3	800.89	2	1	-0.0016147	-0.00896518	-0.00230271
PMBB7537647370496	0	62.7	3931.2900000000004	2	1	0.00917469	0.0162816	-0.0139809
PMBB7540772688989	0	70.4	4956.160000000001	1	1	-0.00421158	0.00258544	0.00736086
PMBB7540925688349	0	43.7	1909.6900000000003	2	3	0.0065996	-0.00693508	0.00813678
PMBB7541681161702	0	63.4	4019.56	2	1	0.00724747	0.00997877	-0.0207015
PMBB7541859787318	0	59.7	3564.09	2	1	-0.00505603	0.00431408	-0.00643079
PMBB7542125226844	0	41.8	1747.2399999999998	2	1	0.0306879	-0.00136702	-0.00497651
PMBB7542989400444	0	83.5	6972.25	2	1	0.00716268	-0.00542061	-0.00309751
PMBB7545246472262	0	60.2	3624.0400000000004	1	1	-0.00470982	-0.00208596	0.0130565
PMBB7545487814968	0	42.2	1780.8400000000001	2	3	-0.0062374	0.00219876	0.00024755
PMBB7545713633040	0	67.9	4610.410000000001	1	1	-0.00576978	0.000116863	0.00122539
PMBB7546965016386	0	57.5	3306.25	2	1	0.0168784	0.00354431	-0.02009
PMBB7548222034387	1	62.7	3931.2900000000004	2	1	-0.00530147	0.00580545	0.00339031
PMBB7548471159058	0	59.6	3552.1600000000003	1	1	-0.00135794	0.0119523	0.000285347
PMBB7549945039924	0	34.7	1204.0900000000001	2	1	0.000828361	0.00140013	0.0116193
PMBB7550599120590	0	38.7	1497.6900000000003	2	1	-0.00241573	-0.00798063	0.000930548
PMBB7552277040288	0	48.3	2332.89	1	1	-0.00468834	0.00183787	0.000915036
PMBB7552378909431	0	33.5	1122.25	2	1	0.000810778	-0.00300069	-0.0108142
PMBB7552451395766	0	62.9	3956.41	1	1	-0.00864628	-0.00206569	0.00183008
PMBB7552518395019	0	66.7	4448.89	2	1	-0.000866668	0.0114467	0.00087839
PMBB7552876373781	0	40.8	1664.6399999999999	2	3	0.000324563	-0.00941099	0.00808974
PMBB7554546798988	0	57.6	3317.76	2	1	-0.00837092	0.00151864	0.00732735
PMBB7555974776461	0	18.2	331.23999999999995	2	1	-0.00454052	-0.000373715	-0.00496207
PMBB7556172711934	0	54.9	3014.0099999999998	2	1	-0.00363437	0.00653099	0.00497756
PMBB7556927940791	0	37.9	1436.4099999999999	2	1	-0.00799821	0.000437501	0.00072841
PMBB7557857137582	0	36.8	1354.2399999999998	2	1	-0.00622141	-0.00682853	0.0108793
PMBB7559012770725	0	36.3	1317.6899999999998	2	1	-0.00253704	-0.000750043	-0.00249334
PMBB7560208023154	0	65.0	4225.0	2	1	0.00281404	0.00482897	0.0131348
PMBB7562230320167	0	54.7	2992.09	1	1	0.00192215	-0.00929003	0.0057092
PMBB7562826285043	0	53.4	2851.56	2	1	0.00282888	0.0102571	0.0134031
PMBB7562919815301	0	55.8	3113.64	2	1	-0.00617882	0.00373407	0.000695515
PMBB7563954991090	0	26.4	696.9599999999999	2	1	0.00328034	-0.0234783	-0.0103246
PMBB7564117577555	0	29.7	882.0899999999999	1	3	-0.00243741	0.00648046	0.0109524
PMBB7567603111806	0	43.3	1874.8899999999996	2	1	-0.0129294	-0.00131815	-0.00292682
PMBB7567640853154	0	26.8	718.24	1	1	-0.00163094	0.00635104	-0.000125937
PMBB7568383518005	0	55.4	3069.16	2	3	-0.00755311	0.0051679	0.00332768
PMBB7569779400713	0	62.2	3868.84	2	1	-0.00572349	-0.0073801	0.000891173
PMBB7570642872521	0	25.7	660.49	2	3	-0.00796007	0.0046202	0.0101165
PMBB7571116860691	0	28.5	812.25	1	1	-0.00183641	0.00284526	0.00224023
PMBB7571698188650	0	54.8	3003.0399999999995	1	1	-0.00328973	0.000833268	0.00873799
PMBB7572400158342	1	59.2	3504.6400000000003	2	1	-0.0119899	0.000368182	0.0013988
PMBB7572426216562	0	20.9	436.80999999999995	2	2	0.0239806	-0.00109815	-0.00681176
PMBB7572698470676	0	57.5	3306.25	1	1	0.000965214	0.000568899	-0.0155884
PMBB7574329574107	0	35.1	1232.01	2	1	0.0218705	0.00675564	0.00957491
PMBB7574893495009	0	44.5	1980.25	2	3	-0.0061492	-0.00144898	0.0021822
PMBB7576245979044	0	23.7	561.6899999999999	1	3	-0.0055289	0.00283337	0.00273609
PMBB7576436602708	0	38.6	1489.96	1	1	-0.004159	-0.0184306	-0.0146088
PMBB7577967021245	0	41.6	1730.5600000000002	1	1	-0.00309737	-0.00907074	0.00441345
PMBB7578912711856	0	67.4	4542.760000000001	1	1	-0.00918923	0.00106136	-0.000255269
PMBB7579004307796	0	51.2	2621.4400000000005	2	3	-0.00797939	-0.00382603	0.0136783
PMBB7579693236083	0	52.6	2766.76	1	3	0.027629	0.0132759	-0.00794292
PMBB7580574587398	0	43.3	1874.8899999999996	2	1	-0.00253658	-0.0206117	-0.0128526
PMBB7580826516144	0	48.9	2391.21	1	1	-0.00783518	0.00296153	0.00242659
PMBB7582608637951	0	30.8	948.6400000000001	2	3	0.00406226	0.011843	-0.00698084
PMBB7582793901991	0	36.6	1339.5600000000002	2	1	0.00258507	-0.0184256	0.00712793
PMBB7582870383826	0	36.0	1296.0	2	3	-0.0057066	-1.79728e-05	0.000975644
PMBB7583349369247	0	31.7	1004.89	2	1	0.00434841	-0.0049174	-0.00609196
PMBB7583601366475	0	80.3	6448.089999999999	1	3	0.00565003	0.0118041	0.00134297
PMBB7583931265616	0	63.5	4032.25	2	1	-0.0130618	0.00106925	2.24896e-05
PMBB7584647201019	0	26.0	676.0	2	1	0.00814392	0.0083526	0.0135191
PMBB7584938838206	0	37.3	1391.2899999999997	2	1	-0.0048288	-6.68647e-05	-0.00686479
PMBB7586559775102	0	29.5	870.25	2	1	-0.00583597	-0.00508989	0.00493343
PMBB7586947876737	0	28.7	823.6899999999999	2	3	0.00300693	0.00559234	0.000469718
PMBB7586982185212	0	42.0	1764.0	1	1	0.0262019	0.00964976	-0.00406485
PMBB7587845134977	0	58.2	3387.2400000000002	1	1	-0.00428815	0.0093112	0.0106167
PMBB7587879622658	0	45.1	2034.0100000000002	2	3	0.0139298	-0.00314216	0.0069601
PMBB7592859240878	0	70.1	4914.009999999999	2	3	-0.00485476	0.00270795	-0.00353761
PMBB7593327512724	0	63.0	3969.0	2	1	0.000995367	-0.00215112	-0.0176439
PMBB7593705715457	0	55.4	3069.16	2	1	0.000383956	0.0100282	0.00121722
PMBB7594294097500	0	59.3	3516.49	1	3	0.00216505	-0.00577147	0.00515058
PMBB7594514406397	0	59.7	3564.09	2	1	0.00701522	-0.00939534	-0.00998812
PMBB7596699865558	0	55.4	3069.16	1	1	-0.00197788	0.00504034	-0.0210853
PMBB7596911502336	0	49.7	2470.09	2	1	-0.00193125	0.00789054	-0.00969991
PMBB7597125040014	0	61.4	3769.96	1	2	0.00821488	0.0170301	-0.0176243
PMBB7597386076141	0	50.4	2540.16	2	1	-0.0122939	-0.000629117	0.000519844
PMBB7599854051879	0	70.3	4942.089999999999	2	1	-0.00617962	0.00490998	-0.0101397
PMBB7600778865551	0	75.1	5640.009999999999	1	1	0.00757795	-0.0103788	-0.00600486
PMBB7600827564738	0	62.1	3856.4100000000003	1	3	0.00797611	0.00765036	-0.0109648
PMBB7601271997798	0	58.6	3433.96	2	1	0.0189208	-0.0143795	0.0090105
PMBB7601924978845	0	33.1	1095.6100000000001	1	1	-0.00165392	-0.00722041	0.00786815
PMBB7603003776173	0	53.3	2840.89	2	3	0.00138429	0.00803911	0.0125769
PMBB7603211451407	0	72.2	5212.84	2	1	0.00091488	-0.0185755	-0.0158973
PMBB7603512631974	0	55.7	3102.4900000000002	1	1	0.00461524	0.005495	-0.00539893
PMBB7603560745452	1	71.4	5097.960000000001	1	1	0.00644827	0.0121372	0.00513615
PMBB7604290684556	0	56.1	3147.21	1	1	0.0237859	-0.00238391	0.010296
PMBB7605202536059	0	77.2	5959.84	1	1	0.0120638	-0.00226808	-0.00365854
PMBB7606736459129	0	55.6	3091.36	2	3	-0.000834648	-0.00212063	0.00422465
PMBB7607389904202	0	22.5	506.25	2	3	-0.00123439	-0.015095	0.00837258
PMBB7608594693873	0	30.7	942.49	1	3	0.0216012	0.00217682	-0.0102632
PMBB7610809443623	0	38.0	1444.0	1	1	-0.00586327	0.00370592	0.003374
PMBB7611357820936	0	49.0	2401.0	1	1	-0.00332383	0.000861595	8.57548e-05
PMBB7611896782111	0	54.5	2970.25	1	1	-0.0100847	-0.00170841	0.00456359
PMBB7614230776268	0	49.0	2401.0	1	1	0.00661696	-0.00292506	0.0053973
PMBB7614261113155	0	67.8	4596.839999999999	1	1	-0.00728368	0.0022235	0.00123989
PMBB7615074519473	0	72.9	5314.410000000001	2	1	0.006577	-0.00622799	-0.0133748
PMBB7615223110984	0	57.2	3271.84	2	1	-0.00369287	0.00830547	0.0105762
PMBB7616315075570	0	29.4	864.3599999999999	2	1	-0.00450901	-0.0107489	-0.000431364
PMBB7618904642157	0	61.5	3782.25	1	2	-0.00503499	-0.00663123	0.00288048
PMBB7619060522298	0	22.0	484.0	1	1	-0.00113431	-0.0101382	-0.00448996
PMBB7619342220990	0	31.0	961.0	2	1	-0.00234424	0.00420845	-0.015322
PMBB7619361153578	0	88.7	7867.6900000000005	1	1	-0.00692979	-0.00172924	-0.00218879
PMBB7621105065483	0	64.9	4212.010000000001	2	1	0.00182109	0.00372499	-0.00746989
PMBB7624857595254	0	45.4	2061.16	2	1	0.00144112	0.0105305	-0.0110658
PMBB7625628362525	0	55.1	3036.01	2	1	0.0134902	0.00173786	-0.00772939
PMBB7626073252971	0	67.9	4610.410000000001	2	1	-0.0111877	0.000793481	0.000111939
PMBB7626272233041	1	71.2	5069.4400000000005	2	2	0.0107421	-0.00515763	-0.0034842
PMBB7627483767001	0	66.0	4356.0	2	1	0.0064303	-0.00445119	-0.00779142
PMBB7628954361077	0	80.4	6464.160000000001	2	3	-0.00304662	-0.0129445	-0.0138149
PMBB7629226536296	0	56.4	3180.96	2	1	-0.00561603	-0.0171715	-0.00106255
PMBB7629452314388	0	67.6	4569.759999999999	1	1	-0.00147717	0.0022768	-0.00396328
PMBB7630409707271	0	40.8	1664.6399999999999	2	1	0.0117558	0.0228066	-0.0092052
PMBB7631580373411	0	70.3	4942.089999999999	2	1	-0.000191078	0.00258643	-0.021903
PMBB7632878393011	0	75.1	5640.009999999999	1	1	0.0047067	0.00808649	-0.00365393
PMBB7633396325042	0	57.3	3283.2899999999995	1	3	0.0277582	-0.00247346	0.000659706
PMBB7634063058601	0	46.2	2134.44	2	1	0.0263244	0.00767626	-0.0119336
PMBB7635352594416	0	21.8	475.24	2	1	-0.0123471	0.000974691	0.000938063
PMBB7635672259958	0	31.7	1004.89	1	3	0.0270026	-0.0147414	-0.00373097
PMBB7638217164033	0	36.3	1317.6899999999998	2	1	-0.000508087	-0.00582133	-0.0128014
PMBB7638502738705	0	54.9	3014.0099999999998	1	1	-0.00517945	-0.00417798	-0.0040316
PMBB7638642675173	0	85.5	7310.25	1	1	0.00380639	-0.00598871	0.0054741
PMBB7639912000691	0	56.6	3203.56	2	1	0.00277247	-0.00914846	0.00434148
PMBB7642795178304	0	65.9	4342.81	1	1	0.00395084	-0.0036096	0.00196754
PMBB7643280137669	0	54.9	3014.0099999999998	2	1	0.0081269	-0.00489133	-0.0079523
PMBB7643656278632	0	54.8	3003.0399999999995	1	3	-0.00230296	0.00550466	0.00444741
PMBB7645637973379	0	59.0	3481.0	1	3	0.00507588	-0.00463452	0.00875847
PMBB7647475461946	0	53.4	2851.56	2	1	-0.00664909	0.00780803	-0.00355738
PMBB7648039523562	0	29.1	846.8100000000001	2	1	-0.00504896	-0.00455682	0.0101932
PMBB7648639389595	0	31.6	998.5600000000001	2	3	0.0091773	-0.00185675	0.00426103
PMBB7648920380430	0	32.9	1082.4099999999999	2	1	0.00765384	0.0101053	-0.0105575
PMBB7649283129546	0	24.6	605.1600000000001	2	1	-5.10726e-05	0.00838686	0.00400319
PMBB7649396954882	0	20.6	424.36000000000007	2	2	0.0109263	0.00309324	0.00245856
PMBB7649407859110	0	62.8	3943.8399999999997	2	1	-0.00416811	0.00919926	0.00443048
PMBB7649910903979	0	37.4	1398.76	1	1	-0.00485749	-0.00552319	0.00322412
PMBB7650056880751	0	32.4	1049.76	2	1	0.000246293	-0.00016255	0.00867791
PMBB7651131210330	0	54.0	2916.0	2	1	-0.00379787	0.0026348	-0.00763196
PMBB7651320409999	0	43.9	1927.2099999999998	2	1	-0.00486629	-0.00403825	-0.00271605
PMBB7651649882553	0	48.0	2304.0	2	1	-0.000771701	0.011923	-0.0137619
PMBB7653957807255	0	63.4	4019.56	2	1	0.000958101	-0.00123657	0.00343569
PMBB7656286321296	0	25.2	635.04	2	1	0.00235072	-0.00454074	0.00981683
PMBB7658215910552	0	24.5	600.25	2	1	-0.0119763	-0.000271648	-0.000794083
PMBB7658454701308	0	48.7	2371.69	1	1	-0.00352676	0.00499992	0.00522174
PMBB7658887369097	0	49.5	2450.25	1	1	-0.00239954	0.00717115	0.000878121
PMBB7659119020896	0	77.1	5944.409999999999	1	3	0.00890552	-0.00445948	0.00227312
PMBB7660605858588	0	50.0	2500.0	1	1	-0.00536407	-0.00238098	0.00018411
PMBB7660885792167	0	45.2	2043.0400000000002	1	1	-0.00786723	0.000793045	-0.00131333
PMBB7661298192373	0	58.0	3364.0	1	1	-0.00192546	0.00475675	0.00235344
PMBB7661308608577	0	19.0	361.0	1	1	-0.00216794	-0.00162066	0.00562592
PMBB7661872563657	0	40.4	1632.1599999999999	1	1	-0.0056526	0.00375906	-0.0118305
PMBB7662100038117	0	29.0	841.0	2	1	-0.00626024	0.00874149	0.00337187
PMBB7667357289063	0	26.5	702.25	2	1	0.0294224	-0.000869173	0.0057273
PMBB7668617852606	0	63.2	3994.2400000000002	1	1	0.00598727	-0.0101789	0.00608494
PMBB7668624846588	0	48.9	2391.21	1	1	0.0220297	-0.00750283	0.00435293
PMBB7669325689641	0	46.5	2162.25	2	1	-0.0111345	0.00165821	7.93292e-05
PMBB7670970663229	0	39.9	1592.01	2	1	0.0138388	0.00435113	-0.0187535
PMBB7674897204622	0	54.7	2992.09	2	2	0.0109359	0.00867108	0.000728183
PMBB7675484265600	0	38.3	1466.8899999999999	2	3	-0.000276037	0.00503002	-0.00106411
PMBB7677049731739	0	34.4	1183.36	2	1	-0.00133176	-0.00197197	-0.015884
PMBB7677605749876	0	81.5	6642.25	2	1	-0.00452508	0.00481289	0.00810203
PMBB7677658913028	0	43.7	1909.6900000000003	1	1	-0.00292427	0.00175373	0.00786078
PMBB7678069965942	0	21.2	449.44	2	1	-0.0045469	0.00591215	0.00335344
PMBB7679342469088	0	52.8	2787.8399999999997	2	2	0.00379299	-0.0109119	0.00251821
PMBB7679476278984	0	72.0	5184.0	1	3	-0.00561247	0.00694583	-0.00261015
PMBB7679548120219	0	55.8	3113.64	1	1	-0.00442555	-0.00232967	0.0051454
PMBB7685500507030	0	53.4	2851.56	1	1	0.00785113	-0.0125936	0.00388399
PMBB7685671482989	0	52.2	2724.84	2	1	-0.00714358	0.00418821	0.00450024
PMBB7685727463586	0	32.9	1082.4099999999999	2	1	0.00157239	-0.00725962	0.0144477
PMBB7686253286470	0	65.7	4316.490000000001	1	1	0.0200662	-0.0107417	-0.0131824
PMBB7686633486446	0	29.4	864.3599999999999	2	1	-0.00573191	0.00432832	0.000482753
PMBB7689336210669	0	27.2	739.8399999999999	2	1	-0.00172365	0.00824576	-0.00757659
PMBB7690138068461	0	29.2	852.64	2	1	0.00122881	-0.00228294	0.00277714
PMBB7690882257691	0	68.7	4719.6900000000005	2	1	-0.00377685	-0.00767912	0.00413925
PMBB7692597781116	0	18.8	353.44000000000005	2	1	-0.00295905	0.00186629	-0.00527493
PMBB7692705798068	0	33.9	1149.2099999999998	2	3	-0.00182099	-0.00146506	0.00623688
PMBB7692764552004	0	24.7	610.0899999999999	2	1	-0.00988606	0.00275857	-0.00232425
PMBB7693259881018	0	67.8	4596.839999999999	2	2	-0.00133455	0.0115032	-0.0228779
PMBB7694664201145	0	58.3	3398.89	1	1	-0.00558599	-0.0172678	-0.00273333
PMBB7694858287220	0	66.3	4395.69	2	1	-0.00955011	-0.00383869	0.000477851
PMBB7695358727696	0	32.4	1049.76	1	3	-0.00378576	-0.00506374	0.00105509
PMBB7695691018209	0	49.3	2430.49	1	1	0.00940945	-0.0107974	0.00494468
PMBB7697420286354	0	49.3	2430.49	2	1	-0.0123347	0.000760718	0.00185083
PMBB7698287816734	0	44.2	1953.6400000000003	2	1	-0.00421146	-0.00195507	4.15887e-05
PMBB7699245482791	0	31.1	967.21	2	1	0.0102581	0.00245654	0.0179323
PMBB7700331417894	1	53.1	2819.61	1	1	0.000123002	-0.0121228	0.00337213
PMBB7700416662985	0	21.7	470.89	2	1	-0.00164624	0.00749456	-0.0239768
PMBB7702274074334	0	65.1	4238.009999999999	1	3	0.00830642	-0.00502297	-0.00238122
PMBB7702782793733	1	66.5	4422.25	1	1	0.00408136	-0.0184676	-0.0143621
PMBB7703086244071	0	44.3	1962.4899999999998	1	1	-0.00202845	0.00502421	-0.0010564
PMBB7703818710566	0	55.0	3025.0	1	1	-0.00855036	-0.00409248	-0.00175238
PMBB7704366169541	0	41.1	1689.21	2	3	-0.00753637	0.0024165	-0.000477952
PMBB7704678669067	0	25.1	630.0100000000001	2	1	0.000219944	-0.0146601	-0.000279643
PMBB7704920818857	0	86.9	7551.610000000001	2	1	0.00489905	-0.00480684	0.0113121
PMBB7705413006681	0	62.7	3931.2900000000004	2	1	-0.000219251	-0.000449139	0.0120178
PMBB7705769224803	0	67.7	4583.29	1	1	-0.00923514	0.00102985	-0.000915319
PMBB7707888416571	0	30.9	954.81	2	3	0.0194763	0.00696476	0.0159076
PMBB7708846737913	0	61.4	3769.96	2	1	-0.00284053	-0.0118674	-0.0162387
PMBB7709129607022	0	44.0	1936.0	2	1	-0.00107724	0.00592078	0.000166708
PMBB7709799780185	0	66.9	4475.610000000001	2	1	-0.00775044	0.00285402	0.0113084
PMBB7710321795401	0	55.0	3025.0	2	3	0.00283587	0.00458393	-0.000636249
PMBB7710636702131	0	21.2	449.44	2	1	-0.00530708	-0.0131018	0.00155169
PMBB7711446620694	0	61.4	3769.96	1	1	-0.00172752	0.00762179	-0.0247155
PMBB7712089607283	0	29.7	882.0899999999999	2	2	0.0202711	0.00280257	0.000103678
PMBB7712104774261	0	57.4	3294.7599999999998	1	1	-0.000537408	-0.00367059	-0.00315735
PMBB7713372664866	0	52.9	2798.41	2	3	-0.00940406	0.00266215	0.00757205
PMBB7713636053736	0	71.5	5112.25	1	1	-0.00431347	-0.000274357	-0.000384391
PMBB7715546171005	0	40.0	1600.0	2	3	-0.00997948	-0.00237194	0.000762314
PMBB7716869149627	0	29.9	894.0099999999999	2	3	-0.00163884	0.00329884	-0.00255787
PMBB7717006350999	1	47.5	2256.25	2	1	-0.00112755	0.00124395	0.0100219
PMBB7717391896837	0	70.4	4956.160000000001	1	1	0.0104757	0.0211885	0.00177505
PMBB7717578499449	0	38.6	1489.96	2	1	-0.00514852	-0.0081957	-0.00308468
PMBB7718095801680	0	83.3	6938.889999999999	1	1	-0.00323957	0.00770012	-0.00511981
PMBB7718692869625	0	20.5	420.25	2	1	0.0115707	-0.0013877	-0.00144356
PMBB7721396319567	0	41.0	1681.0	1	3	-0.00543113	0.00529754	0.0103148
PMBB7721708393387	0	49.6	2460.1600000000003	2	1	-0.0043591	0.00515983	0.00129054
PMBB7722205424666	1	58.2	3387.2400000000002	2	1	-0.00949116	0.00223013	-0.000244999
PMBB7722814098409	0	74.9	5610.010000000001	2	1	-0.00180037	-0.0120576	0.0129096
PMBB7723417900637	0	58.0	3364.0	1	1	0.000125411	0.00615281	-0.00794021
PMBB7723808075198	0	62.7	3931.2900000000004	2	3	-0.00591886	-0.00568079	0.00250271
PMBB7724144194700	0	54.5	2970.25	1	1	0.0082969	0.00104426	-0.0241204
PMBB7724929027266	1	66.6	4435.5599999999995	2	1	-0.00396242	0.00214683	-0.00604716
PMBB7725167471965	0	77.1	5944.409999999999	1	3	-0.00936465	0.00396456	-0.0114173
PMBB7725457095219	0	33.7	1135.6900000000003	2	1	-0.00242522	-0.00419541	-0.00719303
PMBB7727108824799	0	54.1	2926.81	2	3	0.00238783	-0.00661116	0.00899272
PMBB7727924831146	0	27.8	772.84	2	1	-0.0119627	0.00199432	0.00093846
PMBB7729166939684	0	58.3	3398.89	2	1	-0.00471213	0.00495145	0.000522195
PMBB7729960287643	0	48.5	2352.25	1	1	0.0136551	-0.0304679	0.0187058
PMBB7729969326783	0	52.8	2787.8399999999997	1	1	-0.00247411	-0.0104542	0.0038651
PMBB7731250320103	0	46.7	2180.8900000000003	1	3	-0.0073293	0.00246354	0.00135196
PMBB7732048151471	0	73.2	5358.240000000001	1	3	0.00292199	-0.00865176	0.0102036
PMBB7735379549302	0	27.3	745.2900000000001	2	3	0.00109811	-0.000589381	-0.00336603
PMBB7737594444096	0	46.1	2125.21	1	1	6.23116e-05	0.00167484	-0.00327482
PMBB7738839028889	0	60.1	3612.01	2	1	0.00724688	0.0154151	0.00602143
PMBB7739882239116	0	34.4	1183.36	1	3	0.0011666	0.00229755	0.00683982
PMBB7739949031103	1	51.7	2672.8900000000003	1	1	0.0200365	0.00378454	0.00525281
PMBB7740689676042	0	67.6	4569.759999999999	2	1	0.000178119	0.00460498	0.0151421
PMBB7741429163517	0	43.5	1892.25	1	1	-0.00277118	-0.00575733	-0.00543577
PMBB7741773088871	0	41.4	1713.9599999999998	1	1	0.0292753	0.00474599	0.00994843
PMBB7743900586533	0	57.2	3271.84	1	1	0.0115615	-0.00417627	0.015991
PMBB7744606077069	0	52.4	2745.7599999999998	2	2	0.00086461	-0.00552014	-0.000319951
PMBB7744616199051	0	68.7	4719.6900000000005	2	2	-0.00296202	-0.00863997	-0.00916826
PMBB7745926316487	0	62.5	3906.25	2	3	-0.00387574	0.00673887	0.00428693
PMBB7745954724532	0	68.1	4637.61	1	3	0.00427811	0.00404896	-0.0153551
PMBB7746573943476	0	54.4	2959.3599999999997	1	1	-0.00680105	0.00267138	-0.00678127
PMBB7747422688525	0	37.9	1436.4099999999999	2	1	-0.00149972	-0.0168133	-0.00262131
PMBB7750238129719	0	60.0	3600.0	2	3	-0.000890113	-0.00989767	-0.00827541
PMBB7751248180464	0	48.7	2371.69	1	1	-0.00796201	0.00413165	0.000851558
PMBB7751445505177	0	36.3	1317.6899999999998	1	1	-0.00107812	-0.0123685	0.00521839
PMBB7753623280880	0	33.3	1108.8899999999999	2	1	-0.00240438	0.00160198	0.0128552
PMBB7754727061330	0	23.0	529.0	2	1	0.000472376	-0.00263572	0.0206694
PMBB7755580410572	0	69.0	4761.0	2	1	0.00361221	0.0013224	0.0109427
PMBB7755607302532	0	30.9	954.81	2	2	-0.00145453	0.00373715	0.00454967
PMBB7755707650246	0	54.2	2937.6400000000003	1	1	0.000571625	-0.0125932	0.00172447
PMBB7756035307864	0	63.2	3994.2400000000002	1	1	8.54091e-05	0.0041028	0.00543209
PMBB7756227190381	1	56.2	3158.4400000000005	1	3	0.00291324	-0.00328397	-0.00773852
PMBB7756865030351	0	29.4	864.3599999999999	2	1	-0.0066828	0.00789954	0.00756309
PMBB7757089486926	0	36.7	1346.89	2	3	-0.00596665	-0.00531754	-0.00359955
PMBB7757638600249	0	36.3	1317.6899999999998	2	1	0.00181667	0.00394153	0.00658138
PMBB7758778068593	0	53.3	2840.89	1	1	0.00962835	-0.0136537	0.00520384
PMBB7759395542469	0	20.1	404.01000000000005	2	1	-0.00504057	0.00337554	0.00231026
PMBB7761391954889	0	51.1	2611.21	2	1	0.00153959	-0.00468791	0.00553352
PMBB7762298049497	0	28.0	784.0	2	1	-0.00268027	0.00568931	0.00283268
PMBB7762843986273	0	57.2	3271.84	2	3	-0.000736194	0.0019603	0.00194161
PMBB7763257302427	0	51.3	2631.6899999999996	2	1	0.0144715	0.000608451	-0.00154408
PMBB7764309432981	0	41.3	1705.6899999999998	2	1	0.00123044	0.00208186	0.00521893
PMBB7764391488310	0	25.7	660.49	1	1	-0.00200329	0.00619206	0.0078227
PMBB7766110460689	0	69.7	4858.09	1	1	0.0156009	0.0194766	-0.0066143
PMBB7766533668753	0	44.0	1936.0	1	2	0.000796027	0.00614664	0.00199178
PMBB7768176277747	0	46.3	2143.6899999999996	1	3	0.00945408	0.0155898	-0.0174874
PMBB7768371941739	0	80.1	6416.009999999999	1	1	0.00254934	-0.000128947	0.0140633
PMBB7768931064336	0	60.7	3684.4900000000002	1	1	0.0213264	-0.0036687	0.00351426
PMBB7770021008759	0	76.9	5913.610000000001	2	3	-0.00681874	0.00402703	-0.00294954
PMBB7770233821363	1	81.8	6691.24	1	1	0.0215023	0.0158382	0.000621246
PMBB7771129842358	0	54.8	3003.0399999999995	2	1	-0.0019831	0.00384005	-0.012081
PMBB7772805582227	0	51.7	2672.8900000000003	2	2	0.0278212	0.0138156	0.00187711
PMBB7774891852749	0	49.7	2470.09	1	1	0.027292	0.000597791	-0.00135542
PMBB7774982345901	0	26.3	691.69	2	1	-0.00545149	0.00808498	-0.0136428
PMBB7775303734816	0	20.8	432.64000000000004	1	1	-0.00388219	0.00278545	0.000692534
PMBB7776832189978	0	57.2	3271.84	1	1	-0.00955029	-0.00424404	0.00377112
PMBB7777817382653	0	51.2	2621.4400000000005	1	1	-0.00529517	0.003036	-0.00840933
PMBB7777923480691	0	66.4	4408.960000000001	1	1	0.00553731	0.00592078	0.0237872
PMBB7778281601435	0	18.3	334.89000000000004	2	1	-0.00427317	0.000994728	-0.00252492
PMBB7778664347234	0	63.2	3994.2400000000002	2	1	-0.00583044	0.00575657	0.00852711
PMBB7781626565800	0	32.6	1062.76	2	2	-0.00309662	-0.0102608	-0.00239308
PMBB7782410627147	0	56.5	3192.25	1	1	0.0241297	-0.00952559	0.021025
PMBB7783121728047	0	23.5	552.25	1	2	7.01205e-05	0.0037416	-0.00199638
PMBB7784565589092	0	24.5	600.25	2	1	0.00307826	0.00217631	0.00425454
PMBB7784964247547	0	58.4	3410.56	2	1	0.000982402	0.0110319	0.00018806
PMBB7787667482949	0	75.5	5700.25	2	1	-0.00866913	-0.00215683	-0.00247896
PMBB7788115318716	0	30.8	948.6400000000001	2	1	-0.00088638	-0.011933	-0.00225281
PMBB7788403777366	0	58.5	3422.25	2	1	-0.0072941	-0.0106385	0.00211156
PMBB7789007537006	0	26.9	723.6099999999999	2	1	-0.00588106	0.00737068	0.0039782
PMBB7790105259005	0	41.0	1681.0	1	1	0.020971	0.00319602	0.00257157
PMBB7793724703043	0	55.7	3102.4900000000002	1	1	0.00272894	0.00931016	-0.00350852
PMBB7794867079005	0	55.4	3069.16	2	3	-0.00243801	-0.0116102	-0.004842
PMBB7795161090126	0	53.1	2819.61	2	1	-0.00384978	0.00437241	0.00128241
PMBB7796013978398	0	65.0	4225.0	2	1	0.00103594	-0.00511191	-0.0022104
PMBB7796127937017	1	54.9	3014.0099999999998	1	1	-0.0082422	0.00161807	-0.000204618
PMBB7796365133573	0	78.4	6146.560000000001	1	1	-0.00746851	0.00156079	-0.00639284
PMBB7796619603911	0	54.6	2981.1600000000003	2	2	0.00223851	-0.0236985	-0.00244043
PMBB7796789498327	0	34.4	1183.36	2	1	-0.00574925	-0.0165577	0.00124753
PMBB7797875773151	0	58.4	3410.56	1	1	-0.00474976	0.00792081	-0.00106837
PMBB7799548065811	0	66.5	4422.25	1	1	0.000787265	0.00540851	-0.000518968
PMBB7800931235781	0	62.5	3906.25	1	3	-0.00511931	0.00848627	-0.0147613
PMBB7801867637506	0	55.3	3058.0899999999997	2	3	0.0134727	0.00664419	-0.00680819
PMBB7802241217694	0	23.2	538.24	2	1	0.0172255	-0.00195117	0.00832971
PMBB7803283674561	0	25.3	640.09	1	1	-0.00313364	-0.00571248	-0.00513675
PMBB7803466657161	0	72.2	5212.84	1	1	-0.00899767	0.00438035	0.00212058
PMBB7803834506459	0	71.4	5097.960000000001	2	1	-0.00790709	-0.0159747	0.000250251
PMBB7804016083964	0	72.6	5270.759999999999	2	1	0.000440466	0.00774588	0.0116174
PMBB7804019912178	0	19.6	384.1600000000001	2	1	-0.00840896	6.04663e-05	0.0027884
PMBB7805671669712	0	28.0	784.0	1	1	0.0030609	0.0173917	-0.0068215
PMBB7806319566072	0	23.5	552.25	2	1	-0.00366353	0.00702471	-0.00265722
PMBB7806968009370	0	70.0	4900.0	2	1	-0.00433803	0.00547575	0.00490625
PMBB7807285264724	0	36.0	1296.0	2	1	-0.0095521	0.00311654	-0.000669257
PMBB7808532097334	0	46.2	2134.44	1	1	-0.000881692	0.00719453	0.00775786
PMBB7808595016147	0	44.9	2016.0099999999998	1	1	0.0267409	-0.00101857	-0.00144839
PMBB7810921789295	0	50.2	2520.0400000000004	1	1	-0.00187984	-0.00684601	-0.00656563
PMBB7812976758319	0	76.5	5852.25	1	1	0.00255035	0.00686029	-0.00918104
PMBB7813189629741	0	44.0	1936.0	1	1	-0.00870528	-0.000459534	0.000864507
PMBB7813359824937	0	53.6	2872.96	1	2	-0.0015908	-0.0192739	-0.00863071
PMBB7814106780292	0	63.4	4019.56	2	3	0.00408142	0.0116579	-0.00124123
PMBB7815131109085	0	39.4	1552.36	2	2	-0.00354454	0.008692	-0.00867949
PMBB7816931361314	0	34.1	1162.8100000000002	2	3	-0.00489087	0.003318	-0.000567195
PMBB7816954584423	0	22.8	519.84	2	3	0.0242637	0.00476126	0.00113094
PMBB7819072052079	0	18.1	327.61000000000007	1	1	-0.00666115	-0.0149002	-0.000307094
PMBB7819578062999	0	79.0	6241.0	2	3	-0.00468606	-0.0117136	0.0123178
PMBB7820715117805	0	42.1	1772.41	2	1	0.0056983	0.000854316	-0.00678471
PMBB7821111155272	0	61.8	3819.24	2	1	0.00360382	0.0106947	-0.00475105
PMBB7821650367172	0	50.6	2560.36	2	1	0.011307	0.00575675	0.0183143
PMBB7822020134345	0	68.7	4719.6900000000005	1	1	-0.00312712	-0.00103246	-0.000637909
PMBB7823387574249	0	66.4	4408.960000000001	1	1	0.0126431	-0.00398513	-0.0228269
PMBB7823615263116	0	59.6	3552.1600000000003	2	1	-0.000881693	0.00697975	0.00557525
PMBB7823643810078	0	63.7	4057.6900000000005	2	1	-0.00306772	0.0016724	-0.000909982
PMBB7823780217729	1	80.4	6464.160000000001	2	1	0.000984436	-0.00361967	-0.0101861
PMBB7823961627580	0	78.5	6162.25	1	1	0.00403484	0.011986	-0.00997335
PMBB7824474978773	0	47.5	2256.25	1	1	-0.00317171	-0.00308909	0.004763
PMBB7825220585538	0	32.3	1043.2899999999997	2	1	0.00252295	-0.00123854	0.000810541
PMBB7827023909991	0	63.3	4006.8899999999994	2	3	0.00510843	-0.00687489	0.0156409
PMBB7830779136900	0	77.8	6052.839999999999	2	1	0.00339362	-0.0144183	0.00291135
PMBB7831042625782	1	78.3	6130.889999999999	2	3	-0.00200609	0.00715207	0.000617835
PMBB7834344672892	0	46.2	2134.44	1	3	-0.00220011	-0.0026849	-0.00517617
PMBB7836441922476	0	50.6	2560.36	2	1	-0.000944848	0.000252623	-0.0149056
PMBB7838196026941	0	72.3	5227.29	2	1	0.0312281	0.0042347	0.0170057
PMBB7838556242710	0	68.4	4678.56	2	2	0.00986124	0.0147343	0.000642465
PMBB7839258380847	0	37.1	1376.41	2	1	-0.00868261	-0.00352105	0.00442531
PMBB7839943284738	0	26.7	712.89	1	3	0.00738152	0.00552017	-0.0098027
PMBB7840217829009	0	42.2	1780.8400000000001	2	1	0.000764004	-0.000895829	0.00737242
PMBB7840901996323	0	54.6	2981.1600000000003	1	1	-0.00170413	0.00142892	-0.00638691
PMBB7842624531629	0	32.5	1056.25	2	1	-0.00985003	0.00249859	-0.00566305
PMBB7842812632138	0	62.8	3943.8399999999997	1	1	-0.00702119	0.00881552	-0.0138956
PMBB7842868794418	0	26.0	676.0	2	1	-0.00246884	-0.00765966	0.00373983
PMBB7846004310813	0	24.5	600.25	1	1	-0.00349273	0.0033124	0.000145868
PMBB7846356289888	0	40.1	1608.0100000000002	2	1	-0.00564904	-0.00562061	-0.00119938
PMBB7846467374273	0	49.6	2460.1600000000003	1	1	-0.00491392	0.00131807	0.00355939
PMBB7847890421590	1	79.2	6272.64	2	1	-0.00916916	0.00219237	-0.00266746
PMBB7848495878377	1	69.8	4872.04	1	1	0.0206815	-0.00056475	0.00422818
PMBB7848854858829	0	45.5	2070.25	2	1	-0.00572176	0.0059072	-0.00260831
PMBB7849161929961	0	84.4	7123.360000000001	1	1	0.0133656	-0.00526438	0.00572568
PMBB7849494265952	0	55.1	3036.01	2	1	-0.00135121	-0.0151834	0.0122086
PMBB7850931646020	0	81.7	6674.89	2	1	0.00527821	-0.0100193	0.00928278
PMBB7851253862589	0	49.6	2460.1600000000003	1	3	-0.00625886	0.00262504	-0.00194358
PMBB7851481727396	0	26.1	681.21	2	1	-0.00341231	0.00265901	-0.0108933
PMBB7852765550245	0	35.6	1267.3600000000001	2	1	-0.00650266	-0.0105645	0.00408983
PMBB7852925099387	0	64.5	4160.25	1	3	-0.0022814	0.00490548	-0.0102823
PMBB7853854262919	0	70.0	4900.0	1	1	-0.00410901	0.00753536	-0.000588854
PMBB7856675686258	0	51.8	2683.24	2	3	0.00175963	-0.00184059	-0.0127638
PMBB7858298509522	0	28.8	829.44	2	1	-0.0011669	-0.00425451	0.00652017
PMBB7858569286746	0	56.7	3214.8900000000003	1	3	0.0284953	0.0024506	0.00911433
PMBB7858619012271	0	45.2	2043.0400000000002	1	1	-0.00133236	-0.00872251	0.00209625
PMBB7858978634373	0	32.1	1030.41	2	2	6.91663e-05	0.00480417	-0.0214813
PMBB7859566919030	0	54.3	2948.49	1	1	-0.004204	-0.00122435	-0.00424269
PMBB7859897404275	0	35.3	1246.0899999999997	2	1	0.0112789	0.00119869	-0.00342603
PMBB7860008932271	1	58.7	3445.6900000000005	2	1	0.00269446	-0.00028593	0.000544782
PMBB7862567284215	0	62.6	3918.76	1	2	0.00231057	0.00923815	0.0183149
PMBB7862812568615	0	37.6	1413.7600000000002	1	3	0.00149379	-0.0200657	-0.00240837
PMBB7863425831697	0	70.5	4970.25	2	2	-0.000306271	0.00853823	0.00994284
PMBB7863576064134	0	20.4	416.15999999999997	1	1	-0.000601451	0.00298056	-0.00670182
PMBB7865623439428	1	53.9	2905.21	1	1	-0.00433514	0.00571166	0.00500488
PMBB7867696225805	0	66.4	4408.960000000001	2	1	-0.00988679	-0.000352334	0.00144083
PMBB7868101910083	0	21.4	457.9599999999999	2	1	0.00203381	0.00758189	-0.0124147
PMBB7869232598189	0	73.6	5416.959999999999	1	1	0.00177373	-0.00125614	0.0102075
PMBB7870784915629	0	56.1	3147.21	2	1	-0.00926668	-0.0124109	-0.000502444
PMBB7873309495639	0	28.5	812.25	2	1	-0.00701651	0.00350772	0.000718161
PMBB7874560201943	0	60.8	3696.64	2	1	-0.00253872	-0.0059946	-0.0056054
PMBB7874568009929	0	49.5	2450.25	2	1	0.0246081	0.00621827	0.0122277
PMBB7876260016029	0	49.4	2440.3599999999997	2	1	0.0017253	0.0117542	-0.00505057
PMBB7877953151685	0	45.6	2079.36	1	1	-0.0067992	-0.0101954	0.000931666
PMBB7878342918613	0	29.9	894.0099999999999	1	2	-0.00561776	0.00664467	0.000191034
PMBB7878797933015	0	58.5	3422.25	2	1	-0.0045633	-0.00239814	0.00963928
PMBB7879559182684	0	42.3	1789.2899999999997	2	1	-0.00768356	0.00109215	-0.00173701
PMBB7881373899543	0	19.3	372.49	1	1	-0.00474898	-0.00063278	-0.00201426
PMBB7883278736235	1	60.9	3708.81	2	1	0.014594	0.00230397	0.00209905
PMBB7885670106027	0	44.5	1980.25	1	1	0.000203323	0.00776298	-0.00378157
PMBB7886017458557	0	54.0	2916.0	2	2	-0.00954744	-0.000110125	-0.00602725
PMBB7887264201611	0	42.7	1823.2900000000002	2	1	-0.00226722	0.00628512	-0.0141498
PMBB7888956001085	0	71.6	5126.5599999999995	2	1	0.00150188	0.005674	-0.00919273
PMBB7889162678099	0	29.8	888.0400000000001	2	1	-0.00262176	-0.00134028	0.0113954
PMBB7889223365894	0	56.5	3192.25	2	1	-6.174e-05	0.0105222	-0.00636768
PMBB7889721136808	0	18.5	342.25	1	1	-0.000851673	0.0021811	0.00383004
PMBB7889775459099	0	67.9	4610.410000000001	1	1	0.00658911	0.00385274	0.0142183
PMBB7889986807467	0	36.5	1332.25	2	1	0.0238743	-0.00677187	0.0110854
PMBB7890419049849	0	26.8	718.24	2	1	0.0118631	-0.00332637	0.0148828
PMBB7892970074592	0	40.6	1648.3600000000001	2	1	-0.00618739	0.00314272	-0.00249414
PMBB7894486365092	0	63.1	3981.61	2	1	-0.0021578	-0.0014828	-0.00487881
PMBB7894950406607	0	33.3	1108.8899999999999	1	1	0.00811474	0.00211178	0.0181528
PMBB7896047006936	0	26.3	691.69	2	3	0.0017545	0.00104833	-0.00883477
PMBB7897157048325	0	31.1	967.21	2	1	0.021879	-0.00121163	-0.00147648
PMBB7897915404203	0	49.0	2401.0	1	1	0.00221396	0.0110432	0.00074526
PMBB7898054432160	0	35.4	1253.1599999999999	1	1	-0.00515905	0.0113106	0.00728009
PMBB7899884173117	0	48.8	2381.4399999999996	2	1	-0.000879171	-0.00172026	0.0170366
PMBB7901178193302	0	73.5	5402.25	2	3	-0.00868273	0.00360516	0.000476752
PMBB7901476887942	0	45.6	2079.36	2	1	-0.00225345	-0.00153551	-0.0163324
PMBB7902185791365	0	33.4	1115.56	2	2	-0.00101701	0.0023245	0.00569821
PMBB7905293950561	0	41.5	1722.25	2	1	-3.52845e-06	0.00358507	0.0160482
PMBB7906572685711	0	62.4	3893.7599999999998	2	1	-0.0036365	-0.00688778	-0.00805927
PMBB7906682483768	0	60.0	3600.0	2	1	0.00393838	0.0152696	0.00114218
PMBB7906879247393	0	54.9	3014.0099999999998	2	1	0.00437344	-0.000259087	0.00504265
PMBB7907339623333	1	63.3	4006.8899999999994	2	1	0.000787495	0.00474326	0.00611144
PMBB7907379941449	0	70.6	4984.359999999999	2	2	-0.00565139	-0.00231127	-0.000724543
PMBB7908720510001	0	36.1	1303.21	2	1	0.00272694	0.0107994	-0.00325888
PMBB7910723968171	0	44.3	1962.4899999999998	2	3	-0.00378741	0.00127807	-0.0156208
PMBB7911335692742	0	73.3	5372.889999999999	2	3	0.00238301	-0.00736835	-0.00730218
PMBB7912146155812	0	53.1	2819.61	1	1	-0.000651	0.00938659	0.0103684
PMBB7912477573126	0	42.0	1764.0	2	1	-0.00622126	0.00505106	0.0180591
PMBB7914163256610	0	28.8	829.44	2	1	0.00412211	-0.00509101	0.0120229
PMBB7915002790556	0	28.0	784.0	2	1	-0.0027882	0.00324994	-0.00564304
PMBB7915591919652	0	63.8	4070.4399999999996	2	1	-0.0017396	0.00952989	0.00437435
PMBB7915661018120	0	59.5	3540.25	2	1	-0.00652694	-0.0190599	0.00706849
PMBB7916544231191	0	36.4	1324.9599999999998	1	1	0.0116034	-0.00661429	0.000625966
PMBB7917054776588	0	33.2	1102.2400000000002	2	1	0.00166973	0.00111251	-0.00241574
PMBB7917358626853	0	46.4	2152.96	2	1	0.00338885	-0.011931	0.00171741
PMBB7917391755877	0	41.4	1713.9599999999998	2	1	-0.00655222	0.00114059	-0.01075
PMBB7919737968622	0	38.8	1505.4399999999998	1	1	-0.00207354	-0.0101566	-0.00610754
PMBB7921410373071	0	59.6	3552.1600000000003	2	1	-0.00723089	0.00262891	0.000949997
PMBB7921419143372	0	24.0	576.0	2	3	-0.000911547	-0.00695479	-0.0148851
PMBB7922007422563	0	23.3	542.89	1	1	0.00276342	0.00678261	-0.0235767
PMBB7922202721515	0	28.4	806.56	2	1	-0.000928159	0.00911036	-0.016542
PMBB7922911094507	0	40.5	1640.25	1	1	-0.00111474	4.22004e-05	0.00269976
PMBB7923600313509	0	82.7	6839.290000000001	2	2	-0.0025278	0.00231904	-0.0102782
PMBB7924138660473	0	26.4	696.9599999999999	2	3	-0.00549024	-0.00459668	-0.000499835
PMBB7924428609702	0	35.8	1281.6399999999999	2	3	0.00389954	-0.0234549	-0.0116998
PMBB7924672126577	1	77.5	6006.25	1	1	-0.00269412	0.00298336	0.0023762
PMBB7926055126842	0	53.4	2851.56	2	3	-0.00459837	0.00719355	0.00531739
PMBB7927048226426	0	73.1	5343.609999999999	1	1	-0.00323543	0.00309613	0.00225752
PMBB7927689382744	0	28.1	789.6100000000001	2	1	-0.00243977	0.00435043	0.00226046
PMBB7928434094118	0	38.1	1451.6100000000001	2	1	-0.000461234	-0.00776141	0.00545736
PMBB7928437357421	0	24.5	600.25	2	1	-0.00941461	0.00223962	0.00247827
PMBB7928546039980	0	48.9	2391.21	2	1	0.00201413	0.0146355	0.00303607
PMBB7929595892248	0	63.0	3969.0	1	1	-0.00997133	-0.00946465	-0.000587724
PMBB7930295782560	0	31.1	967.21	1	1	-0.00144998	0.00641499	-0.00562897
PMBB7931304790527	0	29.5	870.25	2	3	0.00773649	0.00116805	-0.00936006
PMBB7932329413214	0	73.4	5387.56	1	1	-0.00400338	-0.00044008	-0.00386818
PMBB7932822876892	0	68.3	4664.889999999999	2	3	-0.0106466	-1.21751e-05	0.000266186
PMBB7935317087823	1	45.6	2079.36	1	1	-0.00303045	-0.00323307	-0.00231764
PMBB7936635835665	0	55.6	3091.36	2	1	-0.00762762	-0.00424147	0.0164707
PMBB7937930679223	0	48.6	2361.96	2	1	0.00229123	-0.0074581	-0.00556453
PMBB7938708938702	0	76.5	5852.25	1	3	0.000321608	-0.0015262	-0.0131674
PMBB7938902708890	0	55.3	3058.0899999999997	1	1	-0.00545672	0.00735877	0.00726905
PMBB7942028248391	0	75.2	5655.040000000001	1	2	4.87444e-05	-0.00214343	0.00205385
PMBB7942555247436	0	29.4	864.3599999999999	1	1	-0.00866111	0.00402809	-0.00281127
PMBB7943402968443	0	37.2	1383.8400000000001	2	1	-0.00259603	0.0054874	-0.0133352
PMBB7943613105611	0	38.2	1459.2400000000002	1	1	0.0192038	0.00403501	-0.000458624
PMBB7946859764348	0	61.4	3769.96	1	1	-0.000219074	0.0123227	0.0169687
PMBB7948597439433	1	61.6	3794.5600000000004	1	1	-0.00896805	0.00340033	0.00237838
PMBB7949121683624	0	24.5	600.25	2	1	0.00937149	0.0110084	-0.00132495
PMBB7949261031928	0	32.3	1043.2899999999997	2	1	-0.0129905	-0.000568387	-0.00448842
PMBB7949803346091	0	26.8	718.24	1	3	-0.00132026	0.010138	0.0152238
PMBB7951216969358	0	56.0	3136.0	2	1	-0.0049084	-2.07948e-05	-0.00288771
PMBB7951310404666	0	63.1	3981.61	2	1	0.0043119	-0.00631534	-0.00311733
PMBB7951592697879	0	81.3	6609.69	2	1	-0.00543752	0.00766388	0.00907522
PMBB7952053793316	0	59.8	3576.0399999999995	1	1	-0.0057332	-0.0216296	-0.00227432
PMBB7952943314341	0	25.9	670.81	2	3	-0.00506603	-0.0150614	-0.00521979
PMBB7954763959988	0	27.2	739.8399999999999	2	1	0.00980123	-0.000931788	0.0081903
PMBB7956076903804	0	39.0	1521.0	2	1	-0.00383982	-0.00496074	0.0149222
PMBB7958579587932	0	32.9	1082.4099999999999	2	1	-0.00653757	-0.0150912	0.00584802
PMBB7958933948302	0	33.8	1142.4399999999998	2	1	0.0175442	0.0191032	-0.0102158
PMBB7959149601398	0	35.8	1281.6399999999999	1	3	0.00027916	0.00920505	0.0218476
PMBB7962114695857	0	53.3	2840.89	2	1	-0.0046376	0.00666274	0.0181991
PMBB7962615232115	0	40.2	1616.0400000000002	2	1	-0.0047294	-0.000641338	-0.0010407
PMBB7962879255077	0	59.4	3528.3599999999997	1	1	0.00858502	0.00382671	0.00924186
PMBB7962905164917	0	33.8	1142.4399999999998	2	3	0.00115542	-0.00520187	0.00500662
PMBB7963115746442	1	52.4	2745.7599999999998	2	1	0.00395622	-0.0100795	-0.00460217
PMBB7963347598438	0	33.6	1128.96	1	1	-0.0121806	-0.000116312	0.000383345
PMBB7963768571009	0	53.0	2809.0	2	3	-0.00785798	0.00522422	-0.00288736
PMBB7963768781267	0	64.2	4121.64	2	1	-0.00436586	6.28115e-05	0.00387323
PMBB7963871987755	0	66.9	4475.610000000001	1	1	-0.0100522	0.00151315	0.000901338
PMBB7965831553920	0	22.3	497.29	2	1	0.0309598	-0.00163624	0.00454432
PMBB7967649637422	0	63.2	3994.2400000000002	2	1	6.75583e-05	-0.0271089	0.00227273
PMBB7968178522466	0	50.8	2580.64	2	1	-0.00392695	-0.000170085	-0.000584172
PMBB7968854744854	0	48.2	2323.2400000000002	2	3	-0.0114382	0.00198939	0.000446404
PMBB7968962991599	0	64.6	4173.159999999999	1	1	-0.00272406	-0.0149473	0.00214027
PMBB7969205622618	0	67.8	4596.839999999999	1	1	0.0117294	0.00250054	0.00659542
PMBB7969599313717	0	25.4	645.16	2	1	-0.0126753	-0.000851379	1.22955e-05
PMBB7969895793481	0	86.6	7499.559999999999	2	1	0.00111664	-0.0245964	-0.000642086
PMBB7970327252162	0	74.9	5610.010000000001	1	3	0.00859016	0.0116138	-0.0102289
PMBB7973293038752	0	44.6	1989.16	2	1	-0.00310517	0.00835801	-0.000274168
PMBB7974150686796	0	64.2	4121.64	2	3	-0.000172871	0.00994674	0.00256994
PMBB7974417486127	0	33.9	1149.2099999999998	2	1	0.00203441	-0.0236873	0.00805187
PMBB7974932703474	0	24.2	585.64	2	3	-0.00574011	-0.0148066	0.00510267
PMBB7976577960447	0	48.5	2352.25	2	1	0.00423841	0.00317962	0.00591686
PMBB7976897817117	1	55.9	3124.81	1	1	-0.0124159	-0.00124479	-0.000228218
PMBB7978175322834	0	68.7	4719.6900000000005	1	1	0.00489423	0.00396601	0.0127783
PMBB7978660206011	0	20.7	428.48999999999995	2	1	-0.00413095	0.00434787	0.0172967
PMBB7978797127751	0	29.9	894.0099999999999	1	1	-0.00419388	-0.00128971	0.00958042
PMBB7979349202515	0	49.1	2410.81	2	1	-0.00471348	0.00563331	-0.00367157
PMBB7980717382731	0	26.3	691.69	2	3	-0.000135255	0.00983626	0.00271459
PMBB7980800360682	0	32.4	1049.76	2	2	-0.00631925	-0.00183678	0.00306365
PMBB7982963590830	0	66.9	4475.610000000001	1	1	0.00358775	0.0103451	0.00382165
PMBB7984030299120	0	57.0	3249.0	1	3	0.000558729	-0.000822038	0.00759716
PMBB7987423306745	0	64.0	4096.0	2	1	-0.00764692	0.00275606	0.0120674
PMBB7988303037409	0	57.4	3294.7599999999998	1	1	-0.00607339	0.00442108	0.00181277
PMBB7988374653815	0	62.8	3943.8399999999997	1	1	-0.00668563	-0.00118421	0.000128944
PMBB7988401242299	0	25.3	640.09	2	1	0.0021587	0.0027828	-0.00616895
PMBB7988882915995	0	74.0	5476.0	2	1	0.00165466	-0.0142772	-0.0167982
PMBB7989169350091	0	50.7	2570.4900000000002	1	1	0.015837	-0.0099907	-0.0123741
PMBB7989744327565	0	49.0	2401.0	1	1	0.0189567	-0.00135899	0.00448752
PMBB7989747139682	0	58.5	3422.25	1	1	-0.00248039	0.000304657	-0.0043702
PMBB7991085771431	0	50.2	2520.0400000000004	1	1	0.0299938	-0.0115484	0.00777051
PMBB7992196906212	0	75.8	5745.639999999999	2	1	-0.00172426	-0.0152498	-0.0139957
PMBB7993168684181	0	62.3	3881.2899999999995	1	1	-0.00185218	-0.0124623	-0.00291533
PMBB7994018769880	0	72.8	5299.839999999999	1	3	0.00255174	-0.0370234	6.0476e-05
PMBB7994195242432	0	68.6	4705.959999999999	2	1	0.0150207	-0.0110709	0.00754825
PMBB7994218011039	0	57.5	3306.25	2	1	-0.00287464	0.00953854	0.00796888
PMBB7994584229951	0	45.8	2097.64	1	3	0.00885083	0.0176706	0.0183328
PMBB7995446877122	0	58.9	3469.21	1	3	-0.00818149	0.00277822	0.0036058
PMBB7995830308435	0	59.0	3481.0	1	1	-0.00569475	0.00244292	0.00140065
PMBB7997430179500	0	45.8	2097.64	2	2	0.000199825	0.0122584	-0.00675731
PMBB7997764076414	0	55.2	3047.0400000000004	2	3	0.0023541	-0.00733205	0.0146358
PMBB7997846770007	0	54.2	2937.6400000000003	2	1	-0.00136321	0.00930492	0.0182389
PMBB7998042955867	0	71.9	5169.610000000001	2	1	0.00404904	-0.00459825	-0.00379296
PMBB7998853733159	0	80.4	6464.160000000001	2	1	9.10744e-05	0.00809769	0.00431396
PMBB7999246116836	0	47.2	2227.84	2	1	-0.000725009	0.00156811	0.00481703
PMBB8001049543088	0	44.7	1998.0900000000001	2	1	-0.00521042	-0.000411826	-0.00881546
PMBB8002564194238	0	50.0	2500.0	1	1	-0.00593887	0.00608671	-0.00791174
PMBB8003331121062	0	75.6	5715.359999999999	2	1	-0.00731781	-0.0148844	0.000229944
PMBB8003408888563	0	32.6	1062.76	1	3	0.00133158	-0.00878774	-0.00350297
PMBB8005321464990	0	21.0	441.0	2	1	-0.00387538	0.00563217	-0.00447082
PMBB8006126653556	0	20.7	428.48999999999995	1	1	-0.00197732	0.00617073	-0.00114209
PMBB8006496749665	0	50.2	2520.0400000000004	2	1	0.00568474	0.0052485	-0.000162903
PMBB8006629671278	0	64.2	4121.64	1	1	-0.0083273	0.00327017	0.00146281
PMBB8006865089542	0	66.7	4448.89	2	1	0.0159436	0.0160809	-0.0178345
PMBB8008204118262	0	50.1	2510.01	1	1	0.0128306	-0.00788624	-0.0171129
PMBB8008247835160	0	45.3	2052.0899999999997	1	1	-0.00259762	0.0093	0.00645414
PMBB8008517421839	0	58.1	3375.61	1	1	-0.00903068	0.0034033	-0.00875923
PMBB8009013760198	0	58.2	3387.2400000000002	1	1	-0.00760607	0.00758197	0.00924373
PMBB8009296078822	0	26.3	691.69	2	1	-0.00271114	-0.0232395	-0.00290556
PMBB8009375378013	0	52.0	2704.0	1	3	-0.000954085	0.00639385	0.00197444
PMBB8009515533687	0	46.1	2125.21	2	1	-0.00370878	-0.00223949	0.000829416
PMBB8009593448319	0	36.1	1303.21	1	1	-0.0036866	0.00185519	0.0138353
PMBB8009667413693	0	54.0	2916.0	2	2	-0.00122848	0.0117636	-0.00107324
PMBB8010713604806	0	60.6	3672.36	1	1	0.0141653	-0.00453508	0.0284262
PMBB8011903129470	0	45.4	2061.16	1	1	0.0180984	0.000363689	-0.003617
PMBB8012192641672	0	41.5	1722.25	1	1	0.00295355	-0.000620532	0.0116357
PMBB8013583416997	0	44.7	1998.0900000000001	2	1	0.00112406	-0.0153591	-0.00614271
PMBB8014173278915	0	68.4	4678.56	1	1	-0.00802657	-0.00129747	-0.000508748
PMBB8014230730711	0	75.7	5730.490000000001	2	1	-0.00805311	-0.00694654	-0.00311977
PMBB8014719040977	0	78.9	6225.210000000001	2	1	-0.00664013	0.00385504	0.00297257
PMBB8014812265232	0	28.9	835.2099999999999	2	1	0.0266919	0.00619687	-0.0134098
PMBB8014858017160	0	29.1	846.8100000000001	2	1	0.000133395	0.000476453	0.00792613
PMBB8015438773399	0	25.2	635.04	2	1	0.00225371	-0.00212457	0.0118463
PMBB8015654192525	0	57.0	3249.0	1	1	0.00227365	-0.00599315	-0.0139363
PMBB8016924881895	0	34.7	1204.0900000000001	2	1	-0.00355187	-0.0118738	-0.0104561
PMBB8017548551220	0	44.2	1953.6400000000003	2	3	0.0237369	0.00600369	0.00825857
PMBB8018303446229	1	65.9	4342.81	2	1	-0.0111921	0.000647291	0.00580364
PMBB8018814290325	1	64.1	4108.8099999999995	2	1	0.0127452	0.0160894	0.00504948
PMBB8019501871138	0	60.0	3600.0	1	1	-0.00877974	-0.00419083	-0.00355031
PMBB8020825354646	0	30.1	906.0100000000001	1	1	-0.00325078	-0.0272476	-0.00598514
PMBB8021366654818	0	60.9	3708.81	1	1	-0.00866639	-0.00773463	-0.000616501
PMBB8026695393393	0	66.4	4408.960000000001	1	3	-0.00700288	-0.00903386	-0.00276068
PMBB8027596337385	0	35.6	1267.3600000000001	2	1	-0.00777902	0.00423096	0.000109764
PMBB8027716302956	0	67.7	4583.29	2	1	0.0052671	-0.0141377	0.0128206
PMBB8029057974698	0	72.4	5241.760000000001	2	1	-0.0112906	0.000592017	-0.000583612
PMBB8030908259578	0	34.2	1169.64	2	1	0.0010432	-0.000877585	0.00550247
PMBB8031644190249	0	65.3	4264.089999999999	2	1	-0.00202517	0.000959024	-0.00621057
PMBB8031900509928	0	77.0	5929.0	2	1	-0.00337455	0.00129671	-0.0190676
PMBB8034059638288	0	56.0	3136.0	1	1	-0.00858983	0.000885524	0.00106089
PMBB8034088263245	0	55.6	3091.36	1	1	-0.00107713	0.00718824	-0.0253785
PMBB8035567657419	0	61.0	3721.0	2	1	-0.00422218	-0.0225237	0.00242747
PMBB8036595580192	0	89.8	8064.039999999999	1	1	0.00208655	0.00335728	0.000752099
PMBB8038323872076	0	45.8	2097.64	2	1	0.0330911	0.00868635	0.012085
PMBB8038699984658	0	62.4	3893.7599999999998	2	2	-0.0102452	0.00416374	0.000237171
PMBB8038826521280	0	53.3	2840.89	2	3	0.0050713	0.00798192	-0.0097766
PMBB8039457793881	0	52.1	2714.4100000000003	1	1	0.00472589	-0.00347824	-0.0263541
PMBB8040507609628	0	31.5	992.25	2	1	-0.00289591	-0.00529594	-0.00334514
PMBB8041594444385	0	63.0	3969.0	1	1	0.000288532	0.0093202	0.00136662
PMBB8041800527825	0	30.2	912.04	2	3	-0.000542128	0.00147518	0.00551233
PMBB8042253321365	0	62.5	3906.25	1	1	-0.00531965	0.00890845	0.00334389
PMBB8043578640091	0	33.8	1142.4399999999998	2	3	0.00270281	-0.00335008	-0.00033118
PMBB8045431242724	0	73.7	5431.6900000000005	1	1	0.00440986	0.0185402	-0.00464252
PMBB8047099316262	0	62.2	3868.84	2	1	-0.00966185	0.00279066	-0.00259625
PMBB8047596094897	0	57.7	3329.2900000000004	2	1	-0.00899653	0.00025058	-0.00115111
PMBB8048263241891	0	24.8	615.0400000000001	1	1	-0.0120704	-0.00023787	0.00208237
PMBB8048884863768	0	42.2	1780.8400000000001	1	1	-0.00411157	0.0046146	0.00116543
PMBB8048966313349	0	69.3	4802.49	1	3	-0.00517066	0.00327005	-0.0174693
PMBB8049053567640	0	64.9	4212.010000000001	1	1	-0.00171111	-0.00398292	0.00107526
PMBB8049670813458	0	54.7	2992.09	1	1	-0.00395412	0.00747247	0.0046755
PMBB8049677188966	0	75.7	5730.490000000001	2	1	-0.0111	-0.00290343	0.000154754
PMBB8050070302627	0	56.8	3226.24	1	1	0.00157971	0.00265685	0.0160143
PMBB8051366284834	0	51.4	2641.96	1	1	-0.00773835	-0.00401676	-0.000483492
PMBB8051527176362	0	34.0	1156.0	2	1	-0.00271055	-0.00264717	-1.91097e-05
PMBB8053085931071	0	26.7	712.89	2	3	-0.00235798	-0.00560669	-0.00042171
PMBB8054727910809	0	64.2	4121.64	2	1	0.00315022	0.00742094	0.00585798
PMBB8055316118151	0	74.9	5610.010000000001	1	3	0.00120442	-0.00105088	-0.00811425
PMBB8056809598780	0	18.6	345.96000000000004	2	1	-0.00214507	-0.0193344	0.000409158
PMBB8057303019029	0	58.7	3445.6900000000005	1	1	-0.00205687	0.00311287	-0.00693331
PMBB8058606586147	0	68.3	4664.889999999999	2	1	-0.00987308	-0.00379134	-0.00258983
PMBB8059369787752	0	30.2	912.04	1	1	0.00530917	-0.00355428	-0.0126712
PMBB8059930501199	0	54.4	2959.3599999999997	2	1	-0.00997185	0.000604479	0.00735841
PMBB8060097144939	0	38.1	1451.6100000000001	2	3	0.00362873	-0.00801159	-0.00525725
PMBB8060101364700	0	65.9	4342.81	1	1	-0.00347777	-0.000790677	0.00964009
PMBB8060478688877	0	65.5	4290.25	1	1	0.00380851	0.0146751	-0.00157585
PMBB8060643973975	0	68.1	4637.61	1	3	0.00128992	-0.0113313	-0.00112194
PMBB8061515625364	0	29.2	852.64	1	3	-0.00377667	-0.00491162	-0.00819769
PMBB8061995639626	0	46.4	2152.96	2	1	0.0243855	-0.00858634	0.00346895
PMBB8062452403278	0	51.5	2652.25	2	1	-0.00169205	0.0105336	-0.0261653
PMBB8062769305522	0	62.9	3956.41	2	3	-0.010783	-0.00255781	-0.000920824
PMBB8063278684194	0	62.1	3856.4100000000003	1	1	-0.00733082	0.00052443	-0.00382576
PMBB8064546884231	0	39.8	1584.0399999999997	2	3	-0.00896593	0.00555394	-0.00659394
PMBB8065572136916	0	83.8	7022.44	2	1	0.0060237	-0.023933	0.00273722
PMBB8065695824037	1	48.7	2371.69	2	1	-0.0017426	0.00353231	0.00267889
PMBB8066868091812	0	30.9	954.81	2	1	0.00482836	-0.00749488	0.00422945
PMBB8068134985204	0	30.6	936.3600000000001	2	3	0.00118148	0.00448137	0.00795742
PMBB8068239093140	0	38.9	1513.2099999999998	2	2	0.0118123	-0.02005	0.00617699
PMBB8068793382076	0	69.9	4886.010000000001	1	3	0.0289421	-0.00324184	0.00200223
PMBB8070101684977	1	69.5	4830.25	1	1	-0.0118069	0.00108244	-0.00120105
PMBB8070291635755	0	41.3	1705.6899999999998	2	1	-0.00487626	-0.00929183	-0.00420314
PMBB8070712274040	1	72.6	5270.759999999999	2	3	-0.00713323	0.00587783	-0.00114172
PMBB8071083732949	0	35.9	1288.81	2	1	-0.000166851	0.00986691	-0.00524233
PMBB8074712994498	0	60.0	3600.0	1	2	0.00281068	0.00925458	-0.00188398
PMBB8077898331792	0	30.2	912.04	2	1	-0.002209	0.00702598	0.00733006
PMBB8078151439899	0	75.1	5640.009999999999	1	3	0.00448628	0.00338322	-0.00962064
PMBB8080611681695	0	67.4	4542.760000000001	1	3	0.0127001	-0.0183149	-0.00844743
PMBB8080987098492	0	60.4	3648.16	2	1	-0.00363089	-0.00441643	0.000174154
PMBB8081395402880	0	26.6	707.5600000000001	2	2	0.00519445	0.0112207	-0.00987639
PMBB8081430102826	0	55.3	3058.0899999999997	2	1	0.00461302	0.0129601	0.00701262
PMBB8081511070723	0	41.9	1755.61	2	1	-0.0116812	0.000962	0.00118545
PMBB8081824573016	0	49.8	2480.0399999999995	2	3	-0.00284568	0.00909143	-0.0230424
PMBB8083014616271	0	56.7	3214.8900000000003	1	1	-0.00304775	0.0104306	0.0130021
PMBB8083207951104	0	68.3	4664.889999999999	2	1	-0.00223018	0.00561293	-0.0112912
PMBB8084322943685	0	21.7	470.89	2	3	0.00316387	0.000883873	0.000686654
PMBB8086351443057	0	48.7	2371.69	2	1	0.00947438	-0.0123519	-0.000566198
PMBB8086944100161	0	31.7	1004.89	2	1	-0.00393982	0.00949759	0.00667604
PMBB8087382415382	0	38.3	1466.8899999999999	1	1	-0.00436459	-0.00580539	-0.00213044
PMBB8087449310644	0	32.4	1049.76	2	1	-0.00804289	0.00195604	0.00237154
PMBB8089792963606	0	53.7	2883.6900000000005	2	1	-0.0041425	-0.00673576	0.00258599
PMBB8090052769789	0	46.8	2190.24	2	1	-0.00227407	-0.000844365	-0.00216716
PMBB8090111080468	0	51.7	2672.8900000000003	1	3	0.0200344	0.00496908	-0.00508192
PMBB8091196161254	0	31.0	961.0	2	1	-0.0066785	0.00706681	0.00463873
PMBB8093585719516	0	31.7	1004.89	2	1	-0.00192092	0.0044762	0.00180974
PMBB8094134413197	0	33.7	1135.6900000000003	2	1	-0.0025403	0.00699358	0.00476915
PMBB8094971239724	0	69.9	4886.010000000001	1	1	0.00418512	0.0119011	0.00211341
PMBB8096101974670	0	24.1	580.8100000000001	2	1	-0.00474396	0.00519652	-0.00101812
PMBB8096736299890	0	56.2	3158.4400000000005	2	1	-0.000338558	-0.0176019	0.000160544
PMBB8097576241346	0	62.8	3943.8399999999997	1	1	-0.00246103	-0.000927481	0.00118854
PMBB8098901175763	0	40.9	1672.81	2	1	-0.00438032	-0.000538712	0.000854214
PMBB8099053449474	0	21.4	457.9599999999999	1	1	-0.00451054	0.00523802	0.00366662
PMBB8100011230669	0	50.4	2540.16	1	1	-0.00597767	0.00450999	-0.00572968
PMBB8100045503686	0	43.2	1866.2400000000002	2	1	-0.00109622	-0.00695895	-0.00247947
PMBB8101310838479	0	40.7	1656.4900000000002	2	1	-0.0062769	0.00361314	0.00703392
PMBB8101633698693	0	70.1	4914.009999999999	2	1	-0.00638501	0.00560369	-0.00889938
PMBB8101700297065	0	72.9	5314.410000000001	1	1	0.00692883	-0.00913678	-0.00380502
PMBB8104135728492	0	74.7	5580.09	2	3	0.000218469	-0.000120745	-0.0129943
PMBB8104434508727	0	63.0	3969.0	2	1	-0.00946058	0.00500276	-0.00146618
PMBB8104887562005	0	32.4	1049.76	2	1	-0.00326865	-0.00577604	0.0110586
PMBB8105441117824	0	30.6	936.3600000000001	2	2	-0.012616	0.00100935	0.00225176
PMBB8105748004893	0	34.4	1183.36	2	1	-0.00486127	0.00798097	-0.00640961
PMBB8106410515631	0	45.9	2106.81	1	3	-0.00353261	-0.00529974	-0.00639505
PMBB8108028720355	0	50.3	2530.0899999999997	2	1	-0.00422421	0.00676647	0.00159091
PMBB8108099849714	0	33.3	1108.8899999999999	1	1	-0.00165232	-0.000514003	0.000763199
PMBB8108480134523	0	62.9	3956.41	1	1	0.000840734	-0.00558909	-0.0217506
PMBB8108702628567	0	59.5	3540.25	2	1	-0.000236415	-0.00592076	0.00516552
PMBB8110707957212	0	61.3	3757.6899999999996	1	1	-0.00426475	0.00285017	6.31503e-05
PMBB8113085527802	0	43.6	1900.96	2	1	-0.00298843	0.00483292	0.000292098
PMBB8116677614648	0	24.1	580.8100000000001	2	1	-0.00776336	0.00353483	-0.00591087
PMBB8116730226341	0	74.6	5565.159999999999	2	1	-0.00293367	0.000751077	0.0129837
PMBB8117027403737	0	21.7	470.89	2	3	-0.00404203	-0.00245226	0.00751946
PMBB8118199634568	0	31.5	992.25	2	1	0.00394757	-0.00876527	0.000142203
PMBB8118338200925	0	36.8	1354.2399999999998	1	1	0.00168538	-0.0149524	0.000399402
PMBB8120133096679	0	49.8	2480.0399999999995	1	1	-0.00947471	-0.0011143	-0.000566975
PMBB8120633209959	0	24.4	595.3599999999999	1	1	-0.00653181	0.00514051	0.00142473
PMBB8122184316695	0	23.5	552.25	2	1	-0.0131058	9.7207e-05	-0.00124144
PMBB8123220707083	0	49.2	2420.6400000000003	2	1	0.00532943	0.0115576	-0.0088427
PMBB8123498996888	0	45.6	2079.36	1	1	-0.0036784	0.00219102	-0.00378807
PMBB8124677802413	0	69.0	4761.0	2	1	0.0001389	0.00179287	0.00109108
PMBB8125532451543	0	38.9	1513.2099999999998	2	1	-0.00160964	0.00779016	0.0134754
PMBB8128871447027	0	75.7	5730.490000000001	2	1	0.00597267	-0.00627484	-0.0116947
PMBB8129357784509	0	56.2	3158.4400000000005	1	1	-0.00256293	-0.00765614	-0.00390841
PMBB8129445027316	0	26.4	696.9599999999999	2	1	0.00609706	0.0134924	0.00381897
PMBB8129904445552	0	66.2	4382.4400000000005	1	1	-0.00304249	-1.51074e-05	0.00178377
PMBB8131437660521	0	40.0	1600.0	2	1	-0.00228423	-0.00668359	0.011697
PMBB8131755370742	1	85.0	7225.0	2	1	-0.000760285	-0.0120442	-0.0191161
PMBB8132297705914	0	25.7	660.49	2	3	0.0213348	-0.015114	0.00226087
PMBB8132307836440	0	72.6	5270.759999999999	1	3	0.00254025	0.00826161	-0.0128503
PMBB8132699795245	0	37.2	1383.8400000000001	1	1	0.00113452	-0.000200855	0.00481015
PMBB8135830060893	0	69.7	4858.09	1	1	-0.00057267	0.00763873	0.00671497
PMBB8136006313547	0	24.9	620.0099999999999	2	1	-0.00753831	-0.00673686	0.00552575
PMBB8136769044998	0	59.4	3528.3599999999997	1	1	0.00562258	-0.0184918	0.00497637
PMBB8136984401210	0	60.6	3672.36	1	1	-0.00512518	-0.00306619	-0.00225422
PMBB8139246192329	0	49.7	2470.09	2	3	-0.0028864	-0.00104607	0.00882495
PMBB8139931879603	0	52.3	2735.2899999999995	2	3	8.29706e-06	0.00926414	0.0045218
PMBB8139998742798	0	54.0	2916.0	2	1	-0.00479571	-0.00734183	0.00509639
PMBB8140985335814	0	45.5	2070.25	1	1	0.00894896	0.00580967	0.00888819
PMBB8141090591238	0	22.7	515.29	2	1	-0.00323932	0.00553137	0.000582031
PMBB8141114361206	0	33.1	1095.6100000000001	1	1	0.000726581	0.00338826	-0.00260211
PMBB8141652085554	0	79.6	6336.159999999999	2	1	0.000507696	0.00125812	0.0170046
PMBB8141989372131	0	56.9	3237.6099999999997	1	3	-0.00480298	0.00744633	-0.0129901
PMBB8142134528827	0	58.9	3469.21	1	1	-0.00659423	0.00264776	-0.00392183
PMBB8143094433383	0	20.5	420.25	2	3	-0.013027	0.00151462	0.00126935
PMBB8143301928451	1	51.1	2611.21	2	1	-0.00372874	-0.0082436	-0.000867898
PMBB8143871241306	0	47.6	2265.76	1	1	-0.00376218	0.00472581	-0.0122421
PMBB8144414481240	0	35.3	1246.0899999999997	1	2	-0.00474334	0.0061635	0.00389395
PMBB8146027909915	0	82.4	6789.760000000001	2	1	0.00202463	-5.27387e-05	-0.00600846
PMBB8146409601805	0	29.8	888.0400000000001	2	3	-0.00477167	0.00584604	4.35472e-05
PMBB8147838289461	0	70.0	4900.0	1	1	-0.00628039	0.00729166	-0.00140462
PMBB8148459017616	0	66.9	4475.610000000001	1	1	0.00483165	0.0161368	-0.00976054
PMBB8149783365829	0	61.5	3782.25	2	1	0.00455457	0.00480022	0.00157548
PMBB8150351470038	0	50.7	2570.4900000000002	1	1	-0.00053906	0.00744339	-0.00473288
PMBB8150752628334	0	30.2	912.04	2	3	-0.00124995	0.0113942	0.00119731
PMBB8153125706914	0	56.7	3214.8900000000003	2	1	-0.00478731	-0.00284897	-0.0125158
PMBB8154138527363	0	31.9	1017.6099999999999	2	1	-0.00663962	0.00233648	-0.000644238
PMBB8156832429778	0	30.4	924.16	2	1	0.000448038	0.00786356	0.00693908
PMBB8159012893234	0	49.4	2440.3599999999997	2	2	-0.000977689	-0.00347254	0.0116511
PMBB8159019508487	0	59.9	3588.0099999999998	1	1	0.0174248	-0.0104426	-0.0159672
PMBB8160512808317	0	47.6	2265.76	1	1	0.000451773	-0.0120033	-0.0082739
PMBB8161211824309	0	55.6	3091.36	2	1	-0.0035514	0.00410601	0.00240456
PMBB8161268452387	0	27.0	729.0	2	1	-0.00390209	0.00645522	-0.0157338
PMBB8161616960223	0	33.8	1142.4399999999998	2	1	0.0298153	-0.00832215	0.00152559
PMBB8162182278508	1	68.7	4719.6900000000005	1	1	0.0154717	-0.00840066	-0.000962013
PMBB8164621301571	1	73.1	5343.609999999999	2	1	-0.0075734	0.000328315	0.00138514
PMBB8164958496618	0	74.6	5565.159999999999	2	1	-0.00347895	0.0110011	0.018957
PMBB8165968530163	0	23.2	538.24	1	1	0.000574129	0.00566421	0.0164064
PMBB8166233325238	0	32.8	1075.84	2	1	-0.00548722	0.00299574	-0.000232267
PMBB8166309195017	0	56.1	3147.21	1	1	-0.00154909	-0.0130704	-0.00716405
PMBB8167278719052	0	59.6	3552.1600000000003	2	1	0.00233739	-0.0171412	0.00614576
PMBB8168107136668	0	43.2	1866.2400000000002	1	1	-0.0064985	-0.00567782	0.0041912
PMBB8169709206600	0	23.9	571.2099999999999	2	1	-0.00186849	-0.00477163	0.000140763
PMBB8169803497566	0	64.4	4147.360000000001	1	3	-0.00217547	0.00475943	-0.00635998
PMBB8170151592816	0	79.3	6288.49	2	1	-0.00630293	-0.0196423	0.00535874
PMBB8170412670358	0	22.4	501.75999999999993	2	3	-0.000244635	0.0110198	0.00692015
PMBB8170746545388	0	57.9	3352.41	2	1	-0.00334264	-0.00934291	-0.00704309
PMBB8170926558226	0	25.5	650.25	2	1	0.00501812	0.0128148	-0.0118278
PMBB8172020347310	0	73.7	5431.6900000000005	2	1	0.00188653	0.00296467	-0.00875366
PMBB8172115659212	0	30.2	912.04	1	1	0.00636177	-0.00932459	0.013691
PMBB8173027135939	0	62.7	3931.2900000000004	2	1	-0.0038804	0.00137283	0.00352841
PMBB8174214143353	1	59.5	3540.25	1	1	-0.00179415	-0.00121432	-0.000499748
PMBB8174494851774	0	65.9	4342.81	1	1	-0.00978516	-0.000112973	-0.000932334
PMBB8174830471111	0	63.7	4057.6900000000005	2	1	-0.00266182	0.00206484	0.00408557
PMBB8174977176184	0	25.8	665.64	2	3	-0.00801886	-0.0102229	-0.00060176
PMBB8175314175612	0	36.9	1361.61	2	1	0.0024915	0.00887782	0.0099294
PMBB8176081967431	0	34.2	1169.64	2	2	-0.0124941	-0.00238012	-0.000358881
PMBB8176345451944	0	56.3	3169.6899999999996	2	2	-0.00990282	0.00167362	-0.00058297
PMBB8178411369915	0	56.9	3237.6099999999997	2	1	0.0104766	-0.00316276	-0.00898819
PMBB8179154406501	0	63.2	3994.2400000000002	2	2	-0.000334755	-0.00425107	0.00925005
PMBB8180962882231	0	25.4	645.16	2	3	0.0261471	-0.00492053	0.0083393
PMBB8183561615003	0	28.6	817.96	2	1	0.00214217	-0.00458304	-0.0221379
PMBB8184880092549	0	80.0	6400.0	2	1	0.0126129	0.0185967	0.00326387
PMBB8185192497199	0	42.5	1806.25	1	1	-0.00228378	0.00245942	0.00575145
PMBB8186174823879	0	55.2	3047.0400000000004	2	3	-0.00786628	-0.00312432	0.00148763
PMBB8186542362539	0	39.9	1592.01	2	3	-0.00261654	-0.00733651	-0.0139987
PMBB8187522229995	0	58.1	3375.61	2	2	0.00189868	0.0144387	0.00847041
PMBB8189003489915	0	66.0	4356.0	1	3	-0.00603376	-0.00352674	-0.00274723
PMBB8189499517134	0	44.2	1953.6400000000003	1	1	0.00922661	-0.00947117	0.00501667
PMBB8189539911602	0	59.4	3528.3599999999997	1	1	-0.000681474	0.0110466	0.0133169
PMBB8191563125829	0	23.9	571.2099999999999	2	1	-0.00621953	-0.0175308	-2.88429e-05
PMBB8191687367042	0	35.5	1260.25	2	1	-0.00265632	-0.00446608	-0.0034748
PMBB8192556660428	0	56.5	3192.25	2	1	0.00257607	0.0112065	0.0118429
PMBB8195257861195	0	51.1	2611.21	2	1	-0.00293228	0.00702639	0.0171699
PMBB8195823271613	0	57.0	3249.0	1	1	-0.0020839	0.00305664	0.00845327
PMBB8196419668051	0	73.3	5372.889999999999	1	1	0.00868279	0.0165269	0.000402615
PMBB8197170185195	0	21.9	479.60999999999996	1	1	0.00292704	0.000897705	-0.0155406
PMBB8198097607912	0	54.9	3014.0099999999998	2	1	-0.0057413	0.00131306	0.00209232
PMBB8198455145511	0	42.3	1789.2899999999997	2	1	0.00613052	0.0079985	0.00834756
PMBB8199189615071	0	28.5	812.25	1	1	-0.0118137	-0.000525816	-0.000444927
PMBB8200745441802	0	66.2	4382.4400000000005	2	1	-0.00766678	0.00185963	-0.000319261
PMBB8202297794803	0	75.8	5745.639999999999	2	1	-0.00585921	-0.00206957	0.0164478
PMBB8204610403986	0	42.8	1831.8399999999997	2	3	0.00253695	-0.00377128	-0.00105253
PMBB8205302128701	0	34.0	1156.0	1	1	0.0025639	-0.00761227	0.00144653
PMBB8206324822150	0	57.4	3294.7599999999998	1	1	-0.000656345	0.00305183	-0.00718968
PMBB8207508265839	0	79.6	6336.159999999999	2	2	-0.00252267	-0.00334642	-0.0167182
PMBB8207520446687	0	60.4	3648.16	2	1	-0.000398292	6.59371e-05	0.000938173
PMBB8207843114376	0	77.0	5929.0	1	1	-0.00429557	0.00773466	0.0021103
PMBB8208194903419	0	54.8	3003.0399999999995	2	1	0.00397243	0.0135074	0.0183439
PMBB8210740652757	0	37.4	1398.76	2	3	-0.00624881	0.0068225	-0.000617122
PMBB8211768124229	0	46.1	2125.21	2	1	-0.00404862	-0.0142909	0.00108245
PMBB8213091123232	0	31.1	967.21	2	1	-0.0033962	0.00864257	-0.00222513
PMBB8213122428838	0	45.1	2034.0100000000002	1	1	-0.0118166	0.000658665	0.000730242
PMBB8213359434845	0	49.2	2420.6400000000003	2	3	-0.0120374	0.00273314	0.000762506
PMBB8213528728130	0	20.7	428.48999999999995	2	1	-0.00161139	0.0101759	-0.0160217
PMBB8213677411380	0	37.6	1413.7600000000002	2	3	0.000951225	0.00203001	-0.00711229
PMBB8213746322430	0	50.2	2520.0400000000004	1	1	0.0127069	-0.0045228	0.00460299
PMBB8216351460873	0	62.6	3918.76	2	2	-0.00269188	-0.0131697	0.00450147
PMBB8217012124040	0	49.9	2490.0099999999998	2	1	-0.00205224	-0.00814742	-0.00116087
PMBB8218044941748	0	46.9	2199.6099999999997	2	3	-0.00129012	-0.00638409	-0.00310272
PMBB8218840999646	0	24.6	605.1600000000001	2	3	-0.00166901	-0.0098219	0.0151288
PMBB8219094902343	0	26.9	723.6099999999999	2	1	0.000978816	0.00643172	-0.00517863
PMBB8219162389176	0	60.6	3672.36	2	3	-0.004199	-0.00330063	-0.00143122
PMBB8219430284033	0	64.1	4108.8099999999995	2	2	0.00339047	0.00402241	0.000280968
PMBB8219633743632	1	61.9	3831.6099999999997	2	2	-0.00249546	-0.0111452	0.0108186
PMBB8220267937250	0	70.5	4970.25	2	3	0.00555223	-0.00733482	0.00378799
PMBB8220859005097	1	60.8	3696.64	2	1	-0.00152792	0.0111748	-0.00611015
PMBB8221773284128	0	27.9	778.41	2	1	-0.00384229	0.00297741	0.00311426
PMBB8222350643332	0	44.4	1971.36	1	1	0.00313327	-0.0106797	-0.0213054
PMBB8222383762935	0	21.8	475.24	2	1	0.00177032	0.0014386	0.00138853
PMBB8223000496048	0	38.4	1474.56	1	3	-0.00015777	0.0060494	0.00872427
PMBB8223240207793	0	36.5	1332.25	2	1	0.0152815	0.00046309	0.00762674
PMBB8223420116678	1	75.6	5715.359999999999	2	1	5.09714e-06	-0.00724557	0.00589537
PMBB8223498468805	0	23.8	566.44	2	1	0.0245406	0.00543335	0.00559525
PMBB8223577677056	0	46.5	2162.25	1	1	-0.000968848	0.00559317	0.0137868
PMBB8224369720341	0	69.2	4788.64	1	1	-0.00130747	0.0100934	0.0148953
PMBB8224589938281	0	47.5	2256.25	1	1	0.000831997	-0.00446909	0.0038837
PMBB8225004725034	0	33.2	1102.2400000000002	2	1	0.00314708	0.000302184	-0.000290989
PMBB8225199583996	0	45.4	2061.16	1	1	0.0272588	0.0074133	-0.00544683
PMBB8226069870955	0	22.7	515.29	2	1	0.0220568	0.00589323	0.00117424
PMBB8226688633182	0	38.5	1482.25	1	3	0.0300518	-0.0170548	0.00158667
PMBB8229138763556	0	29.2	852.64	1	3	-0.00582428	0.0057114	-0.0050767
PMBB8230880304214	0	65.4	4277.160000000001	1	1	-0.0105784	0.000349401	-0.00119255
PMBB8231822029534	0	48.4	2342.56	2	1	-0.0065202	-0.00397031	-0.00489947
PMBB8232318092009	0	76.9	5913.610000000001	1	1	-0.00663731	-0.0142742	-0.00104536
PMBB8233445752346	0	56.3	3169.6899999999996	2	1	-0.00969314	0.000327658	-0.00238922
PMBB8234125801610	0	49.9	2490.0099999999998	2	1	-0.00631642	-0.013317	-0.000463064
PMBB8234845746655	0	23.8	566.44	2	3	0.0242133	0.00287681	0.0020534
PMBB8234916525213	0	66.6	4435.5599999999995	1	1	0.0235785	0.00273614	-0.000400231
PMBB8235433263851	0	65.7	4316.490000000001	1	1	-0.00283028	0.0102215	0.00208911
PMBB8236311602857	0	68.1	4637.61	1	1	-0.00690877	-0.0154324	-0.00374418
PMBB8237342257520	0	25.0	625.0	2	1	-0.00084125	0.000955037	0.00584092
PMBB8237604794649	0	45.2	2043.0400000000002	1	1	-0.00605364	-0.0253475	0.000828218
PMBB8237905808347	0	26.6	707.5600000000001	2	1	-0.00189717	0.00582867	-0.00552883
PMBB8240701577369	1	60.5	3660.25	1	1	-0.00660566	0.00549009	0.00812629
PMBB8240782323236	0	64.1	4108.8099999999995	2	1	0.00465755	0.00797185	0.00754137
PMBB8242028177106	0	70.5	4970.25	2	1	-0.0069618	-0.00692342	0.00811811
PMBB8242545458604	0	23.2	538.24	2	3	0.0132343	0.006149	-0.00450308
PMBB8242996970221	0	19.1	364.81000000000006	2	3	-0.00130635	-0.014771	0.000762992
PMBB8244377936710	0	31.0	961.0	1	3	-0.000143033	-0.0112622	-0.0127287
PMBB8247096340340	0	49.8	2480.0399999999995	1	1	-0.00259129	-0.005042	0.0171488
PMBB8248836543894	0	43.4	1883.56	2	3	0.029644	-0.00941819	-0.00333949
PMBB8251127716991	0	35.6	1267.3600000000001	2	3	-0.00667795	-0.00437498	-0.00370423
PMBB8251131237603	0	36.2	1310.4400000000003	2	1	-0.00389301	0.00910408	0.014517
PMBB8251474384848	0	31.8	1011.24	2	1	-0.000782353	-0.0158697	0.00452595
PMBB8251828803876	0	40.4	1632.1599999999999	2	1	-0.00262793	0.0015541	-0.0111654
PMBB8254237882003	0	28.7	823.6899999999999	2	1	-0.00606141	0.00691814	0.00455296
PMBB8254841591596	0	61.6	3794.5600000000004	1	1	0.00333863	-0.00822941	-0.00806709
PMBB8254947102326	0	52.2	2724.84	1	1	-0.00467204	0.00347137	-0.000556878
PMBB8256138843660	0	65.8	4329.639999999999	1	1	-0.00446776	0.00111091	-0.0085141
PMBB8256862862605	0	32.4	1049.76	2	1	-0.00720012	-0.0108721	-0.00571855
PMBB8258302027895	0	51.2	2621.4400000000005	1	1	-0.00853402	0.00334178	0.000938623
PMBB8260382178083	0	65.7	4316.490000000001	2	3	-0.0108198	-0.00213007	-0.00051329
PMBB8262984001522	0	56.7	3214.8900000000003	1	1	-0.00622627	0.000434668	0.00157992
PMBB8263257621581	0	52.7	2777.2900000000004	2	1	-0.00880191	-0.000488521	0.000144596
PMBB8263632034108	0	48.1	2313.61	1	3	-0.0031649	0.00551379	-0.00159222
PMBB8264621420185	0	52.9	2798.41	2	1	-0.000867112	-0.00636639	-0.000687665
PMBB8264707915428	0	90.0	8100.0	2	1	-0.00412925	-0.00988866	-0.00149237
PMBB8267194174266	0	50.5	2550.25	2	1	-0.00477085	-0.00183782	0.000246899
PMBB8267608143020	0	62.3	3881.2899999999995	2	1	-0.00796156	-0.00148173	-0.000486051
PMBB8268660149443	1	32.1	1030.41	1	1	-0.0114263	-0.00340295	-0.000700039
PMBB8269725070325	0	67.9	4610.410000000001	1	1	-0.0114432	-0.00458667	-0.000397819
PMBB8269862834176	0	57.8	3340.8399999999997	2	1	-0.000669808	0.00795784	0.0148938
PMBB8272651197384	0	31.5	992.25	2	1	-0.010133	0.00325029	-0.000277948
PMBB8274120381900	0	66.1	4369.209999999999	2	3	-0.00138311	-0.00132619	-0.00132772
PMBB8274272894053	0	18.8	353.44000000000005	2	3	0.000360312	-0.008283	0.00326783
PMBB8274940222557	0	60.3	3636.0899999999997	1	1	-0.00701007	0.00532111	0.00969333
PMBB8276282899721	0	72.3	5227.29	1	1	0.00943733	0.0106138	0.0149261
PMBB8276979673458	0	42.8	1831.8399999999997	2	3	0.00280994	0.0129475	0.0183874
PMBB8277618560564	0	39.6	1568.16	2	3	0.00457825	0.00212681	-0.00781026
PMBB8278600082147	0	39.0	1521.0	2	2	-0.0119139	0.000673656	-0.000277621
PMBB8278728682851	0	31.2	973.4399999999999	1	1	0.0103327	0.00250166	-0.0036495
PMBB8279185399520	0	26.3	691.69	2	1	-0.00205695	0.000250323	0.00202719
PMBB8281250062068	0	54.7	2992.09	2	2	0.00138969	0.00575062	0.00671187
PMBB8281753782124	0	60.8	3696.64	1	1	-0.00798555	0.00460626	-0.00597982
PMBB8282040588756	1	67.2	4515.84	2	1	0.00275761	0.00804702	-0.00437727
PMBB8283844621234	0	30.9	954.81	1	1	-0.0015046	-0.011075	0.00398099
PMBB8284156941658	0	53.4	2851.56	1	1	-0.00121911	-0.00196672	-0.00714524
PMBB8284564677823	0	19.0	361.0	2	1	-0.00259582	-0.00418537	-0.00465367
PMBB8285384289686	0	53.2	2830.2400000000002	1	2	-0.00361744	0.00482025	-0.00267098
PMBB8285809927086	0	63.3	4006.8899999999994	1	3	-0.00574313	0.00201156	0.002104
PMBB8286052872270	0	21.4	457.9599999999999	2	1	0.000219994	-0.00318343	-0.00356586
PMBB8286606362183	0	43.9	1927.2099999999998	1	1	0.00083584	-0.00516626	-0.00243256
PMBB8287555663763	0	50.2	2520.0400000000004	1	1	0.000674119	0.00122252	0.00892465
PMBB8288564169064	0	56.3	3169.6899999999996	1	1	0.00188859	-0.00211804	0.0215651
PMBB8288592651964	0	38.2	1459.2400000000002	2	3	-0.00181233	0.0106004	-0.00707286
PMBB8288806829423	0	79.1	6256.8099999999995	1	1	-0.0048316	0.000346605	0.00208208
PMBB8289840268870	0	50.5	2550.25	2	2	-0.00102261	-0.000516318	0.000864363
PMBB8291458227599	0	71.4	5097.960000000001	1	1	-0.00965432	-0.000793786	0.00195418
PMBB8291795925934	1	48.0	2304.0	2	2	0.003093	0.00807053	0.00988073
PMBB8292012691331	0	74.8	5595.04	2	1	-0.00639286	0.00255541	0.00340753
PMBB8293274730031	0	62.4	3893.7599999999998	2	2	-0.00424186	0.00725056	0.000874084
PMBB8293317621729	0	73.6	5416.959999999999	1	3	-0.00536136	0.00721559	0.00701058
PMBB8293761427349	0	60.5	3660.25	2	1	-0.00161305	-0.00468665	-0.00327457
PMBB8293934337195	0	59.1	3492.81	1	1	-0.00244325	0.00202474	-0.00143132
PMBB8295068077547	0	22.8	519.84	2	1	-0.00503228	0.00683663	-0.00233259
PMBB8295102509386	0	22.9	524.41	2	1	0.0195587	0.000723096	3.5272e-05
PMBB8295232820532	0	52.1	2714.4100000000003	1	1	0.00456874	0.00707411	0.00171403
PMBB8297655429412	0	36.0	1296.0	2	1	-0.00700688	0.00854929	-0.00060524
PMBB8298521142721	0	66.6	4435.5599999999995	1	1	-0.00503861	0.000487724	0.000680398
PMBB8298540689901	0	67.4	4542.760000000001	1	3	0.00898846	0.0180205	0.00908383
PMBB8299496829426	0	67.0	4489.0	1	1	0.00321038	0.0140344	0.00340196
PMBB8300023703035	0	27.5	756.25	2	3	-0.00414723	-0.00161031	0.0030934
PMBB8302701711635	0	70.6	4984.359999999999	1	1	-0.00143711	0.00682924	0.000953288
PMBB8302987301642	0	62.0	3844.0	1	2	0.020571	-0.00142235	-0.0158781
PMBB8304804069379	0	67.2	4515.84	1	1	-0.000216116	0.00901771	0.0053022
PMBB8305716805179	0	62.7	3931.2900000000004	2	1	-0.0074774	-0.00730229	0.00035188
PMBB8306480680645	0	46.2	2134.44	1	3	-0.00737346	0.00343276	0.00336155
PMBB8306916798246	1	67.4	4542.760000000001	2	1	7.48978e-06	-0.00438068	0.00066542
PMBB8306966966791	0	29.9	894.0099999999999	1	1	-0.00445313	-0.00368184	-0.0104929
PMBB8308352040442	0	52.1	2714.4100000000003	1	1	-0.00321761	8.55414e-06	0.0112885
PMBB8308837329925	0	47.4	2246.7599999999998	2	1	0.00196905	0.00115225	-0.0140449
PMBB8309101946632	0	40.6	1648.3600000000001	2	3	-0.00444378	0.00433291	-0.00606678
PMBB8310390891751	0	64.7	4186.09	1	1	-0.000426217	0.0135475	-0.00974423
PMBB8311265690051	0	33.8	1142.4399999999998	2	3	0.000980751	-0.0148985	-0.0127378
PMBB8311982577460	0	80.0	6400.0	2	1	-0.00491169	-0.00241104	-0.000598607
PMBB8313818861076	0	75.3	5670.089999999999	1	1	-0.00576963	0.00494399	-0.00409795
PMBB8313930314333	0	52.8	2787.8399999999997	2	2	-0.00110816	0.00988884	0.0116125
PMBB8314582279667	0	67.9	4610.410000000001	2	1	0.0276878	0.0103856	0.00041925
PMBB8314811990804	0	66.1	4369.209999999999	1	1	-0.00358361	-8.0541e-06	0.000254941
PMBB8315062638658	0	45.1	2034.0100000000002	2	1	-0.00327276	0.0010093	0.02398
PMBB8315366306666	0	42.8	1831.8399999999997	2	1	-0.00518112	0.00657535	-0.00506054
PMBB8315837131743	0	62.6	3918.76	1	3	-0.0048598	0.00465243	-0.00284563
PMBB8315933782203	1	80.7	6512.490000000001	1	1	-0.00284047	0.00647834	0.00333394
PMBB8316976763008	1	73.3	5372.889999999999	2	1	-0.00634208	0.00544871	-0.00556442
PMBB8317116783419	1	61.6	3794.5600000000004	1	1	-0.00426415	-0.00663016	-0.001836
PMBB8317197025419	0	80.9	6544.810000000001	2	1	-0.00321481	0.00558706	-0.000864674
PMBB8317614557466	0	39.8	1584.0399999999997	2	1	9.90203e-05	0.0114802	0.015336
PMBB8317691360540	1	22.1	488.4100000000001	2	3	-0.0042337	-0.00458772	0.006249
PMBB8319190987163	0	45.9	2106.81	2	1	-9.14649e-05	0.00208774	-0.00140311
PMBB8321244526114	0	57.7	3329.2900000000004	2	1	-0.00199986	-0.00748374	0.00706032
PMBB8326530264008	0	62.6	3918.76	1	1	0.00137932	-0.00207201	0.00655592
PMBB8326937134155	0	82.6	6822.759999999999	2	1	0.00925714	-0.00288821	-0.00627265
PMBB8327208276077	0	41.7	1738.8900000000003	1	1	-0.0115654	-0.00207801	-0.00115555
PMBB8330350710791	0	24.8	615.0400000000001	2	1	-0.00246013	-0.00359925	-0.00348898
PMBB8330570945484	0	26.1	681.21	2	1	-0.00134812	-0.00220097	-0.0183236
PMBB8330767942693	0	48.9	2391.21	2	2	0.0133444	-0.00816961	0.00459717
PMBB8333035806804	0	53.3	2840.89	2	2	-0.00448121	-0.01339	-0.00118996
PMBB8333061965733	0	25.5	650.25	2	1	-0.00236061	0.0103164	-0.000518946
PMBB8333746134578	0	25.1	630.0100000000001	2	1	-0.00435883	0.00783628	-0.00960974
PMBB8333810775953	0	47.2	2227.84	2	1	-0.0127817	0.00128753	-0.000135218
PMBB8334249598791	0	30.8	948.6400000000001	1	1	-0.0059494	0.00218421	0.00308778
PMBB8335971153683	0	57.1	3260.4100000000003	2	1	0.00155712	-0.00338658	-0.00446365
PMBB8337328939512	0	45.6	2079.36	1	1	-0.00602355	-0.00710044	-1.76175e-05
PMBB8337798515799	0	48.6	2361.96	1	3	0.0157184	0.0139878	0.00674044
PMBB8337962909298	0	38.1	1451.6100000000001	2	1	0.00559602	-0.00290073	0.00416633
PMBB8338527465567	0	59.5	3540.25	1	1	-0.00227245	0.0013215	-0.00331101
PMBB8339906298825	0	62.9	3956.41	1	1	0.00425476	0.0174503	-0.0131173
PMBB8340622065647	0	42.2	1780.8400000000001	2	1	5.71526e-05	0.000211366	0.00824208
PMBB8341338065127	1	71.3	5083.69	2	3	-0.0107337	0.00216977	0.00715706
PMBB8342974246159	0	28.8	829.44	2	3	-0.00385536	-0.00163845	0.0179689
PMBB8343969990780	1	67.2	4515.84	2	1	-0.000431853	0.00135139	0.00401561
PMBB8344303748721	0	44.3	1962.4899999999998	2	3	0.00205826	-0.00303481	0.00641155
PMBB8344762103281	0	67.9	4610.410000000001	2	1	0.0132937	0.00981864	0.0146174
PMBB8346068098735	0	23.8	566.44	1	1	0.00519054	0.00831817	0.00858006
PMBB8348520705535	0	33.5	1122.25	2	3	0.0181609	0.00532036	0.0115004
PMBB8349528541788	0	25.9	670.81	1	1	-0.00614818	0.00808702	-0.00215679
PMBB8349698189677	0	71.4	5097.960000000001	2	1	-0.0016687	-0.0124057	0.00212514
PMBB8350355980761	0	49.5	2450.25	1	2	0.00221068	-0.00935239	-0.000646998
PMBB8350640738589	0	76.1	5791.209999999999	2	1	-0.0121346	-0.0018968	-9.51014e-05
PMBB8354983418973	0	24.0	576.0	2	1	0.00202941	0.000324975	0.00615407
PMBB8355509775924	0	38.3	1466.8899999999999	2	1	0.00603365	-0.00844561	-0.00788455
PMBB8356119340741	0	38.9	1513.2099999999998	2	3	-0.00501121	0.00464704	-0.00491074
PMBB8356270172945	0	41.4	1713.9599999999998	2	1	-0.000968627	-0.00173931	-0.0060225
PMBB8357021087898	0	82.3	6773.29	1	1	0.000936784	0.00898588	0.00863864
PMBB8357201026428	0	32.5	1056.25	2	1	-0.00454912	0.000411193	-0.00245074
PMBB8357490541188	0	62.2	3868.84	2	1	-0.00150665	0.00983357	-0.00819759
PMBB8358141622378	0	21.8	475.24	1	2	-0.0133554	0.000440053	-0.00092113
PMBB8358330085636	0	42.2	1780.8400000000001	2	1	-0.00756953	-0.0122508	0.000481204
PMBB8358579477326	0	62.7	3931.2900000000004	1	3	-0.00577306	0.00467385	-0.0080937
PMBB8359030017810	0	59.6	3552.1600000000003	1	1	-0.000788132	0.00133195	-0.00115156
PMBB8360235553683	0	70.3	4942.089999999999	1	2	0.00708903	-0.00757857	0.010022
PMBB8360608510220	0	33.8	1142.4399999999998	2	1	-0.00674867	0.00296804	8.12253e-05
PMBB8363012959594	0	68.2	4651.240000000001	2	1	0.025093	0.00611151	0.0156647
PMBB8363377327997	0	65.4	4277.160000000001	1	1	0.016695	-0.000266647	0.0111331
PMBB8363558081851	0	87.9	7726.410000000001	1	1	-0.0055977	0.00317149	-0.00357318
PMBB8364738049745	0	27.4	750.7599999999999	2	1	-0.00442279	0.00648994	0.0115537
PMBB8365059287882	0	72.3	5227.29	2	1	-0.00638956	0.00115049	-0.00554051
PMBB8367155692145	0	67.5	4556.25	2	1	0.00243303	0.00831112	0.00375922
PMBB8367277100097	0	67.1	4502.409999999999	1	1	-0.00620221	-0.0056251	-0.0101301
PMBB8367560133013	0	49.0	2401.0	2	1	-0.00146763	-0.00196009	0.00352762
PMBB8369256443156	0	58.3	3398.89	2	1	-0.00678173	-0.00856438	-0.000121224
PMBB8369819446855	0	63.1	3981.61	1	1	-0.0102193	-4.24503e-05	0.000800955
PMBB8370041682152	0	30.3	918.09	2	3	0.0224186	0.00148969	0.000922984
PMBB8370252377049	0	63.7	4057.6900000000005	1	1	-0.00177573	-0.00810602	0.00332512
PMBB8371220821626	0	43.7	1909.6900000000003	2	1	0.0109524	0.0145364	0.00793607
PMBB8371585137391	0	55.8	3113.64	2	1	0.00644751	0.00180678	-0.0186976
PMBB8373249335414	0	35.9	1288.81	2	2	-0.00204145	-0.00147139	0.00511277
PMBB8373306991067	1	60.7	3684.4900000000002	1	1	-0.00418965	0.00474623	-0.0102132
PMBB8374474746983	0	34.0	1156.0	2	1	-0.00509525	-0.0046366	-0.00405011
PMBB8375393152719	0	68.6	4705.959999999999	1	1	0.0201322	0.00662739	-0.00538985
PMBB8376903040053	0	24.7	610.0899999999999	2	1	-0.00197658	3.81412e-05	-0.011814
PMBB8377195868282	0	32.6	1062.76	2	1	0.00171436	0.00691119	0.012498
PMBB8377871916757	0	64.4	4147.360000000001	1	1	-0.00753318	0.00199907	0.00244698
PMBB8380907613124	0	44.9	2016.0099999999998	2	1	0.00244411	-0.0126104	-0.00223168
PMBB8381588306959	0	75.2	5655.040000000001	2	1	-0.00365358	0.00260514	-0.00524954
PMBB8383498654585	0	48.3	2332.89	2	3	-0.00760497	0.00403719	0.00467302
PMBB8383933949970	0	71.7	5140.89	1	1	0.00878527	0.00297223	0.0107486
PMBB8384166974719	0	46.5	2162.25	1	1	-0.00295165	-0.00775336	0.00356927
PMBB8386140882826	0	36.2	1310.4400000000003	1	1	-0.00999933	0.00265438	0.00425218
PMBB8386586300188	0	72.9	5314.410000000001	2	2	0.000501951	-0.0151406	0.014592
PMBB8389518937757	0	40.2	1616.0400000000002	2	1	-0.00898244	0.00294356	0.000430219
PMBB8390003922666	0	27.7	767.29	2	1	0.00151134	-0.0112804	-0.0158385
PMBB8393560552158	0	31.2	973.4399999999999	2	1	-0.00925534	0.00306516	-0.00132127
PMBB8393652775281	0	44.6	1989.16	1	3	0.020496	-0.00641028	0.0037055
PMBB8394137966243	0	54.3	2948.49	1	3	0.0270602	-0.00304053	-0.0143175
PMBB8394223448507	0	52.5	2756.25	1	1	-0.00556746	-0.0156875	0.00285624
PMBB8394670745124	0	29.1	846.8100000000001	2	2	0.00353149	-0.00812507	-0.0135952
PMBB8395116821978	0	33.7	1135.6900000000003	1	3	0.0288995	0.0027703	0.00172062
PMBB8396767545321	0	41.6	1730.5600000000002	2	3	-0.00526961	0.000161277	0.0144237
PMBB8398443911543	0	43.3	1874.8899999999996	1	2	0.0193543	0.00608008	0.00368812
PMBB8398675123430	0	66.4	4408.960000000001	1	1	-0.00821081	-0.000965383	0.00108547
PMBB8399128311547	0	32.9	1082.4099999999999	2	1	0.0309021	-0.000158189	-0.00455644
PMBB8400205121691	0	24.9	620.0099999999999	2	1	-0.003002	-0.000587976	-0.0221806
PMBB8400393706127	0	37.1	1376.41	2	1	-0.00362359	0.00376324	0.00496245
PMBB8400955888514	0	70.6	4984.359999999999	2	1	-0.009067	0.00421232	0.00209128
PMBB8403468943269	0	33.3	1108.8899999999999	1	1	0.00791872	0.00192304	-0.00351635
PMBB8403640101801	0	69.8	4872.04	1	1	-0.00288606	0.00817231	0.00186557
PMBB8403879588041	0	60.9	3708.81	1	1	-0.00443983	0.0037769	0.0144549
PMBB8405556375534	0	73.7	5431.6900000000005	2	3	0.00270879	0.00768943	0.0112183
PMBB8406334644817	0	75.0	5625.0	2	1	-0.0114318	0.00249969	0.00190481
PMBB8406701724233	0	51.6	2662.56	2	2	-0.00389803	-0.000333	0.0187324
PMBB8407206338044	1	52.8	2787.8399999999997	1	1	-0.00344597	-0.00134874	-0.00411959
PMBB8407777425602	0	24.8	615.0400000000001	2	1	-0.00298008	-0.0166823	-0.00240731
PMBB8408901051706	0	34.7	1204.0900000000001	2	2	-0.00504313	-0.00170914	0.0004116
PMBB8410273196144	0	62.9	3956.41	1	1	-0.00416777	-0.00470343	0.000448066
PMBB8410407880849	0	84.0	7056.0	2	1	0.013486	-0.0171767	-0.000907424
PMBB8410806229957	0	38.9	1513.2099999999998	2	1	-0.00485081	0.00821604	-0.001347
PMBB8411052040466	0	48.0	2304.0	2	1	0.00566818	0.0162759	-0.00868149
PMBB8412084679736	0	39.2	1536.6400000000003	2	2	0.0136733	0.00528107	0.00620534
PMBB8414023848904	0	20.4	416.15999999999997	1	1	0.00958415	0.0147549	-0.00251058
PMBB8414091237705	0	41.9	1755.61	2	1	-0.0011791	0.0134224	0.00167558
PMBB8421720325200	0	36.1	1303.21	1	3	-0.0130165	0.000131407	0.000501541
PMBB8422061375876	0	43.3	1874.8899999999996	1	1	0.000958797	-0.00555212	0.00693313
PMBB8422588186038	0	47.1	2218.4100000000003	2	3	0.000443259	-0.013799	0.00433075
PMBB8423963783668	0	57.3	3283.2899999999995	1	1	-5.5622e-05	-0.0116104	-0.0201894
PMBB8423968405912	0	63.6	4044.96	2	1	0.00995671	-0.00994779	-0.0149467
PMBB8424528691804	0	33.5	1122.25	2	1	0.016345	-0.0151737	0.00964318
PMBB8424615758245	0	28.2	795.24	2	3	-0.000468733	-0.00061093	-0.0035724
PMBB8424943358724	0	44.6	1989.16	2	1	0.00693291	-0.00649179	0.0059781
PMBB8426500084422	0	64.0	4096.0	1	1	-0.00166815	0.00921456	-0.0105977
PMBB8427052228535	0	32.1	1030.41	2	1	-0.00500135	0.00347052	0.00515609
PMBB8427330437677	0	18.3	334.89000000000004	2	1	-0.00517302	-0.00546409	-0.00416725
PMBB8428471432510	0	75.6	5715.359999999999	2	1	-0.00612927	0.00277314	-0.0211127
PMBB8429074458997	0	28.2	795.24	2	3	0.0139334	-0.00211646	-0.00276338
PMBB8429395510786	0	28.4	806.56	2	1	-0.00274856	0.00944049	-0.00184281
PMBB8429801530936	0	20.8	432.64000000000004	2	2	0.0251697	0.00971555	-0.0119178
PMBB8430626442425	0	46.3	2143.6899999999996	2	1	0.00340481	0.00491267	0.00092472
PMBB8430890315132	0	67.3	4529.29	2	1	-0.00446845	0.00464244	-0.00598711
PMBB8433821415952	0	68.3	4664.889999999999	1	1	0.0196535	-0.000768955	-0.00291134
PMBB8433914245353	1	54.4	2959.3599999999997	2	1	-0.00448694	0.00816005	-0.00351155
PMBB8436106381262	0	48.7	2371.69	2	1	0.000465802	0.00657738	0.00149005
PMBB8437229778400	0	52.0	2704.0	2	3	-0.00468997	-0.00281159	-0.00234631
PMBB8438592031367	0	54.2	2937.6400000000003	1	1	-0.00486551	-0.00772353	-0.0032133
PMBB8438625900443	0	45.7	2088.4900000000002	2	3	-0.00289693	0.0065901	0.00882755
PMBB8439006222023	0	34.2	1169.64	2	1	-0.00455283	0.00785156	0.00543169
PMBB8439626675347	1	83.4	6955.560000000001	1	3	0.0038475	-0.00205611	-0.0139317
PMBB8440823127354	0	25.4	645.16	2	1	-0.00350342	0.00476592	-0.00624463
PMBB8441596125353	0	54.7	2992.09	1	1	0.0191925	-0.0029281	0.0091414
PMBB8441642316592	1	63.2	3994.2400000000002	2	1	-0.00217211	0.00395567	0.00156443
PMBB8441904008572	0	49.9	2490.0099999999998	1	1	-0.0083243	0.00112479	0.00515138
PMBB8442861879975	0	68.6	4705.959999999999	1	1	-0.00709094	0.00287665	0.00013289
PMBB8443333908134	0	64.7	4186.09	1	1	0.0287845	0.0203018	0.00746186
PMBB8443891741470	0	49.2	2420.6400000000003	2	3	-0.00314908	-0.000216825	0.00864143
PMBB8444023375488	0	34.9	1218.01	2	3	0.0172666	0.0088726	-0.0138648
PMBB8445092542236	0	60.1	3612.01	1	1	-0.00409174	-0.0013834	-0.00286218
PMBB8445259473767	0	38.5	1482.25	2	2	-0.000434547	0.00614667	0.0131302
PMBB8446204392125	0	44.3	1962.4899999999998	2	2	0.00262804	-0.00320507	0.0097006
PMBB8447303059603	0	34.1	1162.8100000000002	2	1	-0.00472801	0.00506035	-0.0131424
PMBB8447429244292	0	67.4	4542.760000000001	1	1	0.0119355	0.00507562	-0.00334719
PMBB8447435623836	0	45.7	2088.4900000000002	1	1	-0.00571551	0.00295881	-0.0147882
PMBB8448684598878	0	57.0	3249.0	2	1	-0.00394027	-0.0126533	-0.00202019
PMBB8448763901448	0	64.6	4173.159999999999	2	1	-0.00177581	0.00104193	0.00333517
PMBB8449794881961	0	26.8	718.24	2	1	-0.00396129	0.00863102	-0.00142577
PMBB8449870749520	1	30.8	948.6400000000001	2	1	0.00179382	0.00523398	-0.00388689
PMBB8449957057875	0	40.3	1624.0899999999997	1	1	-0.00208922	-0.0158198	-0.010436
PMBB8450534387061	0	60.6	3672.36	1	3	-0.00578593	0.00269589	-0.00102432
PMBB8453417084835	0	62.4	3893.7599999999998	1	1	-0.00391948	-0.00563835	0.0045756
PMBB8455731453288	0	71.8	5155.24	1	3	0.00408927	-0.00536408	0.00376903
PMBB8455887196938	0	68.1	4637.61	2	1	0.00333073	-0.011428	0.00149898
PMBB8456397227511	0	41.7	1738.8900000000003	2	3	-0.000525562	-0.0161068	0.00981742
PMBB8458153392038	0	37.9	1436.4099999999999	2	1	-0.0088893	0.00498999	0.00589209
PMBB8458502651388	0	47.1	2218.4100000000003	2	1	0.00935828	-0.0166047	0.00814358
PMBB8463490787843	0	55.3	3058.0899999999997	2	2	0.00880175	0.00275233	0.00224478
PMBB8464202531172	0	22.0	484.0	2	1	-0.00616362	0.00400924	-0.00836877
PMBB8465905232495	0	56.4	3180.96	2	1	0.00176425	-0.00447116	4.87367e-05
PMBB8467013070059	0	72.8	5299.839999999999	1	1	-0.00816863	0.00480862	-0.00349767
PMBB8469533790033	0	56.2	3158.4400000000005	1	1	-0.00173398	0.00640706	0.0035498
PMBB8470740865566	0	32.8	1075.84	1	1	0.0210563	-0.000478362	-0.00208438
PMBB8471043851082	0	52.2	2724.84	1	1	0.00163052	-0.00707038	-0.00736266
PMBB8472549764398	0	33.0	1089.0	2	3	0.00396434	0.00996089	0.0213826
PMBB8472793584214	0	42.8	1831.8399999999997	2	1	0.00659457	0.00151378	0.00562566
PMBB8473167639097	0	39.6	1568.16	2	1	0.00815976	-0.017364	0.00886103
PMBB8473964186350	0	47.9	2294.41	1	1	0.00192181	0.0138656	-0.00476004
PMBB8474021782501	0	81.3	6609.69	1	1	-0.00840293	0.00160616	0.000568008
PMBB8474727711757	0	54.1	2926.81	1	3	0.00550186	-0.0197915	0.0137413
PMBB8475937030956	0	75.1	5640.009999999999	2	1	-0.00507137	-0.000400678	0.00300691
PMBB8476627699397	0	31.3	979.69	2	1	-0.00261289	0.0111478	0.00459048
PMBB8477988388799	0	22.5	506.25	2	1	-0.00172841	0.00895531	0.0143344
PMBB8478999597707	0	61.6	3794.5600000000004	1	3	-0.0110401	-0.00130095	-0.000262801
PMBB8479162703063	0	52.9	2798.41	1	1	-0.00690303	0.00587462	-0.00444592
PMBB8479518952222	0	56.9	3237.6099999999997	2	1	-0.00649695	0.00538002	0.0122548
PMBB8479569544698	1	30.1	906.0100000000001	1	1	0.00118121	0.00709625	-0.000869881
PMBB8480824636727	0	21.0	441.0	2	1	0.00262888	-0.0102257	-0.00924871
PMBB8481135923970	0	43.0	1849.0	2	1	0.0252571	-0.000261337	0.00551425
PMBB8481450182117	0	25.7	660.49	2	2	-0.00747959	0.00116213	-0.00707993
PMBB8481525646099	0	35.4	1253.1599999999999	2	1	-0.000633008	-0.00108849	0.0101712
PMBB8482555889781	0	76.6	5867.5599999999995	2	1	0.0012014	-0.0013898	-0.0136023
PMBB8483240406044	0	27.8	772.84	2	1	-0.00299041	-0.0176757	0.00035931
PMBB8483462789118	0	28.9	835.2099999999999	2	1	0.00241099	-0.00402851	0.00115411
PMBB8483668115040	0	78.9	6225.210000000001	1	1	0.0083158	0.0124442	-0.0199202
PMBB8484898620373	0	52.4	2745.7599999999998	2	1	-0.00055115	-0.0113619	-0.010307
PMBB8485785783620	0	20.6	424.36000000000007	2	1	-0.00542052	-0.000993364	0.0062533
PMBB8487565144831	0	69.6	4844.159999999999	2	1	-0.0085114	-0.00394324	-0.00159985
PMBB8488228758009	0	55.1	3036.01	1	2	-0.00846146	-0.00181037	-0.000638462
PMBB8490554885085	0	54.1	2926.81	2	2	-0.00801086	-0.00200776	-0.000913974
PMBB8490831936972	0	27.7	767.29	2	1	-0.00573912	0.00305726	0.00432622
PMBB8493586858984	0	35.8	1281.6399999999999	2	1	0.00113126	0.00989817	-0.00151176
PMBB8493803637230	0	41.0	1681.0	2	1	-0.0011945	-0.00459151	0.00383429
PMBB8495640968512	0	63.9	4083.21	1	3	0.0291842	-0.013379	-0.0180719
PMBB8495826412742	0	27.8	772.84	2	2	0.0136246	-0.0121615	-0.00546599
PMBB8495925433315	0	84.6	7157.159999999999	2	1	-0.00478687	0.00797312	-0.0123505
PMBB8496894466132	0	59.4	3528.3599999999997	1	2	-0.00830835	0.00390184	0.00122973
PMBB8498499734179	0	61.1	3733.21	2	1	-0.00211979	0.0085242	0.00253477
PMBB8498659684876	0	39.9	1592.01	2	1	0.000987509	-0.0168255	-0.00623445
PMBB8498694997428	0	47.5	2256.25	1	1	0.0304969	0.0093106	0.00734438
PMBB8499023888858	0	68.5	4692.25	2	1	0.00487364	-0.00656958	-0.00387098
PMBB8499319288709	0	72.2	5212.84	2	1	0.00460029	-0.00472336	0.00839478
PMBB8499630637195	0	61.1	3733.21	1	1	0.00933016	-0.0329722	0.00930971
PMBB8500096836665	0	23.8	566.44	2	1	-0.000629343	0.00548999	-0.00671722
PMBB8500715849646	1	59.0	3481.0	2	3	-0.00429565	0.00610755	-0.000583915
PMBB8500830339271	0	49.8	2480.0399999999995	2	1	0.00623348	-0.0194356	0.00814596
PMBB8502473837658	0	52.7	2777.2900000000004	2	1	0.00723658	0.000632555	0.00462984
PMBB8503321683681	0	67.6	4569.759999999999	1	1	-0.00372072	0.0101433	-0.0079406
PMBB8503791543451	0	55.9	3124.81	1	1	0.0050566	-0.0120095	-0.00456926
PMBB8504943813944	0	53.6	2872.96	1	1	-0.00589053	-0.00270672	-0.00661557
PMBB8506406864909	0	80.5	6480.25	1	3	0.00601912	-0.00664374	0.00388938
PMBB8507029563889	0	69.5	4830.25	1	3	0.00777388	-0.005588	-0.00428583
PMBB8508540896895	0	80.1	6416.009999999999	1	1	0.00132046	-0.00728175	-0.00855953
PMBB8508571952392	0	41.6	1730.5600000000002	2	1	-0.002109	0.00678001	-0.00498764
PMBB8509811151314	0	50.0	2500.0	1	1	-0.00518273	-0.0109046	0.00321809
PMBB8510903252202	0	72.7	5285.29	1	1	0.00140531	-0.0261455	-0.0110266
PMBB8511209687120	0	23.3	542.89	2	1	0.00479818	0.00226757	0.00283943
PMBB8511676322599	0	24.5	600.25	2	3	-0.00479156	-0.00250769	-0.00560391
PMBB8512104172025	0	46.4	2152.96	2	3	0.00276073	-0.00588648	0.000710522
PMBB8513218076655	0	22.7	515.29	2	3	0.0209926	0.0045162	0.00130722
PMBB8513673378472	0	47.9	2294.41	2	1	0.000814476	0.00120524	0.00707863
PMBB8514706118762	0	58.0	3364.0	2	3	-0.00523384	4.78424e-05	0.00174454
PMBB8514838415011	0	36.6	1339.5600000000002	2	1	-0.00310886	0.00710531	0.00734406
PMBB8515131427558	0	45.5	2070.25	2	1	-0.00433149	0.00748557	-0.00350041
PMBB8516212318318	0	38.6	1489.96	2	1	0.00374618	0.000470536	-0.0170225
PMBB8517258031438	0	42.4	1797.76	1	1	-0.00317037	0.00112175	0.0122445
PMBB8520256372130	0	27.8	772.84	2	1	0.00546868	0.00749708	0.00579928
PMBB8521726553578	0	35.0	1225.0	2	1	0.00173006	-0.00107936	-0.0125168
PMBB8522451480771	0	58.4	3410.56	1	1	-0.000297978	0.00437058	-0.00250321
PMBB8522854109172	0	29.6	876.1600000000001	1	1	0.000345418	0.013543	-0.0154603
PMBB8523415366265	0	65.2	4251.04	2	3	0.00134312	0.0139365	-0.00352074
PMBB8524053362960	0	71.1	5055.209999999999	1	1	-0.005803	-0.00868238	0.000420457
PMBB8525531485700	0	58.1	3375.61	2	1	-0.00985966	0.00152431	0.0093531
PMBB8525825343134	0	57.9	3352.41	2	1	-0.0034994	-0.00424201	-0.00237632
PMBB8527039531072	0	59.4	3528.3599999999997	2	1	0.00857	-0.00839868	-0.0120156
PMBB8527232234902	0	50.2	2520.0400000000004	2	2	0.00126185	0.0111685	0.00947164
PMBB8528058284131	0	55.2	3047.0400000000004	1	1	-0.0064331	0.00861295	0.00705726
PMBB8528969007952	0	63.0	3969.0	1	1	-0.00339836	0.00532518	-0.00157719
PMBB8529106745195	1	68.3	4664.889999999999	1	1	-0.0108286	0.000745753	0.00653643
PMBB8530771820766	0	63.0	3969.0	1	2	-0.00616772	-0.0013996	-0.00227308
PMBB8531133378932	0	30.0	900.0	2	1	0.0104209	-0.00192605	0.0159269
PMBB8531701181697	0	46.6	2171.56	1	2	0.0028747	0.00746598	0.00578883
PMBB8532536854969	0	31.7	1004.89	2	3	0.00104914	-0.00649146	-0.0058453
PMBB8532714554913	0	55.9	3124.81	2	1	-0.00470233	-0.000594867	0.00449106
PMBB8532748665455	1	62.9	3956.41	2	3	-0.00310392	0.00130403	-0.0102961
PMBB8533125503357	0	36.1	1303.21	2	1	-0.00382138	0.00274879	7.79733e-05
PMBB8535326640463	0	60.9	3708.81	1	2	-0.00976252	0.00204275	-0.0044463
PMBB8535787263372	0	53.0	2809.0	1	1	-0.00428469	0.00125918	-0.00160265
PMBB8535842963692	0	24.7	610.0899999999999	2	1	-0.000931846	0.0110833	0.00184168
PMBB8536621966770	0	61.3	3757.6899999999996	1	1	-0.00615787	0.000414184	-0.00537009
PMBB8536961262214	0	67.1	4502.409999999999	2	2	0.00199841	0.00507601	-0.00617601
PMBB8538680494916	0	53.6	2872.96	2	1	0.00739783	-0.00665536	-0.000789762
PMBB8539617465708	0	53.2	2830.2400000000002	2	1	-0.00266614	-0.0109213	-8.61109e-06
PMBB8540155003609	0	19.7	388.09	2	3	-0.0045752	0.00438266	0.00717579
PMBB8540565409220	0	70.0	4900.0	2	1	0.0158509	-0.0225859	0.00132074
PMBB8542020115547	0	19.0	361.0	2	2	0.000882741	-0.00722728	0.00881892
PMBB8544201249873	0	39.6	1568.16	2	2	0.0211656	-0.004531	-0.00172379
PMBB8545172713352	0	59.9	3588.0099999999998	1	1	0.00232974	0.000614357	0.00133397
PMBB8545847198706	0	44.3	1962.4899999999998	2	1	-0.00467991	0.000424728	-0.0109065
PMBB8546177069997	0	44.6	1989.16	2	1	0.000414491	0.00514107	0.00517485
PMBB8549653807301	0	75.8	5745.639999999999	2	1	0.00219046	0.00216696	-0.0125245
PMBB8549816903247	0	27.9	778.41	2	1	-0.0019366	0.0109451	0.00705937
PMBB8551746028402	0	29.3	858.49	2	1	-0.00670248	-0.0086158	-0.000808613
PMBB8552728427238	0	56.2	3158.4400000000005	2	1	-0.00480846	-0.0011652	0.00895953
PMBB8553311621171	0	30.0	900.0	2	1	-0.0125537	-0.00201112	-0.00076385
PMBB8553898301677	0	42.0	1764.0	2	1	0.00102935	0.0119267	-0.00378021
PMBB8554353153054	0	60.5	3660.25	2	1	-0.0079568	0.00184238	-0.00617346
PMBB8555734847372	0	60.7	3684.4900000000002	2	3	0.00472621	-0.0184847	0.00730717
PMBB8556314689518	0	42.2	1780.8400000000001	1	1	-0.000782696	-0.0162878	0.00505158
PMBB8557467712613	0	31.4	985.9599999999999	2	3	-0.00346411	0.00633909	0.000151389
PMBB8557475234076	0	69.9	4886.010000000001	2	1	-0.00203929	0.00952138	0.000759806
PMBB8557701007854	0	57.5	3306.25	2	1	-0.0038735	0.00680483	-0.0043033
PMBB8558664986524	0	72.8	5299.839999999999	2	1	-0.00603947	-0.00801237	-0.00216321
PMBB8559293473887	0	68.5	4692.25	1	1	-0.00676528	0.00594604	-0.00282551
PMBB8560942531139	0	33.3	1108.8899999999999	2	1	-0.0124768	-0.000354924	-0.00202614
PMBB8561282472905	0	60.8	3696.64	2	1	-0.00315135	0.0079469	0.00357654
PMBB8561726942220	0	70.2	4928.04	1	1	0.0197992	0.00312126	-0.00361929
PMBB8562070019507	0	50.7	2570.4900000000002	2	3	-0.00442751	-0.000126654	0.0137394
PMBB8562544941945	0	57.2	3271.84	1	3	0.0203648	0.0142633	0.00742536
PMBB8563279528852	0	28.4	806.56	2	3	-0.00360957	0.00471035	-0.00181025
PMBB8564248425979	0	72.2	5212.84	1	1	0.00484611	-0.00765509	0.0121672
PMBB8564432214934	0	35.3	1246.0899999999997	2	3	-0.00422361	0.00774979	-0.00395148
PMBB8565205955953	0	64.2	4121.64	2	1	-0.00565175	-0.00188483	-0.0101888
PMBB8567028582338	0	75.4	5685.160000000001	2	1	-0.00235721	-0.00543346	-0.00407633
PMBB8567375544167	0	27.5	756.25	2	1	-0.00612043	0.00477343	-0.00133256
PMBB8568261244257	0	52.0	2704.0	1	1	-0.00796924	-0.000241519	0.00449276
PMBB8568299521568	0	58.4	3410.56	1	1	-0.00282814	0.000442027	-0.00360486
PMBB8570669215978	0	72.9	5314.410000000001	1	3	-0.00801315	0.00093436	0.000347382
PMBB8571416812830	0	37.6	1413.7600000000002	2	2	-0.000998174	-0.00560169	0.00338895
PMBB8572748078366	0	38.1	1451.6100000000001	2	1	-0.00124096	0.0062139	0.00240543
PMBB8572774819838	0	66.1	4369.209999999999	2	1	-0.00833979	-1.2116e-05	-0.0110138
PMBB8573159679017	0	48.8	2381.4399999999996	2	1	0.00202543	0.00405284	0.0129772
PMBB8573317939527	1	65.4	4277.160000000001	1	1	-0.0076045	-0.000946862	0.000163461
PMBB8575716780773	0	67.8	4596.839999999999	2	3	-0.00269131	-0.0107635	0.00388179
PMBB8575999649212	0	59.0	3481.0	1	3	0.00142388	-0.00310917	-0.000891422
PMBB8577877445732	0	33.9	1149.2099999999998	2	3	-0.0122774	-0.00193773	-0.00101315
PMBB8579155925379	0	63.1	3981.61	1	1	-0.006265	-0.00479058	-0.00146351
PMBB8579432061595	0	28.1	789.6100000000001	2	1	-0.00473897	0.00907095	-0.0138952
PMBB8580273218616	0	55.7	3102.4900000000002	1	1	-0.00730696	0.00219167	-0.00694921
PMBB8582027533035	0	42.6	1814.7600000000002	1	3	0.014016	-0.00774958	0.00301103
PMBB8582618403751	0	57.6	3317.76	1	1	0.00369951	-0.000906568	-0.0120104
PMBB8582806209517	0	81.1	6577.209999999999	2	1	0.0018523	-0.00618454	0.0073788
PMBB8583205179116	0	70.8	5012.639999999999	1	1	0.0119132	0.0153259	-0.00594301
PMBB8583220167061	0	28.8	829.44	2	1	-0.00622974	0.00784183	0.00338231
PMBB8588915694256	0	37.3	1391.2899999999997	2	3	-0.00439349	-0.000342792	-0.00694269
PMBB8590843928887	0	29.3	858.49	2	3	-0.00453148	-0.0139886	-0.00353299
PMBB8591035370014	0	30.2	912.04	2	1	-0.00469437	-0.0155945	0.00957452
PMBB8592910132328	0	42.0	1764.0	2	3	0.00104212	-0.00491773	0.00163396
PMBB8593200430667	1	67.2	4515.84	1	1	-0.00438496	0.000339454	-0.00120742
PMBB8593683334636	0	37.7	1421.2900000000002	2	3	-0.000438798	-0.00673249	0.0262489
PMBB8594389385932	0	59.5	3540.25	2	1	-0.00223926	-0.016315	-0.000585665
PMBB8595322450383	0	57.3	3283.2899999999995	2	1	-0.00749661	0.00131198	-0.00259069
PMBB8595881437762	0	56.6	3203.56	1	1	-0.00643899	0.0052162	-0.00539475
PMBB8596167692548	0	74.2	5505.64	2	1	-0.00545262	-0.00231168	0.000798918
PMBB8597961880567	0	42.7	1823.2900000000002	2	1	-0.000759222	0.00293286	0.00907142
PMBB8598945180452	0	25.0	625.0	2	1	0.0062815	-0.00135135	0.00258543
PMBB8601465746806	0	81.2	6593.4400000000005	1	1	-0.00265691	-0.00550041	-0.00558598
PMBB8602889066191	1	74.0	5476.0	2	1	-0.00030942	0.016632	-0.00674669
PMBB8603322194953	0	23.5	552.25	2	1	-0.00456866	0.00348146	0.0056237
PMBB8604313121993	0	56.2	3158.4400000000005	1	1	-0.00638392	0.00339505	-0.0104827
PMBB8606051921430	0	54.8	3003.0399999999995	2	1	-0.00647965	0.0072306	-0.00896801
PMBB8607257221496	0	61.4	3769.96	2	1	-0.0048551	-0.00744635	-0.0125777
PMBB8607707630587	0	41.6	1730.5600000000002	2	3	0.0156072	0.020265	0.00273334
PMBB8608436329205	0	57.5	3306.25	1	1	-0.00319038	0.00260826	-0.00412857
PMBB8610541053913	0	47.4	2246.7599999999998	1	1	0.00359363	0.00874164	-0.00371628
PMBB8610641732295	0	58.7	3445.6900000000005	2	1	-0.00279958	-0.00673938	-0.00677137
PMBB8611064411532	0	33.8	1142.4399999999998	2	1	-0.00645877	-0.00469387	0.00102055
PMBB8612989701663	0	55.1	3036.01	2	1	-0.0070196	-0.00783195	0.00446745
PMBB8613804861417	0	42.8	1831.8399999999997	2	1	0.00223277	-0.00595708	-0.00876602
PMBB8614033643658	0	45.0	2025.0	2	1	0.0156964	0.00799025	0.00606405
PMBB8614193941484	0	54.2	2937.6400000000003	2	3	-0.00837799	0.00144676	0.0116806
PMBB8614196554128	0	65.1	4238.009999999999	1	1	-0.00569194	-0.0108529	0.0043378
PMBB8614369789877	0	78.1	6099.609999999999	1	3	-0.00607602	0.00258554	-0.00143557
PMBB8614463984938	0	24.8	615.0400000000001	2	1	-0.0014247	-0.0262169	-0.0183613
PMBB8615377248362	1	81.5	6642.25	1	1	-0.00285043	0.00895593	0.00213279
PMBB8615691654030	0	58.3	3398.89	2	1	-0.00358961	0.000444305	-0.00147532
PMBB8616855406132	0	51.3	2631.6899999999996	2	2	0.00313791	-0.012187	-0.00268984
PMBB8616883191260	0	23.0	529.0	2	1	-0.00267967	-0.00178185	-0.00804487
PMBB8616989823748	0	23.0	529.0	2	1	-0.00303072	-0.000494484	-0.0121893
PMBB8618029642232	0	69.8	4872.04	2	1	-0.00708931	0.00550199	-0.00644175
PMBB8619632302648	0	27.9	778.41	1	1	0.0056697	-0.00904063	0.00946742
PMBB8620346188190	0	61.9	3831.6099999999997	1	3	-0.00321506	0.00911856	0.0133599
PMBB8621107234413	0	60.2	3624.0400000000004	2	2	0.0084659	-0.0101943	0.00359704
PMBB8621782486410	0	54.0	2916.0	1	1	-0.00545565	-0.00172373	-0.0134565
PMBB8622133002912	0	57.6	3317.76	2	1	-0.00596676	0.00916597	0.00858016
PMBB8623267540850	0	60.8	3696.64	1	1	0.00703923	0.0107077	0.0100949
PMBB8624848646880	0	64.2	4121.64	1	1	-0.00138952	0.00512301	0.00584272
PMBB8625313210324	0	65.1	4238.009999999999	2	1	-0.00593739	0.00398801	0.00393435
PMBB8625905553612	0	23.1	533.61	2	1	-0.0003137	0.00829328	0.00369474
PMBB8626725758525	0	43.5	1892.25	1	1	-0.00304879	-0.0021685	-0.0112815
PMBB8628574033275	0	56.5	3192.25	2	1	-0.00350211	-0.00268295	0.00258437
PMBB8629216223233	0	36.2	1310.4400000000003	2	3	0.000239747	-0.0127697	0.000650009
PMBB8629478468226	0	69.5	4830.25	1	1	-0.00636967	-0.00902749	0.00107228
PMBB8630608210910	0	52.1	2714.4100000000003	2	1	0.00751481	0.0119088	0.00792691
PMBB8631705623631	0	45.2	2043.0400000000002	2	1	-0.00493856	-0.0165355	-0.00175872
PMBB8632632055436	0	51.2	2621.4400000000005	2	1	-0.00415929	0.00525942	0.00306787
PMBB8632826222234	0	48.9	2391.21	1	1	-0.000757885	0.00357316	-0.0211108
PMBB8633901770403	0	73.3	5372.889999999999	1	1	-0.00707655	0.00405761	-0.0166189
PMBB8640000271932	0	37.2	1383.8400000000001	1	2	-0.00388023	0.00433843	0.0117906
PMBB8641196387645	0	43.5	1892.25	2	1	0.0186482	0.0134768	-0.0101695
PMBB8641264162545	0	53.4	2851.56	2	1	0.0202467	0.00927857	-0.00609755
PMBB8642069099719	0	51.4	2641.96	2	1	-0.0028766	-0.00555055	0.00601542
PMBB8642535150608	0	75.1	5640.009999999999	1	1	0.000528187	-0.0198971	-0.00156489
PMBB8643480896309	0	49.0	2401.0	1	1	-0.0021935	-0.00117496	-0.0060029
PMBB8643765431948	0	32.9	1082.4099999999999	2	3	0.00209498	-0.00350657	-0.000892949
PMBB8643993057451	0	41.3	1705.6899999999998	2	1	-0.00519438	-0.00638587	0.0083204
PMBB8644050625388	0	42.9	1840.4099999999999	1	1	0.00536621	0.0167812	-0.00218583
PMBB8644176074579	0	56.0	3136.0	1	3	-0.00409214	-0.00547395	0.00254575
PMBB8644367169607	0	50.2	2520.0400000000004	2	1	-0.00262486	0.00795489	9.83952e-05
PMBB8646423326211	0	54.4	2959.3599999999997	2	1	-0.00477189	-0.000435798	0.00521431
PMBB8646792654141	0	46.4	2152.96	1	1	-0.00724408	0.00700352	0.0126998
PMBB8648257830990	0	66.6	4435.5599999999995	2	3	-0.00789389	-0.00162251	0.00228136
PMBB8649499989633	0	28.2	795.24	2	3	-0.00010184	-0.000720669	0.0123872
PMBB8649600643314	0	52.1	2714.4100000000003	2	1	0.000120408	0.00804615	-0.000876139
PMBB8650151772432	0	37.7	1421.2900000000002	1	1	0.00264854	0.00920712	-0.0119701
PMBB8651817172133	0	59.6	3552.1600000000003	1	1	-0.00257828	0.00225381	-0.00302819
PMBB8652300020580	0	28.1	789.6100000000001	2	1	0.0267033	-0.00398874	-0.00828893
PMBB8654812607075	0	39.5	1560.25	2	1	0.00226365	0.0160707	-0.00702271
PMBB8656158798934	1	77.5	6006.25	2	1	-0.00157347	-0.0111386	0.00872201
PMBB8657198845136	0	41.3	1705.6899999999998	2	1	0.029036	-0.0079596	0.000185867
PMBB8657251241534	0	40.0	1600.0	1	3	0.00193227	0.00966628	-0.00385255
PMBB8660318542276	0	31.7	1004.89	2	1	-0.0118405	-0.000514599	-0.00122988
PMBB8660700491427	0	59.4	3528.3599999999997	1	3	-0.00123595	0.00796059	-0.000869375
PMBB8660937947022	0	34.4	1183.36	2	1	-0.00866718	0.00608007	0.000466456
PMBB8661275712156	0	52.9	2798.41	1	1	-0.0114669	-0.00173338	0.000304338
PMBB8661662043336	0	24.0	576.0	2	1	-0.00368212	0.00572293	0.00323958
PMBB8662009803191	0	18.3	334.89000000000004	1	1	-0.00433449	-0.0103961	0.00216017
PMBB8663180969786	0	48.2	2323.2400000000002	2	1	0.000933289	0.00413747	-0.000548859
PMBB8663895272729	0	64.8	4199.04	1	3	-0.00124204	-0.00150616	0.00211234
PMBB8665317892452	0	60.9	3708.81	1	1	-0.00662931	0.000817046	0.00933579
PMBB8666421273950	0	28.9	835.2099999999999	2	3	-0.00123467	-0.00450902	0.00955018
PMBB8667114900330	0	67.0	4489.0	2	1	-0.00775043	0.00593933	-0.00743114
PMBB8667510459058	0	26.5	702.25	2	1	0.0017066	-0.000858146	0.00534645
PMBB8667516018559	0	45.8	2097.64	2	1	-0.0101738	-0.000344923	-0.0104422
PMBB8669523129922	0	49.4	2440.3599999999997	1	1	0.00063779	0.000479455	0.00517859
PMBB8670932115372	0	61.6	3794.5600000000004	2	1	-0.00695435	0.00313019	-0.00186481
PMBB8672318499694	0	68.5	4692.25	1	1	0.0222068	-0.020698	0.00460102
PMBB8672515829255	0	63.7	4057.6900000000005	1	1	-0.00736736	0.00307544	-0.0128309
PMBB8673806180365	0	66.9	4475.610000000001	2	3	-0.00471325	-0.00807205	0.00352301
PMBB8673927613316	0	28.6	817.96	2	1	0.000237777	0.00285493	0.00307154
PMBB8675484451901	0	58.2	3387.2400000000002	1	3	-0.0129226	-0.000211948	0.000673985
PMBB8678577676209	0	32.0	1024.0	2	1	0.00130805	0.0104523	-0.00236659
PMBB8678653532335	0	38.0	1444.0	2	1	-0.00426005	0.00379169	0.0117454
PMBB8682145230238	0	33.2	1102.2400000000002	2	2	0.00164169	0.00202612	-0.0120732
PMBB8682205811471	0	46.8	2190.24	2	1	-0.00581063	-0.015219	-0.000651546
PMBB8682799202832	0	80.0	6400.0	2	1	-0.00344527	-0.00288909	-0.0191896
PMBB8683580077543	0	55.8	3113.64	2	1	-0.00715246	0.00250096	-0.00715729
PMBB8684139522870	0	64.9	4212.010000000001	2	1	0.00764136	-0.00548222	-0.00177819
PMBB8686127311177	0	21.1	445.21000000000004	1	3	-8.2604e-05	-0.00141105	-0.00519729
PMBB8686632544677	0	58.7	3445.6900000000005	1	1	-0.00516245	0.00783467	-0.0130031
PMBB8687357426354	1	63.1	3981.61	2	3	-0.00824473	-0.000658493	-0.00156797
PMBB8687751162173	0	23.0	529.0	1	1	-0.00205442	0.000990172	0.00370156
PMBB8690158830724	0	72.2	5212.84	2	1	-0.00493486	0.0092215	-0.00172469
PMBB8690399957372	0	46.1	2125.21	2	1	0.00966595	-0.00310715	0.00803348
PMBB8690854147962	0	63.0	3969.0	1	1	-0.00470614	-0.000285782	0.00728261
PMBB8691221830157	0	33.4	1115.56	1	3	0.00181275	0.00281874	0.00108551
PMBB8691434372244	0	31.0	961.0	2	1	-0.00331584	0.0072119	0.0169353
PMBB8693203636520	0	76.7	5882.89	1	1	0.0148314	-0.0100638	-0.00509036
PMBB8697465026649	0	57.1	3260.4100000000003	1	1	-0.00816233	0.00182636	0.00240855
PMBB8697504801486	0	82.8	6855.839999999999	2	3	-0.0122395	0.000234271	-0.000496436
PMBB8700015170254	0	63.2	3994.2400000000002	2	1	-0.0004985	-0.0166539	0.00583667
PMBB8700489610757	0	54.1	2926.81	1	1	-0.00491682	0.00485268	-0.00904144
PMBB8701843309696	0	30.3	918.09	2	1	0.010289	0.00166341	-0.0022915
PMBB8702707002940	1	66.0	4356.0	2	1	-0.00816621	0.00190739	0.00170558
PMBB8702834236955	0	29.7	882.0899999999999	1	1	0.00907157	-0.00683938	-0.00585324
PMBB8703362058435	0	55.6	3091.36	2	1	-0.00105208	0.0103113	-0.00678453
PMBB8703379948075	0	69.7	4858.09	1	1	0.000277496	0.00474219	-0.00521338
PMBB8703634684638	0	77.0	5929.0	2	1	0.00543212	-0.0124942	-0.0118055
PMBB8703907460026	0	79.3	6288.49	1	3	0.0219046	-0.00191268	-0.00671259
PMBB8704158810069	0	56.0	3136.0	1	1	-0.00742713	0.00450999	-0.00150035
PMBB8704716172733	0	53.5	2862.25	1	1	-0.0064373	0.00318965	-0.000744108
PMBB8706768028676	0	63.4	4019.56	1	1	0.00112137	0.0102472	0.0101174
PMBB8706992387125	0	64.7	4186.09	2	2	0.00724146	-0.0069012	0.00630826
PMBB8707542098897	0	77.2	5959.84	2	1	-0.00821732	-0.0131271	0.000360794
PMBB8708230186749	0	53.3	2840.89	2	1	0.0012201	-0.00882506	0.0146074
PMBB8708920454520	0	54.7	2992.09	2	1	-0.00592706	0.00544187	0.00240867
PMBB8710912371440	0	76.7	5882.89	1	3	-0.00350328	0.000848114	-0.0107337
PMBB8711111571595	0	56.3	3169.6899999999996	1	1	-0.00659419	0.00121868	0.0132433
PMBB8711776821174	0	70.7	4998.490000000001	2	1	-0.00800996	0.00240363	0.00267979
PMBB8711807929457	0	27.0	729.0	2	3	-0.00526943	-0.00834623	0.000939691
PMBB8713098742602	0	67.0	4489.0	2	1	0.00272092	-0.0129577	0.00864456
PMBB8714478705655	0	63.3	4006.8899999999994	1	2	0.00356578	0.00170738	-0.000911483
PMBB8715736306630	0	31.1	967.21	2	1	-0.00148358	0.00616669	0.00197549
PMBB8719244122259	0	36.5	1332.25	1	1	-0.00231956	0.00589327	0.0124557
PMBB8720099304103	0	28.4	806.56	2	3	-0.0022544	0.00133957	-0.000518897
PMBB8720452879030	0	27.0	729.0	2	1	0.00426713	0.00634923	0.00401351
PMBB8720909781479	0	76.8	5898.24	1	1	0.00646285	-0.0159831	0.00359863
PMBB8722115391623	0	28.8	829.44	2	1	0.0106561	-0.00626222	0.00418855
PMBB8722827282488	0	45.1	2034.0100000000002	2	2	0.0138064	0.012002	-0.0150856
PMBB8723193686096	0	50.2	2520.0400000000004	1	1	-0.00677972	0.00250137	-0.00046531
PMBB8723313294976	0	30.7	942.49	1	1	0.00618676	-0.000871568	0.00279275
PMBB8723834274868	0	36.3	1317.6899999999998	1	1	-0.0073737	0.00130256	0.00119373
PMBB8724070259890	0	37.4	1398.76	2	3	0.0154667	-0.00805455	0.00354069
PMBB8725491268480	0	45.6	2079.36	1	1	-0.000345499	0.000959156	-0.00186809
PMBB8727902639166	0	63.2	3994.2400000000002	1	1	-0.00256596	0.00921203	0.0162157
PMBB8728629708385	0	65.4	4277.160000000001	1	1	0.0090125	0.00352359	0.00260819
PMBB8730083414195	0	25.9	670.81	2	1	-0.00305776	0.0127163	0.0103171
PMBB8730822383363	1	71.3	5083.69	2	1	-0.0082368	-0.0193786	-0.00377278
PMBB8731034435633	0	38.2	1459.2400000000002	1	1	-0.00105922	0.000864528	-0.00177051
PMBB8732225967067	0	60.7	3684.4900000000002	2	1	-0.000413577	-0.00295957	-0.00397351
PMBB8733470477463	0	54.2	2937.6400000000003	2	2	-0.0102755	-0.000664631	-0.00483163
PMBB8734741749116	1	48.2	2323.2400000000002	1	1	-0.000339887	0.000244251	0.00170025
PMBB8735110398054	0	57.7	3329.2900000000004	2	1	-0.00174127	-0.00367921	0.0180413
PMBB8735386663199	0	39.6	1568.16	1	3	0.00105331	0.0038251	-0.00333305
PMBB8735486282496	0	24.3	590.49	1	1	-0.00570024	0.00646208	0.00326718
PMBB8735600757502	0	30.2	912.04	2	1	-0.00410811	1.64914e-06	-0.00458146
PMBB8736795201184	0	53.1	2819.61	2	1	-0.0130062	-0.00154517	-0.00141348
PMBB8736942193405	0	63.9	4083.21	1	1	-0.00199317	0.0078694	-0.00631911
PMBB8737213010996	0	31.1	967.21	2	1	-0.000401785	0.00061458	0.00258269
PMBB8740148171441	0	46.1	2125.21	2	1	-0.00455	-0.0025927	0.00754566
PMBB8740954933596	0	31.7	1004.89	1	1	-0.00430056	-0.0086851	0.00311415
PMBB8741112133589	0	45.4	2061.16	1	1	0.0204723	0.00882773	0.0082569
PMBB8741797030777	0	71.0	5041.0	1	1	-0.00255931	-0.00981811	0.00282458
PMBB8744496973478	0	63.7	4057.6900000000005	2	1	-0.000527637	0.0108842	0.00408917
PMBB8744855576983	0	57.9	3352.41	2	2	-0.00419644	-0.00135152	-0.000731221
PMBB8745464130112	0	85.8	7361.639999999999	1	3	0.00852478	0.00580796	0.00117213
PMBB8745988729113	0	65.7	4316.490000000001	2	1	0.0121799	0.0114762	-0.0177792
PMBB8748032488444	0	38.9	1513.2099999999998	2	1	-0.00237151	0.00827229	-0.00654742
PMBB8748289790125	0	77.2	5959.84	2	1	-0.000957331	-0.00633325	0.00672168
PMBB8750069679338	0	35.3	1246.0899999999997	2	1	0.0102643	-0.000966305	0.0160874
PMBB8750272368228	0	50.7	2570.4900000000002	2	1	-0.00472635	0.00575072	-0.00156604
PMBB8751150603858	0	50.1	2510.01	2	1	-9.36032e-05	0.00325973	-0.00657295
PMBB8751489571386	0	65.4	4277.160000000001	2	2	-0.00018211	0.0109728	-0.00873473
PMBB8753771017690	0	19.5	380.25	2	3	-0.0103442	0.00105981	0.00242917
PMBB8754087400826	0	61.1	3733.21	1	3	-0.00432293	-0.00368784	-0.00435138
PMBB8756789768114	0	40.7	1656.4900000000002	1	1	0.0119795	0.00104656	-0.0122457
PMBB8756874375363	0	46.3	2143.6899999999996	2	1	-0.00152917	-0.00148104	-0.00933008
PMBB8757476523607	0	40.2	1616.0400000000002	1	1	-0.00426589	0.00618753	-0.00939883
PMBB8757722985954	0	60.2	3624.0400000000004	1	3	0.000699727	0.00540778	0.0175699
PMBB8758551872355	0	56.6	3203.56	1	1	-0.00868436	0.000365686	0.00109989
PMBB8758652294031	0	51.2	2621.4400000000005	1	1	0.00533573	0.00381622	0.00251041
PMBB8759062338129	0	66.7	4448.89	2	1	0.00566198	-0.0109038	0.00504158
PMBB8760806560271	0	56.7	3214.8900000000003	2	1	0.00574591	-0.00857388	0.00977226
PMBB8761186185523	0	55.9	3124.81	2	2	0.0013066	0.00544898	0.00966163
PMBB8761969683799	0	65.7	4316.490000000001	1	3	-0.00311029	0.000195474	-0.0111411
PMBB8762217192837	0	25.3	640.09	2	3	-0.0122562	-0.000407948	0.00141259
PMBB8762892900435	0	30.3	918.09	1	1	0.00205144	0.00776754	-0.00508603
PMBB8764027107313	0	72.1	5198.409999999999	2	1	-0.00299129	0.00823367	0.00335964
PMBB8764536284691	0	55.7	3102.4900000000002	2	1	-0.00890482	0.00397118	-0.000769897
PMBB8764969081756	0	87.8	7708.839999999999	2	2	-0.00241282	-0.00464361	-0.00175846
PMBB8765513191729	0	37.9	1436.4099999999999	2	1	0.0061244	0.0134629	-0.000227187
PMBB8765545190953	0	59.6	3552.1600000000003	1	1	-0.00468648	-0.0143234	0.00133112
PMBB8766660843698	0	35.1	1232.01	2	1	-0.000898904	3.44225e-05	0.0148411
PMBB8766929057036	0	61.3	3757.6899999999996	2	1	0.000567059	-0.00217379	-0.00973494
PMBB8768737049427	0	73.4	5387.56	1	1	0.004991	-0.000816246	0.0141189
PMBB8771696194539	0	52.7	2777.2900000000004	2	1	-0.00271364	0.01181	0.00828464
PMBB8771968671466	0	51.5	2652.25	1	2	-0.00666098	-0.00591496	-0.00594436
PMBB8775013303961	0	30.8	948.6400000000001	2	1	-0.000718798	-0.00765268	-0.00122254
PMBB8775094778056	0	65.0	4225.0	1	1	-0.00644254	0.000455893	0.00309669
PMBB8775920582183	0	59.3	3516.49	2	1	0.00208928	-0.0107738	-0.000809127
PMBB8776133670508	0	71.6	5126.5599999999995	2	1	0.00105101	0.00619695	-0.018745
PMBB8776291361257	0	66.0	4356.0	2	1	-0.0128044	-0.000819847	-0.000465878
PMBB8776669104730	0	81.7	6674.89	1	1	-0.00475252	-0.00403274	0.00930482
PMBB8777345491294	0	45.9	2106.81	2	2	-0.0038139	-0.00260184	0.00522586
PMBB8777553182285	0	37.2	1383.8400000000001	2	1	-0.00419908	-0.00496015	0.000292815
PMBB8777932775869	0	66.1	4369.209999999999	2	1	-0.00118864	-0.00588111	-0.00622368
PMBB8778265680529	0	31.9	1017.6099999999999	2	1	-0.00625861	-0.00599744	-0.0017888
PMBB8778323627326	0	71.6	5126.5599999999995	1	1	0.00047006	0.00819809	-0.00870914
PMBB8779362009579	0	39.6	1568.16	1	1	0.00875073	-0.0160405	-0.0103685
PMBB8779393716110	0	49.4	2440.3599999999997	2	1	0.00509911	0.0022988	0.0100541
PMBB8779837537102	0	35.1	1232.01	2	3	-0.011498	-0.000126321	-0.00137258
PMBB8779840201081	0	28.5	812.25	2	1	-0.00938354	-0.00245666	-0.00106781
PMBB8780636105872	0	81.7	6674.89	2	3	0.011205	0.00271536	-0.0058744
PMBB8781035681925	0	47.5	2256.25	2	2	-0.00515147	0.00293665	0.0050972
PMBB8782315573694	0	62.4	3893.7599999999998	2	1	-0.0053748	-0.000161957	-0.00590207
PMBB8783204472987	0	23.0	529.0	2	3	0.0261931	-0.00136836	-0.0111676
PMBB8784297548067	1	61.9	3831.6099999999997	1	1	-0.00862537	0.00330691	0.013826
PMBB8784524011309	0	58.9	3469.21	2	1	0.000211373	0.0118327	0.0128785
PMBB8784571235830	0	34.2	1169.64	1	1	-0.000612007	-0.00962125	-0.00272544
PMBB8784679482244	0	36.4	1324.9599999999998	2	3	0.0033787	0.00587151	-0.00863871
PMBB8786234224562	0	60.0	3600.0	2	1	-0.00277724	4.63673e-05	0.00138288
PMBB8787871984224	0	62.2	3868.84	2	1	0.0198117	0.0061083	4.32385e-05
PMBB8788243214717	0	58.8	3457.4399999999996	1	3	-0.00782127	-0.000539887	0.00495342
PMBB8788492582700	0	49.9	2490.0099999999998	2	1	-0.00648184	0.00603127	0.0142706
PMBB8788798670187	0	24.2	585.64	1	1	-0.00242934	0.0123167	-0.00282985
PMBB8791201135652	0	30.4	924.16	2	1	0.00157801	0.011543	0.0196226
PMBB8792889609216	0	24.6	605.1600000000001	2	1	-0.00360936	0.00572552	-0.00761557
PMBB8795033486502	0	69.9	4886.010000000001	1	1	-0.00398734	-0.0152071	0.00501836
PMBB8795144576244	0	58.6	3433.96	2	1	-0.000759954	-0.00300019	-0.00722069
PMBB8795267609555	0	68.6	4705.959999999999	2	1	0.0226208	0.00399832	0.0055397
PMBB8797341860114	0	37.4	1398.76	2	3	-0.00496599	0.00605756	-0.00215281
PMBB8797899258209	0	54.9	3014.0099999999998	2	1	0.00369559	-0.00124578	-5.4563e-05
PMBB8798252057986	0	63.6	4044.96	2	1	-0.00438868	0.00518588	0.0240409
PMBB8799741913087	0	41.5	1722.25	2	1	-0.000994056	0.0033217	0.00275092
PMBB8801083231809	0	38.7	1497.6900000000003	2	1	-0.00859175	0.00307318	-0.000314259
PMBB8801353343396	0	33.3	1108.8899999999999	2	1	0.022066	0.00197343	0.00994674
PMBB8802194125845	0	23.8	566.44	2	3	-0.00166001	-0.000775843	-0.00454355
PMBB8804525827860	0	38.8	1505.4399999999998	2	1	0.000917237	0.00661935	0.00392468
PMBB8806072562530	0	60.8	3696.64	1	1	0.0121059	-0.0245539	-0.0017333
PMBB8807125770764	1	67.6	4569.759999999999	1	1	0.0032253	-0.00590458	0.0177566
PMBB8807483250812	0	65.1	4238.009999999999	2	3	0.00201279	0.00829827	-0.0147366
PMBB8808050000890	0	25.8	665.64	1	1	0.00568507	-0.00125156	0.00467301
PMBB8809141943893	0	63.4	4019.56	1	1	0.00944537	-0.00706815	-0.00646906
PMBB8811762571786	0	43.0	1849.0	2	1	-0.00431611	-0.0121206	0.0117176
PMBB8812653531521	0	36.5	1332.25	2	1	-0.00323241	0.000245709	0.00327218
PMBB8812690728040	0	53.5	2862.25	1	3	-0.00737038	0.000218065	0.0089908
PMBB8812745279382	0	34.6	1197.16	1	1	0.0190405	0.00462311	0.00322546
PMBB8815458653057	0	31.6	998.5600000000001	2	2	-0.0131743	0.00109029	-0.00134173
PMBB8816623416444	0	60.9	3708.81	1	3	0.00487321	0.00931196	-0.00176362
PMBB8816646407396	0	63.9	4083.21	2	1	-0.00953761	-0.00896246	-0.0129305
PMBB8817021163222	0	63.7	4057.6900000000005	1	1	-0.0102284	-0.00667406	-0.00114196
PMBB8818006192412	1	70.9	5026.81	1	1	0.0037921	-0.00469041	0.00919391
PMBB8818304570840	0	29.8	888.0400000000001	2	1	0.0251447	0.00441638	0.0102087
PMBB8818315595941	0	55.3	3058.0899999999997	2	1	-0.000571952	-0.00796475	-0.0167503
PMBB8818337708349	1	78.1	6099.609999999999	1	3	0.00624947	0.00659097	0.00195296
PMBB8819736777571	0	55.9	3124.81	1	2	-0.010537	-0.000150401	0.00353226
PMBB8820072167560	1	72.8	5299.839999999999	2	1	-0.0048202	0.00518888	-0.00787039
PMBB8820401409812	0	20.4	416.15999999999997	1	1	-0.000192628	0.000269656	-0.00837332
PMBB8821638785945	1	48.0	2304.0	1	3	-0.00277951	-0.0159433	-0.000142123
PMBB8822571040515	0	38.9	1513.2099999999998	2	1	-0.00222532	0.00702875	-0.0224991
PMBB8822584731373	0	56.2	3158.4400000000005	2	1	-0.00615409	0.00361489	0.00458498
PMBB8822651758402	0	45.6	2079.36	2	1	-0.0126798	0.000167118	-0.000680004
PMBB8823495851595	0	31.6	998.5600000000001	1	1	0.00419915	0.0124269	0.0149275
PMBB8824354723203	0	65.6	4303.36	2	1	0.00100491	-0.00163089	0.0063434
PMBB8824981978098	0	51.6	2662.56	2	1	-0.00477185	-0.0227583	-0.000272585
PMBB8826305595133	0	57.5	3306.25	1	1	-0.00295011	0.00431058	0.00784696
PMBB8826415415968	0	63.7	4057.6900000000005	2	1	-0.00219596	0.00676677	0.00342037
PMBB8826465329294	0	74.1	5490.8099999999995	2	1	-0.0106463	-0.00374739	-0.000557021
PMBB8826695133119	0	67.7	4583.29	2	1	0.0071103	-0.00509942	0.00347272
PMBB8827533846838	0	61.2	3745.4400000000005	1	1	-0.00772482	0.00453554	-0.00938715
PMBB8827787165919	0	23.3	542.89	2	1	-0.00635906	0.00288552	0.00126687
PMBB8827938448787	0	29.5	870.25	2	3	0.00311079	-0.00450346	0.00972607
PMBB8828875871681	0	70.3	4942.089999999999	1	1	-0.0121384	0.00119239	0.00213412
PMBB8828983695771	0	90.0	8100.0	1	1	-0.0054151	0.00106554	-0.000734962
PMBB8832031750096	0	60.2	3624.0400000000004	1	2	-0.00295039	-0.00621688	0.00219752
PMBB8833173709178	0	72.3	5227.29	1	1	-0.00568029	-0.00310399	0.00232452
PMBB8835827930461	1	43.8	1918.4399999999998	1	1	0.0219161	0.000491031	0.00535119
PMBB8836263977280	0	29.7	882.0899999999999	2	3	-0.00240184	0.00230112	-0.00756472
PMBB8839356289942	0	32.4	1049.76	2	1	0.00929262	0.012184	-0.015492
PMBB8839698589394	0	35.8	1281.6399999999999	1	1	-0.00135486	-0.00158805	0.0105247
PMBB8839975953649	0	73.4	5387.56	1	1	-0.00149541	-0.00134387	0.00136467
PMBB8841313077473	0	21.2	449.44	1	1	-0.0040739	0.0138292	-0.0287409
PMBB8841391204059	0	63.6	4044.96	2	1	0.00343815	0.00454645	0.0054247
PMBB8841419990690	0	51.2	2621.4400000000005	2	1	0.00945849	-0.0144587	-0.00268899
PMBB8842724574069	0	53.2	2830.2400000000002	2	3	-0.00425124	0.00754732	-0.0147391
PMBB8843277709026	0	48.1	2313.61	2	1	0.000838528	0.0109676	-0.00734797
PMBB8844258225698	1	63.8	4070.4399999999996	1	1	-0.00178584	0.00530767	0.00753432
PMBB8845003256194	0	35.7	1274.4900000000002	2	3	-0.00460158	0.00394321	0.00962411
PMBB8846468120765	0	20.8	432.64000000000004	2	1	-0.00695282	0.00239124	0.00168107
PMBB8848415472546	0	46.6	2171.56	2	1	-0.000663358	0.00581937	-0.0073807
PMBB8848563773173	0	26.8	718.24	2	3	-0.00480024	-0.00889641	0.00873342
PMBB8848896690373	0	70.0	4900.0	2	3	-0.0101646	0.00342927	0.00127085
PMBB8849035367809	0	28.7	823.6899999999999	2	1	0.00377908	0.00437825	-0.00101444
PMBB8849050455285	1	73.9	5461.210000000001	2	3	0.0122041	-0.0165983	0.00274677
PMBB8849395132082	0	54.4	2959.3599999999997	2	3	-0.00508685	0.00384378	-0.0176632
PMBB8851427222372	0	56.1	3147.21	2	1	-0.00972763	-0.00271443	0.00353566
PMBB8852549171970	0	19.2	368.64	2	3	-0.000504326	0.00186641	-0.00411305
PMBB8854845886241	0	56.7	3214.8900000000003	2	1	0.00402169	0.00206395	0.00493496
PMBB8856437596494	0	63.4	4019.56	1	1	-0.00366387	-0.0179332	-0.00405329
PMBB8858060743065	0	63.5	4032.25	2	1	-0.0100903	-0.00636119	0.00180676
PMBB8858345813691	0	22.7	515.29	2	3	-0.00345547	0.00661097	0.00943196
PMBB8858555044161	1	81.3	6609.69	1	3	0.00996722	0.00958371	-0.00936933
PMBB8859027489133	0	50.9	2590.81	1	1	-0.00292104	-0.00763476	-0.000782617
PMBB8859547218624	0	28.3	800.89	2	1	-0.00326271	0.00955625	-0.00270411
PMBB8859547872475	0	65.9	4342.81	2	1	-0.000635095	0.00382293	0.00155175
PMBB8859654717362	0	49.9	2490.0099999999998	2	3	0.0237178	0.00239106	-0.0130782
PMBB8859710910089	0	30.8	948.6400000000001	2	1	-0.00301186	-0.0072804	-0.00185663
PMBB8859904839783	0	48.6	2361.96	2	1	0.00315148	-0.00835605	0.00650056
PMBB8860763199678	0	19.9	396.00999999999993	2	1	-0.00274528	-0.00698911	-0.00269439
PMBB8860926300460	0	66.3	4395.69	1	3	0.000572487	0.0132453	-0.000537898
PMBB8861207158006	0	35.2	1239.0400000000002	2	2	-0.000815443	-0.0161455	0.000341741
PMBB8861238291543	0	27.3	745.2900000000001	2	3	-0.0019207	-0.00560249	-0.00301691
PMBB8861591627890	0	62.8	3943.8399999999997	2	1	-0.003235	0.00448727	-0.00508572
PMBB8862479950861	0	56.3	3169.6899999999996	1	1	0.000380931	0.0114341	0.0145656
PMBB8864822737590	0	51.9	2693.6099999999997	2	1	-0.00156288	0.00616317	-0.000236771
PMBB8865088727378	0	70.8	5012.639999999999	1	1	0.000706625	-0.00703267	0.00115058
PMBB8865879199670	0	31.7	1004.89	2	1	-0.0131443	-0.000913719	0.000830147
PMBB8865926831136	0	57.7	3329.2900000000004	2	1	0.00652436	-0.013786	0.00888725
PMBB8866875663719	0	29.6	876.1600000000001	2	3	0.00116336	0.00422066	0.00026481
PMBB8867026814360	0	41.7	1738.8900000000003	1	1	0.00353806	0.00490046	-0.0110785
PMBB8867581651169	0	53.9	2905.21	2	3	-0.00483011	-0.0085042	0.00428241
PMBB8868803068308	0	48.3	2332.89	1	1	0.00619968	0.00442134	0.00703117
PMBB8869079638247	1	48.9	2391.21	2	1	0.0138286	0.00618474	0.0116668
PMBB8869375113592	0	57.7	3329.2900000000004	1	1	-0.00712032	0.00372373	0.00459705
PMBB8869549612413	0	28.6	817.96	2	1	0.011113	0.00200474	0.00150292
PMBB8869624958513	0	48.5	2352.25	2	1	-0.00673856	-0.00701877	-0.0120166
PMBB8871136294054	0	29.2	852.64	2	1	-0.00382111	0.000733894	0.00121817
PMBB8872885947182	0	28.3	800.89	2	1	0.00150118	0.00668484	0.0162606
PMBB8873766302802	0	75.0	5625.0	1	1	-0.00210431	-0.00395928	-0.0144889
PMBB8875008674696	0	61.8	3819.24	2	1	0.00902126	-0.00967993	-0.0116664
PMBB8877465068846	0	43.5	1892.25	1	3	0.0306351	0.0115372	-0.00654929
PMBB8878091340516	0	52.1	2714.4100000000003	2	1	0.0106642	0.00985712	-0.0150112
PMBB8878705795966	0	65.9	4342.81	2	1	-0.0067248	0.0063332	-0.00286198
PMBB8878993118048	0	28.7	823.6899999999999	2	3	-0.00432787	-0.000114375	-0.000354265
PMBB8879226525999	0	66.3	4395.69	2	1	-0.00139547	-0.000818004	0.0127487
PMBB8879464789169	0	63.6	4044.96	1	1	-0.00777952	0.00195424	0.000101809
PMBB8879991257945	0	27.5	756.25	2	1	0.0071857	0.00635813	0.00955743
PMBB8881503786048	0	48.9	2391.21	2	3	3.49816e-05	0.00468028	0.00832036
PMBB8881525898731	0	30.0	900.0	2	3	-0.00519567	0.00751829	-0.00190429
PMBB8882009298932	0	58.6	3433.96	1	1	-0.00143823	-0.00446167	-0.00282286
PMBB8882791364625	0	87.3	7621.289999999999	1	1	0.0116555	0.00996964	-0.00743275
PMBB8883323908261	0	36.9	1361.61	1	1	-0.000628645	0.00758817	-0.0038463
PMBB8883407082140	0	29.6	876.1600000000001	1	3	0.017066	-0.00890404	0.00403594
PMBB8883665273173	0	53.9	2905.21	2	1	0.00844398	0.0214469	-0.00740623
PMBB8884737523746	0	51.2	2621.4400000000005	1	1	0.010292	0.0123826	-0.000847261
PMBB8884779364406	0	46.8	2190.24	2	1	-0.00620016	-0.0100769	0.00176844
PMBB8885047062051	0	28.5	812.25	2	1	0.00495148	-0.00694202	0.00212523
PMBB8885244186214	0	46.6	2171.56	1	3	-0.00351413	0.00187926	-0.000334976
PMBB8886369791161	0	31.2	973.4399999999999	2	1	0.0183314	0.00387696	0.000358033
PMBB8891857027695	0	36.4	1324.9599999999998	2	1	-0.00463556	-0.00852838	0.016483
PMBB8892905020551	0	61.5	3782.25	1	3	0.00208782	0.00858522	-0.0110795
PMBB8893624699328	0	53.9	2905.21	1	1	-0.00461593	0.00568676	-0.00798991
PMBB8893991505439	0	58.1	3375.61	2	1	-0.00283691	-0.00651384	-0.00374816
PMBB8894037612322	0	78.8	6209.44	1	1	-0.00656022	0.00469736	-0.00533012
PMBB8894780053561	0	55.8	3113.64	2	1	0.018953	-0.00695004	0.0033367
PMBB8895849306730	0	47.4	2246.7599999999998	1	1	-0.0041328	0.00959383	0.00329472
PMBB8895985186901	0	68.1	4637.61	1	3	0.00375316	-0.00869654	-0.0101685
PMBB8896354839191	0	63.9	4083.21	2	1	0.00266486	0.00319278	0.0136629
PMBB8897599313846	0	22.9	524.41	2	1	-0.00491641	0.000275644	-0.00726094
PMBB8898248392436	0	61.9	3831.6099999999997	1	1	-0.00820391	-0.0126619	0.000777162
PMBB8898893822299	0	45.0	2025.0	2	1	-0.00448415	0.00441815	0.0158898
PMBB8900643975796	0	27.2	739.8399999999999	2	1	-0.00363351	0.00634168	-0.000221129
PMBB8900866636366	0	27.5	756.25	2	1	-0.00387537	-0.0104595	0.00184554
PMBB8901827496042	0	31.4	985.9599999999999	2	1	0.0289461	0.0158299	-0.0033798
PMBB8902875115381	0	61.5	3782.25	2	1	-0.00099769	0.00503409	0.0115021
PMBB8903771312122	0	29.3	858.49	2	3	-0.0049675	-0.00135928	-0.00421811
PMBB8904629694498	0	49.3	2430.49	1	1	0.00260533	0.0042904	-0.0137956
PMBB8905449806043	0	43.3	1874.8899999999996	1	1	-0.0125628	0.00197082	0.000711665
PMBB8905601030238	0	45.9	2106.81	1	1	-0.0108687	-0.00120778	0.00209136
PMBB8907543421409	0	47.8	2284.8399999999997	1	1	0.0195575	0.0024534	0.00795522
PMBB8908086305799	0	29.9	894.0099999999999	2	1	-0.000636049	0.001942	-0.00963314
PMBB8908773457916	0	35.4	1253.1599999999999	2	1	0.000832863	0.0162418	-0.0182537
PMBB8909001783603	0	48.6	2361.96	2	1	-0.008197	0.00101929	0.00171962
PMBB8909197529531	0	49.7	2470.09	2	3	-0.00321303	0.00699721	0.00386334
PMBB8910138567798	0	79.5	6320.25	1	1	-0.0108738	-0.000654794	0.00145182
PMBB8911804584985	0	38.3	1466.8899999999999	2	1	-0.00160154	-0.00632415	-0.00622557
PMBB8911894502690	0	69.2	4788.64	1	1	-0.00275492	0.00804094	0.0157384
PMBB8912349047590	0	60.6	3672.36	2	1	-0.00465051	-0.00471284	0.00178624
PMBB8913194848246	0	66.0	4356.0	1	1	0.0109483	0.0168617	-0.0186012
PMBB8913781896397	0	45.7	2088.4900000000002	2	1	-0.00183399	0.00538812	0.00113009
PMBB8914188566888	0	65.2	4251.04	2	1	-0.00832048	0.00135725	0.0135122
PMBB8916406874990	0	35.6	1267.3600000000001	2	1	0.0108955	-0.0018781	0.00161982
PMBB8918311050072	0	53.0	2809.0	1	1	-0.00412567	-0.00428747	-0.00111797
PMBB8918789296485	0	55.0	3025.0	2	3	-0.0064784	0.00449673	0.00457168
PMBB8921118532892	0	55.4	3069.16	1	1	-0.00810637	-0.00125931	-0.00638433
PMBB8921941042822	0	66.4	4408.960000000001	2	1	-0.000491438	0.00501253	-0.0146485
PMBB8922029904328	0	34.1	1162.8100000000002	2	1	-0.00167603	0.00813336	-0.00404362
PMBB8923163346083	0	65.7	4316.490000000001	2	1	0.0165888	0.00753191	0.00131562
PMBB8923683200572	0	41.4	1713.9599999999998	2	3	-0.000462769	0.00578403	-0.00635647
PMBB8924227284033	0	26.1	681.21	2	2	-0.00380673	-0.00229176	-0.000275142
PMBB8924792569231	0	21.4	457.9599999999999	2	1	-0.00784139	-0.00682469	0.00105809
PMBB8925673989946	0	27.6	761.7600000000001	2	1	-0.00311279	-0.00720186	-0.000312111
PMBB8926521532556	0	51.7	2672.8900000000003	2	3	-0.00524508	0.00416635	0.00343143
PMBB8927165763241	0	62.0	3844.0	1	3	-0.000901862	-0.0168995	0.0121095
PMBB8929485514629	0	62.4	3893.7599999999998	2	1	-0.0104911	0.000371426	0.00158173
PMBB8929695438915	0	44.2	1953.6400000000003	1	1	-0.00562836	-0.00455095	0.00124339
PMBB8929967694796	0	51.7	2672.8900000000003	2	1	0.000263382	0.00542332	0.0168334
PMBB8931777081126	0	26.1	681.21	2	1	-0.00186254	-0.00715042	-7.06751e-05
PMBB8932912687398	0	48.4	2342.56	1	1	-0.00274555	0.00968515	0.00121468
PMBB8933234385391	0	52.4	2745.7599999999998	2	2	-0.00254852	-0.0139987	0.00742447
PMBB8934703499340	0	64.0	4096.0	1	1	-0.00540744	0.00264334	0.00763375
PMBB8934935297230	0	50.0	2500.0	1	1	-0.00439559	0.00650862	-0.0134899
PMBB8935744807291	0	27.0	729.0	1	1	-0.00508974	0.00412288	-0.00173844
PMBB8935969014426	0	72.9	5314.410000000001	1	1	0.00291997	0.0122534	0.00139403
PMBB8936809329908	0	53.7	2883.6900000000005	1	3	-0.0131857	-0.000425509	-0.000213337
PMBB8937468666388	0	31.5	992.25	1	1	-0.00630832	-0.0141226	0.00134468
PMBB8938226859875	1	40.7	1656.4900000000002	2	1	-0.00272382	0.00805351	-0.00397875
PMBB8940198379932	0	34.1	1162.8100000000002	2	1	-0.000198544	0.0123076	-0.0147462
PMBB8940298669014	0	63.3	4006.8899999999994	2	1	-0.00304818	-0.0104726	-0.00477453
PMBB8941866291688	0	42.3	1789.2899999999997	2	1	0.00091928	0.00438497	-0.0091196
PMBB8942081949372	0	56.5	3192.25	2	1	-0.00636395	0.00473177	0.0110189
PMBB8944329973602	0	59.2	3504.6400000000003	1	1	-0.00693158	-0.0100459	0.000964127
PMBB8945570924246	0	29.1	846.8100000000001	2	3	-0.0033988	-0.0117849	-0.0057324
PMBB8945625947137	0	53.1	2819.61	2	1	0.0024637	0.00860249	0.0116751
PMBB8945659151214	0	52.0	2704.0	2	1	-0.000113944	0.000740887	-0.00214915
PMBB8948125715751	0	35.4	1253.1599999999999	2	1	0.000516799	-0.00897164	0.00459439
PMBB8949194096827	0	60.9	3708.81	1	1	-0.00667759	0.0018843	-0.00261406
PMBB8949524561200	0	60.9	3708.81	1	1	-0.0085269	0.00429508	-0.000944528
PMBB8953177839951	0	50.1	2510.01	1	3	-0.00497731	0.000457238	-0.0117008
PMBB8953529053577	0	65.9	4342.81	2	3	-0.00851193	0.00340392	0.00249794
PMBB8954221396849	0	54.8	3003.0399999999995	2	1	-0.00772934	0.00765504	-0.000591177
PMBB8956565524332	0	38.9	1513.2099999999998	2	1	-0.00235519	-0.015055	0.0104787
PMBB8956966028624	0	39.2	1536.6400000000003	1	1	0.0254191	0.00193278	0.00474111
PMBB8957201228926	1	79.7	6352.09	1	1	-0.00526445	-0.00713566	0.00116156
PMBB8959076923881	1	66.8	4462.24	2	1	-0.00162461	0.00942053	0.000568808
PMBB8960010556870	0	26.7	712.89	2	1	0.00301156	-0.00277247	-0.00502005
PMBB8960267880057	0	57.5	3306.25	2	1	0.00148293	0.00733034	-0.00924907
PMBB8960855433437	0	66.9	4475.610000000001	1	1	0.020764	0.00256897	-0.00313207
PMBB8960901424729	0	59.2	3504.6400000000003	1	1	-0.00758845	0.00405411	0.000427122
PMBB8960950371106	0	78.2	6115.240000000001	2	1	-0.00893158	-0.00293375	-0.000692759
PMBB8963163206243	0	53.2	2830.2400000000002	1	1	0.00198535	0.0126011	-0.000138933
PMBB8964096974593	0	30.5	930.25	2	3	0.00154152	-0.00138715	-0.0060498
PMBB8964209569024	0	38.5	1482.25	1	1	0.00118382	0.0059083	0.0102839
PMBB8964757038238	0	23.7	561.6899999999999	2	1	-0.00276441	0.00482746	0.0118451
PMBB8965589358167	0	52.6	2766.76	2	1	-0.000538653	0.00984399	0.00724304
PMBB8966828959578	0	61.3	3757.6899999999996	1	1	-0.00766914	0.00336385	0.00286961
PMBB8967353663775	0	24.2	585.64	2	1	0.00118522	0.00582028	-0.00389155
PMBB8968936168393	0	28.8	829.44	2	3	0.00136673	0.00813556	-0.0110427
PMBB8969481492586	0	54.5	2970.25	1	2	-0.00442586	-0.0170243	-6.42985e-05
PMBB8969576203313	0	57.4	3294.7599999999998	2	3	-0.00519472	-0.0124199	-0.00497003
PMBB8970762123748	0	59.5	3540.25	1	3	-0.00305521	0.00681723	0.00722347
PMBB8971176363833	0	56.2	3158.4400000000005	1	1	0.0218189	-0.00201383	3.27872e-05
PMBB8971722405183	0	33.4	1115.56	2	1	-0.00990904	-0.00119788	-0.00247987
PMBB8972905406853	0	43.1	1857.6100000000001	2	3	-0.0126468	-0.00111911	-0.000499133
PMBB8972964390929	0	67.0	4489.0	2	3	-0.00949913	0.000756338	0.00351379
PMBB8973256078714	0	24.9	620.0099999999999	2	3	-0.00558876	-0.00468673	-0.0010616
PMBB8974176914837	1	55.2	3047.0400000000004	2	1	-0.00592465	-0.0109575	0.00760757
PMBB8977009515025	0	28.5	812.25	2	2	-0.00062567	-0.0166466	-0.00756661
PMBB8978039295935	0	25.3	640.09	2	1	-0.00780455	0.00178136	-0.00133312
PMBB8978085808801	0	55.4	3069.16	2	1	-0.00446587	-0.00539721	-0.00312909
PMBB8978281779809	0	29.7	882.0899999999999	2	1	-0.00241759	-0.00187276	-0.00363241
PMBB8978513691800	0	42.6	1814.7600000000002	2	1	0.00340145	-0.00081715	-0.00170564
PMBB8979867643403	0	63.0	3969.0	1	3	0.0114871	-0.00776449	-0.00281307
PMBB8980005738309	0	29.1	846.8100000000001	2	3	0.0265757	-0.0020571	0.0174962
PMBB8980197795146	0	44.4	1971.36	2	3	-0.0110238	-0.0105801	-0.00240605
PMBB8980265114105	0	41.4	1713.9599999999998	2	1	0.00219773	-0.000202966	0.00581397
PMBB8980553640672	1	50.4	2540.16	2	1	-0.00827884	0.00225482	-0.00664564
PMBB8980766606994	0	29.2	852.64	2	1	0.00297115	-0.0164121	0.0160965
PMBB8982741694701	0	52.2	2724.84	2	1	0.00894653	0.00660932	-0.00841087
PMBB8982962130512	0	71.3	5083.69	2	2	-0.00504007	0.00909581	-0.0163623
PMBB8983817036311	0	89.2	7956.64	1	1	0.000265803	0.00566676	0.00709399
PMBB8984211681262	0	65.0	4225.0	1	1	-0.00302149	-0.00956487	-0.000343123
PMBB8984359534502	0	24.5	600.25	2	3	-0.00416506	-0.00564413	-0.00310244
PMBB8985084181251	0	39.1	1528.8100000000002	2	1	-0.00919333	0.00459815	-0.00502464
PMBB8986867378020	0	56.6	3203.56	2	3	-0.00144826	0.00589282	0.00688094
PMBB8988166310132	0	62.5	3906.25	2	1	-0.0111673	-0.000513861	-9.61617e-05
PMBB8989242313014	0	24.7	610.0899999999999	1	1	0.00253162	-0.0170791	0.00325294
PMBB8989445036256	0	68.5	4692.25	2	1	0.00648103	0.0172994	0.000958123
PMBB8989936053994	0	62.2	3868.84	2	1	-0.0109833	0.000438953	0.00282263
PMBB8990120157754	0	48.9	2391.21	2	3	0.0204982	0.000618799	0.00198531
PMBB8992718287545	0	32.7	1069.2900000000002	1	3	-0.00349715	-0.0177758	-0.00453235
PMBB8992961243488	0	42.9	1840.4099999999999	1	1	0.00377167	0.0169462	0.0137443
PMBB8993793235572	0	60.4	3648.16	2	2	-0.00692829	-0.00135942	0.000493536
PMBB8993798186565	0	43.4	1883.56	1	1	0.00155118	0.010217	0.0167663
PMBB8993879948594	0	50.3	2530.0899999999997	2	1	-0.0108218	-0.00282581	1.6048e-05
PMBB8994265570572	0	66.0	4356.0	2	1	0.00077306	0.0129952	0.00417173
PMBB8995834448394	0	30.0	900.0	2	1	-0.00182073	0.000668171	0.00968256
PMBB8996312251830	0	62.4	3893.7599999999998	1	1	0.00384652	0.00484986	-0.0163667
PMBB8997318084102	0	59.2	3504.6400000000003	2	1	-0.00138053	-0.0247676	-0.00731577
PMBB8997524607476	0	38.7	1497.6900000000003	2	2	-0.000841569	0.00332049	0.00949914
PMBB8997698503234	0	41.0	1681.0	2	3	-0.0131434	-0.00111794	0.00350479
PMBB8999555049971	0	58.9	3469.21	2	1	-0.00502618	0.00977166	-0.000728593
PMBB8999634275543	0	54.8	3003.0399999999995	1	1	0.00584399	0.00308292	0.0104195
PMBB9002284520719	0	55.6	3091.36	2	1	-0.00337883	-0.00505621	0.00749314
PMBB9003539681039	0	58.8	3457.4399999999996	1	1	-0.00825707	-0.00640954	-0.00178594
PMBB9003750947337	0	46.4	2152.96	1	1	5.18148e-06	-0.00254617	0.0059564
PMBB9005385620059	0	57.4	3294.7599999999998	1	1	0.000398824	-0.00992746	-0.00970447
PMBB9005388738181	0	83.7	7005.6900000000005	2	1	-0.00787744	0.00252575	-0.00309126
PMBB9006032121933	0	20.1	404.01000000000005	1	2	-0.00632297	0.00315154	0.000330156
PMBB9007582189739	0	71.1	5055.209999999999	1	1	-0.00531805	0.00405814	-0.00169103
PMBB9008426540482	0	79.3	6288.49	2	3	-0.00292114	0.00297971	0.00168371
PMBB9012564252016	0	46.6	2171.56	2	1	0.000836274	0.0102497	-0.00060205
PMBB9013370261499	0	100.1	10020.009999999998	2	3	0.0184362	-0.0208994	-0.015732
PMBB9013925789614	0	40.2	1616.0400000000002	2	3	-0.0120289	0.000292003	-0.00367018
PMBB9014005104673	1	66.3	4395.69	1	1	0.00421973	0.00348933	-0.0106063
PMBB9014707530437	0	23.7	561.6899999999999	2	1	-0.00377594	-0.00136265	0.00219912
PMBB9015578661132	0	84.0	7056.0	2	1	-0.00069834	0.00551875	0.000103599
PMBB9017432686815	0	31.6	998.5600000000001	2	1	-0.0113172	-0.00248624	-0.000860522
PMBB9017485844709	0	54.5	2970.25	1	2	0.0111205	-0.00183619	-0.000920621
PMBB9018720705154	1	55.0	3025.0	1	1	0.00167523	-0.00832661	0.0127617
PMBB9019808453972	0	51.1	2611.21	1	2	-0.0112351	7.77376e-05	-0.00269503
PMBB9019817844388	0	33.8	1142.4399999999998	1	1	-0.00528535	0.00528374	0.000846728
PMBB9020654829765	0	73.5	5402.25	1	1	-0.00188267	0.00800644	8.27049e-05
PMBB9021106518131	0	36.7	1346.89	2	1	0.00186715	0.00654429	0.000390712
PMBB9022831329838	0	34.8	1211.0399999999997	2	1	-0.00213143	0.00913652	-0.000348636
PMBB9024883554214	0	63.0	3969.0	2	1	-0.00624987	-0.0183659	0.00424895
PMBB9026371741398	0	23.4	547.56	2	1	-0.00608782	0.00118135	0.00119022
PMBB9027288902405	0	46.8	2190.24	2	1	-0.000181282	-0.0129347	0.00427163
PMBB9028374078241	0	42.7	1823.2900000000002	2	1	0.0113708	0.0152213	0.0170109
PMBB9028828618688	0	67.8	4596.839999999999	1	1	-0.00874933	-0.0185966	-0.000314142
PMBB9029541552798	0	45.3	2052.0899999999997	2	2	0.0218717	0.00173406	0.00279043
PMBB9029928211036	0	28.3	800.89	2	1	-0.00975601	0.00426517	0.0069543
PMBB9030414207708	0	24.3	590.49	1	1	0.000382876	0.0129716	0.00586374
PMBB9030451488103	0	33.8	1142.4399999999998	2	1	-0.00133938	0.00815165	0.00369294
PMBB9031494514726	0	47.4	2246.7599999999998	1	1	-0.00469363	-0.0111501	0.00201004
PMBB9033295081671	0	59.0	3481.0	2	1	-0.00833372	-0.00295186	0.00270972
PMBB9033810172810	0	70.1	4914.009999999999	1	1	-0.00665044	-0.00739996	-0.00353256
PMBB9034467170511	0	69.6	4844.159999999999	2	1	0.0200481	0.0111595	0.00259196
PMBB9036244828780	0	24.6	605.1600000000001	2	3	-0.00648113	-0.00274435	0.00205531
PMBB9036304956196	0	44.3	1962.4899999999998	2	1	-0.00150328	0.00867553	-0.00702403
PMBB9036372454242	0	40.8	1664.6399999999999	2	1	0.0314354	0.00181207	0.0038238
PMBB9037052850757	0	29.1	846.8100000000001	1	3	-0.0102294	0.00319386	0.00639743
PMBB9039838965090	0	56.9	3237.6099999999997	2	1	-0.00845875	0.000338468	-0.00267942
PMBB9041152559642	0	50.3	2530.0899999999997	1	1	-0.00952088	0.00239	-0.000276353
PMBB9041813041014	0	59.6	3552.1600000000003	2	1	-0.00607749	0.000204397	0.00245641
PMBB9041949253680	1	48.6	2361.96	2	1	-0.0084579	0.00194134	-0.00164944
PMBB9042784146934	0	54.6	2981.1600000000003	1	1	-0.00185327	-0.00910839	-0.00635225
PMBB9043259892058	0	39.4	1552.36	2	3	-0.0131732	-0.000678546	-0.00149505
PMBB9043300696375	0	46.4	2152.96	2	3	-0.00595284	0.00537218	0.0138663
PMBB9044335956219	0	49.9	2490.0099999999998	1	1	0.00116042	-0.0211223	-0.0128817
PMBB9045164508915	0	19.7	388.09	2	3	-0.00299976	-0.000336528	0.00114994
PMBB9047284986949	0	63.4	4019.56	1	1	-0.00503656	0.00537958	0.0047495
PMBB9047732608927	1	71.5	5112.25	1	1	-0.0071929	0.00900421	-0.0123158
PMBB9047806816936	0	41.5	1722.25	1	1	-0.0127921	-0.00297328	-0.00411691
PMBB9049047482087	0	65.4	4277.160000000001	1	3	0.00174757	0.00325443	-0.0140843
PMBB9053605103646	0	66.1	4369.209999999999	1	1	-0.0127236	-1.83422e-06	-0.00167443
PMBB9053860308981	0	34.2	1169.64	2	3	0.00143199	0.0139823	0.00854387
PMBB9054047792043	0	50.6	2560.36	1	1	0.00459852	-0.00548911	-0.00182251
PMBB9056280747777	0	56.0	3136.0	1	1	0.00478808	0.0153589	-0.0113055
PMBB9056467110522	0	65.3	4264.089999999999	2	1	0.0114335	-0.00419139	-0.0127594
PMBB9056478313141	0	32.2	1036.8400000000001	2	3	-0.00332385	-0.000361135	-0.000543242
PMBB9056740786986	0	30.6	936.3600000000001	1	1	-0.00301579	0.00930338	-0.00139948
PMBB9057547756663	0	43.1	1857.6100000000001	1	1	0.000294978	-0.00140229	-0.00184151
PMBB9058586039334	0	62.1	3856.4100000000003	2	1	0.00451664	-0.00575438	-0.00666456
PMBB9062551674885	0	69.6	4844.159999999999	1	1	-0.0017364	0.00277702	0.00701754
PMBB9062755199435	0	23.5	552.25	2	1	0.00867306	-0.000595949	0.00472409
PMBB9063321579435	1	72.0	5184.0	2	1	-0.00554173	-0.00324905	0.0108017
PMBB9063398988559	0	62.9	3956.41	2	1	0.00764074	-0.0219179	-0.0194249
PMBB9065539580938	0	83.6	6988.959999999999	1	3	-0.00360254	-0.00158183	-0.000181007
PMBB9066360620754	0	62.1	3856.4100000000003	1	1	0.0242403	-0.00196459	0.00218609
PMBB9067653674694	0	49.2	2420.6400000000003	1	1	-0.00809271	-0.00248195	0.000211148
PMBB9068800793096	0	62.0	3844.0	2	1	0.00753018	0.0101898	0.0107652
PMBB9069636787918	0	51.4	2641.96	1	3	0.00359215	-0.0131467	-1.80915e-05
PMBB9070637830143	0	34.6	1197.16	2	2	-0.0050872	-0.0180043	-0.00468159
PMBB9071409479281	0	58.3	3398.89	1	1	0.00358505	-0.0162379	-0.01049
PMBB9072736976118	0	28.2	795.24	1	1	0.00784844	-0.00979742	0.0052984
PMBB9074563849924	0	79.0	6241.0	2	1	-0.0117451	0.00243297	0.00258373
PMBB9074718615695	0	67.5	4556.25	1	1	-0.00313958	0.00887813	0.000877024
PMBB9076170058769	0	63.2	3994.2400000000002	1	1	-0.00741399	0.00404295	0.00477015
PMBB9076504981448	0	52.0	2704.0	1	1	-0.00139509	0.0104298	-0.0242068
PMBB9078061656277	0	57.7	3329.2900000000004	1	1	-0.00359486	0.000979557	-0.00754558
PMBB9079772643129	0	46.9	2199.6099999999997	1	3	-0.000774391	0.00344013	0.00760985
PMBB9080565090750	0	49.1	2410.81	1	3	0.0245938	0.00328822	0.000440329
PMBB9081840236203	0	18.5	342.25	2	1	0.000701406	0.0148287	-0.00815377
PMBB9082665054287	0	68.7	4719.6900000000005	1	1	-0.00870619	-0.00147459	-0.000686709
PMBB9082801353843	0	42.3	1789.2899999999997	2	3	-0.0052159	0.00702334	0.0120204
PMBB9083599112170	0	50.0	2500.0	1	2	-0.00788467	-0.00551651	-0.00270402
PMBB9084014639311	0	31.9	1017.6099999999999	2	3	-0.00223027	0.00448556	-0.017324
PMBB9084960275836	0	22.7	515.29	2	3	0.00121236	0.0103837	0.00283763
PMBB9085445815747	0	60.6	3672.36	1	1	-0.00415477	0.00194426	-0.00554193
PMBB9086030233880	0	55.9	3124.81	2	1	0.00640784	-0.00367737	0.0067868
PMBB9087054731145	0	65.9	4342.81	2	1	0.0218588	-0.00221586	0.00975207
PMBB9087374759799	0	54.5	2970.25	1	1	-0.0099838	0.00115849	0.00052994
PMBB9088595315192	0	29.3	858.49	2	2	-0.00831167	-0.00239185	-0.00513993
PMBB9089521381685	0	77.4	5990.760000000001	2	3	-0.00900379	0.00187827	0.00645972
PMBB9089876502639	0	23.5	552.25	2	1	-0.00307903	-0.00450903	-0.00399545
PMBB9090078997777	0	68.8	4733.44	1	1	0.00239611	0.00465235	-0.0125755
PMBB9090939585172	0	34.8	1211.0399999999997	2	1	0.00608772	-0.00480674	-0.0122019
PMBB9091490266273	0	76.0	5776.0	1	1	-0.000709083	-0.00124909	-9.9432e-05
PMBB9091643444352	1	59.5	3540.25	2	1	-0.00297029	0.00228941	-0.00125489
PMBB9092766972024	0	64.4	4147.360000000001	1	2	0.00968278	0.00640158	-0.00526147
PMBB9092859593423	0	24.2	585.64	2	3	0.000468863	-0.00786711	0.00518001
PMBB9093814557180	0	48.1	2313.61	1	1	-0.00594266	-0.00850814	0.004105
PMBB9094722346924	0	34.7	1204.0900000000001	2	3	-0.00742765	0.000946191	0.0139464
PMBB9095019115593	0	70.4	4956.160000000001	1	1	-0.00233626	0.0122109	-0.00970733
PMBB9095220670353	0	34.5	1190.25	2	1	-0.010194	0.000649441	-0.00220526
PMBB9095691428012	0	49.6	2460.1600000000003	1	1	-0.00233837	-0.00867278	0.0124042
PMBB9095860882530	0	47.8	2284.8399999999997	2	1	0.0154632	0.00327754	0.000363252
PMBB9097158513675	0	71.3	5083.69	1	1	0.00382552	-0.0158564	0.0102538
PMBB9097368744482	0	67.1	4502.409999999999	2	1	0.00491551	-0.00651956	-0.00926151
PMBB9099767954645	0	27.0	729.0	2	1	-0.00109417	-0.0171775	0.00139284
PMBB9100184868428	0	37.8	1428.8399999999997	1	1	0.00293933	0.0044003	-0.0139232
PMBB9100843241444	0	29.3	858.49	1	1	-0.00112643	-0.0100774	-0.00255461
PMBB9101235414029	0	21.6	466.56000000000006	2	3	-0.00215163	0.00618559	0.00341694
PMBB9102652691457	0	62.9	3956.41	1	1	0.0106051	0.0142226	-0.00960537
PMBB9103615987169	0	60.9	3708.81	1	3	-0.00767402	-0.00199506	-0.000722349
PMBB9105517500026	0	64.1	4108.8099999999995	1	1	-0.00526757	-0.00365494	0.00348366
PMBB9105550747164	0	51.1	2611.21	1	1	0.00109839	0.0106755	0.0136373
PMBB9106532089427	0	48.5	2352.25	2	3	-0.00591365	0.0089281	0.0112569
PMBB9106795518497	0	60.0	3600.0	1	3	-0.00193051	0.00317335	-0.0184171
PMBB9107210706349	0	65.5	4290.25	2	1	-0.00336792	-0.00283553	0.00309388
PMBB9107435492097	0	27.4	750.7599999999999	1	1	0.00576389	-0.00840191	-0.0247617
PMBB9107664172965	0	52.8	2787.8399999999997	1	3	-0.00364031	0.00576039	-0.00442196
PMBB9108419206722	0	30.8	948.6400000000001	2	1	-0.00311488	0.000562681	-0.000774154
PMBB9109743623763	0	56.1	3147.21	2	1	-0.00378221	0.00394945	0.00691119
PMBB9110102501780	0	53.4	2851.56	1	1	-0.00143275	-0.0068035	0.00785124
PMBB9110751593177	0	38.4	1474.56	2	1	-0.000885455	0.00987318	0.00745756
PMBB9111079210222	0	45.0	2025.0	2	3	-0.00102027	0.00859991	-0.00554045
PMBB9111669271729	0	25.3	640.09	2	3	0.0275611	0.0122311	0.00919522
PMBB9111727777783	0	69.3	4802.49	2	1	0.0097038	0.0131208	4.67193e-05
PMBB9111949784566	0	68.5	4692.25	1	1	-0.00667721	-0.00354407	0.00286653
PMBB9112317394685	0	38.5	1482.25	2	3	-0.00582265	-0.000650762	0.00221255
PMBB9114085002268	0	61.1	3733.21	2	1	-0.00962068	0.00151024	-0.000221593
PMBB9115127835030	0	28.7	823.6899999999999	2	1	0.00777934	0.000375363	0.00382337
PMBB9115396785604	0	57.5	3306.25	2	1	0.00569798	-0.0135976	-0.00466724
PMBB9116507582257	0	60.0	3600.0	2	1	0.00465045	-0.00899217	0.0058758
PMBB9116950730815	0	44.1	1944.8100000000002	1	1	-0.0013028	-0.00216801	-0.0028659
PMBB9117538792872	0	43.8	1918.4399999999998	1	2	-0.0010331	0.00928225	0.0042102
PMBB9117648238352	0	47.4	2246.7599999999998	1	3	-0.000722834	-0.0105626	0.000926575
PMBB9117650474806	0	35.0	1225.0	1	1	0.0122936	-0.00785464	-0.0228069
PMBB9117689530941	0	48.4	2342.56	2	1	0.000142931	-0.00296443	-0.00170039
PMBB9117736893212	0	50.7	2570.4900000000002	2	3	-0.00628681	0.00432139	0.00500358
PMBB9118013069607	0	63.3	4006.8899999999994	2	3	-0.00494405	-0.00828375	-0.00918316
PMBB9119903494697	0	66.6	4435.5599999999995	2	1	0.00185625	0.00799588	0.00373267
PMBB9120385838631	1	52.7	2777.2900000000004	2	1	0.00288936	0.00689657	0.0133618
PMBB9122111229721	0	58.5	3422.25	1	3	-0.00771212	0.000682126	0.0120005
PMBB9122251747021	0	31.2	973.4399999999999	2	1	0.0109278	0.0057347	-0.00339045
PMBB9122621937456	0	70.9	5026.81	2	1	-0.000934329	-0.00110745	-0.00305465
PMBB9123435541330	0	36.0	1296.0	2	1	0.0257028	0.00920226	0.00459387
PMBB9124232160997	0	67.5	4556.25	2	2	0.00319697	-0.00668829	0.0116067
PMBB9125388076150	0	75.6	5715.359999999999	1	1	0.00592575	0.00666178	0.00714211
PMBB9126878288125	0	44.5	1980.25	2	3	-0.0127419	0.000581476	-0.000414797
PMBB9128416532153	0	34.8	1211.0399999999997	2	3	-0.0124447	0.000533481	0.000737296
PMBB9128628061447	0	64.2	4121.64	2	3	0.0226154	0.00692766	-0.00200164
PMBB9128829835091	0	39.4	1552.36	2	1	-0.00784159	-0.00558753	0.0005962
PMBB9129856354440	0	41.3	1705.6899999999998	2	1	0.000102859	0.00224816	0.000206042
PMBB9129875068625	1	71.3	5083.69	2	1	0.00226452	0.0108657	0.00865903
PMBB9130997817393	1	66.8	4462.24	1	1	-0.00123213	0.0067137	-0.00512594
PMBB9132206626686	0	66.9	4475.610000000001	2	1	-0.00309151	-0.00747709	0.0134229
PMBB9133146350375	0	67.2	4515.84	1	1	0.00325156	0.00474107	0.0041522
PMBB9133162292597	0	43.9	1927.2099999999998	2	1	-0.000136157	0.00901404	0.00728303
PMBB9133566258633	0	49.3	2430.49	2	1	-0.0101233	0.00256581	0.00519473
PMBB9134422445758	0	59.6	3552.1600000000003	1	1	-0.00406549	0.000739868	0.000711926
PMBB9135994367642	0	29.0	841.0	2	1	-0.0066193	0.00534695	-0.0098624
PMBB9136471502843	0	69.4	4816.360000000001	2	1	-0.00658524	0.00241486	0.00210609
PMBB9136607693234	0	50.9	2590.81	2	1	-0.00464819	-0.00106494	0.00626266
PMBB9137101138579	0	29.6	876.1600000000001	2	1	0.00233843	0.000777794	-0.00069851
PMBB9138080882180	0	29.9	894.0099999999999	1	3	-0.000145227	-0.000998271	0.00506607
PMBB9138926550062	0	64.2	4121.64	1	1	-0.00142221	0.0094125	-0.00278221
PMBB9139664043991	0	49.5	2450.25	1	1	0.0150088	0.00208477	0.00342361
PMBB9139809532533	0	20.5	420.25	2	3	0.00143989	-0.0114461	0.00461695
PMBB9139911832804	0	84.2	7089.64	2	1	0.00494891	-0.00934356	0.00216723
PMBB9140969104902	0	29.6	876.1600000000001	2	1	0.0200174	0.00272264	-0.000869392
PMBB9141077628117	0	34.8	1211.0399999999997	1	1	-0.00556679	0.00656955	-0.00383776
PMBB9141638133485	0	28.2	795.24	2	1	-0.0123946	0.000262348	-0.00144372
PMBB9141802236898	0	75.0	5625.0	1	1	-0.00278706	-0.00455592	-0.000989969
PMBB9142679807434	0	32.6	1062.76	2	1	0.00614432	0.0222771	0.0102688
PMBB9143295357664	0	31.1	967.21	2	1	-0.00547141	-0.00739633	0.0125032
PMBB9143824740204	0	63.0	3969.0	2	3	0.00190334	0.00635203	-0.00096624
PMBB9144049174660	0	79.3	6288.49	1	1	-0.0126884	-0.00167611	-0.000659804
PMBB9144201743582	0	54.3	2948.49	1	1	-0.0136138	0.000178242	-0.000384309
PMBB9144856650665	0	41.1	1689.21	2	1	-0.0010722	-0.00712933	-0.0147243
PMBB9144883555053	0	59.2	3504.6400000000003	1	2	-0.00576531	0.00258616	0.0122641
PMBB9145141600726	0	30.6	936.3600000000001	2	3	-0.00377004	-0.000470869	0.00199224
PMBB9145304348731	0	25.1	630.0100000000001	2	1	-0.00615067	-0.00491151	-0.00100933
PMBB9146333060756	0	60.7	3684.4900000000002	1	1	0.00271782	-0.000834642	0.00653418
PMBB9146782654504	0	65.7	4316.490000000001	1	3	-0.00462395	0.00654067	0.00105209
PMBB9147305594969	0	56.3	3169.6899999999996	1	1	0.00683246	0.0143071	0.00732206
PMBB9148431532703	0	49.0	2401.0	1	1	-0.00469427	0.00360637	0.00474602
PMBB9149691153795	0	31.8	1011.24	2	1	-0.00250211	-0.0116637	-0.00617999
PMBB9149736576991	0	40.4	1632.1599999999999	2	1	-0.0040369	0.00387562	-0.00181945
PMBB9150626379220	0	36.3	1317.6899999999998	2	1	-0.00106891	0.00980308	0.0125305
PMBB9151717293527	0	58.1	3375.61	2	1	0.0210148	0.0043174	0.00541502
PMBB9151808502505	0	51.1	2611.21	2	1	0.0297934	0.00535324	-0.0149033
PMBB9152131683545	0	30.3	918.09	2	2	-0.00483931	-0.0116401	-0.00811696
PMBB9152458221886	0	47.3	2237.2899999999995	1	1	0.00427793	-0.0100022	0.0111945
PMBB9152466222044	0	62.8	3943.8399999999997	1	1	-0.00601386	0.00675691	0.000323498
PMBB9153439594794	0	47.1	2218.4100000000003	1	1	0.00774694	-0.00803746	-0.00440987
PMBB9154609591961	0	61.1	3733.21	2	2	-0.00547844	0.0042874	0.00146319
PMBB9154654719439	0	45.6	2079.36	1	1	-0.00745579	0.00209517	0.00460223
PMBB9155108681324	0	74.3	5520.49	1	1	-0.00703844	-0.00287681	0.00101048
PMBB9157112004335	0	64.4	4147.360000000001	1	2	-0.00847112	0.00262235	0.00037908
PMBB9157621633677	0	83.2	6922.240000000001	1	1	-0.0072177	-0.00170604	-0.00233346
PMBB9157944582585	0	72.2	5212.84	1	1	0.000669142	0.0116763	-3.36199e-05
PMBB9158079777352	0	20.0	400.0	2	3	0.000210586	0.00624127	-0.00942517
PMBB9158420557444	0	69.1	4774.8099999999995	2	1	-0.00644015	-0.0178979	0.00482379
PMBB9159263786688	0	43.4	1883.56	2	1	-0.00403855	0.00268266	0.000665878
PMBB9159410812809	0	35.7	1274.4900000000002	2	2	-0.00448378	-0.00600794	-0.007055
PMBB9161598789053	0	64.4	4147.360000000001	1	1	-0.00509664	0.0022577	0.0170409
PMBB9162130483425	0	31.4	985.9599999999999	2	2	0.0186907	-0.00242992	-0.0122359
PMBB9162909138570	0	54.2	2937.6400000000003	2	1	-0.00278759	0.0157788	-0.0235067
PMBB9163017884391	0	53.2	2830.2400000000002	1	1	-0.00118424	-0.0149311	-0.00604744
PMBB9163078981836	0	59.9	3588.0099999999998	2	1	0.00235593	0.00278634	0.00330999
PMBB9163700108616	0	47.6	2265.76	2	3	-0.00413237	-0.00639129	0.000180948
PMBB9165214633115	0	38.9	1513.2099999999998	2	1	0.000304483	0.0109113	-0.00690008
PMBB9166326476680	0	56.2	3158.4400000000005	1	1	-0.00181145	-0.0211843	-0.00393607
PMBB9166656469004	0	79.4	6304.360000000001	1	1	0.00651048	0.0186431	-0.0153473
PMBB9167879453778	0	57.2	3271.84	1	1	-0.00304653	0.000347487	0.00138394
PMBB9169976450421	0	59.0	3481.0	2	1	-0.000503758	0.0097588	-0.0126166
PMBB9170123652284	0	51.5	2652.25	1	1	-0.00513733	-0.0220198	-0.00123018
PMBB9170535223016	0	50.2	2520.0400000000004	1	1	-0.00638104	0.00426145	-0.0156873
PMBB9171199644042	0	48.6	2361.96	1	1	-0.00065067	-0.00574417	0.0213425
PMBB9173052705578	0	24.9	620.0099999999999	2	3	-0.0049865	-0.00584832	0.00518451
PMBB9173266870370	0	64.6	4173.159999999999	1	1	0.0214177	0.0209418	-0.00169037
PMBB9173565658817	0	64.3	4134.49	1	1	-0.0112395	0.000749673	0.000122393
PMBB9173950291173	0	57.8	3340.8399999999997	1	1	-0.00289047	0.00131035	-0.014392
PMBB9175016197723	0	57.5	3306.25	2	3	0.00064672	0.000285733	0.00817961
PMBB9176484021983	0	52.6	2766.76	1	3	0.00151085	-0.0129782	0.0158768
PMBB9177329484226	0	31.5	992.25	2	1	-0.00480602	0.00616503	-0.0082559
PMBB9177882658901	0	54.1	2926.81	2	2	-0.000817234	0.00273747	0.013819
PMBB9178236659590	0	55.2	3047.0400000000004	2	1	-0.00640202	0.00289083	0.00540122
PMBB9179416397463	0	59.9	3588.0099999999998	2	1	0.0124129	0.0178537	0.0102792
PMBB9180338865506	0	50.4	2540.16	2	1	-0.0111023	0.00217733	0.004005
PMBB9181779208186	0	60.5	3660.25	2	1	-0.00364187	-0.00743794	-0.00442364
PMBB9182364167785	0	58.5	3422.25	2	1	0.00155045	0.00345338	-0.00272951
PMBB9184290307817	0	77.7	6037.290000000001	1	1	0.00656162	0.0127584	0.00318575
PMBB9184686055126	0	59.3	3516.49	1	1	-0.00111632	0.00648055	-0.00863236
PMBB9185272015612	0	51.8	2683.24	1	3	-0.0124082	0.00137114	-0.0014872
PMBB9186504724376	0	59.8	3576.0399999999995	2	3	0.0235027	0.00613	-0.0104889
PMBB9186758433501	0	44.6	1989.16	1	1	-0.00135805	0.000549792	0.00774832
PMBB9187077053529	0	70.0	4900.0	2	1	-0.00626988	-0.000550943	0.0112566
PMBB9187098993520	0	46.7	2180.8900000000003	2	3	0.00746178	0.00226113	0.014748
PMBB9188151702981	0	52.2	2724.84	1	3	-0.00341735	0.0058996	-0.00561221
PMBB9188961105075	0	25.3	640.09	1	2	-0.000417724	-0.00268026	0.00264117
PMBB9189063930799	0	49.2	2420.6400000000003	1	1	-0.00449258	-0.00718534	-0.0128691
PMBB9189384732880	0	48.4	2342.56	1	1	0.000544245	0.000741905	-0.0110299
PMBB9189681000148	0	84.4	7123.360000000001	2	3	0.0198198	-0.0209055	-0.00200744
PMBB9190230951444	0	30.1	906.0100000000001	2	2	0.00961342	0.0173	0.00800734
PMBB9191419388518	0	57.4	3294.7599999999998	1	1	-0.00231959	0.00801609	0.00559049
PMBB9191788801420	0	65.8	4329.639999999999	2	1	0.0146407	-0.0131775	0.00130366
PMBB9192469874774	0	63.2	3994.2400000000002	1	1	-0.00608585	0.00159264	-0.00112809
PMBB9194808327486	0	45.6	2079.36	1	2	-0.000644959	-0.000214108	0.00432692
PMBB9195056346062	0	27.1	734.4100000000001	1	1	-0.00102322	0.00190911	0.00553743
PMBB9195357400592	0	63.3	4006.8899999999994	2	2	0.00920444	-0.00441357	-0.0243014
PMBB9196743033867	0	55.9	3124.81	1	1	-0.00518415	-0.00491014	-0.00109906
PMBB9197768511053	0	18.8	353.44000000000005	2	3	-0.000553713	0.00266356	-0.00817443
PMBB9198689114872	0	50.5	2550.25	2	1	-0.00241817	-0.00288777	-0.00655942
PMBB9199165471113	0	50.3	2530.0899999999997	1	3	0.020033	-0.00450822	-0.00407116
PMBB9199370951190	0	55.0	3025.0	1	1	0.0101081	0.00884221	0.00141382
PMBB9200144742908	0	22.0	484.0	2	1	-0.00185982	-0.00375197	0.00876429
PMBB9202678087139	0	59.9	3588.0099999999998	2	1	-0.00437363	0.00485938	-0.00344377
PMBB9203365033867	0	47.7	2275.2900000000004	1	1	0.00197097	0.000269777	-0.00672196
PMBB9203598072773	0	52.5	2756.25	1	1	-0.00634344	0.00637119	0.0027556
PMBB9203853132575	0	53.4	2851.56	2	3	0.00276785	0.0163336	-0.00447297
PMBB9204224975225	0	74.1	5490.8099999999995	2	3	0.00359357	0.00468394	-0.00589954
PMBB9204895218246	0	46.5	2162.25	2	1	-0.00227431	0.000961287	0.0054484
PMBB9205756263088	0	35.5	1260.25	2	1	-0.00740634	0.00543118	0.00242087
PMBB9206235768143	0	36.7	1346.89	1	1	0.00999768	0.00121268	0.0174021
PMBB9206468082910	0	28.4	806.56	2	1	0.0166527	-0.0187448	0.00481073
PMBB9206773581027	0	45.4	2061.16	1	1	-0.00279446	0.00132057	-0.0143049
PMBB9207408529118	0	69.2	4788.64	2	1	0.000472647	0.00747541	-0.000307234
PMBB9207675038741	0	72.7	5285.29	1	1	-0.00638704	0.00802662	-0.00105974
PMBB9209919844343	0	59.7	3564.09	2	1	-0.00847421	-0.0148871	-0.000822671
PMBB9213024709854	0	70.3	4942.089999999999	2	2	0.000105931	-0.00612632	0.00655945
PMBB9213166170583	0	40.8	1664.6399999999999	2	1	0.00441505	-0.00604461	-0.018779
PMBB9213588428692	0	47.9	2294.41	2	2	0.000563654	0.00192656	-0.012826
PMBB9213926101563	0	51.3	2631.6899999999996	1	1	-0.00502862	0.00572718	-0.0106458
PMBB9214906851310	0	44.3	1962.4899999999998	2	1	0.0120763	-0.00755518	0.00256336
PMBB9215828126208	0	61.2	3745.4400000000005	2	1	-0.00192776	-0.00303324	0.00570371
PMBB9216193004441	0	65.8	4329.639999999999	2	1	-0.00338803	0.00658641	0.00233284
PMBB9216378584663	0	60.5	3660.25	1	1	-0.00615461	0.000718466	-0.0116271
PMBB9217065375203	0	50.2	2520.0400000000004	1	1	6.60011e-05	0.00472301	0.0155886
PMBB9217617219682	0	32.3	1043.2899999999997	2	1	-0.00790102	-0.0070927	0.00360648
PMBB9217997829186	0	47.3	2237.2899999999995	2	1	0.00369276	0.00725902	0.00297225
PMBB9218260234265	0	63.6	4044.96	1	1	0.00619882	-0.0142952	-0.00849333
PMBB9218294823230	0	48.9	2391.21	1	1	0.00451008	0.0129813	0.00387246
PMBB9218454612166	0	61.2	3745.4400000000005	2	3	0.00737307	-0.00078996	-0.0111792
PMBB9218946118624	0	21.8	475.24	1	1	0.0217103	-0.00508752	-0.00540872
PMBB9219632223310	0	30.2	912.04	2	1	-0.0047721	0.00680965	0.00144737
PMBB9220059841143	0	32.2	1036.8400000000001	2	3	0.000536601	0.00934368	0.00024349
PMBB9220613791334	0	28.5	812.25	2	1	0.00789518	0.00650594	-0.00710548
PMBB9221043371968	0	68.5	4692.25	2	1	-0.00542826	0.00348441	0.00393333
PMBB9221203016991	0	67.7	4583.29	2	1	-0.00176571	-0.0175367	0.014193
PMBB9221788436349	0	56.0	3136.0	2	1	-0.00159858	0.0043521	0.00152449
PMBB9221924500009	0	60.5	3660.25	2	2	-0.00222361	-0.0117968	0.00648045
PMBB9222144540052	0	63.3	4006.8899999999994	2	1	-0.00411952	-0.00549253	-0.00491124
PMBB9222176091164	0	69.4	4816.360000000001	1	1	0.00801411	-0.00225787	-0.00771021
PMBB9222267355787	0	51.7	2672.8900000000003	2	1	0.0144061	-0.0134242	-0.00697665
PMBB9223010175081	0	24.6	605.1600000000001	2	3	0.0290732	0.000798921	-0.00918605
PMBB9224558031424	0	21.5	462.25	2	1	0.00131169	0.00884375	-0.00454438
PMBB9226090327750	1	80.7	6512.490000000001	2	1	-0.00588225	0.00265668	0.00192431
PMBB9228380493647	0	26.3	691.69	2	1	-0.00398777	0.00477078	-0.000216323
PMBB9228820939494	1	59.2	3504.6400000000003	2	1	0.00212134	0.00772092	0.0062331
PMBB9228966504467	0	36.5	1332.25	2	1	0.0283586	0.0034745	0.00721475
PMBB9229361762243	0	45.0	2025.0	2	2	-0.0052931	0.00369305	0.00355851
PMBB9229503140791	0	64.3	4134.49	2	3	0.00170091	0.00332178	0.00288531
PMBB9229653496863	0	45.5	2070.25	2	1	-0.00668396	0.0018102	0.00113007
PMBB9229736083277	1	75.5	5700.25	1	3	0.00149774	-0.00420453	-0.0140194
PMBB9230408248402	0	27.0	729.0	2	1	-0.000532099	-0.00968732	0.0170836
PMBB9230725329933	0	23.4	547.56	2	3	0.0213492	-0.00512417	-0.00522869
PMBB9231916679912	0	21.3	453.69000000000005	2	1	9.04429e-05	0.00630695	0.00333522
PMBB9232228583965	0	58.7	3445.6900000000005	1	1	-0.00811094	-0.00426785	0.0018502
PMBB9235052422702	0	59.7	3564.09	2	1	0.0179502	0.00285922	-0.0129098
PMBB9236157981650	0	66.6	4435.5599999999995	2	1	-0.0102631	0.0026661	-0.0104331
PMBB9236882907846	0	28.5	812.25	2	1	0.0066474	0.000273541	-0.0172923
PMBB9237220062768	0	44.1	1944.8100000000002	2	1	-0.0115191	-0.00168178	0.00268723
PMBB9237687390448	0	48.7	2371.69	1	1	-0.0054604	-0.0196794	-0.00615466
PMBB9237768500613	0	31.8	1011.24	2	1	0.00292326	0.00484268	-0.00291655
PMBB9237843159861	0	21.2	449.44	1	1	0.00132195	-0.0131566	0.00302812
PMBB9237916927331	0	65.2	4251.04	2	1	0.00242471	0.00178409	0.00722517
PMBB9239496890958	0	40.5	1640.25	1	1	0.00758755	-0.00382062	0.00354622
PMBB9239762554699	0	59.0	3481.0	1	1	-0.00356826	0.00239078	0.00569637
PMBB9241331039552	0	84.4	7123.360000000001	1	1	0.0162769	-0.00186574	0.00921948
PMBB9242738760859	0	49.5	2450.25	2	3	-0.00419963	0.00642757	0.00105307
PMBB9242770799347	0	41.3	1705.6899999999998	1	1	-0.0125272	-0.00133025	-0.00314755
PMBB9243294158618	0	43.7	1909.6900000000003	2	1	0.000743455	0.00350633	-0.0197868
PMBB9244016157992	0	32.2	1036.8400000000001	2	3	-0.00178601	-0.00695254	-0.0125302
PMBB9244667748078	0	71.1	5055.209999999999	1	1	-0.00604585	-0.00437094	-0.00456722
PMBB9245211599610	0	59.5	3540.25	2	3	0.000393407	0.00226131	-0.0109589
PMBB9246264247025	0	41.4	1713.9599999999998	2	1	0.00497957	-0.0131446	0.00379844
PMBB9246289342779	0	62.7	3931.2900000000004	1	1	0.0202534	0.00265338	0.000883518
PMBB9246399618704	1	51.2	2621.4400000000005	1	1	-0.00433036	0.000574176	0.00482255
PMBB9247025264128	0	63.5	4032.25	1	1	-0.00297359	0.00782534	0.0129345
PMBB9247503291614	0	79.9	6384.010000000001	2	1	-0.00258209	0.00881041	0.010244
PMBB9248327293218	0	67.8	4596.839999999999	2	1	0.000274155	-0.00599981	0.00173797
PMBB9248355068451	0	60.3	3636.0899999999997	2	1	-0.00444136	-0.0107546	-0.0041574
PMBB9249069045400	0	37.8	1428.8399999999997	2	3	0.0250293	0.00247552	0.00569007
PMBB9250191714524	0	30.9	954.81	2	2	-0.00296637	0.010122	-0.00678801
PMBB9250894598086	0	43.3	1874.8899999999996	1	1	-0.00383806	0.00180444	0.00495272
PMBB9251055067734	0	40.2	1616.0400000000002	1	2	-0.00502792	-0.00276349	-0.0131931
PMBB9251225333067	0	30.3	918.09	2	1	-0.00668182	0.00115718	0.0036787
PMBB9255268389526	0	29.5	870.25	1	3	0.020739	-0.00926648	0.00236869
PMBB9255864138106	1	57.2	3271.84	2	1	0.0234782	0.00282315	0.00565364
PMBB9256340126873	0	42.7	1823.2900000000002	2	1	-0.00497901	0.0012689	-0.00342935
PMBB9257369041967	0	59.8	3576.0399999999995	2	1	-0.00504746	-0.000516268	-0.00291415
PMBB9258217340399	0	53.2	2830.2400000000002	1	1	0.0209076	0.00110567	-0.000814032
PMBB9258264812982	0	38.7	1497.6900000000003	2	1	0.000759927	0.00612141	0.00209616
PMBB9258628699356	0	34.2	1169.64	1	3	-0.000969374	-0.0048919	-0.00184912
PMBB9260368194981	0	20.3	412.09000000000003	2	1	0.00238188	0.00925813	0.00559735
PMBB9262537246323	0	35.3	1246.0899999999997	2	3	-0.000524485	0.00283018	0.00743282
PMBB9263464807244	0	54.4	2959.3599999999997	2	1	0.0265602	0.00450666	-0.00747393
PMBB9263502255287	0	48.8	2381.4399999999996	2	1	-0.00566413	-0.00443022	0.00706359
PMBB9263747012188	0	52.6	2766.76	1	3	-0.000152984	0.0101952	-0.000378085
PMBB9264866903851	0	22.3	497.29	2	1	0.00437147	0.00938963	-0.000384635
PMBB9265261983167	0	30.0	900.0	1	1	-0.00103759	0.0011524	-0.00285903
PMBB9268170568361	0	61.8	3819.24	2	1	-0.000345302	0.0156365	-0.00274146
PMBB9269096102415	0	30.7	942.49	1	3	0.0215054	-0.00684362	0.000970503
PMBB9273298373167	0	23.1	533.61	2	1	0.00136189	0.00349585	-0.000902856
PMBB9273720699433	0	65.1	4238.009999999999	2	1	0.00384889	-0.0166268	0.00641534
PMBB9275061369876	0	50.7	2570.4900000000002	1	1	-0.00221321	-0.00398665	0.00262694
PMBB9279871562929	0	20.3	412.09000000000003	2	1	0.0035113	-0.0129599	0.000270012
PMBB9280107178745	0	78.1	6099.609999999999	2	1	-0.00463883	0.0121835	-0.00627041
PMBB9280591828865	0	55.3	3058.0899999999997	1	3	-0.00491694	-0.00435964	0.00246366
PMBB9280697569921	0	43.6	1900.96	2	1	-0.00676498	0.00070257	0.00411253
PMBB9282275963222	0	59.8	3576.0399999999995	2	3	-0.00790731	0.00449143	-0.00146578
PMBB9282545646417	0	22.6	510.76000000000005	1	1	-0.0016093	0.0114909	-0.000336781
PMBB9282823956423	0	57.0	3249.0	1	1	-0.00551667	-1.12766e-05	-0.00763793
PMBB9283653921162	0	41.3	1705.6899999999998	2	1	-0.00888727	0.00344978	-0.0063292
PMBB9285047438216	0	69.8	4872.04	2	2	-0.0077496	-0.00172611	0.0060103
PMBB9286077555170	0	55.2	3047.0400000000004	1	1	-0.00509243	0.000572269	0.00211312
PMBB9287058385605	0	73.7	5431.6900000000005	2	1	-0.0063461	0.000590518	-0.000750592
PMBB9287505693483	0	76.3	5821.69	2	3	-0.00622635	-0.00766177	0.00560844
PMBB9292098986371	0	66.3	4395.69	2	1	-0.00123338	-0.00643739	-0.00804345
PMBB9292395663342	0	22.5	506.25	2	1	0.022374	0.000333525	0.00240594
PMBB9293939525910	0	21.9	479.60999999999996	2	1	-0.00317408	0.004087	0.00185583
PMBB9295806128042	0	51.5	2652.25	1	1	0.0286861	-0.0039452	-0.00852652
PMBB9295986850211	0	23.7	561.6899999999999	2	3	0.0252252	0.00104442	-0.0145427
PMBB9298223270469	0	58.9	3469.21	2	1	0.0095555	-0.00188495	-0.00524071
PMBB9298876358650	0	71.7	5140.89	2	1	-0.00631194	0.0047882	-0.00307296
PMBB9300588212776	0	35.1	1232.01	2	2	0.0142497	-0.0068672	-0.00436809
PMBB9301167422501	0	58.0	3364.0	2	3	-0.00645789	-0.00625945	-0.00288378
PMBB9301456448523	0	54.6	2981.1600000000003	2	3	-0.00512279	0.00207542	0.00681465
PMBB9302480481587	0	59.3	3516.49	2	1	-0.00459985	-0.00476348	-0.00201837
PMBB9303761455328	0	36.0	1296.0	1	1	0.0252634	0.00174813	0.00726981
PMBB9303923069720	0	62.2	3868.84	1	2	-0.00844616	0.000105233	0.00147931
PMBB9303939096559	0	59.0	3481.0	1	3	-0.0128484	0.000142691	0.000797305
PMBB9305208108310	0	61.4	3769.96	2	1	-0.00484406	0.00142339	0.00592753
PMBB9308069190005	0	67.1	4502.409999999999	1	1	0.0159132	-0.0208073	0.00556058
PMBB9311811160248	0	54.7	2992.09	1	1	-0.00340177	-0.0165781	-0.00108457
PMBB9312218307133	0	68.2	4651.240000000001	2	3	-0.00228209	0.00988265	0.00385335
PMBB9313047482958	0	67.7	4583.29	1	1	-0.00445805	0.00730361	-0.007827
PMBB9313620871466	0	74.6	5565.159999999999	2	2	0.011129	0.0101451	0.00075035
PMBB9316200433464	0	42.1	1772.41	2	2	-0.00551156	-0.00481195	-0.00147783
PMBB9316424073372	0	63.6	4044.96	1	1	-0.00233266	-0.00109646	-0.00151511
PMBB9316444539697	0	49.0	2401.0	1	3	-0.00786971	0.00198257	0.00515393
PMBB9318781458994	1	75.0	5625.0	2	1	0.00593383	-0.0223391	0.00963877
PMBB9319029541624	0	60.7	3684.4900000000002	2	1	-0.00481685	0.00266075	-0.00692606
PMBB9320218460654	0	61.8	3819.24	2	1	-0.0073737	0.00661409	-0.00092301
PMBB9320441112522	0	51.4	2641.96	2	1	0.010755	-0.0103726	0.00197022
PMBB9320643171739	0	39.3	1544.4899999999998	2	3	-0.000944854	-0.0083224	-0.000956676
PMBB9321468693401	0	49.0	2401.0	2	1	0.0201388	0.00423921	0.0148451
PMBB9321546127344	0	75.1	5640.009999999999	1	1	-0.00281334	-0.00214786	0.00771981
PMBB9321782955441	0	46.6	2171.56	1	1	-0.00134849	0.00587243	-0.00761239
PMBB9321902264983	0	58.6	3433.96	1	1	-0.00111487	0.00879127	0.00297952
PMBB9326901187341	0	36.3	1317.6899999999998	2	2	-0.00207579	-0.00948237	0.00137695
PMBB9327495826638	0	70.6	4984.359999999999	1	1	0.000995913	-0.0117067	0.00484473
PMBB9328848101195	0	30.9	954.81	2	3	0.00757143	-0.00203859	-0.0179862
PMBB9329493125945	0	50.4	2540.16	1	1	-0.0127026	5.35918e-05	-0.00237609
PMBB9329732987822	0	27.1	734.4100000000001	1	3	0.00202329	0.00121137	-0.0165667
PMBB9331508461476	0	67.7	4583.29	2	1	-0.0103138	-0.00594257	0.00156898
PMBB9331688061555	0	31.2	973.4399999999999	2	1	-0.00387971	0.00925602	-0.00536146
PMBB9332593852814	0	59.5	3540.25	2	1	-0.00722873	0.0051853	-0.0051147
PMBB9332971952066	0	68.4	4678.56	2	1	-0.00756001	0.00285358	0.00975736
PMBB9334481164531	0	59.0	3481.0	1	1	-0.00244235	0.00894875	0.00533841
PMBB9335272615670	0	21.7	470.89	2	1	-0.00430364	0.00588129	-0.00424739
PMBB9335304247685	0	57.2	3271.84	1	1	-0.00146975	-0.00621287	-0.007479
PMBB9336208267620	0	72.9	5314.410000000001	2	1	0.000335247	0.000775681	0.00714769
PMBB9337923433894	0	33.9	1149.2099999999998	2	3	-0.00309273	-0.0116544	-0.00643784
PMBB9338480785022	0	64.8	4199.04	1	2	0.01339	-0.000133174	-0.00994543
PMBB9340811752844	0	44.4	1971.36	1	3	-0.00169345	0.00964751	-0.0128033
PMBB9341388236121	0	24.6	605.1600000000001	2	3	-4.67613e-05	-0.0121174	-0.0020385
PMBB9342129514733	0	56.7	3214.8900000000003	1	1	-0.0009138	-0.0110422	0.00600199
PMBB9342169174670	0	58.0	3364.0	1	2	0.00580659	-0.00598184	-0.0020101
PMBB9343150246510	1	66.8	4462.24	1	1	-0.0062942	0.00435813	-0.000462834
PMBB9344285509285	0	44.5	1980.25	2	1	0.000820476	0.00577353	-0.00269356
PMBB9347253728931	0	29.6	876.1600000000001	2	1	0.01101	0.00554674	0.000611921
PMBB9349525261925	0	56.6	3203.56	1	1	0.00301473	-0.00757981	-0.00221381
PMBB9349954825676	0	61.7	3806.8900000000003	1	1	-0.00623655	0.0034395	-0.00126647
PMBB9349981188046	0	54.1	2926.81	2	1	-0.00450592	0.00683839	0.00352285
PMBB9350587747172	0	66.6	4435.5599999999995	2	3	-0.00100859	-0.0240476	0.000903679
PMBB9351702299672	0	65.4	4277.160000000001	1	1	-0.0013266	-4.45961e-05	0.0184743
PMBB9354675028086	0	18.4	338.55999999999995	2	1	-0.00138222	0.00959447	0.00174822
PMBB9355138111839	1	56.2	3158.4400000000005	1	1	0.00168727	-0.00724237	-0.00426688
PMBB9355152779956	0	56.8	3226.24	2	1	0.00080046	0.0083104	0.00187315
PMBB9358319509842	0	68.4	4678.56	2	1	0.0127011	-0.00454875	0.0114027
PMBB9358342013796	0	50.6	2560.36	2	1	0.00172602	-0.0111848	-0.00509592
PMBB9358365509539	0	64.4	4147.360000000001	1	1	-0.00740773	-0.00831637	5.17039e-05
PMBB9359103104803	0	44.8	2007.0399999999997	1	1	-0.00442563	-0.0117902	-0.00222435
PMBB9359711903056	0	46.2	2134.44	1	1	0.0283585	0.00662658	-0.00364576
PMBB9360128803498	0	87.4	7638.760000000001	1	3	0.00308474	-0.00123333	-0.00627189
PMBB9360144988414	0	21.5	462.25	2	1	0.00494104	0.00595641	0.00630796
PMBB9360398492533	0	20.8	432.64000000000004	2	1	-0.00336564	0.00341856	-0.00117992
PMBB9360617672290	0	60.7	3684.4900000000002	2	1	-0.00528633	0.00537581	0.00369986
PMBB9363467326662	0	62.5	3906.25	2	1	-0.00386926	0.0100021	-0.0133746
PMBB9363585603606	0	28.2	795.24	2	1	0.00998979	-0.00105743	0.0163206
PMBB9363802010652	0	53.6	2872.96	1	3	-0.00154864	-0.000196816	-0.0104756
PMBB9363918349269	0	79.7	6352.09	1	1	-0.00840709	-0.00193374	-0.00471253
PMBB9363946621258	1	56.9	3237.6099999999997	2	1	-0.0053624	0.00274628	0.0064651
PMBB9364149277170	0	56.7	3214.8900000000003	2	1	-0.00476123	-0.0149281	0.000276216
PMBB9365336805325	0	57.4	3294.7599999999998	1	1	0.00154553	-0.0121018	0.00228412
PMBB9365483664440	0	23.7	561.6899999999999	2	2	-0.002627	0.00753356	0.00408012
PMBB9365753282157	0	47.0	2209.0	2	1	0.0290403	-0.00366932	3.88072e-05
PMBB9366764127050	0	50.9	2590.81	1	1	-0.0049526	0.00547588	-7.39691e-07
PMBB9366814745666	0	45.0	2025.0	2	1	-0.00532632	0.00752849	-0.00969119
PMBB9370040250543	0	67.6	4569.759999999999	2	1	-0.000764611	0.00762057	-0.0028307
PMBB9371007537689	0	70.6	4984.359999999999	2	1	0.00160973	0.00643222	0.00209304
PMBB9371295709890	0	57.8	3340.8399999999997	2	1	0.00384188	0.00689862	0.013016
PMBB9373010481215	0	71.9	5169.610000000001	2	1	-0.00794882	0.00208234	0.0010866
PMBB9373244998555	0	25.6	655.3600000000001	2	1	-0.00475197	-0.00755738	-0.000379826
PMBB9374696276976	0	80.5	6480.25	2	1	-0.00227953	-0.010692	-0.00737667
PMBB9376400831603	0	48.6	2361.96	2	2	-0.00428905	-0.00397161	0.0167366
PMBB9379702487275	0	25.9	670.81	2	1	0.0245237	0.00316924	0.0056079
PMBB9379952064535	0	28.6	817.96	2	3	-0.000898381	-0.0191998	-0.0171448
PMBB9381199731881	0	53.5	2862.25	2	1	-0.00257359	0.00774083	0.00147848
PMBB9381730491739	0	68.8	4733.44	1	1	-0.0109245	-0.00217159	-0.000632764
PMBB9384501831933	0	48.8	2381.4399999999996	2	1	-0.00402603	-0.00966174	-0.00709829
PMBB9385045026492	0	59.1	3492.81	2	1	-0.0126245	0.00189328	-0.00105443
PMBB9385197363300	0	37.6	1413.7600000000002	2	1	-0.00369502	0.000887685	0.00746472
PMBB9385330147282	0	32.5	1056.25	1	1	-0.00510845	-0.00602989	-0.000665629
PMBB9387852146380	0	63.9	4083.21	1	3	0.00453913	-0.0038306	-0.00772222
PMBB9388097599635	0	27.1	734.4100000000001	1	1	0.0010288	0.00447333	-0.00111646
PMBB9388504666994	0	59.7	3564.09	1	1	0.029634	-0.00155511	-0.0022398
PMBB9388596260393	0	33.9	1149.2099999999998	2	1	0.00101371	0.00738527	0.0114044
PMBB9389720040139	0	44.5	1980.25	2	3	0.00359712	-0.0018309	0.00219314
PMBB9390294953090	0	71.2	5069.4400000000005	1	2	-0.00469183	0.00522882	-0.00922151
PMBB9390617435031	0	38.5	1482.25	2	1	-0.00410201	0.00611511	0.00151886
PMBB9391963849535	0	39.8	1584.0399999999997	1	1	-0.00899113	-0.0130813	0.0105686
PMBB9392706289590	0	52.4	2745.7599999999998	2	1	-0.00332495	-0.00167641	0.00640175
PMBB9393499477330	0	43.3	1874.8899999999996	2	1	-0.00226172	0.00588171	0.0193546
PMBB9393929838703	0	41.8	1747.2399999999998	2	1	0.00313887	0.0124642	-0.0117953
PMBB9395071270554	0	65.6	4303.36	2	3	-0.00670747	-0.00729424	-0.00261939
PMBB9395783695579	0	31.6	998.5600000000001	1	1	0.0120599	-0.00837785	-0.0217065
PMBB9396803934767	0	38.9	1513.2099999999998	1	1	-0.000236384	0.00392003	0.00678867
PMBB9397456433067	0	41.2	1697.4400000000003	2	1	-0.00581097	-0.0116441	-0.0021451
PMBB9397623364285	0	67.7	4583.29	2	1	0.00174604	-0.00924527	-0.0113343
PMBB9397710803855	0	48.1	2313.61	2	3	-0.000353379	0.0126275	-0.00358913
PMBB9397954662166	0	64.1	4108.8099999999995	2	1	-0.0076666	0.00316332	0.000755872
PMBB9398845467535	0	52.2	2724.84	2	1	0.00849897	-0.00306824	-0.00987233
PMBB9398864643526	0	32.0	1024.0	2	1	-0.00203029	-0.0150162	0.00389128
PMBB9399433204770	0	47.9	2294.41	1	3	-0.00261784	0.00206554	0.00544529
PMBB9399481939788	0	59.2	3504.6400000000003	1	1	-0.00160972	-0.00680688	-0.00517022
PMBB9399715758437	0	36.7	1346.89	2	3	-0.00430215	0.0102877	-0.00171249
PMBB9400176828254	0	76.2	5806.4400000000005	2	1	-0.0069455	0.00435453	-0.00424885
PMBB9402005187591	0	27.8	772.84	2	1	-0.00370125	-0.000292651	-0.000318486
PMBB9402048868810	0	38.1	1451.6100000000001	2	1	0.00469202	-0.00264492	-0.0107987
PMBB9402246929214	0	61.1	3733.21	2	1	0.00236289	0.0124527	0.0285383
PMBB9404412369738	0	39.1	1528.8100000000002	2	1	0.0035697	0.014408	-0.0020279
PMBB9405111997034	0	34.9	1218.01	2	1	-0.00371071	-0.0185145	0.0106841
PMBB9406081205473	0	24.2	585.64	2	3	-0.000338356	0.000810671	-0.00317264
PMBB9406296348090	0	64.4	4147.360000000001	1	1	0.00260363	0.0100472	-0.0180348
PMBB9406367552969	0	38.0	1444.0	2	1	0.00368151	-0.0104183	-0.00587551
PMBB9407306192294	0	60.3	3636.0899999999997	2	3	-0.00489883	-0.012147	0.00286217
PMBB9408763977574	0	42.2	1780.8400000000001	2	1	-0.00680908	0.00586361	0.0126145
PMBB9410188405056	0	44.2	1953.6400000000003	1	1	0.0230919	0.00649691	-0.00307169
PMBB9411948187443	0	65.1	4238.009999999999	2	1	-0.00343705	-0.0229434	0.00652479
PMBB9413551680883	0	74.7	5580.09	2	1	-0.00393558	-0.00642487	-0.00419144
PMBB9413966474649	0	28.4	806.56	2	1	-0.0060899	-0.00959076	-0.00377275
PMBB9415201087780	0	72.7	5285.29	2	1	0.00163307	-0.0039954	0.00981802
PMBB9415351923007	0	63.1	3981.61	2	1	-0.00848436	0.00571881	-0.00301306
PMBB9415707163963	0	43.8	1918.4399999999998	2	3	-0.000594612	0.00401613	-0.0141039
PMBB9417004644389	0	32.2	1036.8400000000001	1	1	-0.00846544	0.00564434	0.00683538
PMBB9417330387725	0	63.0	3969.0	1	1	0.00594092	0.0101847	-0.0154889
PMBB9417529786349	0	34.7	1204.0900000000001	2	1	0.00508567	-0.0088714	0.00635421
PMBB9420110469926	0	80.4	6464.160000000001	2	1	0.00740097	0.011068	0.00600621
PMBB9420351174118	0	40.3	1624.0899999999997	2	1	-0.0016431	0.00704048	-0.00891296
PMBB9421635689502	0	52.7	2777.2900000000004	2	3	-0.00572435	0.00237741	0.000344454
PMBB9422498707216	0	63.0	3969.0	2	1	0.000357432	0.000882998	0.00602385
PMBB9422585368329	0	33.5	1122.25	2	1	0.023621	-0.00445561	0.00341677
PMBB9423645899239	0	64.4	4147.360000000001	1	1	-0.00511502	0.00210617	0.000100969
PMBB9424651950629	0	56.9	3237.6099999999997	1	1	0.00230495	0.00812648	0.0125968
PMBB9424679257084	0	36.9	1361.61	2	1	-0.000527004	0.0027533	0.00048214
PMBB9425557864054	0	56.1	3147.21	1	1	-0.010843	-0.00847295	0.00196503
PMBB9427153775573	0	67.0	4489.0	2	3	0.0126833	-0.0104795	0.00625248
PMBB9427830384357	0	57.9	3352.41	1	1	-0.0119815	-0.00156081	-0.00288555
PMBB9428191983825	0	54.0	2916.0	1	3	-0.00677253	0.00624161	-0.00278713
PMBB9429511593236	0	40.7	1656.4900000000002	2	3	-0.000984085	-0.020545	0.000137891
PMBB9429707419851	0	61.0	3721.0	1	3	-0.00999891	-0.00169781	-0.00728333
PMBB9429900791946	0	40.8	1664.6399999999999	2	1	-0.00151248	0.00866455	0.0160442
PMBB9429969270947	0	28.7	823.6899999999999	1	1	-0.00513149	-0.00412854	0.00550502
PMBB9434521275649	0	61.4	3769.96	2	1	-0.000423626	-0.000616935	0.00654471
PMBB9434853523780	0	72.3	5227.29	2	1	-0.00902754	0.00180883	3.94854e-05
PMBB9435213700774	0	53.5	2862.25	1	1	-0.0116068	0.00176086	0.0034062
PMBB9435396113133	1	48.6	2361.96	2	1	0.00846727	0.0131492	0.0029371
PMBB9436323930203	0	21.3	453.69000000000005	1	1	-0.00235445	-0.0100394	0.000421963
PMBB9436937979200	0	48.7	2371.69	2	1	-0.00365778	0.00214218	0.0188214
PMBB9437022437139	0	54.3	2948.49	2	1	0.00856934	0.00267589	-0.0114705
PMBB9437177672231	0	68.7	4719.6900000000005	2	1	0.00483454	-0.003676	-0.0126832
PMBB9438039707978	0	58.6	3433.96	2	1	-0.0047434	0.00226736	-0.00679457
PMBB9438130485856	0	64.4	4147.360000000001	1	1	0.0293755	0.00469604	0.0100848
PMBB9438900522502	0	20.1	404.01000000000005	2	1	-0.00273865	0.00822734	0.00644528
PMBB9438975808242	0	38.3	1466.8899999999999	1	1	-0.00536059	0.00393287	-0.00387924
PMBB9446304260871	0	24.5	600.25	2	1	-0.00454001	-0.0293904	0.0095287
PMBB9446416348120	0	49.0	2401.0	2	1	-0.00821346	0.00258044	0.0123875
PMBB9448570135617	0	66.7	4448.89	1	1	0.0113689	0.022371	-0.00504526
PMBB9449596110313	0	66.2	4382.4400000000005	1	1	0.00100292	0.00122421	-0.00867225
PMBB9450545299588	0	29.1	846.8100000000001	2	3	0.00169485	0.0106074	0.00102888
PMBB9450647647291	0	66.6	4435.5599999999995	2	1	-0.000315686	-0.0119742	0.0115004
PMBB9451628638287	0	63.9	4083.21	1	1	-0.0125862	0.000152159	0.00102656
PMBB9451788696793	0	75.9	5760.810000000001	1	1	-0.00758778	0.00450459	0.0113103
PMBB9452792467223	0	37.4	1398.76	2	3	0.00236864	0.0104234	-0.000199791
PMBB9453556521640	0	67.6	4569.759999999999	1	1	0.00301203	-0.00796376	-0.00613415
PMBB9453692734186	0	27.7	767.29	2	1	0.00525789	-0.0189223	-0.0093466
PMBB9453795607658	0	22.2	492.84	1	1	-0.001052	-0.0185417	0.0160458
PMBB9454539276769	0	37.9	1436.4099999999999	1	1	-0.00672076	0.00664859	0.00798885
PMBB9455295575747	0	34.0	1156.0	2	1	-0.00830108	-0.00492884	-0.0039699
PMBB9455466734758	0	51.2	2621.4400000000005	1	1	-0.00406878	-0.00791606	-0.00576765
PMBB9456031444724	0	69.0	4761.0	1	1	-0.000814735	0.00305682	0.00184373
PMBB9456587053484	0	71.8	5155.24	1	1	-0.0101564	-0.00198554	-0.00721178
PMBB9456600268019	0	63.9	4083.21	2	1	0.00550855	0.00778373	-0.00130811
PMBB9458437844199	0	28.8	829.44	1	1	0.0012926	-0.000744962	-0.00462617
PMBB9458489778984	0	37.2	1383.8400000000001	1	1	0.0244185	0.00742595	0.0101191
PMBB9459833628067	0	33.2	1102.2400000000002	2	1	-0.00169473	-0.0215232	0.00408945
PMBB9460512540246	0	26.9	723.6099999999999	2	1	-0.00383976	-0.027828	-1.45098e-05
PMBB9461538283337	0	54.3	2948.49	1	1	0.000706186	0.00455288	-0.00706082
PMBB9463422275055	0	68.8	4733.44	2	3	-0.0025591	-0.00637793	-0.0101712
PMBB9464274409133	0	63.6	4044.96	1	1	-0.00216999	0.00107017	-0.00415113
PMBB9467070304959	0	50.3	2530.0899999999997	2	1	-0.00631892	0.000112577	-0.0056891
PMBB9468669959307	0	32.8	1075.84	2	3	-0.000962322	-0.000431497	0.00098125
PMBB9468714287068	0	62.0	3844.0	1	1	-0.000302726	-0.0145708	0.00165141
PMBB9468915082569	0	21.1	445.21000000000004	2	1	0.00339825	0.00413599	0.00490993
PMBB9471921104056	0	21.0	441.0	2	1	0.00357841	-0.0134978	-0.00975174
PMBB9472067194575	0	56.2	3158.4400000000005	2	1	0.00334675	0.000354874	0.00142231
PMBB9472099860255	0	71.0	5041.0	2	1	0.0066849	-0.00143652	0.0146304
PMBB9472410193528	0	57.7	3329.2900000000004	1	1	-0.00206649	-0.00561299	0.0034387
PMBB9473036924097	0	71.9	5169.610000000001	2	3	0.00719283	-0.00133701	-0.00558604
PMBB9473186419964	0	53.8	2894.4399999999996	1	1	-0.00179968	0.00221637	-0.0027501
PMBB9473186794149	0	50.2	2520.0400000000004	2	1	-0.00298642	-0.00626572	0.0041845
PMBB9473720247462	0	28.7	823.6899999999999	2	3	-0.00716123	0.0011436	-0.00454333
PMBB9474101209736	1	79.6	6336.159999999999	2	1	-0.00149834	0.0108022	0.0127192
PMBB9475931017299	0	24.7	610.0899999999999	1	3	-0.00241233	0.00344744	0.0107667
PMBB9477625923323	0	24.4	595.3599999999999	2	1	-0.00249297	0.00256352	0.0019527
PMBB9477683504797	0	78.8	6209.44	2	3	0.0053459	-0.00039063	0.00757714
PMBB9478938899395	0	24.6	605.1600000000001	2	3	-0.00319651	0.00901404	-0.000861484
PMBB9480220602087	0	38.9	1513.2099999999998	1	1	0.00664162	0.0026416	0.000108059
PMBB9480225287096	0	32.9	1082.4099999999999	1	1	-0.00128127	0.00728487	-0.00447652
PMBB9480465063714	0	57.2	3271.84	1	1	0.00613691	0.0144954	-0.015556
PMBB9481572012418	0	51.0	2601.0	1	1	-0.00735348	0.00360362	0.00381566
PMBB9483514854542	0	67.8	4596.839999999999	2	1	-0.00219574	-0.0122562	0.0108484
PMBB9483687716720	0	69.7	4858.09	1	1	0.0184192	0.00134861	0.0149336
PMBB9484170292587	0	56.2	3158.4400000000005	1	1	0.000441715	-0.0185453	-0.00246581
PMBB9484206425107	0	57.2	3271.84	2	1	0.000406727	-0.000309086	0.00679214
PMBB9485070995637	0	59.5	3540.25	1	1	-0.00303001	0.00720488	-0.00029015
PMBB9485985172185	0	31.8	1011.24	1	1	-0.00509767	0.00812448	-0.00892938
PMBB9486023174344	0	18.6	345.96000000000004	2	1	-0.00427245	-0.0123279	-0.00245361
PMBB9486103047744	0	43.3	1874.8899999999996	2	1	-0.00416111	0.00481622	0.0104655
PMBB9488565137942	0	30.7	942.49	2	1	-0.00396876	0.00518384	-0.000851064
PMBB9488600958185	0	52.0	2704.0	2	1	-0.0063035	0.00653791	0.00298755
PMBB9489074592755	0	25.5	650.25	2	1	-0.00697191	0.00395528	-0.00513114
PMBB9489331289520	0	62.7	3931.2900000000004	1	1	-0.0070806	0.00174214	0.00491306
PMBB9492502929288	0	67.0	4489.0	2	1	-0.00661042	0.000779437	0.00259166
PMBB9494739012595	0	61.2	3745.4400000000005	2	1	0.00683459	-0.00738213	-0.0168992
PMBB9495704622150	0	24.1	580.8100000000001	2	3	-0.00492548	0.000705517	0.00510487
PMBB9496688202829	0	29.7	882.0899999999999	2	1	-0.00428842	-0.00147753	-0.00975979
PMBB9497235628454	0	31.0	961.0	2	1	-0.00653243	-0.00516049	-0.00536395
PMBB9498053413580	0	45.3	2052.0899999999997	1	1	0.00230986	-0.0157768	0.0135258
PMBB9498429736390	0	45.5	2070.25	1	1	0.00400644	-0.0078721	-0.00492518
PMBB9502062185873	0	27.7	767.29	1	1	0.0117158	-0.0197145	-0.00122843
PMBB9502478103447	0	51.6	2662.56	1	1	-0.00442095	-0.00248395	0.000299412
PMBB9503547159320	0	51.2	2621.4400000000005	2	1	-0.000460253	-0.00524847	-0.00467491
PMBB9503650654226	0	58.2	3387.2400000000002	2	1	-0.00383934	-0.0135947	-0.000143598
PMBB9504067258433	0	56.7	3214.8900000000003	2	3	-0.00980693	-0.000795213	0.000649574
PMBB9504964275380	0	30.8	948.6400000000001	1	1	-0.00158833	0.00799669	-0.00197395
PMBB9505300344145	0	72.2	5212.84	1	1	0.000933913	-0.0027252	0.004558
PMBB9505362374009	0	53.9	2905.21	1	3	-0.000441925	-0.00278536	-0.0165266
PMBB9505404421095	0	47.6	2265.76	2	1	0.00172995	0.00484684	0.0153282
PMBB9505485936547	0	28.0	784.0	1	1	0.0102461	-0.0136742	-0.000549409
PMBB9506049293036	0	57.2	3271.84	2	3	-0.00539479	0.00535228	-0.00126726
PMBB9507738088602	0	56.2	3158.4400000000005	2	1	-0.00326735	-0.00207459	-0.0046614
PMBB9508887565371	0	59.2	3504.6400000000003	1	1	-0.0129947	-0.000227397	-0.000794858
PMBB9509000803679	0	62.4	3893.7599999999998	2	1	0.00361988	0.00943857	0.0012827
PMBB9509561181948	0	30.6	936.3600000000001	2	3	0.000924423	0.00638647	-0.00222611
PMBB9509708146233	0	66.4	4408.960000000001	2	2	0.00731392	0.0154445	-0.00341583
PMBB9510216001302	0	60.6	3672.36	1	1	0.000348217	0.00901623	-0.00462581
PMBB9510834200526	0	48.1	2313.61	2	1	-0.00565904	-0.00828212	0.00164125
PMBB9511265573071	0	57.2	3271.84	1	1	0.00936249	-0.00904189	0.00489227
PMBB9515112363763	0	76.0	5776.0	2	1	0.0157521	0.00309795	0.000824355
PMBB9517467679517	0	31.8	1011.24	1	2	0.021322	-0.000839736	0.00811789
PMBB9519346641466	0	42.0	1764.0	2	1	-0.00693075	0.00202718	-0.00422935
PMBB9519474753547	0	33.3	1108.8899999999999	2	1	-0.00676027	0.00427104	0.00793459
PMBB9520172336539	0	50.2	2520.0400000000004	2	1	0.00176102	-0.0041252	-0.00414121
PMBB9520609830734	0	36.5	1332.25	2	2	0.0233474	-0.0166617	0.00038232
PMBB9520934024018	0	48.5	2352.25	2	1	-0.00819115	-0.00296402	0.00109325
PMBB9522011276573	0	40.1	1608.0100000000002	2	1	-0.00750181	0.002234	-0.00373802
PMBB9522642120669	0	46.2	2134.44	2	1	-0.000964687	-0.00814616	0.0103753
PMBB9522857355649	0	53.3	2840.89	2	3	-0.00402042	-0.00833605	-0.00760199
PMBB9524435547756	0	72.9	5314.410000000001	2	1	0.00821509	-0.00102789	0.000436717
PMBB9525115433561	0	37.5	1406.25	2	1	0.000115836	0.0110825	0.00160435
PMBB9526332909764	0	53.9	2905.21	2	1	-0.00503503	0.00725037	0.00467258
PMBB9526789990223	0	63.3	4006.8899999999994	2	3	-0.00667788	0.00105608	0.00181501
PMBB9527240188325	0	45.0	2025.0	2	3	-0.000529824	0.0093108	0.00503056
PMBB9527327289658	0	25.2	635.04	2	1	-0.00299868	-0.0194483	0.0067331
PMBB9527920382209	0	50.7	2570.4900000000002	2	1	-0.00562233	0.00687375	0.000449972
PMBB9529430747377	0	51.4	2641.96	1	1	0.00518065	0.0086037	0.020422
PMBB9529531054930	0	51.7	2672.8900000000003	2	2	-0.00933249	0.0013196	0.00183527
PMBB9529535893937	0	64.1	4108.8099999999995	2	3	0.0136058	0.00133593	-0.000495268
PMBB9531174637028	0	74.0	5476.0	1	3	0.00419055	0.00101684	-0.0151189
PMBB9532299608778	0	53.1	2819.61	2	3	-0.00678983	-0.0024092	0.00394705
PMBB9532302059833	0	56.8	3226.24	1	3	-0.0126648	-0.00209668	-0.000809072
PMBB9532352157590	0	70.2	4928.04	2	3	-0.00190986	0.00419606	0.00607802
PMBB9533055604331	0	55.5	3080.25	2	1	-0.0011591	-0.0248437	-0.0066586
PMBB9533513859915	0	79.1	6256.8099999999995	2	1	0.0210254	0.00725971	-0.0151095
PMBB9535149303780	0	42.2	1780.8400000000001	2	1	-0.00335045	-0.00715033	-0.00183309
PMBB9535423939625	0	21.0	441.0	2	1	0.00376246	0.00467239	-0.0184685
PMBB9536037807689	0	25.7	660.49	2	1	0.00438434	-0.00250753	-0.000496994
PMBB9536037960428	0	42.4	1797.76	2	3	0.00297667	-0.0176738	-0.0087724
PMBB9536482975665	0	61.8	3819.24	1	1	0.00951279	0.0123315	-0.00663222
PMBB9537263341369	0	54.9	3014.0099999999998	2	1	-0.00126341	-0.00589366	0.00621
PMBB9537597895663	0	74.2	5505.64	2	1	-0.00441885	-0.00633173	-0.0147077
PMBB9538757120105	0	27.4	750.7599999999999	1	2	0.00890751	-0.00108963	-0.00259145
PMBB9538850712459	0	44.6	1989.16	1	2	-0.00020477	0.00400318	0.0101698
PMBB9538933747149	0	43.7	1909.6900000000003	1	1	-0.00791269	-0.00641874	-0.000512218
PMBB9538995009661	0	69.7	4858.09	2	3	0.00418355	0.0140453	0.00897831
PMBB9540855014197	0	45.3	2052.0899999999997	1	1	0.00608189	-0.0199851	-0.0029684
PMBB9541653481982	0	37.8	1428.8399999999997	2	1	-0.00109669	0.00759827	-0.00731184
PMBB9541893228064	1	56.1	3147.21	2	1	0.0151988	0.0123374	0.00785155
PMBB9542244710608	0	26.8	718.24	2	1	-0.0131529	-0.00193651	0.000584689
PMBB9543116942897	0	53.6	2872.96	1	1	0.0209191	0.000414679	0.0119538
PMBB9543360629479	0	52.2	2724.84	1	1	0.0138073	0.0152744	0.00465244
PMBB9543609390733	0	43.3	1874.8899999999996	1	1	0.00607517	-0.0109988	-0.0262764
PMBB9543938433517	0	68.2	4651.240000000001	1	1	-0.00131577	-0.00953251	0.0146165
PMBB9544127322306	0	54.7	2992.09	1	3	-0.00394205	0.00182947	-0.00264584
PMBB9544533280147	1	68.6	4705.959999999999	2	1	0.00256749	0.0120991	-0.0225706
PMBB9544653993083	0	55.6	3091.36	2	1	-0.00549968	0.0034373	-0.000367812
PMBB9545402850641	0	67.3	4529.29	2	1	0.00518942	-0.00447987	0.00526374
PMBB9546225771492	0	33.3	1108.8899999999999	2	1	-0.00207504	0.0082819	0.000977084
PMBB9547105812226	0	28.5	812.25	2	1	-0.00206637	-0.00787746	0.0109493
PMBB9547340052944	0	59.6	3552.1600000000003	2	3	0.00316176	0.00437043	-0.0185163
PMBB9547997113826	0	64.3	4134.49	2	1	0.0041161	0.00715727	0.00923051
PMBB9549376179908	0	51.1	2611.21	2	2	0.00281005	-0.00269235	-0.0101717
PMBB9550752219639	0	25.9	670.81	2	3	-8.2119e-06	-0.00452097	-0.0126146
PMBB9552630173146	0	54.7	2992.09	1	1	0.00121456	-0.0106194	-9.31647e-05
PMBB9553779961589	0	54.0	2916.0	2	1	0.00753982	-0.0151011	-0.00319978
PMBB9553999176945	0	71.4	5097.960000000001	1	1	-0.00166655	0.00725057	-0.000814448
PMBB9554652559464	0	35.5	1260.25	1	3	-0.00392326	0.00566985	0.000962061
PMBB9555734978529	0	32.1	1030.41	2	1	-0.00127041	-0.00664251	-0.000278261
PMBB9556282629967	0	56.9	3237.6099999999997	2	1	-0.00452843	-0.000555489	0.00232345
PMBB9557420161024	0	66.8	4462.24	2	1	0.00389658	0.0177848	-0.00343913
PMBB9557958658299	0	55.9	3124.81	2	3	-0.00601785	0.00234773	-0.000961629
PMBB9558412928444	0	57.3	3283.2899999999995	1	1	0.00126257	-0.00692092	0.0101409
PMBB9558639187364	0	64.0	4096.0	2	3	-0.00425582	-0.00219075	0.00114956
PMBB9559686961122	0	51.3	2631.6899999999996	2	3	0.00119072	0.00729614	-0.016284
PMBB9560337877472	0	21.9	479.60999999999996	2	3	-0.00457355	-0.00464131	0.00751238
PMBB9560799352033	0	81.8	6691.24	1	1	0.00760208	-0.0068577	0.0122667
PMBB9561139728853	0	45.0	2025.0	2	1	0.00365249	-0.00107558	0.00751396
PMBB9561280215433	0	39.8	1584.0399999999997	2	1	0.00483738	0.00491305	0.00383227
PMBB9562729491947	0	72.3	5227.29	2	1	-0.00961224	0.0013827	0.00336225
PMBB9563432953846	0	25.4	645.16	2	3	0.000356398	0.00191854	0.0115913
PMBB9563585564757	0	63.7	4057.6900000000005	1	1	-0.00648084	-0.000769321	-0.00468557
PMBB9564704526774	0	50.0	2500.0	2	1	-0.000737999	0.0066353	-0.0131305
PMBB9565508298831	0	25.3	640.09	2	1	-0.000324359	0.00696668	0.0228971
PMBB9566088376555	0	79.1	6256.8099999999995	1	1	0.00394333	0.0144643	0.0166397
PMBB9566689598980	0	51.1	2611.21	2	1	-0.00473778	-0.0159912	-0.00178917
PMBB9566975215475	0	49.3	2430.49	2	1	-0.00698088	0.00421522	-0.00349171
PMBB9568373028658	0	29.4	864.3599999999999	2	1	-0.000514644	0.00742599	0.0126949
PMBB9570510896647	1	72.4	5241.760000000001	2	1	0.00205008	0.0021583	-0.00341289
PMBB9572140651969	0	24.2	585.64	2	3	-0.0037153	0.00689144	-0.00365018
PMBB9572520012629	0	60.7	3684.4900000000002	2	1	-0.00902646	0.00469307	-0.00410181
PMBB9572730351968	0	40.6	1648.3600000000001	2	1	-0.00137867	-0.00586812	0.00875692
PMBB9574610092692	0	59.4	3528.3599999999997	1	1	-0.0102216	0.00305606	0.00255665
PMBB9576136558682	0	54.2	2937.6400000000003	2	1	-0.000350603	0.00725095	0.00349097
PMBB9577597430719	0	25.0	625.0	2	1	0.0163284	-0.000694079	0.00742194
PMBB9577616861586	0	70.6	4984.359999999999	2	1	-0.00853951	0.00161139	0.00871652
PMBB9578735312488	0	49.1	2410.81	2	1	-0.00528833	-0.0150333	0.00496497
PMBB9578940166186	0	46.8	2190.24	1	1	0.000960471	0.00904047	-0.000195029
PMBB9579614311722	1	57.8	3340.8399999999997	2	2	0.0212654	0.00159314	0.00149853
PMBB9582435775426	0	84.0	7056.0	2	1	-0.00867046	-0.00265129	-0.00280824
PMBB9585459105688	0	35.4	1253.1599999999999	2	1	-0.004533	-0.00399745	-0.00526836
PMBB9585905471654	0	32.1	1030.41	2	3	0.0138103	-0.007226	-0.00903655
PMBB9586181710903	0	66.3	4395.69	2	1	-0.000469238	0.00745937	7.15569e-05
PMBB9589113880144	0	64.3	4134.49	2	1	-0.00345657	-0.00121293	0.00369371
PMBB9589124892587	0	58.4	3410.56	2	2	-0.00717799	-0.00396128	0.00247485
PMBB9591670995620	0	81.9	6707.610000000001	1	1	-0.00559382	0.00455586	0.00137824
PMBB9592239688910	0	25.7	660.49	2	3	0.0299713	0.00273681	-0.00543816
PMBB9593271946777	0	69.6	4844.159999999999	2	1	-0.00069209	0.00895475	0.000535478
PMBB9593412443976	0	62.9	3956.41	2	1	-0.00663281	0.0029428	-0.00306157
PMBB9597361833932	0	61.2	3745.4400000000005	2	1	-0.00223332	-0.0127428	0.00715368
PMBB9597832984092	0	67.3	4529.29	2	1	-0.00439241	-0.00418922	0.00281194
PMBB9599185384056	0	50.5	2550.25	1	1	-0.00439168	0.00186322	-0.0119033
PMBB9602328505507	0	21.5	462.25	2	1	-0.0082758	-0.02407	-0.00369292
PMBB9602863980033	0	61.5	3782.25	1	1	0.02131	0.00343606	0.00442488
PMBB9603061803626	0	21.3	453.69000000000005	2	1	-0.00351503	0.00362306	0.0148218
PMBB9604848356169	0	27.6	761.7600000000001	2	3	0.000638285	0.0151905	-0.0199412
PMBB9604931839763	0	59.6	3552.1600000000003	2	1	0.0120412	-0.00720856	0.0188899
PMBB9608698718604	0	31.4	985.9599999999999	2	1	0.010323	0.00161245	0.00434917
PMBB9608899134357	0	49.1	2410.81	1	3	0.0288691	0.00936457	-0.00405019
PMBB9608986819813	0	44.2	1953.6400000000003	1	1	0.00258866	-0.000943305	0.00227933
PMBB9613258293442	0	30.4	924.16	2	1	-0.00699302	0.000159942	-0.0051152
PMBB9614890212847	0	35.5	1260.25	2	1	-0.00293892	0.00186742	0.00843313
PMBB9615111121795	0	44.0	1936.0	1	1	0.00770075	-0.00859579	-0.00770148
PMBB9616059388420	0	56.8	3226.24	2	1	0.0268949	0.00452534	0.0139074
PMBB9616215685370	0	70.1	4914.009999999999	2	1	0.0243184	0.00119053	0.0073157
PMBB9616567013321	0	43.3	1874.8899999999996	2	1	0.0148515	0.0177924	0.0112225
PMBB9617400800244	0	56.5	3192.25	1	3	-0.00327897	0.0105754	0.000257322
PMBB9617444314080	0	22.2	492.84	2	1	-0.00120489	-0.0106667	-0.0143046
PMBB9618209451107	0	62.5	3906.25	2	1	-0.00660953	-0.00570339	0.000139329
PMBB9618917690957	0	30.6	936.3600000000001	2	1	-0.00320876	0.005368	0.00350944
PMBB9619005486753	0	62.5	3906.25	2	1	-0.0067236	0.00200441	0.00253012
PMBB9620126380533	0	62.6	3918.76	1	1	-0.000832491	-0.0108834	0.00336997
PMBB9620667795068	0	25.5	650.25	2	1	-0.00330231	-0.0104289	-0.00507371
PMBB9621779990743	0	82.7	6839.290000000001	1	1	0.00422747	0.0184717	-0.00632645
PMBB9622402484637	0	75.2	5655.040000000001	2	2	-0.00795908	-0.00144007	-0.00137726
PMBB9626858310304	0	44.3	1962.4899999999998	1	3	-0.00268252	0.00163029	0.0041307
PMBB9627365263668	0	56.1	3147.21	2	2	-0.00280165	0.00746442	0.00397706
PMBB9627490476661	0	59.2	3504.6400000000003	1	1	0.0230737	0.00845285	0.00808428
PMBB9627971520096	1	60.5	3660.25	1	1	-0.00513549	-0.00851385	-0.00624919
PMBB9629122676609	0	29.4	864.3599999999999	2	1	-0.00254639	-0.00901459	-0.000896072
PMBB9629476148407	0	82.1	6740.409999999999	1	1	0.0123535	-0.00441474	0.00725728
PMBB9629686617738	0	63.5	4032.25	2	3	0.000279378	0.0146061	-0.0187917
PMBB9629957279028	0	50.9	2590.81	1	1	0.00053671	-0.0255053	0.0092119
PMBB9629967709933	0	90.0	8100.0	2	1	-0.00392596	0.00664342	0.00359771
PMBB9631417256928	0	51.7	2672.8900000000003	1	1	-0.00491742	0.0074536	-0.00413417
PMBB9631600752082	0	29.6	876.1600000000001	2	3	0.00699534	0.0146275	0.00926374
PMBB9633420005626	0	80.2	6432.040000000001	1	1	-0.00686884	0.00877216	-0.0220158
PMBB9633467171455	0	38.6	1489.96	2	1	-0.00396295	-0.000913231	0.0206274
PMBB9633522488606	0	57.8	3340.8399999999997	2	1	-0.00921505	0.00284558	-0.000618224
PMBB9634193268890	0	66.0	4356.0	2	1	-0.00372913	0.00616793	0.00107869
PMBB9636654791137	0	55.1	3036.01	1	1	0.00641387	0.00156637	0.00415224
PMBB9637757242498	0	68.4	4678.56	2	1	-0.000561291	0.0118101	-0.00302267
PMBB9638552689215	0	72.2	5212.84	1	3	-0.00743584	0.00233938	-0.00418783
PMBB9638702324687	0	22.1	488.4100000000001	2	1	-0.00330932	0.00569666	0.00444525
PMBB9638762320235	0	66.7	4448.89	2	1	-0.00715854	-0.000497087	-0.00455042
PMBB9638967726969	0	66.3	4395.69	2	1	0.0171505	-0.00122918	0.00231888
PMBB9639091585895	0	61.5	3782.25	1	1	-0.00465692	0.00303841	-0.00327913
PMBB9639722716508	0	34.8	1211.0399999999997	2	1	0.0201267	0.000566618	-0.00189681
PMBB9640492028449	0	58.2	3387.2400000000002	1	1	0.00915019	0.00296084	-0.0114897
PMBB9640569890883	0	33.0	1089.0	2	1	-0.00406513	0.00651305	0.00857102
PMBB9641691261715	0	46.6	2171.56	1	1	-0.00736339	0.00191414	0.0106913
PMBB9643010604470	0	32.8	1075.84	2	3	0.00081007	0.0125751	0.0087505
PMBB9644499673215	0	51.6	2662.56	1	1	0.00893367	-0.00504862	-0.0103769
PMBB9645473946465	0	30.3	918.09	2	1	0.00201431	0.00868774	-0.011037
PMBB9646360814261	0	76.2	5806.4400000000005	1	1	-0.00223491	0.00901398	0.00663858
PMBB9646552816342	1	55.8	3113.64	1	2	0.0236882	-0.0139623	-0.00346614
PMBB9647027420265	0	38.7	1497.6900000000003	2	3	0.0186037	0.000488739	0.00243263
PMBB9647439997696	0	18.3	334.89000000000004	2	1	0.00398613	-0.00433153	0.011559
PMBB9647468939668	0	21.7	470.89	2	2	0.00805207	0.0148329	-0.01923
PMBB9647731620256	0	24.6	605.1600000000001	2	3	0.000120805	0.00936397	-0.00206171
PMBB9647894438832	0	53.7	2883.6900000000005	1	1	0.00198499	-0.0144977	0.00252272
PMBB9649081118182	0	35.9	1288.81	2	3	-0.00782161	0.00187704	-0.00560824
PMBB9649600165910	0	36.6	1339.5600000000002	1	3	-0.00129167	-0.00353033	0.00740161
PMBB9649922847776	0	38.3	1466.8899999999999	1	1	-0.00418785	-0.00320644	0.00240117
PMBB9650460983353	1	47.3	2237.2899999999995	2	2	0.00639235	0.00698051	-0.00185366
PMBB9650666659984	1	67.2	4515.84	1	1	-0.00272041	-0.0147575	-0.000267394
PMBB9650825436594	0	44.9	2016.0099999999998	2	3	0.00334239	0.00090053	0.0149045
PMBB9652755227056	0	51.5	2652.25	2	1	0.00393185	0.00941983	-0.0191589
PMBB9653155619357	0	51.5	2652.25	2	3	-0.00647272	0.000113659	-0.00358512
PMBB9653336097951	1	41.9	1755.61	1	3	0.0059859	0.0135339	-0.00341639
PMBB9654079858278	0	34.3	1176.4899999999998	2	1	-0.0111436	0.00262279	-0.00594416
PMBB9655287056331	0	61.6	3794.5600000000004	2	1	0.00184759	0.00904044	-0.0165162
PMBB9655350336930	0	28.9	835.2099999999999	2	1	-0.0032582	-0.00853659	0.00205091
PMBB9655626006105	0	49.6	2460.1600000000003	2	1	8.3703e-05	0.00813912	0.0105164
PMBB9655925550400	0	19.4	376.35999999999996	1	1	-0.000956235	-0.01096	0.00262363
PMBB9656640772084	0	46.7	2180.8900000000003	2	3	-0.00207029	0.0118004	-0.00773258
PMBB9656663772709	0	48.7	2371.69	1	1	-0.00313899	0.00353551	-0.00642027
PMBB9656843075434	0	21.2	449.44	1	1	-0.00754445	0.00533678	-0.00352798
PMBB9656971298207	0	24.3	590.49	2	1	-0.00615086	0.00385254	-0.00258072
PMBB9659741878699	0	54.2	2937.6400000000003	1	3	-0.00108583	-0.00588685	0.0177996
PMBB9660316658019	0	68.5	4692.25	1	3	-0.00105918	0.0101367	-0.00657813
PMBB9661843417383	0	50.9	2590.81	1	1	-0.000290193	0.00877869	-0.000276867
PMBB9662758762515	0	78.6	6177.959999999999	2	1	-0.00659125	-0.00711162	0.00256675
PMBB9662796839648	0	21.7	470.89	2	1	0.00373372	0.0129129	0.0163883
PMBB9664989906814	1	56.0	3136.0	1	1	-0.00529528	0.00424124	0.00537201
PMBB9665859294046	0	82.3	6773.29	2	1	-0.0102065	0.00336242	0.00297246
PMBB9667859584844	0	51.9	2693.6099999999997	2	3	0.00473235	-0.00770515	0.0114529
PMBB9668158653423	0	56.3	3169.6899999999996	1	1	0.00221781	0.00106983	0.00464289
PMBB9668551164179	0	47.7	2275.2900000000004	2	1	0.0139876	0.0142103	-0.011614
PMBB9669048002222	0	32.0	1024.0	2	3	-0.0118879	0.00101757	-0.00128739
PMBB9669082582344	0	55.1	3036.01	2	1	-0.00657288	-0.00233951	-0.00137433
PMBB9672544586033	0	74.2	5505.64	1	3	0.0025974	-0.00269839	0.00211164
PMBB9672630102074	0	59.1	3492.81	1	1	7.47558e-05	-0.0142047	0.0196406
PMBB9673261798454	0	30.7	942.49	1	1	0.0142363	-0.0204357	-0.00155074
PMBB9673307227128	0	62.5	3906.25	1	1	0.00714406	-0.00707406	0.0141409
PMBB9673480221385	0	63.4	4019.56	2	2	0.0142553	0.00509937	-0.00749282
PMBB9673574791813	0	58.1	3375.61	2	1	-0.00545663	-0.00491424	-0.00227795
PMBB9673707785933	0	26.9	723.6099999999999	2	1	-0.00815713	0.00197719	0.00163644
PMBB9674350655757	1	69.5	4830.25	1	1	0.00946174	0.0180734	-0.0194765
PMBB9674898094306	0	36.7	1346.89	2	1	-0.000557904	-0.00988354	-0.010076
PMBB9675042015744	0	55.5	3080.25	2	1	-0.00649088	-0.0178989	-0.00433234
PMBB9675454295875	0	36.3	1317.6899999999998	2	3	0.000761039	0.000304854	0.00103955
PMBB9675475624822	0	71.9	5169.610000000001	2	1	-0.00530149	-0.00750335	-0.00551922
PMBB9675650221875	0	36.1	1303.21	2	1	0.00965821	-0.000166091	0.000762109
PMBB9675690394677	0	38.8	1505.4399999999998	1	1	-0.0126468	-0.00271539	-0.00163233
PMBB9676043700550	1	67.4	4542.760000000001	1	1	-0.00151355	0.00492169	0.00659438
PMBB9676825741160	0	36.1	1303.21	2	2	-0.00809243	0.00286303	0.00204331
PMBB9676921134542	0	44.3	1962.4899999999998	2	1	0.0266505	0.00756728	-0.0008445
PMBB9677195686538	0	71.9	5169.610000000001	2	1	-0.00571681	0.00813196	0.00459762
PMBB9677638797530	0	57.4	3294.7599999999998	1	1	0.00640278	0.0198405	-0.00329199
PMBB9679059243631	0	49.0	2401.0	1	1	0.00802803	-0.00528903	0.0116139
PMBB9679287540468	0	67.2	4515.84	2	3	0.0212854	0.00960792	0.000300366
PMBB9681898131749	0	39.1	1528.8100000000002	2	3	-0.0112574	0.000665443	-0.00170946
PMBB9682395558567	0	59.1	3492.81	1	1	-0.00244332	0.00167607	-0.0069034
PMBB9684064880709	0	21.8	475.24	2	1	0.00984995	0.0169267	-0.00191509
PMBB9684143577061	0	22.0	484.0	1	1	-0.000209887	0.00731394	0.00191749
PMBB9685674381073	0	69.5	4830.25	2	3	-0.000851609	-0.00762402	-0.00731556
PMBB9685724988495	0	43.6	1900.96	2	2	0.00189831	-0.00997161	0.0156193
PMBB9686289169767	0	36.7	1346.89	2	3	0.00110752	-0.0125481	0.00338236
PMBB9687173755161	0	22.9	524.41	2	3	-0.00446247	0.00274925	-0.00421191
PMBB9688372331247	1	48.5	2352.25	2	1	-0.00269198	-0.00456679	0.00298577
PMBB9690176352673	0	30.8	948.6400000000001	2	1	-0.0030892	-0.00369038	-0.00105407
PMBB9692303103465	0	34.6	1197.16	2	1	-0.012851	-0.000144941	-0.0013041
PMBB9693607576600	0	65.6	4303.36	2	1	7.82613e-05	0.0065352	0.00185341
PMBB9695971214903	0	48.8	2381.4399999999996	2	1	0.00859203	-0.0182484	-0.00642833
PMBB9696381288358	0	53.8	2894.4399999999996	2	1	-0.00867478	0.00387056	0.0175877
PMBB9697495254035	0	56.1	3147.21	1	1	0.000310908	0.00390014	-0.0142566
PMBB9698132204660	1	69.8	4872.04	1	1	0.000864087	0.00140571	-0.00936148
PMBB9699421543816	0	44.2	1953.6400000000003	2	1	0.0094588	-0.0287269	-0.00647966
PMBB9700641520908	0	25.6	655.3600000000001	2	1	-0.00101243	-0.00860938	0.00537901
PMBB9701648814058	1	64.4	4147.360000000001	2	1	-0.00880507	-0.00105993	-0.00378093
PMBB9701675918949	0	41.9	1755.61	2	1	-0.00687901	0.00445956	0.00326525
PMBB9701731061346	0	31.2	973.4399999999999	2	3	0.00395373	-0.000694449	0.0148851
PMBB9703054017907	0	38.6	1489.96	2	1	-0.00522283	0.00320135	-0.0177839
PMBB9703286510626	0	50.5	2550.25	2	1	0.00194644	0.00386259	0.00935828
PMBB9705131606190	0	57.8	3340.8399999999997	2	1	-0.0083918	0.0027579	-0.000774899
PMBB9705645390659	0	59.3	3516.49	1	2	-0.00289838	0.00844585	0.0108826
PMBB9707300208294	1	67.4	4542.760000000001	2	1	-0.000697546	0.00359811	0.00652199
PMBB9708088921461	0	27.1	734.4100000000001	2	1	1.33122e-05	0.00716285	0.021775
PMBB9708227511725	0	69.3	4802.49	1	1	-0.0016772	0.00124949	-0.00969111
PMBB9709896388521	0	27.0	729.0	1	1	-0.00164439	-0.00290307	0.00422489
PMBB9710467388674	0	59.9	3588.0099999999998	1	1	-0.00950549	-0.00288899	-5.02041e-05
PMBB9711033275051	0	36.1	1303.21	2	1	0.00278739	-0.00159968	0.000229207
PMBB9713098544189	0	58.3	3398.89	2	1	-0.0102594	0.00353246	-0.000275307
PMBB9713568600034	0	51.3	2631.6899999999996	1	1	0.00402665	-0.0036856	-0.0050343
PMBB9713649975558	0	66.6	4435.5599999999995	2	1	0.000577444	0.00354511	-0.00151017
PMBB9714578294480	0	54.8	3003.0399999999995	2	1	-0.00232511	0.0117823	-0.00961475
PMBB9714831664510	0	29.1	846.8100000000001	2	1	-0.0126657	0.00271814	-0.000420241
PMBB9715095298917	0	80.2	6432.040000000001	1	1	-0.00570821	0.00390529	0.00394287
PMBB9715819064115	0	63.2	3994.2400000000002	2	2	0.00539229	-0.0093593	0.00465652
PMBB9716193102094	0	57.9	3352.41	1	1	0.0096157	-0.0117781	0.00192674
PMBB9720277026116	0	67.1	4502.409999999999	1	1	-0.00326445	0.00822242	0.00359577
PMBB9720380125784	0	30.3	918.09	2	1	-0.012861	-0.00187404	-0.00465134
PMBB9720572638518	0	48.0	2304.0	1	1	-0.0090395	0.00067666	0.00171186
PMBB9720737190720	0	42.4	1797.76	2	3	0.00212867	-0.0213771	-0.00883467
PMBB9722184089549	0	51.2	2621.4400000000005	2	1	0.00457882	0.0056637	-0.00133952
PMBB9722443566608	0	36.4	1324.9599999999998	2	1	-0.00123494	0.00347077	-0.00968016
PMBB9722858735746	0	63.1	3981.61	1	2	-0.00966663	-0.00439673	0.00601895
PMBB9723111071020	0	35.5	1260.25	2	3	-0.00640811	0.00292376	-0.00658824
PMBB9723492715154	0	58.9	3469.21	1	1	0.0189604	-0.00830891	-0.0152482
PMBB9727577286108	0	26.2	686.4399999999999	2	3	0.00467552	0.00910024	-0.00816602
PMBB9731097397753	0	35.4	1253.1599999999999	2	1	-0.00732111	-0.00276344	-0.000522029
PMBB9731139581805	0	49.4	2440.3599999999997	2	2	-0.00184987	-0.00377705	0.00516297
PMBB9731897904088	0	54.7	2992.09	2	1	0.0107816	-0.0206705	-0.0113524
PMBB9732719418397	0	90.0	8100.0	1	1	-0.000370451	-0.00321051	0.00284361
PMBB9733954207210	0	59.2	3504.6400000000003	1	1	-0.0024707	-0.00533773	-0.00549395
PMBB9734638563445	0	55.0	3025.0	2	1	-0.00826927	0.00566536	0.000723862
PMBB9734699062845	0	27.4	750.7599999999999	2	3	-0.00398308	0.010515	-0.00280865
PMBB9734922490367	0	51.1	2611.21	1	1	-0.00922193	0.0053183	0.0118082
PMBB9735748412561	0	41.2	1697.4400000000003	2	3	-0.0122392	0.00213176	-0.00284407
PMBB9738803523126	0	49.0	2401.0	1	2	-0.00934402	-0.000355479	0.00268893
PMBB9738956563014	1	63.4	4019.56	1	1	-0.0029412	-0.00383659	0.00238128
PMBB9739061818354	1	56.3	3169.6899999999996	2	1	-0.00199395	-0.0046654	-0.00375768
PMBB9740275665375	0	32.3	1043.2899999999997	2	1	0.0208722	0.00134389	-9.04893e-05
PMBB9741032588845	0	55.1	3036.01	1	1	0.00603792	0.0150573	0.0188067
PMBB9741318152173	0	35.1	1232.01	2	1	-0.00669892	0.00527	0.00277531
PMBB9743854066574	0	37.9	1436.4099999999999	1	1	-0.00213344	0.00888512	0.00736664
PMBB9745533853856	0	54.0	2916.0	2	1	0.00267611	-0.0288877	-0.00124033
PMBB9746733929485	0	25.6	655.3600000000001	2	1	-0.0126133	0.000493973	-0.00231135
PMBB9747002498005	0	64.8	4199.04	2	3	-0.00295897	0.0034299	0.00834355
PMBB9748941472206	0	23.7	561.6899999999999	2	3	-0.0122158	0.000116507	0.00468007
PMBB9749290985950	0	47.7	2275.2900000000004	2	3	0.00818697	-0.0111389	0.0015873
PMBB9750059788434	0	41.1	1689.21	2	1	0.00165203	0.00780418	-0.00399342
PMBB9751495524871	0	80.4	6464.160000000001	2	1	0.000253652	0.00482329	-0.0131263
PMBB9753322816592	0	54.7	2992.09	2	1	-0.00384874	0.00283509	-0.00889546
PMBB9753912106546	0	33.8	1142.4399999999998	2	1	-0.000959148	-0.0117328	0.00269542
PMBB9754664733323	0	58.7	3445.6900000000005	2	1	0.00822827	-0.0153851	0.0113311
PMBB9754994912884	0	28.7	823.6899999999999	2	3	-0.00702138	-0.00265012	-0.000515308
PMBB9755951805351	0	54.9	3014.0099999999998	2	2	-0.00296002	0.00670059	0.0118527
PMBB9756131696638	0	20.0	400.0	1	1	-0.0082495	0.00492138	-0.000314397
PMBB9756406009364	0	66.4	4408.960000000001	2	1	-0.00927486	-0.000388586	-0.00254813
PMBB9759431427973	0	37.4	1398.76	2	1	0.00756618	0.0182739	-0.008094
PMBB9759940381793	0	47.9	2294.41	2	1	0.00622938	-0.0116644	-0.00260974
PMBB9759967925150	0	44.1	1944.8100000000002	1	1	-0.00521798	0.00365884	-0.0135903
PMBB9763108101557	0	75.0	5625.0	2	1	-0.0086688	-0.00255669	0.00136933
PMBB9765657458326	0	66.3	4395.69	1	1	0.0107517	-0.0097066	0.00908926
PMBB9766273048390	0	28.6	817.96	2	3	-0.00789332	0.000400952	-0.000894657
PMBB9767882766346	0	61.4	3769.96	2	1	0.0123892	0.00102855	0.00331957
PMBB9767942274452	0	53.5	2862.25	2	3	0.00312647	0.00360918	0.00290039
PMBB9768961109384	0	63.5	4032.25	2	3	0.0152476	0.00166949	0.0203162
PMBB9770660186690	0	28.0	784.0	2	3	0.0175323	-0.00495347	-0.00887139
PMBB9773298249660	0	44.0	1936.0	1	1	-0.00847669	-0.000989499	-0.00110016
PMBB9773928126855	0	35.6	1267.3600000000001	1	1	0.00877854	-0.00770125	0.0151492
PMBB9775031724245	0	50.7	2570.4900000000002	1	3	0.00238257	0.00123503	-0.00725912
PMBB9775920342983	0	65.9	4342.81	1	1	-0.00687929	0.00692	-0.00304731
PMBB9777900878310	0	22.7	515.29	2	1	0.000737854	0.0107374	-0.00541156
PMBB9779602645917	0	25.9	670.81	1	3	-0.00727402	-0.00410671	-0.00203946
PMBB9779863241826	0	57.9	3352.41	2	2	-0.00792716	0.00238884	0.000827781
PMBB9782105909988	0	72.3	5227.29	2	2	-0.00803851	0.00048092	-0.00100822
PMBB9782262123804	0	61.4	3769.96	2	1	0.00186141	0.00172319	0.00560145
PMBB9782677627489	0	36.6	1339.5600000000002	2	1	-0.00251017	0.00524767	0.0113332
PMBB9785395897492	0	29.0	841.0	2	3	-0.00258173	0.00281506	0.000118262
PMBB9785751268221	0	51.2	2621.4400000000005	1	1	0.00871313	0.00241628	-0.000773425
PMBB9786039231508	0	75.6	5715.359999999999	1	1	-0.00156175	0.00717438	0.0020588
PMBB9786753405357	0	69.4	4816.360000000001	1	3	-0.00922329	0.000768686	-0.00176628
PMBB9787006402505	0	34.5	1190.25	1	1	0.00372685	-0.000465415	-0.0163974
PMBB9788072522602	0	49.8	2480.0399999999995	2	1	0.0034479	0.00835613	-0.0110094
PMBB9788615785396	0	34.4	1183.36	2	3	-0.00174191	0.00989666	-0.0138324
PMBB9788651373359	0	52.8	2787.8399999999997	2	1	-0.0093148	0.000384861	-0.00277876
PMBB9788911323842	0	64.7	4186.09	1	1	6.71513e-05	0.00457628	0.00334771
PMBB9789609123891	0	51.5	2652.25	1	1	-0.00331448	0.00366153	-0.00259286
PMBB9789658914118	0	21.9	479.60999999999996	2	1	-0.00361852	-0.00749176	0.00613124
PMBB9790487730566	0	58.5	3422.25	2	1	-0.00728185	0.00573608	-0.00493534
PMBB9791486946938	0	61.3	3757.6899999999996	1	1	0.000848349	-0.0115412	-0.0038935
PMBB9791563868045	0	70.0	4900.0	1	1	-0.00531323	0.00521122	-0.00216229
PMBB9791710728595	0	41.5	1722.25	2	1	-0.00127735	0.0119562	-0.0204049
PMBB9791821531310	0	41.8	1747.2399999999998	1	3	0.00629617	-0.0121249	0.00786508
PMBB9793549012515	0	51.2	2621.4400000000005	1	1	0.00873473	0.000248769	0.00650844
PMBB9793724416453	0	91.7	8408.890000000001	2	3	-0.00164091	-0.000279954	-0.00299502
PMBB9794242592596	0	54.8	3003.0399999999995	2	1	-0.00495562	0.00309539	0.00912998
PMBB9794371186500	0	28.0	784.0	2	1	-0.00115465	-0.0046284	-0.00499371
PMBB9795275214154	0	71.9	5169.610000000001	1	1	0.00610685	0.0161159	-0.00303052
PMBB9795458948691	0	58.3	3398.89	2	1	-0.00685371	0.00158683	-0.000560526
PMBB9795540010095	0	49.4	2440.3599999999997	2	1	-0.0097171	0.000709745	-0.000948944
PMBB9796564215576	0	64.8	4199.04	1	1	-0.00111826	-0.0036803	0.00747159
PMBB9797209246520	0	42.3	1789.2899999999997	2	1	-0.00304067	-0.00589194	-0.0182957
PMBB9797335491272	0	24.7	610.0899999999999	2	1	8.00718e-05	-0.00457067	-0.0117111
PMBB9798366006106	0	59.2	3504.6400000000003	1	1	-0.00304757	-0.00038303	0.0149366
PMBB9799316402369	0	64.6	4173.159999999999	2	1	-0.00555142	0.00108372	0.00120129
PMBB9800177132011	0	55.8	3113.64	2	2	0.00613139	-0.00458115	0.0173938
PMBB9801246401395	0	40.7	1656.4900000000002	1	1	0.000439733	0.0121299	-0.00318564
PMBB9802710560052	0	51.1	2611.21	2	1	0.000344386	0.00836989	-0.0119691
PMBB9805871991407	0	70.6	4984.359999999999	2	1	-0.00750777	-0.00211413	0.0089973
PMBB9808091606161	0	41.1	1689.21	2	3	-0.00375466	-0.00979686	-0.00308237
PMBB9808170264264	0	60.0	3600.0	2	1	-0.00485616	-0.00359248	0.00563115
PMBB9808388555599	0	49.9	2490.0099999999998	1	3	-0.00628018	0.000392046	-0.00248473
PMBB9808430832249	0	33.2	1102.2400000000002	2	1	0.000325417	-0.000697726	0.00324936
PMBB9809048616207	0	31.4	985.9599999999999	2	1	-0.00812989	0.00336322	-0.0015
PMBB9810569412805	0	81.8	6691.24	1	1	-0.00361362	0.0116597	0.0122446
PMBB9811021606832	0	74.9	5610.010000000001	1	1	-0.00832867	0.00345264	0.004153
PMBB9811620640433	0	66.2	4382.4400000000005	2	1	-0.00322932	0.00579289	0.00190764
PMBB9812985202160	0	46.9	2199.6099999999997	1	1	-0.0075775	0.00388864	0.00583396
PMBB9814331489030	0	24.4	595.3599999999999	2	1	-0.00699707	0.00631494	-0.00590434
PMBB9815239910980	0	27.5	756.25	2	3	0.0065508	-0.0114951	0.0115187
PMBB9816206722164	0	55.3	3058.0899999999997	2	1	-0.00402651	0.000427716	-0.00460185
PMBB9817964264807	0	20.8	432.64000000000004	2	1	-0.00525709	0.00388215	0.00326239
PMBB9818320510536	0	59.4	3528.3599999999997	1	1	0.00499077	-0.00872363	0.00242313
PMBB9818874221230	0	23.8	566.44	2	1	-0.012283	0.00160122	-0.00196507
PMBB9819313669007	0	87.0	7569.0	2	1	-0.0029946	-0.0032895	0.00932705
PMBB9819813402756	0	52.4	2745.7599999999998	1	1	-0.00611762	0.0061884	0.00208349
PMBB9820109193419	0	61.5	3782.25	2	1	-0.00781011	0.00454582	0.00581138
PMBB9820547889993	0	65.0	4225.0	2	1	-0.00307449	-0.0112654	0.0117898
PMBB9821566458560	0	40.0	1600.0	1	2	0.00192805	-0.00285312	0.0120305
PMBB9822619447955	0	47.4	2246.7599999999998	2	1	-0.0065902	0.0019263	-0.000139129
PMBB9822766831746	0	37.4	1398.76	2	1	0.0101548	-0.00501756	-0.00430896
PMBB9822887709716	1	55.0	3025.0	2	1	0.00226998	0.0116108	0.0150564
PMBB9824537312021	0	55.1	3036.01	2	1	0.010873	-0.00191765	-0.00799891
PMBB9824693787641	0	44.7	1998.0900000000001	2	3	-0.00453938	-0.00420636	0.00509169
PMBB9825025001686	0	37.4	1398.76	1	1	-0.00587251	0.00152338	0.00274434
PMBB9825282115904	0	40.6	1648.3600000000001	2	1	-0.00142639	-0.0112903	0.00346717
PMBB9825334152077	1	67.7	4583.29	1	1	-0.00535282	0.0044937	0.00825367
PMBB9825917236598	0	68.2	4651.240000000001	2	1	0.00352802	-0.00156381	-0.000937958
PMBB9827550010963	0	34.3	1176.4899999999998	2	3	-0.004957	-0.00179028	-0.00238217
PMBB9827651053200	0	44.8	2007.0399999999997	2	1	0.00818329	0.0124021	0.00936874
PMBB9829707985975	0	53.1	2819.61	2	1	0.00287616	0.0135851	-0.00525399
PMBB9831674973766	0	40.8	1664.6399999999999	2	1	0.00836051	0.00319492	0.0110622
PMBB9832828323276	0	22.8	519.84	1	1	0.00619273	0.0105504	0.0213599
PMBB9834868094880	0	43.6	1900.96	2	1	-0.0072517	-0.00183571	-0.000441412
PMBB9835580993003	0	40.7	1656.4900000000002	1	1	-0.00489291	-0.00383204	-0.0130085
PMBB9836011914502	0	27.1	734.4100000000001	2	3	-0.00468222	-0.000791505	-0.0111646
PMBB9836330747709	0	63.6	4044.96	1	1	-0.00738823	-0.00423032	0.00290797
PMBB9838206869343	0	55.5	3080.25	2	1	0.0230842	-0.000599891	0.0101494
PMBB9838339845215	0	73.1	5343.609999999999	1	1	0.00691749	-0.00206752	-0.0106545
PMBB9838774339113	0	56.4	3180.96	2	1	-0.000832877	-0.00309034	0.00795875
PMBB9840264148549	0	61.2	3745.4400000000005	1	1	-0.00626927	0.00710312	0.00175565
PMBB9840752038548	0	54.1	2926.81	2	1	-0.00391177	-2.2268e-06	-0.00543507
PMBB9841514781563	0	44.0	1936.0	2	1	0.00308227	0.00399467	0.0187938
PMBB9842340215572	0	38.7	1497.6900000000003	2	2	-0.00311784	-0.00609786	-0.0149347
PMBB9846595914403	0	46.2	2134.44	1	1	-0.00431367	0.00395557	-0.0211061
PMBB9847047867164	0	72.6	5270.759999999999	1	1	0.00189896	-0.0053793	0.00827185
PMBB9848401251124	0	52.2	2724.84	2	1	-0.00160787	0.0101523	-0.00249172
PMBB9849778574727	0	63.0	3969.0	2	1	-0.00927557	0.00661947	-0.0126061
PMBB9850023295107	1	68.7	4719.6900000000005	2	1	-0.00529419	0.00507305	0.00160469
PMBB9850529565064	0	45.5	2070.25	2	1	-0.000692101	-0.00710479	0.00320734
PMBB9852379515498	0	36.9	1361.61	2	1	-0.00836798	0.00648647	0.00699951
PMBB9854348850613	0	45.0	2025.0	1	1	0.00732549	-0.0223961	-0.006346
PMBB9855906140782	0	63.3	4006.8899999999994	1	1	-0.0048318	0.00474062	0.00791707
PMBB9856558104180	0	25.0	625.0	2	3	-0.000963417	-0.0148606	-0.00631912
PMBB9856811877771	0	54.8	3003.0399999999995	2	2	-0.00390905	0.00759301	0.00909295
PMBB9857082872400	0	36.5	1332.25	1	1	0.00867925	0.00306456	-0.00494169
PMBB9857373203569	1	90.0	8100.0	2	1	0.0226217	-0.0024549	-0.00571366
PMBB9858743608147	0	74.1	5490.8099999999995	1	1	-0.00489225	0.00484865	0.0187261
PMBB9859884680946	0	65.4	4277.160000000001	1	1	-0.00630301	-0.00498401	0.00053287
PMBB9863036348554	0	60.8	3696.64	1	3	0.0093334	0.00331827	-0.00809087
PMBB9863089273336	0	33.3	1108.8899999999999	2	1	-0.00451757	0.00718492	0.000700418
PMBB9863993038431	0	57.9	3352.41	1	1	0.00918709	0.00501536	-0.00992147
PMBB9864805973723	0	35.8	1281.6399999999999	2	1	-0.00108293	-0.0130234	-0.000188278
PMBB9865972205943	0	41.5	1722.25	2	1	-0.00746071	0.0029474	-0.000313505
PMBB9866213875638	0	34.7	1204.0900000000001	2	1	-0.00347674	0.00508252	0.00248492
PMBB9867838469197	0	59.6	3552.1600000000003	1	1	-0.00796863	0.00540812	-0.0108127
PMBB9868650331840	0	64.8	4199.04	2	1	-0.00927907	-0.000982101	-0.0051848
PMBB9869310724323	0	74.3	5520.49	2	3	-0.00427876	0.00122189	0.00921821
PMBB9869311825416	0	31.5	992.25	2	1	-0.00169034	0.00478687	0.00268558
PMBB9869525295145	0	46.4	2152.96	2	3	0.000946188	-0.00694416	-0.00717655
PMBB9869883291360	0	56.6	3203.56	2	1	0.00638647	-0.02198	0.00382619
PMBB9877399163194	0	39.8	1584.0399999999997	2	1	0.0261776	-0.0111019	-0.0154328
PMBB9879960872473	0	67.5	4556.25	2	1	-0.00147137	-0.00842209	-0.00905933
PMBB9880031937958	0	79.9	6384.010000000001	2	1	-0.00259205	0.0125097	-0.0137687
PMBB9880067934996	0	61.6	3794.5600000000004	2	3	0.0100795	0.0114711	-0.018852
PMBB9880165417856	0	31.4	985.9599999999999	2	1	0.00227902	-0.00684738	-0.00355092
PMBB9880862380953	0	57.3	3283.2899999999995	2	2	-0.0052928	-0.00612107	-0.0115749
PMBB9882296777178	0	50.3	2530.0899999999997	1	1	-0.00877278	0.00338257	-0.00928439
PMBB9883929424748	0	67.8	4596.839999999999	2	1	0.00872512	0.0104714	0.00777959
PMBB9885096964662	1	59.3	3516.49	1	1	-0.00106076	0.00290192	0.000961539
PMBB9885153308130	0	60.6	3672.36	2	1	0.00469711	-0.00967843	0.00576106
PMBB9885251505134	0	50.1	2510.01	2	2	-0.00113841	-0.00260509	-0.0111591
PMBB9885490253214	1	66.6	4435.5599999999995	2	1	-0.00516581	-0.00223095	-0.0112667
PMBB9887220666242	0	55.4	3069.16	2	1	-0.00152051	0.0112781	-0.0144761
PMBB9887329929035	0	65.3	4264.089999999999	1	1	-0.000220711	0.00497014	0.00543224
PMBB9887367122641	0	21.8	475.24	2	1	0.0239968	0.00503701	-0.000805311
PMBB9887532550718	0	71.5	5112.25	2	1	-0.00993788	0.00318409	-0.000577521
PMBB9889914498284	0	57.6	3317.76	2	1	-0.00689783	0.00335922	0.008454
PMBB9890773755870	0	78.9	6225.210000000001	1	1	-0.00760838	0.00529527	-0.00922015
PMBB9892041356941	0	67.9	4610.410000000001	1	1	-0.00369915	-0.00346384	0.00592893
PMBB9892514781677	0	50.2	2520.0400000000004	1	3	-0.00425102	-0.00555342	0.00491902
PMBB9892599535142	0	28.8	829.44	2	2	0.00030708	-0.00946856	0.010224
PMBB9893090770633	0	47.0	2209.0	2	1	-0.00687301	0.00471624	-0.000531632
PMBB9894408132422	0	35.5	1260.25	2	1	0.000298341	-0.025269	0.00167105
PMBB9896534311468	0	38.3	1466.8899999999999	1	3	0.012369	-0.00234925	-0.0192091
PMBB9897022473475	0	50.1	2510.01	1	1	0.0014121	0.0127684	0.00695968
PMBB9898238260015	0	42.3	1789.2899999999997	2	1	-0.00988388	-0.00237247	0.000420948
PMBB9899294049305	0	39.1	1528.8100000000002	2	1	0.00723689	-0.00956123	0.021317
PMBB9901123754946	0	26.9	723.6099999999999	2	3	0.0036902	-0.0157591	-0.0107003
PMBB9901198864929	0	34.2	1169.64	2	1	0.000629037	0.00936822	0.00512749
PMBB9902394332175	0	62.3	3881.2899999999995	1	3	-0.00517398	-0.00813486	-0.0010621
PMBB9904145638524	0	53.5	2862.25	1	1	-0.000645811	-0.00925124	0.00612894
PMBB9905943605015	0	53.2	2830.2400000000002	1	1	-0.00351514	-0.0114325	0.00517499
PMBB9906836397844	0	55.1	3036.01	1	1	-0.00679363	-0.00841796	-0.00314609
PMBB9907311476090	0	72.8	5299.839999999999	2	1	-0.00808426	0.00746908	-0.00183946
PMBB9908358400953	0	32.2	1036.8400000000001	2	1	-0.00101902	-0.000223991	-0.00213406
PMBB9910347089591	0	38.5	1482.25	2	1	-0.00215522	-0.00796619	-0.00486129
PMBB9911087962311	1	47.8	2284.8399999999997	1	1	-0.000968246	0.0101717	0.00276273
PMBB9911092455522	0	67.7	4583.29	2	1	-0.00203702	0.00884506	0.00375176
PMBB9913074677298	0	50.5	2550.25	2	1	-0.00334497	-0.0129163	0.00711598
PMBB9913634668409	0	40.6	1648.3600000000001	2	1	-0.0124636	-0.00020013	0.00105973
PMBB9917140492446	0	30.1	906.0100000000001	2	3	-0.00215311	0.00869905	0.0096414
PMBB9918015502015	0	51.3	2631.6899999999996	2	1	0.00233571	-0.0104823	0.00194087
PMBB9919629584051	0	36.5	1332.25	1	1	-0.00799674	-0.000209607	-0.00582165
PMBB9919929967787	0	43.1	1857.6100000000001	2	1	-0.00224212	0.00301053	0.0120751
PMBB9921174295206	0	47.0	2209.0	1	1	-0.005681	0.00698208	0.00234589
PMBB9921566707942	0	25.1	630.0100000000001	2	1	0.00968707	0.0141501	-0.009434
PMBB9922516520569	0	28.1	789.6100000000001	2	1	-0.00340536	0.00614242	0.00733188
PMBB9924127158984	0	24.8	615.0400000000001	1	1	0.00196772	0.00947295	-0.000323919
PMBB9925816161592	0	65.1	4238.009999999999	1	1	0.000583309	0.00745331	-0.00399799
PMBB9925968298216	0	49.1	2410.81	2	1	0.00856464	0.00876241	0.00226088
PMBB9926836452030	0	47.3	2237.2899999999995	1	1	-0.00458151	0.00825812	0.00910429
PMBB9926944027630	0	27.8	772.84	2	3	0.00643091	0.000460591	-0.00972377
PMBB9927259588250	0	23.0	529.0	2	1	0.013322	0.0155534	-0.0116572
PMBB9928562044816	0	54.0	2916.0	2	1	0.0206459	-0.00194714	0.00940351
PMBB9929081810394	0	34.3	1176.4899999999998	1	1	0.0262354	-0.00365578	0.00673691
PMBB9929583383601	0	43.5	1892.25	1	1	-0.00703453	0.00281337	0.00169628
PMBB9930179747862	0	41.9	1755.61	2	1	-0.000622573	-0.0108728	0.00663097
PMBB9930338383284	0	38.8	1505.4399999999998	1	1	0.0248989	-0.00103948	-0.00917367
PMBB9930377805810	0	38.6	1489.96	2	1	-0.00319738	-0.0133699	-0.00776675
PMBB9931053226377	0	74.1	5490.8099999999995	1	1	0.00485247	0.00846153	0.00249207
PMBB9932694257089	0	60.4	3648.16	2	3	0.0041217	-0.00117586	-0.00988205
PMBB9932791187755	0	30.5	930.25	1	1	-0.00807582	0.00277291	0.00240134
PMBB9932844050695	0	39.4	1552.36	2	1	-0.00717202	0.00328551	-0.00285122
PMBB9933311042465	0	32.0	1024.0	2	1	-0.00639933	0.00380838	0.000268346
PMBB9933634310886	0	21.9	479.60999999999996	2	1	0.000730814	0.0138934	0.000382145
PMBB9933676219634	0	78.4	6146.560000000001	1	2	0.00229833	0.0026885	-0.0103252
PMBB9935731122137	0	40.3	1624.0899999999997	2	3	-0.00537423	0.00285722	0.00824401
PMBB9936122224285	0	55.9	3124.81	2	1	-0.00175424	-0.00190001	0.00625758
PMBB9937396306642	0	66.5	4422.25	1	1	-0.00496439	-0.000658285	0.00591012
PMBB9938497702138	0	29.3	858.49	2	1	-0.00231561	-0.00380213	0.00178609
PMBB9940628752890	0	34.5	1190.25	2	3	0.00204154	0.00374238	0.0140372
PMBB9941134716223	0	58.9	3469.21	2	1	-0.00236016	0.00877368	0.008336
PMBB9941179655933	0	54.1	2926.81	2	1	0.00309986	-0.0115753	0.00288861
PMBB9941381494282	0	44.7	1998.0900000000001	1	1	-0.00379469	-0.00209482	-0.00462223
PMBB9942504798510	0	32.9	1082.4099999999999	2	1	0.0051288	-0.00543583	0.0159093
PMBB9943308194948	0	55.4	3069.16	1	3	-0.000413285	0.00616656	-0.00735211
PMBB9945283789734	1	68.0	4624.0	2	1	-0.00816461	0.002	-0.00373608
PMBB9945630380595	0	29.3	858.49	2	1	-0.00892188	-0.000152886	0.00255736
PMBB9945667930845	0	59.9	3588.0099999999998	2	2	-0.00315418	0.00212773	-0.00316591
PMBB9945691395858	0	48.5	2352.25	2	1	-0.00639005	-0.00593937	-0.000632638
PMBB9945889758963	0	28.9	835.2099999999999	2	3	-0.00497105	0.003523	0.00752759
PMBB9946189022472	0	45.0	2025.0	2	1	0.0222638	-0.00665283	0.00951855
PMBB9946398836475	0	49.0	2401.0	1	2	0.0125419	-0.00146771	0.00158079
PMBB9946790025449	0	59.2	3504.6400000000003	2	1	-0.00212408	-0.00308509	-0.00689793
PMBB9947122639972	0	47.3	2237.2899999999995	2	2	-0.00837894	-0.00119791	-0.00409073
PMBB9947211901700	0	27.1	734.4100000000001	2	1	-0.00360537	0.00718165	-0.00564563
PMBB9947870741690	0	60.4	3648.16	2	3	0.0108593	-0.00800328	0.0113443
PMBB9949432841859	0	40.4	1632.1599999999999	2	3	-0.0125232	-0.00149459	-0.00101171
PMBB9950585549407	0	28.9	835.2099999999999	2	1	-0.0119344	0.00224039	-0.011069
PMBB9950602225550	0	47.3	2237.2899999999995	2	1	0.0232514	-0.00733756	-0.0155221
PMBB9951151206891	0	70.4	4956.160000000001	2	1	0.0015767	-0.00518049	-0.00148552
PMBB9951582764501	0	50.0	2500.0	2	1	-0.00531199	3.75676e-05	-0.0035077
PMBB9951744477806	0	58.9	3469.21	1	1	0.0037333	0.00460218	-0.0231789
PMBB9953281158747	0	79.0	6241.0	2	1	0.00514533	0.0145476	-0.0152084
PMBB9954201498224	0	43.2	1866.2400000000002	2	1	-0.00378925	0.00520115	0.0064757
PMBB9959363593193	0	22.3	497.29	2	3	0.00232492	0.0137668	0.00372115
PMBB9960524006994	0	58.6	3433.96	1	1	0.00832941	-0.00289667	-0.0258827
PMBB9960555473672	0	31.1	967.21	2	3	-0.00738444	0.00380536	-0.00244443
PMBB9961228337161	0	34.1	1162.8100000000002	1	1	-0.00300522	0.00656558	-0.0157725
PMBB9961852268629	0	28.9	835.2099999999999	2	1	0.000644282	-0.00208231	-0.0158849
PMBB9962993100042	0	25.7	660.49	2	1	-0.00524586	0.00809635	-0.0052543
PMBB9963045882900	0	31.4	985.9599999999999	2	3	-0.00645544	0.000897525	0.00179814
PMBB9963180337451	0	71.0	5041.0	2	1	0.00584664	-0.000346766	-9.86554e-05
PMBB9964427025366	0	52.0	2704.0	1	3	-0.000928395	0.000755966	-0.00830057
PMBB9966387660378	0	48.4	2342.56	1	3	-0.00623411	0.00361693	0.0116263
PMBB9966408515853	0	56.3	3169.6899999999996	2	1	0.00450182	0.00617421	0.000136065
PMBB9966428061308	0	30.6	936.3600000000001	2	1	0.00619534	0.000292321	0.0112162
PMBB9966645982969	0	29.3	858.49	2	1	0.00162334	0.00211877	-0.00374534
PMBB9966981083522	0	62.9	3956.41	2	1	-0.00771638	0.000411677	0.00688607
PMBB9967320840835	0	42.8	1831.8399999999997	2	1	0.000451965	0.0111535	-0.00143705
PMBB9967466004640	0	37.9	1436.4099999999999	1	3	-0.00446895	0.00110516	-0.000101902
PMBB9967928703074	0	33.0	1089.0	2	2	-0.0127943	-0.000333771	-0.000623437
PMBB9968076426930	0	53.5	2862.25	1	3	0.00131862	0.0133989	-0.000968164
PMBB9968741939571	0	22.2	492.84	2	3	-0.00679918	0.000217267	-0.00182204
PMBB9969693817669	0	29.5	870.25	2	1	-0.00223378	0.00317288	-0.00110203
PMBB9970584491695	0	66.0	4356.0	1	1	-0.00293698	-0.00723203	0.00116751
PMBB9972198102150	0	31.3	979.69	2	2	-0.00565899	-0.00451062	-0.00135917
PMBB9972881990648	0	57.5	3306.25	1	1	-0.00601782	-0.00496718	-0.00567518
PMBB9973621390178	0	36.2	1310.4400000000003	2	1	0.0202202	0.00362052	0.00558807
PMBB9974926976627	0	24.9	620.0099999999999	2	3	0.00120186	0.0126156	0.00953476
PMBB9975399008185	0	55.7	3102.4900000000002	1	1	-0.00102006	-0.00784306	0.00193461
PMBB9978039544339	0	54.3	2948.49	1	3	0.00417208	0.0117822	-0.0083776
PMBB9979345692786	0	73.5	5402.25	1	1	-0.00256685	0.00240622	0.00557834
PMBB9979377926213	0	29.6	876.1600000000001	2	1	0.0097132	-0.00837046	0.000218565
PMBB9979900856719	1	67.9	4610.410000000001	1	3	0.0196399	-0.0217176	-0.000168454
PMBB9980318863263	0	72.4	5241.760000000001	1	1	0.00131832	0.00569877	0.00143644
PMBB9980623712402	0	59.2	3504.6400000000003	1	1	-0.000871088	-0.00219316	0.000723072
PMBB9981121743449	0	36.4	1324.9599999999998	2	3	-0.012565	-0.00201335	-0.000685303
PMBB9982216630555	0	27.2	739.8399999999999	2	3	-0.00190693	-0.00137973	-0.00288545
PMBB9985486645232	0	37.6	1413.7600000000002	2	1	-0.00526576	-0.0184564	-0.0027803
PMBB9987175234363	0	44.3	1962.4899999999998	2	3	0.017098	0.0044597	-0.00887884
PMBB9988118591801	0	77.1	5944.409999999999	2	1	0.000338821	0.0143148	0.0193317
PMBB9988994212205	0	48.4	2342.56	2	3	-0.00978821	0.00115901	-0.0045713
PMBB9989644727100	0	32.3	1043.2899999999997	1	1	0.0214113	-0.00771131	0.0012587
PMBB9992556888337	1	66.3	4395.69	1	1	-0.00558272	0.00129323	-0.00181044
PMBB9994277803745	0	55.6	3091.36	1	1	0.00149431	0.00156353	0.00315702
PMBB9994440421463	0	64.4	4147.360000000001	1	1	0.00839463	0.0117632	0.00332724
PMBB9995854471243	0	69.4	4816.360000000001	1	1	0.00119631	0.0110321	-0.00220716
PMBB9996066034305	0	39.5	1560.25	1	2	-0.00467086	0.00668686	0.00612829
PMBB9996178780580	0	41.1	1689.21	1	3	-0.000195935	0.00987314	0.00338407
PMBB9996691828002	0	33.8	1142.4399999999998	2	1	-0.00097581	-0.0036053	2.54102e-06
PMBB9998000649679	0	70.9	5026.81	2	1	-0.00582869	-0.0168061	-0.00308353
PMBB9998399877731	0	27.9	778.41	2	1	-0.000599393	-0.0102941	0.0144683
PMBB9998646316671	0	60.3	3636.0899999999997	1	1	-0.00637798	0.00259288	0.0129188
PMBB9998877220319	0	70.4	4956.160000000001	1	3	-0.00283978	-0.018311	-0.00949088
PMBB9999699575208	0	43.0	1849.0	1	1	-0.00173005	-0.00246989	0.0092247
