Region	CHR	POS	coord_source
A3GALT2	1	33313932	metadata
AADACL3	1	12722435	metadata
AADACL4	1	12655580	metadata
ABCA4	1	94056991	metadata
ABCB10	1	229537644	metadata
ABCD3	1	94468527	metadata
ABL2	1	179164507	metadata
ACADM	1	75756003	metadata
ACAP3	1	1300999	metadata
ACBD3	1	226165710	metadata
ACBD6	1	180386303	metadata
ACKR1	1	159205687	metadata
ACOT11	1	54590724	metadata
ACOT7	1	6329018	metadata
ACP6	1	147650088	metadata
ACTA1	1	229432234	metadata
ACTL8	1	17791198	metadata
ACTN2	1	236714386	metadata
ACTRT2	1	3022185	metadata
ADAM15	1	155056670	metadata
ADAM30	1	119895024	metadata
ADAMTS4	1	161191678	metadata
ADAMTSL4	1	150555153	metadata
ADAR	1	154604854	metadata
ADCY10	1	167861800	metadata
ADGRB2	1	31746005	metadata
ADGRL2	1	81650039	metadata
ADGRL4	1	79085944	metadata
ADIPOR1	1	202949699	metadata
ADORA1	1	203129029	metadata
ADORA3	1	111501531	metadata
ADPRS	1	36091412	metadata
ADSS2	1	244430201	metadata
AGBL4	1	49278404	metadata
AGL	1	99887192	metadata
AGMAT	1	15578375	metadata
AGO1	1	35900170	metadata
AGO3	1	36001609	metadata
AGO4	1	35832953	metadata
AGRN	1	1038119	metadata
AGT	1	230718176	metadata
AGTRAP	1	11745443	metadata
AHCTF1	1	246885523	metadata
AHCYL1	1	110004253	metadata
AHDC1	1	27569233	metadata
AIDA	1	222690611	metadata
AIM2	1	159121986	metadata
AIRIM	1	37686909	metadata
AJAP1	1	4723571	metadata
AK2	1	33044491	metadata
AK4	1	65189847	metadata
AK5	1	77420992	metadata
AKIRIN1	1	38998667	metadata
AKNAD1	1	108889691	metadata
AKR1A1	1	45560296	metadata
AKR7A2	1	19307067	metadata
AKR7A3	1	19285671	metadata
AKT3	1	243669656	metadata
ALDH4A1	1	18887077	metadata
ALDH9A1	1	165680389	metadata
ALG14	1	95023678	metadata
ALG6	1	63403064	metadata
ALPL	1	21543903	metadata
ALX3	1	110065271	metadata
AMIGO1	1	109506958	metadata
AMPD1	1	114684354	metadata
AMPD2	1	109624077	metadata
AMY1A	1	103660157	metadata
AMY1B	1	103691934	metadata
AMY1C	1	103752024	metadata
AMY2A	1	103621603	metadata
AMY2B	1	103566674	metadata
ANGEL2	1	213004024	metadata
ANGPTL1	1	178860306	metadata
ANGPTL3	1	62601916	metadata
ANGPTL7	1	11192668	metadata
ANKRD13C	1	70306866	metadata
ANKRD34A	1	145962008	metadata
ANKRD35	1	145876213	metadata
ANKRD45	1	173639093	metadata
ANKRD65	1	1420094	metadata
ANP32E	1	150227286	metadata
ANXA9	1	150988941	metadata
AP4B1	1	113856808	metadata
APCS	1	159588345	metadata
APH1A	1	150267489	metadata
APOA2	1	161222960	metadata
APOBEC4	1	183649795	metadata
AQP10	1	154323207	metadata
ARF1	1	228090960	metadata
ARHGAP29	1	94328993	metadata
ARHGAP30	1	161058458	metadata
ARHGEF10L	1	17618786	metadata
ARHGEF11	1	156990871	metadata
ARHGEF16	1	3467889	metadata
ARHGEF19	1	16205253	metadata
ARHGEF2	1	155976960	metadata
ARID1A	1	26737670	metadata
ARID4B	1	235229926	metadata
ARL8A	1	202139073	metadata
ARMH1	1	44700141	metadata
ARNT	1	150843210	metadata
ARPC5	1	183628314	metadata
ARTN	1	43935280	metadata
ARV1	1	230989857	metadata
ASAP3	1	23456600	metadata
ASB17	1	75925638	metadata
ASCL5	1	201120563	metadata
ASH1L	1	155449215	metadata
ASPM	1	197115407	metadata
ASTN1	1	177011137	metadata
ATAD3A	1	1523423	metadata
ATAD3B	1	1484806	metadata
ATAD3C	1	1459926	metadata
ATF3	1	212593055	metadata
ATF6	1	161871936	metadata
ATG4C	1	62824824	metadata
ATP13A2	1	16998943	metadata
ATP1A1	1	116399869	metadata
ATP1A2	1	160129675	metadata
ATP1A4	1	160169283	metadata
ATP1B1	1	169208344	metadata
ATP2B4	1	203685456	metadata
ATP5IF1	1	28241507	metadata
ATP5PB	1	111455818	metadata
ATP6V0B	1	43976391	metadata
ATP6V1G3	1	198532083	metadata
ATP8B2	1	154338414	metadata
ATPAF1	1	46653302	metadata
ATXN7L2	1	109488141	metadata
AUNIP	1	25845685	metadata
AURKAIP1	1	1374468	metadata
AVPR1B	1	206112317	metadata
AXDND1	1	179460227	metadata
AZIN2	1	33102298	metadata
B3GALNT2	1	235475821	metadata
B3GALT2	1	193182671	metadata
B3GALT6	1	1233639	metadata
B4GALT2	1	43985056	metadata
B4GALT3	1	161174639	metadata
BARHL2	1	90714420	metadata
BATF3	1	212693128	metadata
BCAN	1	156638121	metadata
BCAR3	1	93704445	metadata
BCAS2	1	114574593	metadata
BCL10	1	85362256	metadata
BCL9	1	147583858	metadata
BECN2	1	241958414	metadata
BEND5	1	48752244	metadata
BEST4	1	44785003	metadata
BGLAP	1	156242750	metadata
BLZF1	1	169382255	metadata
BMP8A	1	39510752	metadata
BMP8B	1	39773023	metadata
BNIPL	1	151042020	metadata
BOLA1	1	149894344	metadata
BPNT1	1	220073972	metadata
BRDT	1	91981884	metadata
BRINP2	1	177226690	metadata
BRINP3	1	190288031	metadata
BROX	1	222723874	metadata
BSDC1	1	32379682	metadata
BSND	1	55008052	metadata
BTBD19	1	44812952	metadata
BTBD8	1	92132515	metadata
BTF3L4	1	52073457	metadata
BTG2	1	203306684	metadata
C1QA	1	22637377	metadata
C1QB	1	22657199	metadata
C1QC	1	22645562	metadata
C1QTNF12	1	1244584	metadata
C1orf105	1	172444758	metadata
C1orf115	1	220694758	metadata
C1orf116	1	207025639	metadata
C1orf122	1	37808216	metadata
C1orf127	1	10964273	metadata
C1orf131	1	231232475	metadata
C1orf141	1	67162009	metadata
C1orf146	1	92231864	metadata
C1orf159	1	1099089	metadata
C1orf162	1	111476152	metadata
C1orf167	1	11775686	metadata
C1orf174	1	3894709	metadata
C1orf185	1	51125153	metadata
C1orf198	1	230853354	metadata
C1orf21	1	184508024	metadata
C1orf210	1	43283747	metadata
C1orf216	1	35716385	metadata
C1orf226	1	162382826	metadata
C1orf232	1	26166532	metadata
C1orf35	1	228103068	metadata
C1orf43	1	154213666	metadata
C1orf50	1	42773368	metadata
C1orf52	1	85254812	metadata
C1orf53	1	197904998	metadata
C1orf54	1	150274558	metadata
C1orf56	1	151049868	metadata
C1orf74	1	209781883	metadata
C1orf87	1	60030519	metadata
C1orf94	1	34193007	metadata
C2CD4D	1	151846713	metadata
C4BPA	1	207124602	metadata
C4BPB	1	207094426	metadata
C8A	1	56886495	metadata
C8B	1	56951795	metadata
CA14	1	150261164	metadata
CA6	1	8960479	metadata
CACHD1	1	64581593	metadata
CACNA1E	1	181565476	metadata
CACNA1S	1	201075981	metadata
CACYBP	1	175005595	metadata
CADM3	1	159190887	metadata
CALML6	1	1916202	metadata
CAMK1G	1	209598826	metadata
CAMK2N1	1	20484300	metadata
CAMSAP2	1	200799800	metadata
CAMTA1	1	7277580	metadata
CAP1	1	40056441	metadata
CAPN2	1	223738805	metadata
CAPN8	1	223601865	metadata
CAPN9	1	230774693	metadata
CAPZA1	1	112645710	metadata
CAPZB	1	19412157	metadata
CASP9	1	15508683	metadata
CASQ1	1	160196230	metadata
CASQ2	1	115767979	metadata
CASZ1	1	10716627	metadata
CATSPER4	1	26196764	metadata
CATSPERE	1	244547777	metadata
CC2D1B	1	52355964	metadata
CCDC17	1	45622050	metadata
CCDC18	1	93229324	metadata
CCDC181	1	169427769	metadata
CCDC185	1	223394440	metadata
CCDC190	1	162846609	metadata
CCDC24	1	43993943	metadata
CCDC27	1	3759052	metadata
CCDC28B	1	32203024	metadata
CCDC30	1	42560205	metadata
CCN1	1	85582675	metadata
CCNL2	1	1392523	metadata
CCSAP	1	229332152	metadata
CCT3	1	156338420	metadata
CD101	1	117043163	metadata
CD160	1	145729379	metadata
CD164L2	1	27381254	metadata
CD1A	1	158256346	metadata
CD1B	1	158329741	metadata
CD1C	1	158292348	metadata
CD1D	1	158182228	metadata
CD1E	1	158355624	metadata
CD2	1	116761829	metadata
CD244	1	160846523	metadata
CD247	1	167471833	metadata
CD34	1	207896187	metadata
CD46	1	207773775	metadata
CD48	1	160695288	metadata
CD53	1	110885562	metadata
CD55	1	207354161	metadata
CD58	1	116542786	metadata
CD5L	1	157864583	metadata
CD84	1	160560305	metadata
CDA	1	20603994	metadata
CDC14A	1	100422953	metadata
CDC20	1	43355054	metadata
CDC42	1	22076993	metadata
CDC42BPA	1	227154178	metadata
CDC42SE1	1	151060648	metadata
CDC7	1	91513307	metadata
CDC73	1	193188399	metadata
CDCA8	1	37701100	metadata
CDCP2	1	54143228	metadata
CDK11A	1	1713368	metadata
CDK11B	1	1647118	metadata
CDK18	1	205518694	metadata
CDKN2C	1	50967689	metadata
CELA2A	1	15464409	metadata
CELA2B	1	15478652	metadata
CELA3A	1	22007099	metadata
CELA3B	1	21987832	metadata
CELF3	1	151708430	metadata
CELSR2	1	109262645	metadata
CENPF	1	214633879	metadata
CENPL	1	173812216	metadata
CENPS	1	10441127	metadata
CEP104	1	3834741	metadata
CEP170	1	243190110	metadata
CEP350	1	180034777	metadata
CEP85	1	26256504	metadata
CEPT1	1	111162291	metadata
CERS2	1	150967793	metadata
CFAP107	1	12754949	metadata
CFAP126	1	161366304	metadata
CFAP141	1	154202709	metadata
CFAP144	1	43150774	metadata
CFAP276	1	109109904	metadata
CFAP45	1	159886264	metadata
CFAP57	1	43213344	metadata
CFAP74	1	1962894	metadata
CFH	1	196702115	metadata
CFHR1	1	196828445	metadata
CFHR2	1	196951680	metadata
CFHR3	1	196785110	metadata
CFHR4	1	196903404	metadata
CFHR5	1	196992344	metadata
CGN	1	151524601	metadata
CHD1L	1	147269209	metadata
CHD5	1	6141054	metadata
CHI3L1	1	203182817	metadata
CHI3L2	1	111222105	metadata
CHIA	1	111305708	metadata
CHIT1	1	203243234	metadata
CHML	1	241634610	metadata
CHRM3	1	239651008	metadata
CHRNB2	1	154573895	metadata
CHTOP	1	153640144	metadata
CIART	1	150284818	metadata
CIMAP2	1	54824157	metadata
CIMAP3	1	111349806	metadata
CITED4	1	40861708	metadata
CKS1B	1	154976952	metadata
CLCA1	1	86484313	metadata
CLCA2	1	86440362	metadata
CLCA4	1	86636754	metadata
CLCC1	1	108922706	metadata
CLCN6	1	11827087	metadata
CLCNKA	1	16026462	metadata
CLCNKB	1	16048781	metadata
CLDN19	1	42736673	metadata
CLIC4	1	24794851	metadata
CLK2	1	155270679	metadata
CLSPN	1	35745098	metadata
CLSTN1	1	9776455	metadata
CMPK1	1	47364328	metadata
CNIH3	1	224587607	metadata
CNIH4	1	224368158	metadata
CNKSR1	1	26183684	metadata
CNN3	1	94996963	metadata
CNR2	1	23891938	metadata
CNST	1	246617519	metadata
CNTN2	1	205060613	metadata
COA6	1	234379268	metadata
COA7	1	52691398	metadata
COG2	1	230668231	metadata
COL11A1	1	102992669	metadata
COL16A1	1	31678291	metadata
COL24A1	1	85943088	metadata
COL8A2	1	36110230	metadata
COL9A2	1	40309151	metadata
COLGALT2	1	183983791	metadata
COP1	1	176076058	metadata
COPA	1	160316080	metadata
COQ8A	1	226963915	metadata
COX20	1	244840336	metadata
CPLANE2	1	16234437	metadata
CPT2	1	53205494	metadata
CPTP	1	1326826	metadata
CR1	1	207568956	metadata
CR1L	1	207691764	metadata
CR2	1	207471459	metadata
CRABP2	1	156702711	metadata
CRB1	1	197373329	metadata
CRCT1	1	152515245	metadata
CREB3L4	1	153970947	metadata
CREG1	1	167541461	metadata
CRNN	1	152411753	metadata
CROCC	1	16856618	metadata
CRP	1	159713439	metadata
CRTC2	1	153953142	metadata
CRYBG2	1	26340889	metadata
CRYZ	1	74719445	metadata
CSDE1	1	114737794	metadata
CSF1	1	109920617	metadata
CSF3R	1	36474660	metadata
CSMD2	1	33839920	metadata
CSRP1	1	201545859	metadata
CTBS	1	84562045	metadata
CTH	1	70425534	metadata
CTNNBIP1	1	9879306	metadata
CTPS1	1	40995932	metadata
CTRC	1	15443842	metadata
CTSE	1	206016222	metadata
CTSK	1	150802228	metadata
CTSS	1	150748018	metadata
CTTNBP2NL	1	112429835	metadata
CYB561D1	1	109498492	metadata
CYB5R1	1	202964574	metadata
CYB5RL	1	54184843	metadata
CYP2J2	1	59910040	metadata
CYP4A11	1	46935330	metadata
CYP4A22	1	47138870	metadata
CYP4B1	1	46788625	metadata
CYP4X1	1	47037210	metadata
CYP4Z1	1	47092774	metadata
CZIB	1	53217366	metadata
DAB1	1	57770756	metadata
DAP3	1	155713485	metadata
DARS2	1	173841730	metadata
DBT	1	100218376	metadata
DCAF6	1	168005813	metadata
DCAF8	1	160239132	metadata
DCDC2B	1	32212640	metadata
DCLRE1B	1	113909352	metadata
DCST1	1	155042377	metadata
DCST2	1	155026150	metadata
DDAH1	1	85448422	metadata
DDI2	1	15643251	metadata
DDOST	1	20656655	metadata
DDR2	1	162709389	metadata
DDX20	1	111765217	metadata
DDX59	1	200646901	metadata
DEDD	1	161126831	metadata
DEGS1	1	224184598	metadata
DENND1B	1	197640222	metadata
DENND2C	1	114626635	metadata
DENND2D	1	111195252	metadata
DENND4B	1	153938109	metadata
DEPDC1	1	68517649	metadata
DESI2	1	244681068	metadata
DFFA	1	10464525	metadata
DFFB	1	3871348	metadata
DHCR24	1	54939545	metadata
DHDDS	1	26451720	metadata
DHRS3	1	12594021	metadata
DHX9	1	182863664	metadata
DIO1	1	53901162	metadata
DIPK1A	1	92897129	metadata
DIRAS3	1	68048801	metadata
DISC1	1	231834031	metadata
DISP1	1	222910508	metadata
DISP3	1	11508353	metadata
DLGAP3	1	34897543	metadata
DMAP1	1	44217068	metadata
DMBX1	1	46503026	metadata
DMRTA2	1	50420496	metadata
DMRTB1	1	53463443	metadata
DNAH14	1	225147777	metadata
DNAI3	1	85066142	metadata
DNAI4	1	66868870	metadata
DNAJB4	1	77998569	metadata
DNAJC11	1	6668046	metadata
DNAJC16	1	15559596	metadata
DNAJC6	1	65332045	metadata
DNAJC8	1	28216242	metadata
DNALI1	1	37561888	metadata
DNASE2B	1	84406751	metadata
DNM3	1	172118176	metadata
DNTTIP2	1	93873101	metadata
DOCK7	1	62571342	metadata
DPH2	1	43971684	metadata
DPH5	1	101058169	metadata
DPM3	1	155140243	metadata
DPT	1	168712337	metadata
DPYD	1	97536371	metadata
DR1	1	93357700	metadata
DRAM2	1	111128683	metadata
DRAXIN	1	11708783	metadata
DSTYK	1	205177103	metadata
DTL	1	212071476	metadata
DUSP10	1	221721756	metadata
DUSP12	1	161753498	metadata
DUSP23	1	159781737	metadata
DVL1	1	1342347	metadata
DYNLT4	1	44806622	metadata
DYNLT5	1	66765753	metadata
DYRK3	1	206659977	metadata
E2F2	1	23518835	metadata
EBNA1BP2	1	43217555	metadata
ECE1	1	21281409	metadata
ECHDC2	1	52911561	metadata
ECM1	1	150510925	metadata
EDARADD	1	236425586	metadata
EDEM3	1	184722572	metadata
EDN2	1	41481729	metadata
EEIG2	1	108602494	metadata
EFCAB14	1	46696902	metadata
EFCAB2	1	245048423	metadata
EFCAB7	1	63548032	metadata
EFHD2	1	15364036	metadata
EFNA1	1	155131387	metadata
EFNA3	1	155083187	metadata
EFNA4	1	155075277	metadata
EGLN1	1	231393019	metadata
EIF2B3	1	44918622	metadata
EIF2D	1	206591878	metadata
EIF3I	1	32233237	metadata
EIF4G3	1	20991788	metadata
ELAPOR1	1	109160230	metadata
ELAVL4	1	50113900	metadata
ELF3	1	202003079	metadata
ELK4	1	205614783	metadata
ELOA	1	23742620	metadata
ELOVL1	1	43365736	metadata
EMC1	1	19233606	metadata
ENAH	1	225569953	metadata
ENO1	1	8870095	metadata
ENSA	1	150615231	metadata
ENTREP3	1	155251344	metadata
EPB41	1	29003568	metadata
EPHA10	1	37739506	metadata
EPHA2	1	16140203	metadata
EPHA8	1	22583542	metadata
EPHB2	1	22816169	metadata
EPHX1	1	225827843	metadata
EPHX4	1	92046761	metadata
EPRS1	1	220007565	metadata
EPS15	1	51436795	metadata
EPS8L3	1	109757053	metadata
ERI3	1	44288165	metadata
ERICH3	1	74620954	metadata
ERMAP	1	42831056	metadata
ERO1B	1	236248350	metadata
ERRFI1	1	8106713	metadata
ESPN	1	6443071	metadata
ESRRG	1	216820500	metadata
ETNK2	1	204141553	metadata
ETV3	1	157129832	metadata
ETV3L	1	157102227	metadata
EVA1B	1	36323092	metadata
EVI5	1	92650550	metadata
EXO1	1	241871557	metadata
EXO5	1	40497754	metadata
EXOC8	1	231335302	metadata
EXOSC10	1	11081166	metadata
EXTL1	1	26028174	metadata
EXTL2	1	100883775	metadata
EYA3	1	28029490	metadata
F11R	1	161008193	metadata
F13B	1	197053000	metadata
F3	1	94535466	metadata
F5	1	169549269	metadata
FAAH	1	46404082	metadata
FAAP20	1	2198590	metadata
FABP3	1	31371051	metadata
FAF1	1	50698647	metadata
FAM110D	1	26161520	metadata
FAM131C	1	16065710	metadata
FAM151A	1	54616368	metadata
FAM163A	1	179779744	metadata
FAM167B	1	32248039	metadata
FAM177B	1	222744103	metadata
FAM20B	1	179051185	metadata
FAM229A	1	32362774	metadata
FAM43B	1	20553796	metadata
FAM72A	1	206195296	metadata
FAM72B	1	121176592	metadata
FAM72C	1	143963636	metadata
FAM76A	1	27744538	metadata
FAM78B	1	166112213	metadata
FAM89A	1	231029606	metadata
FASLG	1	172662989	metadata
FBLIM1	1	15771600	metadata
FBXO2	1	11646401	metadata
FBXO42	1	16299660	metadata
FBXO44	1	11658851	metadata
FBXO6	1	11669277	metadata
FCAMR	1	206964295	metadata
FCER1A	1	159298969	metadata
FCER1G	1	161217966	metadata
FCGR1A	1	149787173	metadata
FCGR2A	1	161514721	metadata
FCGR2B	1	161670898	metadata
FCGR3A	1	161546363	metadata
FCGR3B	1	161627579	metadata
FCMR	1	206913282	metadata
FCN3	1	27371967	metadata
FCRL1	1	157806184	metadata
FCRL2	1	157761432	metadata
FCRL3	1	157687545	metadata
FCRL4	1	157585916	metadata
FCRL5	1	157532946	metadata
FCRL6	1	159808384	metadata
FCRLA	1	161710662	metadata
FCRLB	1	161724843	metadata
FDPS	1	155314707	metadata
FGGY	1	59553642	metadata
FGR	1	27623624	metadata
FH	1	241508655	metadata
FHAD1	1	15318402	metadata
FHL3	1	38001185	metadata
FIRRM	1	169758043	metadata
FLAD1	1	154988224	metadata
FLG	1	152313702	metadata
FLG2	1	152354370	metadata
FLVCR1	1	212878819	metadata
FMN2	1	240244767	metadata
FMO1	1	171267224	metadata
FMO2	1	171198967	metadata
FMO3	1	171104360	metadata
FMO4	1	171328133	metadata
FMO5	1	147209200	metadata
FMOD	1	203346193	metadata
FNBP1L	1	93501389	metadata
FNDC10	1	1599073	metadata
FNDC5	1	32867375	metadata
FNDC7	1	108727828	metadata
FOXD2	1	47439367	metadata
FOXD3	1	63322428	metadata
FOXE3	1	47417168	metadata
FOXJ3	1	42256208	metadata
FOXO6	1	41372756	metadata
FPGT	1	74371314	metadata
FRRS1	1	99735302	metadata
FUBP1	1	77961582	metadata
FUCA1	1	23856683	metadata
FYB2	1	56769242	metadata
G0S2	1	209675901	metadata
GABPB2	1	151098060	metadata
GABRD	1	2025043	metadata
GADD45A	1	67686767	metadata
GALE	1	23798190	metadata
GALNT2	1	230170056	metadata
GARIN4	1	212625624	metadata
GATAD2B	1	153856195	metadata
GBA1	1	155239575	metadata
GBP1	1	89058621	metadata
GBP2	1	89128294	metadata
GBP3	1	89014780	metadata
GBP4	1	89190043	metadata
GBP5	1	89264524	metadata
GBP6	1	89376109	metadata
GBP7	1	89153875	metadata
GCLM	1	93897327	metadata
GCSAML	1	247542374	metadata
GDAP2	1	117896553	metadata
GFI1	1	92479984	metadata
GGPS1	1	235335941	metadata
GIPC2	1	78058993	metadata
GJA4	1	34794373	metadata
GJA5	1	147764780	metadata
GJA8	1	147906032	metadata
GJA9	1	38877828	metadata
GJB3	1	34783791	metadata
GJB4	1	34761033	metadata
GJB5	1	34756779	metadata
GJC2	1	228154878	metadata
GLIS1	1	53622700	metadata
GLMN	1	92272694	metadata
GLMP	1	156292889	metadata
GLRX2	1	193098490	metadata
GLUL	1	182385152	metadata
GMEB1	1	28694065	metadata
GNAI3	1	109574405	metadata
GNAT2	1	109611510	metadata
GNB1	1	1838788	metadata
GNG12	1	68017590	metadata
GNG4	1	235599219	metadata
GNG5	1	84502452	metadata
GNL2	1	37581376	metadata
GNPAT	1	231259590	metadata
GOLPH3L	1	150671692	metadata
GOLT1A	1	204206075	metadata
GON4L	1	155804529	metadata
GORAB	1	170499417	metadata
GPA33	1	167109657	metadata
GPATCH2	1	217529041	metadata
GPATCH3	1	26895477	metadata
GPBP1L1	1	45657708	metadata
GPN2	1	26883207	metadata
GPR137B	1	236182185	metadata
GPR153	1	6254225	metadata
GPR157	1	9114703	metadata
GPR161	1	168108604	metadata
GPR25	1	200873579	metadata
GPR3	1	27394218	metadata
GPR37L1	1	202128239	metadata
GPR52	1	174448754	metadata
GPR61	1	109544139	metadata
GPR88	1	100540080	metadata
GPR89A	1	145639319	metadata
GPR89B	1	147960992	metadata
GPSM2	1	108904947	metadata
GPX7	1	52605711	metadata
GREM2	1	240550864	metadata
GRHL3	1	24282020	metadata
GRIK3	1	36915021	metadata
GSTM1	1	109698426	metadata
GSTM2	1	109688786	metadata
GSTM3	1	109737485	metadata
GSTM4	1	109660797	metadata
GSTM5	1	109743604	metadata
GTF2B	1	88872288	metadata
GUCA2A	1	42163717	metadata
GUCA2B	1	42154615	metadata
GUK1	1	228144473	metadata
H2AC20	1	149887164	metadata
H2AC21	1	149887717	metadata
H2AC25	1	228446325	metadata
H2BC18	1	149797531	metadata
H2BC21	1	149885570	metadata
H2BC26	1	228460603	metadata
H3-4	1	228425125	masks
H3C13	1	149813459	metadata
H6PD	1	9253055	metadata
HAO2	1	119381454	metadata
HAPLN2	1	156622528	metadata
HAX1	1	154274115	metadata
HCN3	1	155283655	metadata
HCRTR1	1	31625102	metadata
HDAC1	1	32312859	metadata
HDGF	1	156754517	metadata
HEATR1	1	236576760	metadata
HECTD3	1	45006932	metadata
HENMT1	1	108654908	metadata
HES2	1	6418544	metadata
HES3	1	6244878	metadata
HES4	1	999567	metadata
HES5	1	2529504	metadata
HEYL	1	39631539	metadata
HFM1	1	91332811	metadata
HHAT	1	210502274	metadata
HHIPL2	1	222535181	metadata
HIPK1	1	113953596	metadata
HIVEP3	1	41771145	metadata
HJV	1	146027107	metadata
HLX	1	220857118	metadata
HMCN1	1	185962670	metadata
HMGB4	1	33862633	metadata
HMGCL	1	23820252	metadata
HMGCS2	1	119758453	metadata
HMGN2	1	26475324	metadata
HNRNPCL1	1	12848048	metadata
HNRNPCL2	1	13116171	metadata
HNRNPR	1	23324053	metadata
HNRNPU	1	244852599	metadata
HOOK1	1	59845554	metadata
HORMAD1	1	150709477	metadata
HP1BP3	1	20763794	metadata
HPCA	1	32892217	metadata
HPCAL4	1	39685066	metadata
HPDL	1	45327802	metadata
HRNR	1	152218134	metadata
HS2ST1	1	87012308	metadata
HSD11B1	1	209709498	metadata
HSD17B7	1	162801762	metadata
HSD3B1	1	119511126	metadata
HSD3B2	1	119418983	metadata
HSPA6	1	161525717	metadata
HSPB7	1	16016811	metadata
HSPG2	1	21879777	metadata
HTR1D	1	23204698	metadata
HTR6	1	19672920	metadata
HYI	1	43455461	metadata
IARS2	1	220121086	metadata
IBA57	1	228174030	metadata
ICMT	1	6228582	metadata
ID3	1	23558713	metadata
IER5	1	181090800	metadata
IFFO2	1	18930478	metadata
IFI16	1	159027561	metadata
IFI44	1	78656937	metadata
IFI44L	1	78633023	metadata
IFI6	1	27669138	metadata
IFNLR1	1	24171063	metadata
IFT25	1	53931136	metadata
IGFN1	1	201209888	metadata
IGSF21	1	18243140	metadata
IGSF3	1	116621077	metadata
IGSF8	1	160095141	metadata
IGSF9	1	159936326	metadata
IKBKE	1	206483682	metadata
IL10	1	206771071	metadata
IL12RB2	1	67353044	metadata
IL19	1	206806872	metadata
IL20	1	206867423	metadata
IL22RA1	1	24131455	metadata
IL23R	1	67199443	metadata
IL24	1	206900791	metadata
IL6R	1	154437321	metadata
ILDR2	1	166935625	metadata
ILF2	1	153666408	metadata
INAVA	1	200903395	metadata
INKA2	1	111718227	metadata
INPP5B	1	37903875	metadata
INSL5	1	66799508	metadata
INSRR	1	156849590	metadata
INTS11	1	1318136	metadata
INTS3	1	153751429	metadata
INTS7	1	211987978	metadata
IPO13	1	43957486	metadata
IPO9	1	201758909	metadata
IPP	1	45722488	metadata
IQCC	1	32207176	metadata
IQGAP3	1	156549004	metadata
IRF2BP2	1	234606239	metadata
IRF6	1	209795896	metadata
ISG15	1	1007839	metadata
ISG20L2	1	156724781	metadata
ITGA10	1	145900659	metadata
ITGB3BP	1	63457302	metadata
ITLN1	1	160880860	metadata
ITLN2	1	160949917	metadata
ITPKB	1	226685506	metadata
IVL	1	152910216	metadata
IVNS1ABP	1	185305102	metadata
JAK1	1	64950488	metadata
JMJD4	1	227732918	metadata
JTB	1	153975971	metadata
JUN	1	59012360	metadata
KANK4	1	62277799	metadata
KAZN	1	14505417	metadata
KCNA10	1	110518196	metadata
KCNA2	1	110575655	metadata
KCNA3	1	110664250	metadata
KCNAB2	1	6046060	metadata
KCNC4	1	110246707	metadata
KCND3	1	111880165	metadata
KCNH1	1	210905494	metadata
KCNJ10	1	160034567	metadata
KCNJ9	1	160086050	metadata
KCNK1	1	233643310	metadata
KCNK2	1	215121432	metadata
KCNN3	1	154783868	metadata
KCNQ4	1	40812119	metadata
KCNT2	1	196417502	metadata
KCTD3	1	215594555	metadata
KDF1	1	26955015	metadata
KDM1A	1	23051566	metadata
KDM4A	1	43677833	metadata
KDM5B	1	202766491	metadata
KHDC4	1	155923729	metadata
KHDRBS1	1	32037359	metadata
KIAA0040	1	175174992	metadata
KIAA0319L	1	35475916	metadata
KIAA1614	1	180932255	metadata
KIAA2013	1	11923009	metadata
KIF14	1	200586124	metadata
KIF17	1	20691015	metadata
KIF1B	1	10296086	metadata
KIF21B	1	200996552	metadata
KIF26B	1	245432208	metadata
KIF2C	1	44753792	metadata
KIFAP3	1	170003267	metadata
KIRREL1	1	158046767	metadata
KISS1	1	204193416	metadata
KLF17	1	44126980	metadata
KLHDC7A	1	18483452	metadata
KLHDC8A	1	205346575	metadata
KLHDC9	1	161099353	metadata
KLHL12	1	202909876	metadata
KLHL17	1	963151	metadata
KLHL20	1	173750816	metadata
KLHL21	1	6602665	metadata
KMO	1	241563888	metadata
KNCN	1	46548644	metadata
KPLCE	1	152719996	metadata
KPNA6	1	32142309	metadata
KPRP	1	152760040	metadata
KRTCAP2	1	155171441	metadata
KTI12	1	52032956	metadata
KYAT3	1	88964363	metadata
L1TD1	1	62214925	metadata
LACTBL1	1	22962954	metadata
LAD1	1	201390374	metadata
LAMB3	1	209633647	metadata
LAMC1	1	183084506	metadata
LAMC2	1	183215682	metadata
LAMTOR5	1	110395466	metadata
LAPTM5	1	30745121	metadata
LAX1	1	203771676	metadata
LBR	1	225415213	metadata
LCE1A	1	152827785	metadata
LCE1B	1	152812539	metadata
LCE1C	1	152805741	metadata
LCE1D	1	152797451	metadata
LCE1E	1	152787320	metadata
LCE1F	1	152776082	metadata
LCE2A	1	152698893	metadata
LCE2B	1	152686760	metadata
LCE2C	1	152675924	metadata
LCE2D	1	152664019	metadata
LCE3B	1	152613954	metadata
LCE3D	1	152579948	metadata
LCE3E	1	152566217	metadata
LCE4A	1	152708797	metadata
LCE5A	1	152511490	metadata
LCE6A	1	152843419	metadata
LCK	1	32268704	metadata
LDLRAD1	1	54012742	metadata
LDLRAD2	1	21818745	metadata
LDLRAP1	1	25567402	metadata
LEFTY1	1	225898832	metadata
LEFTY2	1	225938990	metadata
LELP1	1	153204275	metadata
LEMD1	1	205418666	metadata
LEPR	1	65531105	metadata
LEPROT	1	65428297	metadata
LGALS8	1	236535490	metadata
LGR6	1	202256790	metadata
LHX4	1	180254624	metadata
LHX8	1	75144983	metadata
LHX9	1	197923690	metadata
LIN28A	1	26420272	metadata
LIN9	1	226270509	metadata
LINGO4	1	151802841	metadata
LIX1L	1	145942884	metadata
LMNA	1	156111326	metadata
LMO4	1	87338901	metadata
LMOD1	1	201921502	metadata
LMX1A	1	165279291	metadata
LORICRIN	1	153260905	metadata
LPAR3	1	84852404	metadata
LPGAT1	1	211787110	metadata
LRIF1	1	110955577	metadata
LRIG2	1	113042400	metadata
LRP8	1	53285416	metadata
LRRC38	1	13494488	metadata
LRRC39	1	100163357	metadata
LRRC40	1	70175192	metadata
LRRC41	1	46282406	metadata
LRRC42	1	53957122	metadata
LRRC47	1	3787528	metadata
LRRC52	1	165516151	metadata
LRRC7	1	69859933	metadata
LRRC71	1	156926863	metadata
LRRC8B	1	89561345	metadata
LRRC8C	1	89701487	metadata
LRRC8D	1	89878812	metadata
LRRIQ3	1	74112101	metadata
LRRN2	1	204651454	metadata
LSM10	1	36394573	metadata
LURAP1	1	46212295	metadata
LUZP1	1	23131091	metadata
LY9	1	160812278	metadata
LYPD8	1	248747587	metadata
LYPLA2	1	23793324	metadata
LYPLAL1	1	219034213	metadata
LYSMD1	1	151162848	metadata
LYST	1	235772382	metadata
LZIC	1	9932760	metadata
MAB21L3	1	116124774	metadata
MACF1	1	39284246	metadata
MACO1	1	25465533	metadata
MAD2L2	1	11674520	metadata
MAEL	1	166998898	metadata
MAGI3	1	113538219	metadata
MAGOH	1	53232709	metadata
MAN1A2	1	117448160	metadata
MAN1C1	1	25700620	metadata
MANEAL	1	37797492	metadata
MAP10	1	232807672	metadata
MAP1LC3C	1	241997294	metadata
MAP3K21	1	233356436	metadata
MAP3K6	1	27361072	metadata
MAP7D1	1	36168214	metadata
MAPKAPK2	1	206709593	metadata
MARCKSL1	1	32335036	metadata
MARK1	1	220596298	metadata
MASP2	1	11034624	metadata
MAST2	1	45911554	metadata
MATN1	1	30717431	metadata
MCL1	1	150570316	metadata
MCOLN2	1	84961348	metadata
MCOLN3	1	85033291	metadata
MDM4	1	204537249	metadata
MEAF6	1	37502379	metadata
MECR	1	29211799	metadata
MED18	1	28332483	metadata
MED8	1	43378316	metadata
MEF2D	1	156482253	metadata
MEGF6	1	3549729	metadata
METTL13	1	171797841	metadata
METTL18	1	169793746	metadata
METTL25B	1	156732701	metadata
MEX3A	1	156077239	metadata
MFAP2	1	16977567	metadata
MFN2	1	11997696	metadata
MFSD14A	1	100060736	metadata
MFSD2A	1	39962540	metadata
MFSD4A	1	205585901	metadata
MGST3	1	165646504	metadata
MIA3	1	222643052	metadata
MIB2	1	1623029	metadata
MICOS10	1	19557112	metadata
MIER1	1	66956757	metadata
MIGA1	1	77829582	metadata
MIIP	1	12025755	metadata
MINDY1	1	151002462	metadata
MIXL1	1	226225339	metadata
MKNK1	1	46587125	metadata
MMACHC	1	45506841	metadata
MMEL1	1	2611827	metadata
MMP23B	1	1633713	metadata
MNDA	1	158840428	metadata
MOB3C	1	46612265	metadata
MORN1	1	2356480	metadata
MOV10	1	112686948	metadata
MPC2	1	167926873	metadata
MPL	1	43346142	metadata
MPZ	1	161307351	metadata
MPZL1	1	167756555	metadata
MR1	1	181047656	metadata
MROH7	1	54692047	metadata
MROH9	1	171000145	metadata
MRPL20	1	1404601	metadata
MRPL24	1	156739446	metadata
MRPL37	1	54204752	metadata
MRPL55	1	228107995	metadata
MRPL9	1	151761571	metadata
MRPS14	1	175017107	metadata
MRPS15	1	36460051	metadata
MRPS21	1	150301420	metadata
MRTO4	1	19255966	metadata
MSH4	1	75855062	metadata
MSTO1	1	155589093	metadata
MT1HL1	1	237004272	metadata
MTARC1	1	220803005	metadata
MTARC2	1	220766520	metadata
MTF1	1	37834583	metadata
MTF2	1	93109157	metadata
MTFR1L	1	25825791	metadata
MTHFR	1	11796089	metadata
MTMR11	1	149932765	metadata
MTOR	1	11184545	metadata
MTR	1	236858269	metadata
MTX1	1	155211259	metadata
MUC1	1	155189370	metadata
MUL1	1	20503799	metadata
MUTYH	1	45335028	metadata
MXRA8	1	1357233	metadata
MYBPH	1	203171818	metadata
MYBPHL	1	109299688	metadata
MYCBP	1	38867930	metadata
MYCL	1	39890981	metadata
MYOC	1	171644052	metadata
MYOG	1	203084570	metadata
MYOM3	1	24084085	metadata
MYSM1	1	58671765	metadata
NADK	1	1765844	metadata
NASP	1	45601375	metadata
NAV1	1	201683048	metadata
NAXE	1	156600631	metadata
NBL1	1	19627717	metadata
NBPF1	1	16587940	metadata
NBPF10	1	146146855	metadata
NBPF12	1	146967263	metadata
NBPF14	1	148605563	metadata
NBPF15	1	144441533	metadata
NBPF20	1	145357751	metadata
NBPF26	1	120783087	metadata
NBPF3	1	21462566	metadata
NBPF4	1	108233272	metadata
NBPF6	1	108461101	metadata
NBPF9	1	149077873	metadata
NCDN	1	35562373	metadata
NCF2	1	183572683	metadata
NCMAP	1	24526150	metadata
NCSTN	1	160351123	metadata
NDC1	1	53801970	metadata
NDUFS2	1	161205913	metadata
NDUFS5	1	39030477	metadata
NECAP2	1	16450399	metadata
NECTIN4	1	161080278	metadata
NEGR1	1	71839241	metadata
NEK2	1	211667143	metadata
NEK7	1	198239707	metadata
NENF	1	212439649	metadata
NES	1	156673085	metadata
NEXN	1	77916204	metadata
NFASC	1	204925736	metadata
NFIA	1	61164023	metadata
NFYC	1	40731625	metadata
NGF	1	115298699	metadata
NHLH1	1	160369958	metadata
NHLH2	1	115840147	metadata
NHSL3	1	32758400	metadata
NIBAN1	1	184882616	metadata
NID1	1	236020469	metadata
NIPAL3	1	24445527	metadata
NIT1	1	161121765	metadata
NKAIN1	1	31209816	metadata
NLRP3	1	247390719	metadata
NME7	1	169250239	metadata
NMNAT1	1	9964464	metadata
NMNAT2	1	183333308	metadata
NOC2L	1	951756	metadata
NOL9	1	6537930	metadata
NOS1AP	1	162220083	metadata
NOTCH2	1	120006166	metadata
NOTCH2NLA	1	146187622	metadata
NPHP4	1	5927642	metadata
NPHS2	1	179563245	metadata
NPL	1	182809838	metadata
NPPA	1	11847027	metadata
NPPB	1	11858204	metadata
NPR1	1	153686340	metadata
NR0B2	1	26912732	metadata
NR1I3	1	161233955	metadata
NR5A2	1	200102517	metadata
NRAS	1	114710620	metadata
NRDC	1	51833998	metadata
NSL1	1	212758967	metadata
NSUN4	1	46355003	metadata
NT5C1A	1	39661668	metadata
NTMT2	1	170157412	metadata
NTNG1	1	107312465	metadata
NTPCR	1	232967243	metadata
NTRK1	1	156848743	metadata
NUAK2	1	205311904	metadata
NUCKS1	1	205731502	metadata
NUDC	1	26923554	metadata
NUDT17	1	145847292	metadata
NUF2	1	163311170	metadata
NUP133	1	229474300	metadata
NUP210L	1	154073903	metadata
NVL	1	224278761	metadata
OAZ3	1	151767116	metadata
OBSCN	1	228293460	metadata
ODF2L	1	86371583	metadata
ODR4	1	186398608	metadata
OLFM3	1	101899743	metadata
OLFML2B	1	162003530	metadata
OLFML3	1	114007481	metadata
OMA1	1	58481093	metadata
OPN3	1	241633739	metadata
OPRD1	1	28841718	metadata
OPTC	1	203501535	metadata
OR10J1	1	159440461	metadata
OR10J5	1	159535542	metadata
OR10K1	1	158466215	metadata
OR10K2	1	158422223	metadata
OR10R2	1	158476578	metadata
OR10T2	1	158398994	metadata
OR10X1	1	158579409	metadata
OR10Z1	1	158608891	metadata
OR11L1	1	247841412	metadata
OR13G1	1	247675275	metadata
OR14A16	1	247819389	metadata
OR14C36	1	248349244	metadata
OR1C1	1	247757701	metadata
OR2AK2	1	247965809	metadata
OR2B11	1	247453611	metadata
OR2C3	1	247530558	metadata
OR2G2	1	247588836	metadata
OR2G3	1	247606050	metadata
OR2G6	1	248517705	metadata
OR2L13	1	248098173	metadata
OR2L2	1	248036187	metadata
OR2L3	1	248055121	metadata
OR2L5	1	248018968	metadata
OR2L8	1	247949327	metadata
OR2M2	1	248177944	metadata
OR2M3	1	248205095	metadata
OR2M4	1	248238048	metadata
OR2M5	1	248145617	metadata
OR2M7	1	248324099	metadata
OR2T1	1	248405534	metadata
OR2T10	1	248594093	metadata
OR2T11	1	248629324	metadata
OR2T12	1	248296781	metadata
OR2T2	1	248450618	metadata
OR2T27	1	248652683	metadata
OR2T29	1	248559842	metadata
OR2T3	1	248473829	metadata
OR2T33	1	248273946	metadata
OR2T34	1	248574279	metadata
OR2T35	1	248640817	metadata
OR2T4	1	248362146	metadata
OR2T5	1	248489851	metadata
OR2T6	1	248383778	metadata
OR2T8	1	247921702	metadata
OR2W3	1	247896059	metadata
OR4F16	1	686185	metadata
OR4F5	1	68502	metadata
OR6F1	1	247714041	metadata
OR6K2	1	158700165	metadata
OR6K3	1	158718523	metadata
OR6K6	1	158755305	metadata
OR6N1	1	158760004	metadata
OR6N2	1	158777713	metadata
OR6P1	1	158565593	metadata
OR6Y1	1	158549477	metadata
ORC1	1	52388626	metadata
OSBPL9	1	51687803	metadata
OSCP1	1	36433139	metadata
OTUD3	1	19897670	metadata
OTUD7B	1	149974269	metadata
OVGP1	1	111421027	metadata
OXCT2	1	39770435	metadata
P3H1	1	42756709	metadata
P3R3URF	1	46110074	metadata
PABPC4	1	39568749	metadata
PACC1	1	212389414	metadata
PADI1	1	17225567	metadata
PADI2	1	17093106	metadata
PADI3	1	17266665	metadata
PADI4	1	17336099	metadata
PADI6	1	17386947	metadata
PAFAH2	1	25978942	metadata
PALMD	1	99670327	metadata
PANK4	1	2517567	metadata
PAPPA2	1	176654386	metadata
PAQR6	1	156245718	metadata
PAQR7	1	25868596	metadata
PARK7	1	7969898	metadata
PARP1	1	226384182	metadata
PARS2	1	54760710	metadata
PATJ	1	61960576	metadata
PAX7	1	18689856	metadata
PBX1	1	164727440	metadata
PBXIP1	1	154950099	metadata
PCNX2	1	233139580	metadata
PCP4L1	1	161272097	metadata
PCSK9	1	55052148	metadata
PDC	1	186472314	metadata
PDE4B	1	66083546	metadata
PDE4DIP	1	148928213	metadata
PDIK1L	1	26118360	metadata
PDPN	1	13600711	metadata
PDZK1	1	145689500	metadata
PDZK1IP1	1	47187313	metadata
PEA15	1	160210378	metadata
PEAR1	1	156905063	metadata
PEF1	1	31651380	metadata
PER3	1	7814734	metadata
PERM1	1	978657	metadata
PEX10	1	2408880	metadata
PEX11B	1	145915033	metadata
PEX14	1	10551523	metadata
PEX19	1	160281577	metadata
PFDN2	1	161109305	metadata
PFKFB2	1	207057695	metadata
PGBD2	1	248913071	metadata
PGBD5	1	230370411	metadata
PGD	1	10409551	metadata
PGLYRP3	1	153305034	metadata
PGLYRP4	1	153339480	metadata
PGM1	1	63626828	metadata
PHACTR4	1	28434973	metadata
PHC2	1	33377359	metadata
PHF13	1	6618880	metadata
PHGDH	1	119696314	metadata
PHLDA3	1	201466757	metadata
PHTF1	1	113728160	metadata
PI4KB	1	151309756	metadata
PIAS3	1	145854179	metadata
PIGC	1	172407137	metadata
PIGK	1	77154209	metadata
PIGM	1	160028471	metadata
PIGR	1	206937494	metadata
PIGV	1	26793856	metadata
PIK3C2B	1	204458716	metadata
PIK3CD	1	9679501	metadata
PIK3R3	1	46086588	metadata
PINK1	1	20642484	metadata
PIP5K1A	1	151223742	metadata
PITHD1	1	23783325	metadata
PKLR	1	155295365	metadata
PKN2	1	88153126	metadata
PKP1	1	201308222	metadata
PLA2G2A	1	19977923	metadata
PLA2G2C	1	20173885	metadata
PLA2G2D	1	20115752	metadata
PLA2G2E	1	19921813	metadata
PLA2G2F	1	20144852	metadata
PLA2G4A	1	186908965	metadata
PLA2G5	1	20060045	metadata
PLCH2	1	2465756	metadata
PLD5	1	242303841	metadata
PLEKHA6	1	204298533	metadata
PLEKHG5	1	6493598	metadata
PLEKHM2	1	15709544	metadata
PLEKHN1	1	971173	metadata
PLEKHO1	1	150156951	metadata
PLK3	1	44803186	metadata
PLOD1	1	11954871	metadata
PLPP3	1	56570031	metadata
PLPPR4	1	99286941	metadata
PLPPR5	1	99059087	metadata
PLXNA2	1	208133313	metadata
PM20D1	1	205854702	metadata
PMF1	1	156228157	metadata
PMVK	1	154930729	metadata
PNRC2	1	23960150	metadata
PODN	1	53073776	metadata
POGK	1	166847903	metadata
POGZ	1	151431109	metadata
POLR3C	1	145834227	metadata
POLR3GL	1	145971769	metadata
POMGNT1	1	46204494	metadata
POU2F1	1	167324110	metadata
POU3F1	1	38045311	metadata
PPCS	1	42464751	metadata
PPFIA4	1	203052615	metadata
PPIAL4C	1	149584227	metadata
PPIAL4D	1	145241794	metadata
PPIAL4G	1	148482925	metadata
PPIE	1	39728048	metadata
PPIH	1	42667546	metadata
PPM1J	1	112712663	metadata
PPOX	1	161172034	metadata
PPP1R12B	1	202470702	metadata
PPP1R15B	1	204409361	metadata
PPP1R8	1	27841229	metadata
PPP2R5A	1	212323631	metadata
PPT1	1	40084985	metadata
PRAMEF1	1	12794012	metadata
PRAMEF10	1	12895583	metadata
PRAMEF11	1	12828007	metadata
PRAMEF12	1	12775822	metadata
PRAMEF14	1	13344513	metadata
PRAMEF15	1	13319089	metadata
PRAMEF17	1	13391130	metadata
PRAMEF18	1	13224424	metadata
PRAMEF19	1	13370189	metadata
PRAMEF2	1	12859497	metadata
PRAMEF20	1	13415889	metadata
PRAMEF27	1	13053025	metadata
PRAMEF4	1	12882706	metadata
PRAMEF5	1	13258816	metadata
PRAMEF6	1	12943026	metadata
PRAMEF7	1	12918680	metadata
PRAMEF8	1	13283220	metadata
PRAMEF9	1	13175653	metadata
PRCC	1	156775712	metadata
PRDM16	1	3253894	metadata
PRDM2	1	13762633	metadata
PRDX1	1	45526823	metadata
PRDX6	1	173453598	metadata
PRELP	1	203483579	metadata
PRG4	1	186305423	metadata
PRKAA2	1	56680324	metadata
PRKAB2	1	147163828	metadata
PRKACB	1	84158280	metadata
PRKCZ	1	2117903	metadata
PRMT6	1	107062155	metadata
PROK1	1	110454253	metadata
PROX1	1	213903129	metadata
PRPF3	1	150337356	metadata
PRPF38A	1	52412719	metadata
PRPF38B	1	108697619	metadata
PRR9	1	153218447	metadata
PRRC2C	1	171539520	metadata
PRRX1	1	170701074	metadata
PRSS38	1	227831072	metadata
PRUNE1	1	151022066	metadata
PRXL2B	1	2588980	metadata
PSEN2	1	226898955	metadata
PSMB2	1	35620533	metadata
PSMB4	1	151400748	metadata
PSMD4	1	151261094	metadata
PSRC1	1	109281371	metadata
PTAFR	1	28170551	metadata
PTBP2	1	96772701	metadata
PTCH2	1	44831203	metadata
PTGER3	1	70950084	metadata
PTGFR	1	78422292	metadata
PTGFRN	1	116950134	metadata
PTGS2	1	186676356	metadata
PTP4A2	1	31925638	metadata
PTPN14	1	214450574	metadata
PTPN22	1	113842782	metadata
PTPN7	1	202154300	metadata
PTPRC	1	198698899	metadata
PTPRF	1	43574426	metadata
PTPRU	1	29281664	metadata
PUM1	1	30998748	metadata
PUSL1	1	1310137	metadata
PYCR2	1	225922108	metadata
PYGO2	1	154960439	metadata
PYHIN1	1	158953927	metadata
QSOX1	1	180179449	metadata
RAB13	1	153983987	metadata
RAB25	1	156065832	metadata
RAB29	1	205771734	metadata
RAB3B	1	51949328	metadata
RAB3GAP2	1	220210411	metadata
RAB42	1	28593824	metadata
RAB4A	1	229288478	metadata
RABGAP1L	1	174577359	metadata
RABGGTB	1	75790641	metadata
RABIF	1	202883715	metadata
RAD54L	1	46262470	metadata
RALGPS2	1	178823503	metadata
RAP1A	1	111629454	metadata
RAP1GAP	1	21632789	metadata
RASAL2	1	178289125	metadata
RASSF5	1	206548489	metadata
RAVER2	1	64789153	metadata
RBBP4	1	32668676	metadata
RBBP5	1	205104078	metadata
RBM15	1	110312795	metadata
RBM34	1	235146233	metadata
RBM8A	1	145924617	metadata
RBMXL1	1	88986208	metadata
RBP7	1	10006613	metadata
RC3H1	1	173976720	metadata
RCAN3	1	24521695	metadata
RCC1	1	28522621	metadata
RCC2	1	17423218	metadata
RCOR3	1	211287381	metadata
RCSD1	1	167669394	metadata
RD3	1	211484342	metadata
REG4	1	119802798	metadata
REN	1	204172571	metadata
RER1	1	2398608	metadata
RERE	1	8600659	metadata
RFX5	1	151337919	metadata
RGL1	1	183782308	metadata
RGS1	1	192577893	metadata
RGS13	1	192648224	metadata
RGS16	1	182601506	metadata
RGS18	1	192172138	metadata
RGS2	1	192810657	metadata
RGS21	1	192342138	metadata
RGS4	1	163072788	metadata
RGS5	1	163216456	metadata
RGS7	1	241062505	metadata
RGS8	1	182663201	metadata
RGSL1	1	182484895	metadata
RHBDL2	1	38913818	metadata
RHBG	1	156377215	metadata
RHCE	1	25396220	metadata
RHD	1	25301419	metadata
RHEX	1	206077811	metadata
RHOC	1	112704280	metadata
RHOU	1	228741071	metadata
RIIAD1	1	151720119	metadata
RIMKLA	1	42402512	metadata
RIMS3	1	40643181	metadata
RIT1	1	155904606	metadata
RLF	1	40201154	metadata
RNASEL	1	182581445	metadata
RNF11	1	51254860	metadata
RNF115	1	145781481	metadata
RNF186	1	19816928	metadata
RNF187	1	228493640	metadata
RNF19B	1	32950627	metadata
RNF2	1	185074050	metadata
RNF207	1	6213387	metadata
RNF220	1	44528458	metadata
RNF223	1	1072636	metadata
RNPC3	1	103463230	metadata
RNPEP	1	201994259	metadata
RO60	1	193075615	metadata
ROR1	1	63977757	metadata
RORC	1	151818958	metadata
RPA2	1	27903135	metadata
RPAP2	1	92350557	metadata
RPE65	1	68439962	metadata
RPF1	1	84488805	metadata
RPL11	1	23694288	metadata
RPL22	1	6197204	metadata
RPL5	1	92836968	metadata
RPRD2	1	150419828	metadata
RPS27	1	153991458	metadata
RPS6KA1	1	26552395	metadata
RPS6KC1	1	213163003	metadata
RPS8	1	44777015	metadata
RPTN	1	152156411	metadata
RRAGC	1	38912462	metadata
RRP15	1	218311638	metadata
RSBN1	1	113787154	metadata
RSC1A1	1	15660873	metadata
RSPO1	1	37623121	metadata
RSRP1	1	25290231	metadata
RTCA	1	100279492	metadata
RUNX3	1	24932316	metadata
RUSC1	1	155326004	metadata
RWDD3	1	95197892	metadata
RXFP4	1	155942362	metadata
RXRG	1	165423138	metadata
RYR2	1	237438086	metadata
S100A1	1	153629982	metadata
S100A10	1	151988387	metadata
S100A11	1	152040206	metadata
S100A12	1	153374666	metadata
S100A13	1	153626595	metadata
S100A14	1	153615620	metadata
S100A16	1	153610015	metadata
S100A2	1	153564499	metadata
S100A3	1	153548293	metadata
S100A4	1	153546874	metadata
S100A5	1	153539456	metadata
S100A6	1	153535421	metadata
S100A7	1	153459197	metadata
S100A7A	1	153419871	metadata
S100PBP	1	32837821	metadata
S1PR1	1	101232792	metadata
SAMD11	1	934249	metadata
SAMD13	1	84344161	metadata
SARS1	1	109226050	metadata
SASS6	1	100108259	metadata
SCAMP3	1	155259206	metadata
SCCPDH	1	246746273	metadata
SCMH1	1	41134754	metadata
SCNM1	1	151163480	metadata
SCNN1D	1	1286232	metadata
SCP2	1	52989487	metadata
SCYL3	1	169871949	metadata
SDC3	1	30889112	metadata
SDCCAG8	1	243378062	metadata
SDE2	1	225991022	metadata
SDF4	1	1224481	metadata
SDHB	1	17036407	metadata
SDHC	1	161338793	metadata
SEC16B	1	177954129	metadata
SELE	1	169743672	metadata
SELENBP1	1	151368505	metadata
SELENOF	1	86888434	metadata
SELENON	1	25809207	metadata
SELL	1	169701183	metadata
SELP	1	169609521	metadata
SEMA4A	1	156162559	metadata
SEMA6C	1	151139158	metadata
SERBP1	1	67419112	metadata
SERINC2	1	31422122	metadata
SERPINC1	1	173910563	metadata
SERTAD4	1	210239713	metadata
SESN2	1	28271004	metadata
SETDB1	1	150945503	metadata
SETSIP	1	92074972	metadata
SF3A3	1	37973525	metadata
SF3B4	1	149925560	metadata
SFN	1	26863802	metadata
SFPQ	1	35184912	metadata
SFT2D2	1	168239479	metadata
SGIP1	1	66642203	metadata
SH2D1B	1	162403703	metadata
SH2D2A	1	156811544	metadata
SH2D5	1	20726284	metadata
SH3BGRL3	1	26280804	metadata
SH3BP5L	1	248818180	metadata
SH3D21	1	36317854	metadata
SH3GLB1	1	86726377	metadata
SHC1	1	154968346	metadata
SHCBP1L	1	182926695	metadata
SHE	1	154486092	metadata
SHISA4	1	201890633	metadata
SHISAL2A	1	52651425	metadata
SIKE1	1	114775082	metadata
SIPA1L2	1	232514268	metadata
SKI	1	2268800	metadata
SLAMF1	1	160627575	metadata
SLAMF6	1	160504146	metadata
SLAMF7	1	160746939	metadata
SLAMF8	1	159832151	metadata
SLAMF9	1	159952864	metadata
SLC16A1	1	112948271	metadata
SLC16A4	1	110376966	metadata
SLC19A2	1	169474926	metadata
SLC1A7	1	53114908	metadata
SLC22A15	1	116023283	metadata
SLC25A24	1	108167446	metadata
SLC25A33	1	9562319	metadata
SLC25A34	1	15744827	metadata
SLC25A44	1	156203364	metadata
SLC26A9	1	205928254	metadata
SLC27A3	1	153777255	metadata
SLC2A1	1	42977921	metadata
SLC2A5	1	9061792	metadata
SLC2A7	1	9014698	metadata
SLC30A1	1	211575364	metadata
SLC30A10	1	219822222	metadata
SLC30A2	1	26041685	metadata
SLC30A7	1	100946168	metadata
SLC35A3	1	100002492	metadata
SLC35D1	1	67026749	metadata
SLC35E2B	1	1676162	metadata
SLC35F3	1	234114593	metadata
SLC39A1	1	153963641	metadata
SLC41A1	1	205801421	metadata
SLC44A3	1	94720491	metadata
SLC44A5	1	75406621	metadata
SLC45A1	1	8331140	metadata
SLC45A3	1	205669180	metadata
SLC50A1	1	155137100	metadata
SLC5A9	1	48235664	metadata
SLC66A1	1	19320813	metadata
SLC6A17	1	110176348	metadata
SLC6A9	1	44011483	metadata
SLC9A1	1	27132895	metadata
SLC9C2	1	173551766	metadata
SLFNL1	1	41029240	metadata
SMAP2	1	40384088	metadata
SMCP	1	152881684	metadata
SMG5	1	156266024	metadata
SMG7	1	183535231	metadata
SMIM1	1	3774365	metadata
SMIM12	1	34786246	metadata
SMPDL3B	1	27947078	metadata
SMYD2	1	214309116	metadata
SMYD3	1	246128327	metadata
SNAP47	1	227755013	metadata
SNAPIN	1	153660277	metadata
SNIP1	1	37544371	metadata
SNRNP40	1	31278178	metadata
SNRPE	1	203866375	metadata
SNX27	1	151655548	metadata
SNX7	1	98711100	metadata
SOAT1	1	179326197	metadata
SORT1	1	109353743	metadata
SOX13	1	204100429	metadata
SPAG17	1	118069409	metadata
SPATA1	1	84536839	metadata
SPATA17	1	217751510	metadata
SPATA21	1	16412270	metadata
SPATA45	1	212838895	metadata
SPATA46	1	162375028	metadata
SPATA6	1	48383790	metadata
SPEN	1	15888275	metadata
SPMIP3	1	244371149	metadata
SPOCD1	1	31803222	metadata
SPRR1A	1	152984947	metadata
SPRR2A	1	153056816	metadata
SPRR2D	1	153040831	metadata
SPRR2F	1	153112818	metadata
SPRR3	1	153002801	metadata
SPRR4	1	152971611	metadata
SPRTN	1	231346063	metadata
SPSB1	1	9331213	metadata
SPTA1	1	158648709	metadata
SRARP	1	16006521	metadata
SRGAP2B	1	144991396	metadata
SRM	1	11057302	metadata
SRP9	1	225784140	metadata
SRRM1	1	24652498	metadata
SRSF10	1	23972637	metadata
SRSF11	1	70229367	metadata
SRSF4	1	29164821	metadata
SSBP3	1	54319455	metadata
SSR2	1	156014999	metadata
SSU72	1	1558268	metadata
SSX2IP	1	84667254	metadata
ST3GAL3	1	43818494	metadata
ST6GALNAC3	1	76354674	metadata
ST6GALNAC5	1	76967513	metadata
ST7L	1	112572169	metadata
STIL	1	47282515	metadata
STK40	1	36362774	metadata
STMN1	1	25895586	metadata
STPG1	1	24386966	metadata
STRIP1	1	110053109	metadata
STUM	1	226578997	metadata
STX12	1	27798831	metadata
STX6	1	180997916	metadata
STXBP3	1	108778098	metadata
STYXL2	1	167111620	metadata
SUCO	1	172572091	metadata
SUSD4	1	223292526	metadata
SV2A	1	149910581	metadata
SVBP	1	42812224	metadata
SWT1	1	185224430	metadata
SYCP1	1	114925116	metadata
SYDE2	1	85179306	metadata
SYF2	1	25227389	metadata
SYNC	1	32691751	metadata
SYPL2	1	109474340	metadata
SYT11	1	155872383	metadata
SYT14	1	210036156	metadata
SYT2	1	202650525	metadata
SYT6	1	114121585	metadata
SYTL1	1	27347978	metadata
SZRD1	1	16375360	metadata
SZT2	1	43422064	metadata
TACSTD2	1	58576342	metadata
TADA1	1	166866387	metadata
TAF12	1	28618060	metadata
TAF13	1	109069254	metadata
TAF1A	1	222573917	metadata
TAF5L	1	229609628	metadata
TAFA3	1	112723070	metadata
TAGLN2	1	159921807	metadata
TAL1	1	47224257	metadata
TARBP1	1	234435246	metadata
TARDBP	1	11021436	metadata
TARS2	1	150497508	metadata
TAS1R1	1	6567531	metadata
TAS1R2	1	18849629	metadata
TAS1R3	1	1333297	metadata
TATDN3	1	212804329	metadata
TBCE	1	235409901	metadata
TBX15	1	118936301	metadata
TBX19	1	168297651	metadata
TCEA3	1	23402828	metadata
TCEANC2	1	54083051	metadata
TCHH	1	152110880	metadata
TCHHL1	1	152086602	metadata
TDRD10	1	154525183	metadata
TDRD5	1	179641442	metadata
TDRKH	1	151780761	metadata
TEDDM1	1	182399392	metadata
TEKT2	1	36086184	metadata
TENT5B	1	27008935	metadata
TENT5C	1	117617218	metadata
TESK2	1	45417523	metadata
TEX35	1	178530855	metadata
TEX38	1	46671224	metadata
TEX46	1	23014967	metadata
TFAP2E	1	35584321	metadata
TFB2M	1	246553411	metadata
TGFB2	1	218394977	metadata
TGFBR3	1	91793339	metadata
THAP3	1	6630227	metadata
THBS3	1	155202319	metadata
THEM4	1	151890251	metadata
THEM5	1	151850406	metadata
THEMIS2	1	27879614	metadata
THRAP3	1	36264894	metadata
TIE1	1	43312045	metadata
TIMM17A	1	201963083	metadata
TINAGL1	1	31582085	metadata
TIPRL	1	168190535	metadata
TLCD4	1	95182574	metadata
TLR5	1	223126348	metadata
TM2D1	1	61703234	metadata
TMCC2	1	205256789	metadata
TMCO1	1	165776024	metadata
TMCO2	1	40248815	metadata
TMCO4	1	19741092	metadata
TMED5	1	93165129	metadata
TMEM125	1	43271992	metadata
TMEM167B	1	109093849	metadata
TMEM183A	1	203016111	metadata
TMEM200B	1	29121666	metadata
TMEM201	1	9601894	metadata
TMEM222	1	27329272	metadata
TMEM234	1	32218415	metadata
TMEM240	1	1537701	metadata
TMEM269	1	42800805	metadata
TMEM35B	1	34983363	metadata
TMEM39B	1	32087448	metadata
TMEM50A	1	25350339	metadata
TMEM51	1	15186505	metadata
TMEM52	1	1918434	metadata
TMEM53	1	44654859	metadata
TMEM54	1	32898016	metadata
TMEM59	1	54040092	metadata
TMEM61	1	54939564	metadata
TMEM63A	1	225863958	metadata
TMEM69	1	45691308	metadata
TMEM79	1	156288060	metadata
TMEM81	1	205083794	metadata
TMEM82	1	15745240	metadata
TMEM88B	1	1428063	metadata
TMEM9	1	201153173	metadata
TMIGD3	1	111523655	metadata
TMOD4	1	151173135	metadata
TNFAIP8L2	1	151158199	metadata
TNFRSF14	1	2548960	metadata
TNFRSF18	1	1205050	metadata
TNFRSF1B	1	12188109	metadata
TNFRSF25	1	6463480	metadata
TNFRSF4	1	1212739	metadata
TNFRSF8	1	12103755	metadata
TNFRSF9	1	7929518	metadata
TNFSF18	1	173045071	metadata
TNFSF4	1	173320114	metadata
TNN	1	175107954	metadata
TNNI1	1	201416825	metadata
TNNI3K	1	74389907	metadata
TNNT2	1	201368386	metadata
TNR	1	175529394	metadata
TOE1	1	45342012	metadata
TOMM20	1	235119089	metadata
TOMM40L	1	161228342	metadata
TOR1AIP1	1	179901059	metadata
TOR1AIP2	1	179858885	metadata
TOR3A	1	179090046	metadata
TP53BP2	1	223812923	metadata
TP73	1	3694358	metadata
TPM3	1	154174978	metadata
TPR	1	186343672	metadata
TPRG1L	1	3627571	metadata
TRABD2B	1	47878956	metadata
TRAF3IP3	1	209769176	metadata
TRAF5	1	211350780	metadata
TRAPPC3	1	36146311	metadata
TRIM11	1	228400254	metadata
TRIM17	1	228412398	metadata
TRIM33	1	114451996	metadata
TRIM45	1	117116823	metadata
TRIM46	1	155179379	metadata
TRIM58	1	247868662	metadata
TRIM62	1	33163729	metadata
TRIM63	1	26059868	metadata
TRIM67	1	231191811	metadata
TRIT1	1	39860810	metadata
TRMT13	1	100141823	metadata
TRMT1L	1	185137586	metadata
TRNAU1AP	1	28565815	metadata
TRNP1	1	26997802	metadata
TSACC	1	156342154	metadata
TSEN15	1	184087814	metadata
TSHB	1	115032064	metadata
TSNAX	1	231673948	metadata
TSPAN1	1	46180517	metadata
TSPAN2	1	115068757	metadata
TSSK3	1	32357916	metadata
TSTD1	1	161038304	metadata
TTC13	1	230942559	metadata
TTC22	1	54790517	metadata
TTC24	1	156583721	metadata
TTC34	1	2719339	metadata
TTC39A	1	51316187	metadata
TTC4	1	54729259	metadata
TTF2	1	117083889	metadata
TTLL10	1	1185908	metadata
TTLL7	1	83932087	metadata
TUFT1	1	151561944	metadata
TUT4	1	52480884	metadata
TXLNA	1	32188980	metadata
TXNDC12	1	52037951	metadata
TXNIP	1	145994507	metadata
TYW3	1	74749915	metadata
UAP1	1	162581481	metadata
UBAP2L	1	154245844	metadata
UBE2J2	1	1263886	metadata
UBE2Q1	1	154553802	metadata
UBE2T	1	202336764	metadata
UBE2U	1	64235495	metadata
UBE4B	1	10107035	metadata
UBIAD1	1	11284623	metadata
UBL4B	1	110113195	metadata
UBQLN4	1	156044548	metadata
UBR4	1	19142388	metadata
UBXN10	1	20191073	metadata
UBXN11	1	26299845	metadata
UCHL5	1	193036165	metadata
UCK2	1	165869616	metadata
UFC1	1	161155816	metadata
UHMK1	1	162513441	metadata
UQCRH	1	46310237	metadata
UQCRHL	1	15808258	metadata
URB2	1	229643223	metadata
UROD	1	45013262	metadata
USF1	1	161042614	metadata
USH2A	1	216023169	metadata
USP1	1	62444050	metadata
USP21	1	161162586	metadata
USP24	1	55140868	metadata
USP33	1	77727919	metadata
USP48	1	21730952	metadata
UTP11	1	38017039	metadata
UTP25	1	209842768	metadata
UTS2	1	7848297	metadata
VAMP3	1	7776364	metadata
VAMP4	1	171721117	metadata
VANGL1	1	115670097	metadata
VANGL2	1	160414621	metadata
VASH2	1	212971278	metadata
VAV3	1	107768170	metadata
VCAM1	1	100729393	metadata
VHLL	1	156298965	metadata
VPS13D	1	12371038	metadata
VPS45	1	150106304	metadata
VPS72	1	151185812	metadata
VSIG8	1	159858486	metadata
VTCN1	1	117177273	metadata
VWA1	1	1438871	metadata
VWA5B1	1	20325196	metadata
WARS2	1	119251495	metadata
WASF2	1	27447198	metadata
WDR26	1	224411089	metadata
WDR3	1	117948131	metadata
WDR47	1	109006163	metadata
WDR64	1	241727527	metadata
WDR77	1	111444573	metadata
WDTC1	1	27271634	metadata
WLS	1	68165796	metadata
WNT2B	1	112498353	metadata
WNT3A	1	228034134	metadata
WNT4	1	22130641	metadata
WNT9A	1	227933294	metadata
WRAP73	1	3641764	metadata
XCL1	1	168579337	metadata
XCL2	1	168542382	metadata
XKR8	1	27963840	metadata
XPR1	1	180761150	metadata
YARS1	1	32796634	metadata
YBX1	1	42693111	metadata
YIPF1	1	53870758	metadata
YOD1	1	207048414	metadata
YRDC	1	37805576	metadata
YTHDF2	1	28753198	metadata
YY1AP1	1	155674390	metadata
ZBED6	1	203824873	metadata
ZBTB17	1	15959000	metadata
ZBTB18	1	244053011	metadata
ZBTB37	1	173885814	metadata
ZBTB40	1	22479997	metadata
ZBTB41	1	197177487	metadata
ZBTB48	1	6584637	metadata
ZBTB7B	1	155010576	metadata
ZBTB8A	1	32572684	metadata
ZBTB8B	1	32480879	metadata
ZBTB8OS	1	32625537	metadata
ZC3H11A	1	203825311	metadata
ZC3H12A	1	37479478	metadata
ZCCHC17	1	31330967	metadata
ZDHHC18	1	26842146	metadata
ZFP69	1	40486816	metadata
ZFP69B	1	40456910	metadata
ZFYVE9	1	52245380	metadata
ZMPSTE24	1	40276110	metadata
ZMYM1	1	35075495	metadata
ZMYM4	1	35345383	metadata
ZMYM6	1	35009055	metadata
ZMYND12	1	42443291	metadata
ZNF124	1	247146997	metadata
ZNF281	1	200407498	metadata
ZNF326	1	90015321	metadata
ZNF362	1	33278605	metadata
ZNF436	1	23364642	metadata
ZNF496	1	247363001	metadata
ZNF593	1	26170390	metadata
ZNF644	1	90968785	metadata
ZNF648	1	182058141	metadata
ZNF669	1	247102167	metadata
ZNF670	1	247012179	metadata
ZNF672	1	248843863	metadata
ZNF678	1	227620493	metadata
ZNF683	1	26368078	metadata
ZNF684	1	40539870	metadata
ZNF687	1	151286897	metadata
ZNF691	1	42862003	metadata
ZNF692	1	248854575	metadata
ZNF695	1	246976820	metadata
ZNF697	1	119633821	metadata
ZNHIT6	1	85678925	metadata
ZP4	1	237884393	metadata
ZRANB2	1	71285650	metadata
ZSCAN20	1	33487144	metadata
ZSWIM5	1	45161304	metadata
ZYG11A	1	52868754	metadata
ZYG11B	1	52776894	metadata
ZZZ3	1	77622917	metadata
AAK1	2	69566173	metadata
AAMP	2	218267153	metadata
ABCA12	2	215035084	metadata
ABCB11	2	168973411	metadata
ABCB6	2	219214383	metadata
ABCG5	2	43825668	metadata
ABCG8	2	43857465	metadata
ABHD1	2	27127300	metadata
ABI2	2	203388004	metadata
ACADL	2	210206286	metadata
ACKR3	2	236575070	metadata
ACMSD	2	134870325	metadata
ACOXL	2	110925543	metadata
ACP1	2	271211	metadata
ACSL3	2	222902790	metadata
ACTG2	2	73906089	metadata
ACTR1B	2	97659991	metadata
ACTR2	2	65249520	metadata
ACTR3	2	113825670	metadata
ACVR1	2	157806290	metadata
ACVR1C	2	157577815	metadata
ACVR2A	2	147887671	metadata
ACYP2	2	54138069	metadata
ADAM17	2	9522609	metadata
ADAM23	2	206532329	metadata
ADCY3	2	24869703	metadata
ADD2	2	70687921	metadata
ADGRF3	2	26327495	metadata
ADI1	2	3508448	metadata
ADRA2B	2	96114723	metadata
AFF3	2	99868923	metadata
AFTPH	2	64558652	metadata
AGAP1	2	235812918	metadata
AGBL5	2	27056493	metadata
AGFG1	2	227516684	metadata
AGPS	2	177479885	metadata
AGXT	2	240874663	metadata
ALK	2	29557180	metadata
ALKAL2	2	284204	metadata
ALLC	2	3680435	metadata
ALMS1	2	73505462	metadata
ALPG	2	232408779	metadata
ALPI	2	232458439	metadata
ALPP	2	232380806	metadata
ALS2	2	201741189	metadata
AMER3	2	130761837	metadata
AMMECR1L	2	127873798	metadata
ANAPC1	2	111748164	metadata
ANKAR	2	189717741	metadata
ANKMY1	2	240524315	metadata
ANKRD23	2	96841230	metadata
ANKRD36	2	97188837	metadata
ANKRD36B	2	97541270	metadata
ANKRD36C	2	95914375	metadata
ANKRD39	2	96847313	metadata
ANKRD44	2	197139095	metadata
ANKRD53	2	70981939	metadata
ANKZF1	2	219233231	metadata
ANO7	2	241207242	metadata
ANTXR1	2	69131251	metadata
ANXA4	2	69735768	metadata
AOX1	2	200631539	metadata
AP1S3	2	223752853	metadata
APLF	2	68561717	metadata
APOB	2	21022751	metadata
AQP12A	2	240695174	metadata
AQP12B	2	240679662	metadata
ARHGAP15	2	143429857	metadata
ARHGAP25	2	68753217	metadata
ARHGEF33	2	38932664	metadata
ARHGEF4	2	130942088	metadata
ARID5A	2	96544690	metadata
ARL4C	2	234495061	metadata
ARL5A	2	151808738	metadata
ARL6IP6	2	152740021	metadata
ARMC9	2	231287697	metadata
ARPC2	2	218235748	metadata
ASAP2	2	9306224	metadata
ASB1	2	238439496	metadata
ASB18	2	236228934	metadata
ASB3	2	53696416	metadata
ASDURF	2	189663944	metadata
ASIC4	2	219499475	metadata
ASNSD1	2	189666108	metadata
ASTL	2	96130660	metadata
ASXL2	2	25806120	metadata
ATAD2B	2	23837893	metadata
ATF2	2	175120316	metadata
ATG16L1	2	233252862	metadata
ATG4B	2	241655535	metadata
ATG9A	2	219224548	metadata
ATIC	2	215330864	metadata
ATL2	2	38335619	metadata
ATOH8	2	85771363	metadata
ATP5MC3	2	175178984	metadata
ATP6V1B1	2	70950665	metadata
ATP6V1C2	2	10753105	metadata
ATP6V1E2	2	46516663	metadata
ATRAID	2	27214609	metadata
AUP1	2	74528202	metadata
B3GALT1	2	167583523	metadata
B3GNT2	2	62210423	metadata
B3GNT7	2	231402235	metadata
BABAM2	2	28114421	metadata
BARD1	2	214767664	metadata
BAZ2B	2	159465940	metadata
BBS5	2	169493067	metadata
BCL11A	2	60502493	metadata
BCL2L11	2	111143911	metadata
BCS1L	2	218661103	metadata
BIN1	2	127077657	metadata
BIRC6	2	32488297	metadata
BMP10	2	68866153	metadata
BMPR2	2	202472039	metadata
BOK	2	241562777	metadata
BOLA3	2	74141656	metadata
BOLL	2	197756820	metadata
BUB1	2	110657795	metadata
BZW1	2	200789694	metadata
C1D	2	68076039	metadata
C1GALT1C1L	2	43675790	metadata
C1QL2	2	119157497	metadata
C2CD6	2	201553299	metadata
C2orf15	2	99146688	metadata
C2orf42	2	70199250	metadata
C2orf49	2	105344122	metadata
C2orf50	2	11142222	metadata
C2orf66	2	196806886	metadata
C2orf68	2	85608660	metadata
C2orf69	2	199933614	metadata
C2orf72	2	231043621	metadata
C2orf73	2	54356888	metadata
C2orf74	2	61159968	metadata
C2orf76	2	119334529	metadata
C2orf78	2	73800665	metadata
C2orf80	2	208177686	metadata
C2orf81	2	74417897	metadata
C2orf88	2	190041546	metadata
CAB39	2	230766958	metadata
CACNB4	2	151965969	metadata
CAD	2	27230656	metadata
CALCRL	2	187279754	metadata
CALM2	2	47168502	metadata
CAMKMT	2	44567269	metadata
CAPG	2	85406592	metadata
CAPN10	2	240602219	metadata
CAPN13	2	30771656	metadata
CAPN14	2	31203457	metadata
CARF	2	202950238	metadata
CASP10	2	201206150	metadata
CASP8	2	201297639	metadata
CATIP	2	218342124	metadata
CAVIN2	2	191965076	metadata
CCDC115	2	130340316	metadata
CCDC121	2	27627325	metadata
CCDC138	2	108836117	metadata
CCDC141	2	178939947	metadata
CCDC142	2	74477697	metadata
CCDC148	2	158313913	metadata
CCDC150	2	196701522	metadata
CCDC74A	2	131530670	metadata
CCDC74B	2	130142210	metadata
CCDC85A	2	56285081	metadata
CCDC88A	2	55353868	metadata
CCDC93	2	117964805	metadata
CCL20	2	227811651	metadata
CCNT2	2	134822761	metadata
CCNYL1	2	207736689	metadata
CCT4	2	61878378	metadata
CCT7	2	73243220	metadata
CD207	2	70833013	metadata
CD28	2	203723136	metadata
CD302	2	159783441	metadata
CD8A	2	86796503	metadata
CD8B	2	86838631	metadata
CDC42EP3	2	37673785	metadata
CDCA7	2	173361908	metadata
CDK15	2	201843005	metadata
CDK5R2	2	218930937	metadata
CDKL4	2	39206014	metadata
CEBPZ	2	37216604	metadata
CEBPZOS	2	37206340	metadata
CENPA	2	26782678	metadata
CENPO	2	24807756	metadata
CEP68	2	65071679	metadata
CERKL	2	181607853	metadata
CERS6	2	168615691	metadata
CFAP210	2	169669915	metadata
CFAP221	2	119603341	metadata
CFAP36	2	55532341	metadata
CFAP65	2	219022186	metadata
CFC1	2	130595870	metadata
CFLAR	2	201146420	metadata
CGREF1	2	27109008	metadata
CHAC2	2	53771500	metadata
CHCHD5	2	112586757	metadata
CHMP3	2	86533454	metadata
CHN1	2	174902095	metadata
CHPF	2	219541381	metadata
CHRNA1	2	174767763	metadata
CHRND	2	232531330	metadata
CHRNG	2	232543903	metadata
CHST10	2	100404764	metadata
CIAO1	2	96270166	metadata
CIB4	2	26611285	metadata
CIMIP2C	2	26571058	metadata
CIR1	2	174371867	metadata
CKAP2L	2	112750506	metadata
CLASP1	2	121493626	metadata
CLEC4F	2	70814621	metadata
CLHC1	2	55202555	metadata
CLIP4	2	29148741	metadata
CLK1	2	200858850	metadata
CMKLR2	2	206234897	metadata
CMPK2	2	6853602	metadata
CNGA3	2	98372394	metadata
CNNM3	2	96825813	metadata
CNNM4	2	96786388	metadata
CNOT11	2	101261601	metadata
CNOT9	2	218582830	metadata
CNPPD1	2	219175001	metadata
CNRIP1	2	68302111	metadata
CNTNAP5	2	124473253	metadata
COA5	2	98603914	metadata
COBLL1	2	164748651	metadata
COL3A1	2	188993559	metadata
COL4A3	2	227239708	metadata
COL4A4	2	227083583	metadata
COL5A2	2	189128605	metadata
COL6A3	2	237369165	metadata
COLEC11	2	3619738	metadata
COMMD1	2	62017985	metadata
COPS7B	2	231795462	metadata
COPS8	2	236998306	metadata
COPS9	2	240131685	metadata
COQ10B	2	197464401	metadata
COX5B	2	97647222	metadata
COX7A2L	2	42379317	metadata
CPO	2	206954496	metadata
CPS1	2	210578394	metadata
CPSF3	2	9448376	metadata
CRACDL	2	98865052	metadata
CREB1	2	207567862	metadata
CREG2	2	101366526	metadata
CRIM1	2	36453456	metadata
CRIPT	2	46650726	metadata
CROCC2	2	240949820	metadata
CRYBA2	2	218991805	metadata
CRYGA	2	208162164	metadata
CRYGB	2	208144365	metadata
CRYGC	2	208128982	metadata
CRYGD	2	208123065	metadata
CSRNP3	2	165579527	metadata
CTDSP1	2	218401538	metadata
CTLA4	2	203863926	metadata
CTNNA2	2	79917046	metadata
CUL3	2	224527773	metadata
CWC22	2	179976086	metadata
CXCR1	2	218164901	metadata
CXCR2	2	218131270	metadata
CXCR4	2	136116763	metadata
CYBRD1	2	171540188	metadata
CYP1B1	2	38152549	metadata
CYP20A1	2	203272501	metadata
CYP26B1	2	72138550	metadata
CYP27A1	2	218798521	metadata
CYP27C1	2	127202072	metadata
CYRIA	2	16607895	metadata
CYS1	2	10068708	metadata
CYTIP	2	157450226	metadata
D2HGDH	2	241751709	metadata
DAPL1	2	158829049	metadata
DARS1	2	136031824	metadata
DAW1	2	227897699	metadata
DBI	2	119369737	metadata
DCAF17	2	171459634	metadata
DCDC2C	2	3775791	metadata
DCTN1	2	74376620	metadata
DDX1	2	15612762	metadata
DDX18	2	117823534	metadata
DES	2	219422556	metadata
DGKD	2	233413299	metadata
DGUOK	2	73957214	metadata
DHRS9	2	169080478	metadata
DHX57	2	38836831	metadata
DIS3L2	2	232152797	metadata
DLX1	2	172087208	metadata
DLX2	2	172215800	metadata
DNAAF10	2	68140242	metadata
DNAH6	2	84668022	metadata
DNAH7	2	195903270	metadata
DNAJB2	2	219283120	metadata
DNAJC10	2	182755359	metadata
DNAJC27	2	25005538	metadata
DNAJC5G	2	27278466	metadata
DNER	2	229536092	metadata
DNMT3A	2	25285222	metadata
DNPEP	2	219386025	metadata
DOCK10	2	224903779	metadata
DOK1	2	74553288	metadata
DPP10	2	115144039	metadata
DPP4	2	162033319	metadata
DPY30	2	31953807	metadata
DPYSL5	2	26899049	metadata
DQX1	2	74522206	metadata
DRC1	2	26429315	metadata
DTNB	2	25525422	metadata
DTYMK	2	241681345	metadata
DUSP11	2	73770977	metadata
DUSP19	2	183089283	metadata
DUSP2	2	96144303	metadata
DUSP28	2	240562655	metadata
DYNC1I2	2	171718783	metadata
DYNC2LI1	2	43792024	metadata
DYSF	2	71570162	metadata
DYTN	2	206686595	metadata
E2F6	2	11455276	metadata
ECEL1	2	232483830	metadata
ECRG4	2	106070700	metadata
EDAR	2	108941921	metadata
EEF1B2	2	206161256	metadata
EFEMP1	2	55895053	metadata
EFHD1	2	232644416	metadata
EFR3B	2	25100605	metadata
EGR4	2	73292315	metadata
EHBP1	2	62860169	metadata
EHD3	2	31251801	metadata
EIF2AK2	2	37128366	metadata
EIF2AK3	2	88624129	metadata
EIF2B4	2	27367345	metadata
EIF4E2	2	232567151	metadata
EIF5B	2	99369357	metadata
EIPR1	2	3283377	metadata
ELMOD3	2	85373073	metadata
EMILIN1	2	27082509	metadata
EML4	2	42250950	metadata
EML6	2	54847762	metadata
EMX1	2	72926165	metadata
EN1	2	118844909	metadata
EPAS1	2	46340182	metadata
EPB41L5	2	120096098	metadata
EPC2	2	148716467	metadata
EPCAM	2	47268758	metadata
EPHA4	2	221496114	metadata
ERBB4	2	211957279	metadata
ERCC3	2	127275728	metadata
ERFE	2	238163935	metadata
ERICH2	2	170759190	metadata
ERLEC1	2	53810023	metadata
ERMN	2	157323172	metadata
ESPNL	2	238116813	metadata
ETAA1	2	67404705	metadata
EVA1A	2	75519512	metadata
EVX2	2	176080717	metadata
EXOC6B	2	72501012	metadata
FAHD2A	2	95409662	metadata
FAHD2B	2	97088469	metadata
FAM110C	2	42842	metadata
FAM117B	2	202702363	metadata
FAM124B	2	224390402	metadata
FAM136A	2	70299021	metadata
FAM161A	2	61839495	metadata
FAM168B	2	131070668	metadata
FAM171B	2	186730009	metadata
FAM178B	2	96931231	metadata
FAM228A	2	24187951	metadata
FAM228B	2	24123083	metadata
FAM237A	2	206645926	metadata
FAM240C	2	241898269	metadata
FAM98A	2	33566045	metadata
FANCL	2	58200326	metadata
FAP	2	162207917	metadata
FARP2	2	241425563	metadata
FARSB	2	222611495	metadata
FASTKD1	2	169551191	metadata
FASTKD2	2	206780773	metadata
FBLN7	2	112163301	metadata
FBXO11	2	47847907	metadata
FBXO36	2	229967710	metadata
FBXO41	2	73269580	metadata
FBXO48	2	68463358	metadata
FER1L5	2	96673812	metadata
FEV	2	218983135	metadata
FEZ2	2	36588946	metadata
FHL2	2	105398112	metadata
FIGLA	2	70783976	metadata
FIGN	2	163664704	metadata
FKBP1B	2	24056691	metadata
FKBP7	2	178471132	metadata
FLACC1	2	201322834	metadata
FMNL2	2	152492500	metadata
FN1	2	215398256	metadata
FNDC4	2	27493541	metadata
FOSL2	2	28404882	metadata
FOXD4L1	2	113499907	metadata
FOXI3	2	88449740	metadata
FOXN2	2	48346966	metadata
FRZB	2	182849956	metadata
FSHR	2	49058342	metadata
FSIP2	2	185759144	metadata
FZD5	2	207766252	metadata
FZD7	2	202036148	metadata
G6PC2	2	168905645	metadata
GAD1	2	170837182	metadata
GAL3ST2	2	241790554	metadata
GALM	2	38703659	metadata
GALNT13	2	154162950	metadata
GALNT14	2	31032834	metadata
GALNT3	2	165796894	metadata
GALNT5	2	157288098	metadata
GAREM2	2	26181375	metadata
GBX2	2	236297815	metadata
GCA	2	162345217	metadata
GCC2	2	108499527	metadata
GCFC2	2	75681492	metadata
GCG	2	162147643	metadata
GCKR	2	27510261	metadata
GDF7	2	20673193	metadata
GEMIN6	2	38768268	metadata
GEN1	2	17771402	metadata
GFPT1	2	69353515	metadata
GGCX	2	85553126	metadata
GIGYF2	2	232778952	metadata
GKN1	2	68977776	metadata
GKN2	2	68949062	metadata
GLB1L	2	219241038	metadata
GLI2	2	120864138	metadata
GLS	2	190923186	metadata
GMCL1	2	69855522	metadata
GMPPA	2	219506381	metadata
GNLY	2	85692013	metadata
GORASP2	2	170947797	metadata
GPAT2	2	96030698	metadata
GPATCH11	2	37091881	metadata
GPBAR1	2	218261678	metadata
GPC1	2	240451869	metadata
GPD2	2	156524512	metadata
GPN1	2	27639879	metadata
GPR148	2	130729703	metadata
GPR155	2	174459332	metadata
GPR17	2	127649251	metadata
GPR35	2	240619294	metadata
GPR39	2	132531693	metadata
GPR45	2	105242605	metadata
GPR55	2	230934192	metadata
GPR75	2	53856439	metadata
GRB14	2	164556949	metadata
GREB1	2	11562564	metadata
GRHL1	2	9976985	metadata
GTDC1	2	144135318	metadata
GTF2A1L	2	48675473	metadata
GTF3C2	2	27341424	metadata
GTF3C3	2	196781380	metadata
GULP1	2	188443800	metadata
GYPC	2	126676400	metadata
HAAO	2	42779841	metadata
HADHA	2	26217653	metadata
HADHB	2	26266817	metadata
HAT1	2	171953067	metadata
HDAC4	2	239224911	metadata
HDLBP	2	241272162	metadata
HEATR5B	2	37026377	metadata
HECW2	2	196391391	metadata
HES6	2	238239464	metadata
HIBCH	2	190266964	metadata
HJURP	2	233843991	metadata
HK2	2	74863743	metadata
HNMT	2	137990192	metadata
HNRNPA3	2	177219400	metadata
HNRNPLL	2	38582777	metadata
HOXD1	2	176189787	metadata
HOXD10	2	176114363	metadata
HOXD11	2	176106985	metadata
HOXD12	2	176101142	metadata
HOXD13	2	176094332	metadata
HOXD3	2	176154857	metadata
HOXD4	2	176152388	metadata
HOXD8	2	176131194	metadata
HOXD9	2	176123828	metadata
HPCAL1	2	10365253	metadata
HS1BP3	2	20605789	metadata
HS6ST1	2	128277792	metadata
HSPD1	2	197501660	metadata
HSPE1	2	197525569	metadata
HTR2B	2	231116636	metadata
HTRA2	2	74531473	metadata
HYCC2	2	201022694	metadata
IAH1	2	9485100	metadata
ICA1L	2	202822458	metadata
ID2	2	8674267	metadata
IDH1	2	208251151	metadata
IFIH1	2	162292879	metadata
IFT172	2	27467091	metadata
IFT70A	2	177615870	metadata
IFT70B	2	177550897	metadata
IGFBP2	2	216648632	metadata
IGFBP5	2	216683827	metadata
IHH	2	219057672	metadata
IKZF2	2	213076059	metadata
IL18R1	2	102355153	metadata
IL18RAP	2	102435627	metadata
IL1A	2	112779209	metadata
IL1B	2	112833283	metadata
IL1F10	2	113071906	metadata
IL1R1	2	102122209	metadata
IL1R2	2	102010252	metadata
IL1RL1	2	102331769	metadata
IL1RL2	2	102213504	metadata
IL1RN	2	113116665	metadata
IL36A	2	113006751	metadata
IL36B	2	113037478	metadata
IL36G	2	112979430	metadata
IL36RN	2	113062010	metadata
IL37	2	112915023	metadata
ILKAP	2	238187055	metadata
IMMT	2	86169702	metadata
IMP4	2	130345422	metadata
ING5	2	241708281	metadata
INHA	2	219572436	metadata
INHBB	2	120348969	metadata
INO80B	2	74457986	metadata
INO80D	2	206040012	metadata
INPP1	2	190357617	metadata
INPP4A	2	98519623	metadata
INPP5D	2	233133935	metadata
INSIG2	2	118099724	metadata
IQCA1	2	236415841	metadata
IRS1	2	226765566	metadata
ITGA4	2	181498071	metadata
ITGA6	2	172370337	metadata
ITGAV	2	186635455	metadata
ITGB1BP1	2	9413501	metadata
ITGB6	2	160185777	metadata
ITM2C	2	230871943	metadata
ITPRID2	2	181911234	metadata
ITPRIPL1	2	96327917	metadata
ITSN2	2	24281700	metadata
IWS1	2	127481546	metadata
KANSL1L	2	210096415	metadata
KANSL3	2	96617978	metadata
KCMF1	2	85015282	metadata
KCNE4	2	223125294	metadata
KCNF1	2	10913079	metadata
KCNG3	2	42467999	metadata
KCNH7	2	162605087	metadata
KCNIP3	2	95341702	metadata
KCNJ13	2	232771183	metadata
KCNJ3	2	154778104	metadata
KCNK12	2	47540137	metadata
KCNK3	2	26713071	metadata
KCNS3	2	18119731	metadata
KCTD18	2	200504371	metadata
KDM3A	2	86466681	metadata
KHK	2	27093767	metadata
KIAA2012	2	202139221	metadata
KIDINS220	2	8779355	metadata
KIF1A	2	240769027	metadata
KIF3C	2	25954673	metadata
KIF5C	2	148950993	metadata
KLF11	2	10048842	metadata
KLF7	2	207123996	metadata
KLHL23	2	169735738	metadata
KLHL29	2	23546895	metadata
KLHL30	2	238161437	metadata
KLHL41	2	169517980	metadata
KRCC1	2	88045728	metadata
KRTCAP3	2	27444423	metadata
KYNU	2	142966745	metadata
LANCL1	2	210396954	metadata
LAPTM4A	2	20062193	metadata
LBH	2	30277632	metadata
LBX2	2	74501574	metadata
LCLAT1	2	30545725	metadata
LCT	2	135812517	metadata
LDAH	2	20753572	metadata
LGALSL	2	64424839	metadata
LHCGR	2	48721252	metadata
LIMS1	2	108610458	metadata
LIMS2	2	127660083	metadata
LIPT1	2	99159056	metadata
LMAN2L	2	96722996	metadata
LNPK	2	175963360	metadata
LONRF2	2	100297188	metadata
LOXL3	2	74543974	metadata
LPIN1	2	11752502	metadata
LRATD1	2	14641757	metadata
LRP1B	2	141181219	metadata
LRP2	2	169244821	metadata
LRPPRC	2	43941225	metadata
LRRFIP1	2	237720634	metadata
LRRTM1	2	80296551	metadata
LRRTM4	2	77170502	metadata
LTBP1	2	33173231	metadata
LY75	2	159838280	metadata
LYG1	2	99294490	metadata
LYG2	2	99248956	metadata
LYPD1	2	132657432	metadata
LYPD6	2	149402061	metadata
LYPD6B	2	149126684	metadata
M1AP	2	74603110	metadata
MAB21L4	2	240891468	metadata
MAIP1	2	199981928	metadata
MAL	2	95039834	metadata
MALL	2	110099946	metadata
MAP2	2	209579097	metadata
MAP3K19	2	135005976	metadata
MAP3K2	2	127343566	metadata
MAP3K20	2	173171725	metadata
MAP4K3	2	39550936	metadata
MAP4K4	2	101795770	metadata
MAPRE3	2	26998928	metadata
MARCHF4	2	216315174	metadata
MARCHF7	2	159741742	metadata
MARCO	2	118968427	metadata
MARS2	2	197706882	metadata
MAT2A	2	85542224	metadata
MATN3	2	20002360	metadata
MBD5	2	148268991	metadata
MBOAT2	2	8928199	metadata
MCEE	2	71119961	metadata
MCFD2	2	46921862	metadata
MCM6	2	135858034	metadata
MDH1	2	63597903	metadata
MDH1B	2	206751545	metadata
MEIS1	2	66503660	metadata
MEMO1	2	31938145	metadata
MERTK	2	111964084	metadata
METAP1D	2	172041186	metadata
METTL21A	2	207603279	metadata
METTL5	2	169817506	metadata
METTL8	2	171375274	metadata
MFF	2	227273381	metadata
MFSD2B	2	24036701	metadata
MFSD6	2	190458780	metadata
MFSD9	2	102725759	metadata
MGAT4A	2	98675119	metadata
MGAT5	2	134287302	metadata
MITD1	2	99171242	metadata
MLPH	2	237520375	metadata
MMADHC	2	149817321	metadata
MOB1A	2	74165713	metadata
MOB4	2	197534635	metadata
MOGAT1	2	222690794	metadata
MOGS	2	74463233	metadata
MORN2	2	38902524	metadata
MPHOSPH10	2	71140205	metadata
MPP4	2	201671782	metadata
MPV17	2	27317586	metadata
MREG	2	215988340	metadata
MROH2A	2	233804551	metadata
MRPL19	2	75668817	metadata
MRPL30	2	99190356	metadata
MRPL33	2	27879902	metadata
MRPL35	2	86206572	metadata
MRPL44	2	223962588	metadata
MRPL53	2	74472334	metadata
MRPS5	2	95103687	metadata
MRPS9	2	104987230	metadata
MSGN1	2	17817129	metadata
MSH2	2	47533106	metadata
MSH6	2	47752796	metadata
MSTN	2	190059214	metadata
MTA3	2	42625758	metadata
MTERF4	2	241087250	metadata
MTHFD2	2	74201868	metadata
MTIF2	2	55252971	metadata
MTX2	2	176303710	metadata
MXD1	2	69920316	metadata
MYCN	2	15943778	metadata
MYL1	2	210302662	metadata
MYO1B	2	191335287	metadata
MYO3B	2	170416658	metadata
MYO7B	2	127586706	metadata
MYT1L	2	2060388	metadata
MZT2A	2	131478821	metadata
MZT2B	2	130186233	metadata
NAB1	2	190669756	metadata
NABP1	2	191709582	metadata
NAGK	2	71072076	metadata
NAT8	2	73641572	metadata
NBAS	2	15364128	metadata
NBEAL1	2	203120493	metadata
NCAPH	2	96356428	metadata
NCK2	2	105819593	metadata
NCKAP1	2	182973986	metadata
NCKAP5	2	133120125	metadata
NCL	2	231468586	metadata
NCOA1	2	24630978	metadata
NDUFA10	2	239959096	metadata
NDUFAF7	2	37242517	metadata
NDUFB3	2	201078591	metadata
NDUFS1	2	206137163	metadata
NEB	2	151609911	metadata
NEMP2	2	190586969	metadata
NEU2	2	233033864	metadata
NEU4	2	241813239	metadata
NEURL3	2	96502877	metadata
NEUROD1	2	181674561	metadata
NFE2L2	2	177305711	metadata
NFU1	2	69416870	metadata
NGEF	2	232945978	metadata
NHEJ1	2	219115112	metadata
NIF3L1	2	200896632	metadata
NIFK	2	121688943	metadata
NLRC4	2	32245092	metadata
NMI	2	151280182	metadata
NMS	2	100476881	metadata
NMUR1	2	231526816	metadata
NOL10	2	10626167	metadata
NOP58	2	202284698	metadata
NOSTRIN	2	168826026	metadata
NOTO	2	73207543	metadata
NPAS2	2	100908484	metadata
NPHP1	2	110163688	metadata
NPPC	2	231924102	metadata
NR4A2	2	156333392	metadata
NRBP1	2	27435024	metadata
NRP2	2	205740061	metadata
NRXN1	2	51720259	metadata
NT5C1B	2	18572554	metadata
NTSR2	2	11664186	metadata
NUP35	2	183139596	metadata
NXPH2	2	138724773	metadata
NYAP2	2	225564798	metadata
OBSL1	2	219561293	metadata
ODC1	2	10453166	metadata
OLA1	2	174160523	metadata
OR6B3	2	240049046	metadata
ORC2	2	200936328	metadata
ORC4	2	147976000	metadata
ORMDL1	2	189775188	metadata
OSBPL6	2	178298687	metadata
OSGEPL1	2	189754943	metadata
OSR1	2	19355054	metadata
OST4	2	27071063	metadata
OTOF	2	26507979	metadata
OTOS	2	240141794	metadata
OTX1	2	63053946	metadata
OXER1	2	42763317	metadata
PAIP2B	2	71204920	metadata
PAPOLG	2	60779169	metadata
PARD3B	2	205082818	metadata
PASK	2	241128181	metadata
PAX3	2	222249442	metadata
PAX8	2	113244001	metadata
PCARE	2	29067749	metadata
PCGF1	2	74506369	metadata
PCYOX1	2	70269285	metadata
PDCD1	2	241854389	metadata
PDCL3	2	100570232	metadata
PDE11A	2	177865791	metadata
PDE1A	2	182331663	metadata
PDE6D	2	231759352	metadata
PDIA6	2	10810684	metadata
PDK1	2	172582021	metadata
PECR	2	216039642	metadata
PELI1	2	64118536	metadata
PER2	2	238267073	metadata
PEX13	2	61034607	metadata
PFN4	2	24119136	metadata
PGAP1	2	196880400	metadata
PHOSPHO2	2	169698081	metadata
PID1	2	229060906	metadata
PIGF	2	46598996	metadata
PIKFYVE	2	208312500	metadata
PJVK	2	178456724	metadata
PKDCC	2	42053269	metadata
PKP4	2	158569915	metadata
PLA2R1	2	159997310	metadata
PLB1	2	28550643	metadata
PLCD4	2	218622519	metadata
PLCL1	2	198188587	metadata
PLEK	2	68381367	metadata
PLEKHA3	2	178498460	metadata
PLEKHB2	2	131229278	metadata
PLEKHH2	2	43702623	metadata
PLEKHM3	2	207923407	metadata
PLGLB2	2	87753781	metadata
PMS1	2	189830857	metadata
PNKD	2	218308222	metadata
PNO1	2	68167063	metadata
PNPT1	2	55663962	metadata
POLE4	2	74964385	metadata
POLR1A	2	86063185	metadata
POLR1B	2	112560866	metadata
POLR2D	2	127850854	metadata
POMC	2	25164878	metadata
POTEE	2	131237407	metadata
POTEF	2	130101378	metadata
POTEI	2	130484581	metadata
POTEJ	2	130634738	metadata
POU3F3	2	104855930	metadata
PPIG	2	169612874	metadata
PPIL3	2	200880105	metadata
PPM1B	2	44206176	metadata
PPM1G	2	27395393	metadata
PPP1CB	2	28720693	metadata
PPP1R1C	2	182042819	metadata
PPP1R21	2	48477994	metadata
PPP1R7	2	241166614	metadata
PPP3R1	2	68217547	metadata
PPP4R3B	2	55583086	metadata
PRADC1	2	73230624	metadata
PREB	2	27132711	metadata
PREPL	2	44339071	metadata
PRKAG3	2	218827197	metadata
PRKCE	2	45919667	metadata
PRKD3	2	37287667	metadata
PRKRA	2	178441402	metadata
PRLH	2	237566874	metadata
PROC	2	127423834	metadata
PROKR1	2	68650915	metadata
PROM2	2	95282878	metadata
PRPF40A	2	152684802	metadata
PRR30	2	27138129	metadata
PRSS56	2	232523052	metadata
PSD4	2	113183360	metadata
PSMD1	2	231114980	metadata
PSMD14	2	161360071	metadata
PSME4	2	53917531	metadata
PTCD3	2	86124190	metadata
PTH2R	2	208607108	metadata
PTMA	2	231710223	metadata
PTPN18	2	130365725	metadata
PTPN4	2	119872410	metadata
PTPRN	2	219299635	metadata
PTRHD1	2	24791559	metadata
PUM2	2	20300462	metadata
PUS10	2	60978934	metadata
PXDN	2	1688369	metadata
QPCT	2	37358074	metadata
R3HDM1	2	135628362	metadata
RAB10	2	26085769	metadata
RAB11FIP5	2	73115051	metadata
RAB17	2	237587968	metadata
RAB1A	2	65100513	metadata
RAB3GAP1	2	135114478	metadata
RAB6C	2	129974233	metadata
RAB6D	2	131362330	metadata
RABL2A	2	113635312	metadata
RAD51AP2	2	17514509	metadata
RALB	2	120267387	metadata
RAMP1	2	237885499	metadata
RANBP2	2	108752646	metadata
RAPGEF4	2	172894083	metadata
RAPH1	2	203464840	metadata
RASGRP3	2	33511496	metadata
RBKS	2	27836030	metadata
RBM43	2	151254901	metadata
RBM44	2	237820598	metadata
RBM45	2	178125717	metadata
RBMS1	2	160382979	metadata
RDH14	2	18557701	metadata
REEP1	2	86276038	metadata
REG1A	2	79121885	metadata
REG1B	2	79086521	metadata
REG3A	2	79158378	metadata
REG3G	2	79027095	metadata
REL	2	60852650	metadata
RESP18	2	219330292	metadata
RETREG2	2	219180850	metadata
RETSAT	2	85348243	metadata
REV1	2	99445255	metadata
RFTN2	2	197622134	metadata
RFX8	2	101436235	metadata
RGPD1	2	86963879	metadata
RGPD2	2	87790878	metadata
RGPD3	2	106429851	metadata
RGPD4	2	107859718	metadata
RGPD5	2	109825231	metadata
RGPD8	2	112401428	metadata
RHBDD1	2	226917398	metadata
RHOB	2	20448257	metadata
RHOQ	2	46563247	metadata
RIF1	2	151458948	metadata
RMDN2	2	37995164	metadata
RMND5A	2	86749166	metadata
RNASEH1	2	3549881	metadata
RND3	2	150503603	metadata
RNF103	2	86613395	metadata
RNF144A	2	6992849	metadata
RNF149	2	101289960	metadata
RNF181	2	85596716	metadata
RNF25	2	218667947	metadata
RNPEPL1	2	240573588	metadata
ROCK2	2	11264044	metadata
RPE	2	210012412	metadata
RPIA	2	88721301	metadata
RPL31	2	101013130	metadata
RPL37A	2	216539002	metadata
RPRM	2	153478050	metadata
RPS27A	2	55233878	metadata
RPS7	2	3578090	metadata
RRM2	2	10166211	metadata
RSAD2	2	6881898	metadata
RTKN	2	74434128	metadata
RTN4	2	55042404	metadata
RTP5	2	241871711	metadata
RUFY4	2	218062772	metadata
SAG	2	233327435	metadata
SANBR	2	61101952	metadata
SAP130	2	127984668	metadata
SATB2	2	199370385	metadata
SCG2	2	223599650	metadata
SCLY	2	238080168	metadata
SCN1A	2	166173979	metadata
SCN2A	2	165293651	metadata
SCN3A	2	165145788	metadata
SCN7A	2	166507527	metadata
SCN9A	2	166285593	metadata
SCRN3	2	174412652	metadata
SCTR	2	119482572	metadata
SDC1	2	20213115	metadata
SELENOI	2	26352216	metadata
SEMA4C	2	96865237	metadata
SEMA4F	2	74672430	metadata
SEPTIN10	2	109578471	metadata
SEPTIN2	2	241334563	metadata
SERPINE2	2	224007181	metadata
SERTAD2	2	64691313	metadata
SESTD1	2	179183255	metadata
SF3B1	2	197411797	metadata
SF3B6	2	24071979	metadata
SFT2D3	2	127703369	metadata
SFTPB	2	85663027	metadata
SFXN5	2	73008827	metadata
SGO2	2	200547052	metadata
SGPP2	2	222493582	metadata
SH2D6	2	85427871	metadata
SH3BP4	2	235003865	metadata
SH3RF3	2	109316919	metadata
SH3YL1	2	242064	metadata
SIX2	2	45007317	metadata
SIX3	2	44942957	metadata
SLC11A1	2	218389461	metadata
SLC16A14	2	230051987	metadata
SLC19A3	2	227700895	metadata
SLC1A4	2	65006171	metadata
SLC20A1	2	112654882	metadata
SLC23A3	2	219165780	metadata
SLC25A12	2	171891632	metadata
SLC30A3	2	27264750	metadata
SLC30A6	2	32195110	metadata
SLC35F5	2	113730852	metadata
SLC35F6	2	26772757	metadata
SLC38A11	2	164924939	metadata
SLC39A10	2	195656839	metadata
SLC3A1	2	44298476	metadata
SLC40A1	2	189572174	metadata
SLC4A10	2	161704807	metadata
SLC4A1AP	2	27679396	metadata
SLC4A3	2	219634687	metadata
SLC4A5	2	74279829	metadata
SLC5A6	2	27206272	metadata
SLC5A7	2	108000258	metadata
SLC66A3	2	11167034	metadata
SLC8A1	2	40354161	metadata
SLC9A2	2	102665454	metadata
SLC9A4	2	102503599	metadata
SMARCAL1	2	216447718	metadata
SMC6	2	17732027	metadata
SMIM39	2	131041090	metadata
SMPD4	2	130167071	metadata
SMYD1	2	88090604	metadata
SMYD5	2	73220721	metadata
SNED1	2	241047093	metadata
SNORC	2	232867989	metadata
SNRNP200	2	96297804	metadata
SNRNP27	2	69899765	metadata
SNTG2	2	1159231	metadata
SNX17	2	27374015	metadata
SOCS5	2	46739598	metadata
SOS1	2	39043275	metadata
SOWAHC	2	109616677	metadata
SOX11	2	5696884	metadata
SP100	2	230480774	metadata
SP110	2	230195457	metadata
SP140	2	230258162	metadata
SP140L	2	230365458	metadata
SP3	2	173923111	metadata
SP5	2	170716707	metadata
SP9	2	174336727	metadata
SPAG16	2	213847445	metadata
SPAST	2	32110596	metadata
SPATA3	2	231007689	metadata
SPATA31H1	2	27560054	metadata
SPATS2L	2	200394072	metadata
SPC25	2	168873751	metadata
SPDYA	2	28816564	metadata
SPEG	2	219464236	metadata
SPEGNB	2	219497209	metadata
SPHKAP	2	228080821	metadata
SPMIP9	2	88527117	metadata
SPOPL	2	138286766	metadata
SPP2	2	234063906	metadata
SPR	2	72889770	metadata
SPRED2	2	65371744	metadata
SPTBN1	2	54563886	metadata
SRBD1	2	45500422	metadata
SRD5A2	2	31551709	metadata
SRSF7	2	38747546	metadata
SSB	2	169801998	metadata
ST3GAL5	2	85871159	metadata
ST6GAL2	2	106844354	metadata
STAM2	2	152146282	metadata
STAMBP	2	73851287	metadata
STARD7	2	96225871	metadata
STAT1	2	190964710	metadata
STAT4	2	191104005	metadata
STEAP3	2	119244741	metadata
STK11IP	2	219607154	metadata
STK16	2	219247896	metadata
STK17B	2	196155043	metadata
STK25	2	241501200	metadata
STK36	2	218687392	metadata
STK39	2	168100807	metadata
STON1	2	48653221	metadata
STPG4	2	47100423	metadata
STRADB	2	201434352	metadata
STRN	2	36902117	metadata
SUCLG1	2	84441786	metadata
SULT1C2	2	108299277	metadata
SULT1C3	2	108252659	metadata
SULT1C4	2	108383450	metadata
SULT6B1	2	37182209	metadata
SUPT7L	2	27657324	metadata
TACR1	2	75122991	metadata
TAF1B	2	9888929	metadata
TANC1	2	159100649	metadata
TANK	2	161186569	metadata
TBC1D8	2	101130047	metadata
TBR1	2	161421083	metadata
TCF23	2	27152989	metadata
TCF7L1	2	85221889	metadata
TEKT4	2	94874126	metadata
TET3	2	74046543	metadata
TEX261	2	70981599	metadata
TEX44	2	231593570	metadata
TFCP2L1	2	121250894	metadata
TFPI	2	187514995	metadata
TGFA	2	70500738	metadata
TGFBRAP1	2	105297063	metadata
TGOLN2	2	85323139	metadata
THADA	2	43413444	metadata
THAP4	2	241610781	metadata
THNSL2	2	88178465	metadata
THSD7B	2	137221631	metadata
THUMPD2	2	39757663	metadata
TIA1	2	70229052	metadata
TIGD1	2	232547220	metadata
TLK1	2	171111068	metadata
TLX2	2	74515305	metadata
TM4SF20	2	227372016	metadata
TMBIM1	2	218283391	metadata
TMEFF2	2	192071988	metadata
TMEM127	2	96257273	metadata
TMEM131	2	97876140	metadata
TMEM150A	2	85600871	metadata
TMEM163	2	134587379	metadata
TMEM169	2	216092324	metadata
TMEM17	2	62506056	metadata
TMEM177	2	119682837	metadata
TMEM178A	2	39691472	metadata
TMEM18	2	687250	metadata
TMEM182	2	102878402	metadata
TMEM185B	2	120220439	metadata
TMEM198	2	219547129	metadata
TMEM214	2	27037302	metadata
TMEM237	2	201631877	metadata
TMEM247	2	46481995	metadata
TMEM37	2	119434202	metadata
TMEM87B	2	112087293	metadata
TNFAIP6	2	151368819	metadata
TNP1	2	216859761	metadata
TNS1	2	217916785	metadata
TOGARAM2	2	29004420	metadata
TP53I3	2	24081647	metadata
TPO	2	1458888	metadata
TPRKB	2	73733252	metadata
TRABD2A	2	84864329	metadata
TRAF3IP1	2	238360669	metadata
TRAK2	2	201414353	metadata
TRAPPC12	2	3432384	metadata
TRIB2	2	12729822	metadata
TRIM43	2	95595889	metadata
TRIM43B	2	95480881	metadata
TRIM54	2	27294934	metadata
TRIP12	2	229843538	metadata
TRMT61B	2	28860065	metadata
TRPM8	2	233968447	metadata
TSGA10	2	99076112	metadata
TSN	2	121752478	metadata
TSPYL6	2	54254703	metadata
TTC21B	2	165905663	metadata
TTC27	2	32724541	metadata
TTC31	2	74488816	metadata
TTC32	2	19899307	metadata
TTC7A	2	46996003	metadata
TTL	2	112511947	metadata
TTLL4	2	218733125	metadata
TTN	2	178678395	metadata
TUBA3D	2	131479526	metadata
TUBA3E	2	130195092	metadata
TUBA4A	2	219263806	metadata
TWIST2	2	238879283	metadata
TXNDC9	2	99329842	metadata
TYW5	2	199942324	metadata
UBE2E3	2	181021916	metadata
UBE2F	2	238033213	metadata
UBR3	2	169955792	metadata
UBXN2A	2	23966097	metadata
UBXN4	2	135763395	metadata
UCN	2	27307922	metadata
UGGT1	2	128143438	metadata
UGP2	2	63866257	metadata
UGT1A1	2	233766785	metadata
UGT1A10	2	233704874	metadata
UGT1A3	2	233751171	metadata
UGT1A4	2	233746018	metadata
UGT1A5	2	233743103	metadata
UGT1A6	2	233732453	metadata
UGT1A7	2	233727600	metadata
UGT1A8	2	233695466	metadata
UGT1A9	2	233722599	metadata
UNC50	2	98613547	metadata
UNC80	2	209885434	metadata
UPP2	2	158006416	metadata
USP34	2	61329275	metadata
USP37	2	218509301	metadata
USP39	2	85626069	metadata
USP40	2	233521154	metadata
UXS1	2	106143804	metadata
VAMP5	2	85588918	metadata
VAMP8	2	85571796	metadata
VAX2	2	70932974	metadata
VIL1	2	218436208	metadata
VIT	2	36755742	metadata
VPS54	2	63955787	metadata
VRK2	2	58033774	metadata
VWA3B	2	98200207	metadata
VWC2L	2	214495015	metadata
WBP1	2	74459645	metadata
WDCP	2	24039461	metadata
WDFY1	2	223900536	metadata
WDPCP	2	63473701	metadata
WDR12	2	202944529	metadata
WDR33	2	127756107	metadata
WDR35	2	19950184	metadata
WDR43	2	28921443	metadata
WDR54	2	74423716	metadata
WDR75	2	189458499	metadata
WDSUB1	2	159261250	metadata
WIPF1	2	174621244	metadata
WNT10A	2	218890216	metadata
WNT6	2	218867019	metadata
XDH	2	31374531	metadata
XIRP2	2	167074116	metadata
XPO1	2	61507386	metadata
XRCC5	2	216156883	metadata
YIPF4	2	32297249	metadata
YPEL5	2	30153739	metadata
YWHAQ	2	9607482	metadata
ZAP70	2	97728951	metadata
ZC3H15	2	186499091	metadata
ZC3H6	2	112307828	metadata
ZC3H8	2	112233332	metadata
ZDBF2	2	206294545	metadata
ZEB2	2	144442710	metadata
ZFAND2B	2	219202444	metadata
ZFP36L2	2	43224504	metadata
ZNF142	2	218646492	metadata
ZNF2	2	95174874	metadata
ZNF512	2	27603093	metadata
ZNF513	2	27379012	metadata
ZNF514	2	95143877	metadata
ZNF638	2	71355815	metadata
ZNF804A	2	184769010	metadata
ZNG1B	2	113466947	metadata
ZRANB3	2	135334067	metadata
ZSWIM2	2	186838341	metadata
A4GNT	3	138128051	metadata
AADAC	3	151821280	metadata
AADACL2	3	151740278	metadata
ABCC5	3	183968936	metadata
ABCF3	3	184190053	metadata
ABHD10	3	111986189	metadata
ABHD14A	3	51981944	metadata
ABHD14B	3	51975959	metadata
ABHD5	3	43712239	metadata
ABHD6	3	58266612	metadata
ABI3BP	3	100871335	metadata
ABTB1	3	127676930	metadata
ACAA1	3	38120185	metadata
ACAD11	3	132609110	metadata
ACAD9	3	128901799	metadata
ACAP2	3	195358894	metadata
ACKR2	3	42846363	metadata
ACKR4	3	132608118	metadata
ACOX2	3	58521209	metadata
ACP3	3	132342835	metadata
ACTL6A	3	179575646	metadata
ACTR8	3	53874609	metadata
ACTRT3	3	169768241	metadata
ACVR2B	3	38473516	metadata
ACY1	3	51986268	metadata
ADAMTS9	3	64873385	metadata
ADCY5	3	123365693	metadata
ADGRG7	3	100652540	metadata
ADIPOQ	3	186850583	metadata
ADPRH	3	119584606	metadata
AGTR1	3	148720396	metadata
AHSG	3	186617189	metadata
ALAS1	3	52206206	metadata
ALCAM	3	105471904	metadata
ALDH1L1	3	126150778	metadata
ALG1L2	3	130097529	metadata
ALG3	3	184245924	metadata
ALS2CL	3	46681349	metadata
AMIGO3	3	49718256	metadata
AMOTL2	3	134365413	metadata
AMT	3	49419731	metadata
ANAPC13	3	134482211	metadata
ANKRD28	3	15763503	metadata
ANKUB1	3	149864742	metadata
ANO10	3	43523226	metadata
AP2M1	3	184179451	metadata
APEH	3	49678992	metadata
APOD	3	195576369	metadata
APPL1	3	57252915	metadata
ARF4	3	57584791	metadata
ARGFX	3	121579285	metadata
ARHGAP31	3	119357548	metadata
ARHGEF26	3	154189415	metadata
ARHGEF3	3	56903373	metadata
ARIH2	3	48952601	metadata
ARL13B	3	94017908	metadata
ARL14	3	160677804	metadata
ARL6	3	97782875	metadata
ARL6IP5	3	69095514	metadata
ARL8B	3	5151580	metadata
ARMC8	3	138242816	metadata
ARPC4	3	9814241	metadata
ARPP21	3	35716720	metadata
ASB14	3	57280513	metadata
ASTE1	3	131020762	metadata
ATG3	3	112547278	metadata
ATG7	3	11414987	metadata
ATP11B	3	182858257	metadata
ATP13A3	3	194450518	metadata
ATP13A4	3	193496039	metadata
ATP13A5	3	193326804	metadata
ATP1B3	3	141901336	metadata
ATP2B2	3	10516015	metadata
ATP2C1	3	130933653	metadata
ATP6V1A	3	113779413	metadata
ATR	3	142513870	metadata
ATRIP	3	48457177	metadata
ATXN7	3	63933308	metadata
AZI2	3	28332026	metadata
B3GALNT1	3	161094647	metadata
B3GNT5	3	183275878	metadata
B4GALT4	3	119258567	metadata
BAP1	3	52405508	metadata
BBX	3	107667137	metadata
BCHE	3	165805183	metadata
BCL6	3	187768619	metadata
BDH1	3	197541553	metadata
BFSP2	3	133437639	metadata
BHLHE40	3	4938610	metadata
BOC	3	113249231	metadata
BRK1	3	10121432	metadata
BRPF1	3	9739874	metadata
BSN	3	49613013	metadata
BTD	3	15661826	metadata
BTLA	3	112480269	metadata
C3orf18	3	50564526	metadata
C3orf20	3	14724088	metadata
C3orf22	3	126542982	metadata
C3orf33	3	155784447	metadata
C3orf38	3	88159344	metadata
C3orf52	3	112108669	metadata
C3orf62	3	49272914	metadata
C3orf70	3	185114949	metadata
C3orf80	3	160226817	metadata
C3orf84	3	49184746	metadata
CACNA1D	3	53571348	metadata
CACNA2D2	3	50433428	metadata
CACNA2D3	3	54598554	metadata
CADM2	3	85516709	metadata
CADPS	3	62636881	metadata
CAMK1	3	9763669	metadata
CAMK2N2	3	184260383	metadata
CAMKV	3	49863961	metadata
CAMP	3	48224419	metadata
CAND2	3	12815638	metadata
CAPN7	3	15229534	metadata
CASR	3	122237648	metadata
CAV3	3	8787805	metadata
CBLB	3	105762506	metadata
CCDC12	3	46949322	metadata
CCDC13	3	42739504	metadata
CCDC14	3	123929356	metadata
CCDC174	3	14662210	metadata
CCDC191	3	114010365	metadata
CCDC39	3	180643900	metadata
CCDC50	3	191363872	metadata
CCDC51	3	48436310	metadata
CCDC54	3	107275621	metadata
CCDC66	3	56589499	metadata
CCDC71	3	49164433	metadata
CCDC80	3	112623163	metadata
CCK	3	42262005	metadata
CCNL1	3	157153634	metadata
CCR1	3	46205012	metadata
CCR2	3	46357402	metadata
CCR3	3	46198798	metadata
CCR4	3	32954382	metadata
CCR5	3	46373576	metadata
CCR8	3	39331694	metadata
CCR9	3	45893799	metadata
CCRL2	3	46410081	metadata
CD200	3	112347708	metadata
CD200R1	3	112948154	metadata
CD200R1L	3	112831286	metadata
CD47	3	108067476	metadata
CD80	3	119541953	metadata
CD86	3	122088250	metadata
CD96	3	111479357	metadata
CDC25A	3	48172781	metadata
CDCP1	3	45114349	metadata
CDHR4	3	49795302	metadata
CDV3	3	133581973	metadata
CELSR3	3	48649674	metadata
CEP15	3	62327614	metadata
CEP19	3	196709263	metadata
CEP63	3	134536744	metadata
CEP70	3	138544441	metadata
CEP97	3	101747548	metadata
CFAP100	3	126415732	metadata
CFAP20DC	3	59430704	metadata
CFAP44	3	113364270	metadata
CFAP91	3	119735062	metadata
CFAP92	3	128956278	metadata
CGGBP1	3	88100914	metadata
CHCHD4	3	14118473	metadata
CHCHD6	3	126832330	metadata
CHDH	3	53829377	metadata
CHL1	3	303090	metadata
CHMP2B	3	87241413	metadata
CHRD	3	184385395	metadata
CHST13	3	126533723	metadata
CHST2	3	143121892	metadata
CIDEC	3	9873483	metadata
CIP2A	3	108569754	metadata
CISH	3	50609131	metadata
CLASP2	3	33607300	metadata
CLCN2	3	184353917	metadata
CLDN1	3	190314076	metadata
CLDN11	3	170436800	metadata
CLDN16	3	190367339	metadata
CLDN18	3	138016195	metadata
CLDND1	3	98510489	metadata
CLEC3B	3	45018809	metadata
CLRN1	3	150949445	metadata
CLSTN2	3	140256291	metadata
CMC1	3	28283363	metadata
CMSS1	3	99999784	metadata
CMTM6	3	32492082	metadata
CMTM7	3	32437382	metadata
CMTM8	3	32304500	metadata
CNBP	3	129175874	metadata
CNOT10	3	32729510	metadata
CNTN3	3	74438613	metadata
CNTN4	3	2578386	metadata
CNTN6	3	1248437	metadata
COL6A5	3	130415181	metadata
COL6A6	3	130597110	metadata
COL7A1	3	48579701	metadata
COL8A1	3	99718850	metadata
COLQ	3	15485942	metadata
COMMD2	3	149745483	metadata
COPB2	3	139586202	metadata
COPG1	3	129263689	metadata
COX17	3	119665983	metadata
CP	3	149192119	metadata
CPA3	3	148881249	metadata
CPB1	3	148825644	metadata
CPN2	3	194345548	metadata
CPNE4	3	131909482	metadata
CPNE9	3	9716867	metadata
CPOX	3	98586547	metadata
CRBN	3	3162177	metadata
CRELD1	3	9939603	metadata
CRIPTO	3	46578495	metadata
CRTAP	3	33130893	metadata
CRYBG3	3	97883497	metadata
CRYGS	3	186542571	metadata
CSNKA2IP	3	88403005	metadata
CSPG5	3	47571515	metadata
CSRNP1	3	39148208	metadata
CSTA	3	122333608	metadata
CTDSPL	3	37923174	metadata
CTNNB1	3	41227418	metadata
CX3CR1	3	39272615	metadata
CXCR6	3	45944642	metadata
CYB561D2	3	50354652	metadata
CYP8B1	3	42865951	metadata
DAG1	3	49502165	metadata
DALRD3	3	49018890	metadata
DAZL	3	16628549	metadata
DBR1	3	138167968	metadata
DCAF1	3	51447941	metadata
DCBLD2	3	98848818	metadata
DCLK3	3	36738487	metadata
DCP1A	3	53315507	metadata
DCUN1D1	3	182962013	metadata
DENND6A	3	57659265	metadata
DGKG	3	186233951	metadata
DHFR2	3	94055612	metadata
DHX30	3	47826552	metadata
DHX36	3	154298516	metadata
DIPK2A	3	144010271	metadata
DLEC1	3	38081615	metadata
DLG1	3	197170945	metadata
DNAH1	3	52358405	metadata
DNAH12	3	57419021	metadata
DNAJB11	3	186576601	metadata
DNAJB8	3	128469271	metadata
DNAJC13	3	132478267	metadata
DNAJC19	3	180986735	metadata
DNASE1L3	3	58203477	metadata
DOCK3	3	51029562	metadata
DPH3	3	16261015	metadata
DPPA2	3	109305152	metadata
DPPA4	3	109331845	metadata
DRD3	3	114163493	metadata
DTX3L	3	122569770	metadata
DUSP7	3	52052745	metadata
DVL3	3	184164495	metadata
DYNC1LI1	3	32548416	metadata
DYNLT2B	3	196304759	metadata
DZIP1L	3	138088904	metadata
DZIP3	3	108642272	metadata
EAF1	3	15439116	metadata
EAF2	3	121860854	metadata
EBLN2	3	73062498	metadata
ECE2	3	184284521	metadata
ECT2	3	172786078	metadata
EDEM1	3	5203802	metadata
EEF1AKMT4	3	184271363	metadata
EEFSEC	3	128281063	metadata
EFCAB12	3	129414978	metadata
EFCC1	3	129021023	metadata
EFHB	3	19913248	metadata
EHHADH	3	185236307	metadata
EIF1B	3	40257225	metadata
EIF2A	3	150566347	metadata
EIF2B5	3	184134549	metadata
EIF4A2	3	186786551	metadata
EIF4E3	3	71715093	metadata
EIF4G1	3	184324926	metadata
EIF5A2	3	170898531	metadata
ELP6	3	47504676	metadata
EMC3	3	9986942	metadata
ENTPD3	3	40407964	metadata
EOGT	3	69035656	metadata
EOMES	3	27719330	metadata
EPHA3	3	89294877	metadata
EPHA6	3	97288056	metadata
EPHB1	3	135027863	metadata
EPHB3	3	184572096	metadata
EPM2AIP1	3	36989087	metadata
ERC2	3	55988703	metadata
ERICH6	3	150730878	metadata
ESYT3	3	138458136	metadata
ETV5	3	186078316	metadata
EXOG	3	38519144	metadata
EXOSC7	3	45005653	metadata
FAIM	3	138620991	metadata
FAM107A	3	58595863	metadata
FAM131A	3	184342173	metadata
FAM162A	3	122398247	metadata
FAM240A	3	46619534	metadata
FAM3D	3	58625785	metadata
FAM43A	3	194687460	metadata
FANCD2	3	10064151	metadata
FANCD2OS	3	10094786	metadata
FBLN2	3	13593773	metadata
FBXL2	3	33340343	metadata
FBXO40	3	121611837	metadata
FBXO45	3	196578835	metadata
FBXW12	3	48386739	metadata
FETUB	3	186644555	metadata
FEZF2	3	62372002	metadata
FGD5	3	14872712	metadata
FGF12	3	192453577	metadata
FHIT	3	60499368	metadata
FILIP1L	3	99971662	metadata
FLNB	3	58090324	metadata
FNDC3B	3	172220623	metadata
FOXL2	3	138945680	metadata
FOXL2NB	3	138950603	metadata
FOXP1	3	71269335	metadata
FRG2C	3	75665774	metadata
FRMD4B	3	69355682	metadata
FSTL1	3	120421654	metadata
FXR1	3	180925447	metadata
FYCO1	3	45956863	metadata
FYTTD1	3	197762387	metadata
GABRR3	3	98010208	metadata
GADL1	3	30810429	metadata
GALNT15	3	16203336	metadata
GAP43	3	115672500	metadata
GASK1A	3	43023492	metadata
GATA2	3	128513722	metadata
GBE1	3	81625674	metadata
GCSAM	3	112127054	metadata
GFM1	3	158670054	metadata
GHRL	3	10289306	metadata
GHSR	3	172445873	metadata
GK5	3	142191559	metadata
GLB1	3	33046905	metadata
GLT8D1	3	52700259	metadata
GLYCTK	3	52293162	metadata
GMNC	3	190872583	metadata
GMPPB	3	49720408	metadata
GMPS	3	155907335	metadata
GNAI2	3	50242827	metadata
GNAT1	3	50194653	metadata
GNB4	3	179423782	metadata
GNL3	3	52687826	metadata
GOLGA4	3	37305035	metadata
GOLGB1	3	121706582	metadata
GOLIM4	3	168052306	metadata
GORASP1	3	39101795	metadata
GP5	3	194397043	metadata
GP9	3	129061592	metadata
GPD1L	3	32137199	metadata
GPR149	3	154382566	metadata
GPR15	3	98533329	metadata
GPR156	3	120224933	metadata
GPR160	3	170061693	metadata
GPR171	3	151200524	metadata
GPR27	3	71755175	metadata
GPR62	3	51956440	metadata
GPR87	3	151305453	metadata
GPX1	3	49357889	metadata
GRAMD1C	3	113887678	metadata
GRIP2	3	14522591	metadata
GRK7	3	141791380	metadata
GRM2	3	51712840	metadata
GRM7	3	7255767	metadata
GSK3B	3	119958157	metadata
GTF2E1	3	120762853	metadata
GTPBP8	3	113003022	metadata
GUCA1C	3	108930835	metadata
GXYLT2	3	72943092	metadata
GYG1	3	149011591	metadata
H1-10	3	129315588	masks
H1-8	3	129547248	masks
HACD2	3	123537936	metadata
HACL1	3	15581275	metadata
HCLS1	3	121646163	metadata
HDAC11	3	13493074	metadata
HEG1	3	125010853	metadata
HEMK1	3	50582660	metadata
HES1	3	194137440	metadata
HESX1	3	57212722	metadata
HGD	3	120655220	metadata
HHATL	3	42697743	metadata
HHLA2	3	108337407	metadata
HIGD1A	3	42793699	metadata
HLTF	3	149058340	metadata
HMCES	3	129292507	metadata
HPS3	3	149151685	metadata
HRG	3	186676231	metadata
HRH1	3	11200325	metadata
HSPBAP1	3	122766915	metadata
HTR1F	3	87893272	metadata
HTR3C	3	184056860	metadata
HTR3D	3	184035456	metadata
HTR3E	3	184100148	metadata
HYAL1	3	50306135	metadata
HYAL2	3	50320286	metadata
HYAL3	3	50296118	metadata
IFRD2	3	50290325	metadata
IFT122	3	129475058	metadata
IFT57	3	108191623	metadata
IFT80	3	160328433	metadata
IGF2BP2	3	185734086	metadata
IGSF10	3	151443222	metadata
IGSF11	3	119023312	metadata
IHO1	3	49228267	metadata
IL12A	3	160064505	metadata
IL17RB	3	53856181	metadata
IL17RC	3	9925352	metadata
IL17RD	3	57130144	metadata
IL17RE	3	9909507	metadata
IL1RAP	3	190586900	metadata
IL20RB	3	136978657	metadata
IL5RA	3	3096468	metadata
ILDR1	3	122004785	metadata
IMPDH2	3	49026886	metadata
IMPG2	3	101271560	metadata
INKA1	3	49804145	metadata
IP6K1	3	49755418	metadata
IP6K2	3	48714178	metadata
IQCB1	3	121802420	metadata
IQCF1	3	51899114	metadata
IQCF2	3	51862519	metadata
IQCF3	3	51830136	metadata
IQCF5	3	51874681	metadata
IQCF6	3	51778901	metadata
IQCG	3	197924609	metadata
IQCJ	3	159429796	metadata
IQSEC1	3	13090162	metadata
IRAK2	3	10204332	metadata
ISY1	3	129124305	metadata
ITGA9	3	37637811	metadata
ITGB5	3	124831683	metadata
ITIH1	3	52784831	metadata
ITIH3	3	52801783	metadata
ITIH4	3	52821825	metadata
ITPR1	3	4670425	metadata
JAGN1	3	9892461	metadata
KALRN	3	124379847	metadata
KAT2B	3	20097425	metadata
KBTBD12	3	127951451	metadata
KBTBD8	3	67004758	metadata
KCNAB1	3	156288228	metadata
KCNH8	3	19342076	metadata
KCNMB2	3	178558680	metadata
KCNMB3	3	179251846	metadata
KCTD6	3	58497228	metadata
KIAA1143	3	44749640	metadata
KIF15	3	44817548	metadata
KIF9	3	47205312	metadata
KLF15	3	126350021	metadata
KLHDC8B	3	49174042	metadata
KLHL18	3	47314866	metadata
KLHL24	3	183660064	metadata
KLHL40	3	42689040	metadata
KLHL6	3	183521628	metadata
KNG1	3	186730879	metadata
KPNA1	3	122468423	metadata
KPNA4	3	160530289	metadata
KRBOX1	3	42939589	metadata
KY	3	134625779	metadata
LAMB2	3	49127116	metadata
LAMP3	3	183143027	metadata
LARS2	3	45471643	metadata
LEKR1	3	156935805	metadata
LHFPL4	3	9526091	metadata
LIMD1	3	45620867	metadata
LIPH	3	185529425	metadata
LMCD1	3	8281612	metadata
LMLN	3	198001960	metadata
LMOD3	3	69114548	metadata
LNP1	3	100428925	metadata
LPP	3	188521977	metadata
LRCH3	3	197839831	metadata
LRIG1	3	66440030	metadata
LRRC15	3	194362496	metadata
LRRC2	3	46561166	metadata
LRRC31	3	169854553	metadata
LRRC34	3	169802994	metadata
LRRC58	3	120336931	metadata
LRRFIP2	3	37118157	metadata
LRRIQ4	3	169825321	metadata
LRRN1	3	3824632	metadata
LRTM1	3	54942659	metadata
LSAMP	3	116899983	metadata
LSG1	3	194656627	metadata
LSM3	3	14189969	metadata
LSMEM2	3	50283600	metadata
LTF	3	46460439	metadata
LXN	3	158659235	metadata
LYZL4	3	42403846	metadata
LZTFL1	3	45869679	metadata
MAGEF1	3	184711214	metadata
MAGI1	3	65696221	metadata
MANF	3	51387344	metadata
MAP3K13	3	185386017	metadata
MAP4	3	47969981	metadata
MAP6D1	3	183820758	metadata
MAPKAPK3	3	50630405	metadata
MASP1	3	187254631	metadata
MB21D2	3	192857335	metadata
MBD4	3	129435563	metadata
MBNL1	3	152354804	metadata
MCCC1	3	183065646	metadata
MCF2L2	3	183303409	metadata
MCM2	3	127610329	metadata
MECOM	3	169373637	metadata
MED12L	3	151261179	metadata
MELTF	3	197005212	metadata
METTL6	3	15410920	metadata
MFN1	3	179371322	metadata
MFSD1	3	158780958	metadata
MGLL	3	127870626	metadata
MITF	3	69853896	metadata
MIX23	3	122371411	metadata
MKRN2	3	12571632	metadata
MKRN2OS	3	12537996	metadata
MLF1	3	158589207	metadata
MLH1	3	37022061	metadata
MME	3	155103914	metadata
MOBP	3	39498338	metadata
MON1A	3	49918666	metadata
MORC1	3	109038191	metadata
MRAS	3	138376591	metadata
MRPL3	3	131482597	metadata
MRPL47	3	179596467	metadata
MRPS22	3	139183151	metadata
MRPS25	3	15037475	metadata
MSL2	3	136173079	metadata
MST1	3	49686724	metadata
MST1R	3	49895387	metadata
MTMR14	3	9675913	metadata
MUC13	3	124929630	metadata
MUC20	3	195687836	metadata
MUC4	3	195779369	metadata
MUSTN1	3	52834066	metadata
MYD88	3	38140788	metadata
MYH15	3	108454845	metadata
MYL3	3	46858644	metadata
MYLK	3	123747190	metadata
MYNN	3	169781556	metadata
MYRIP	3	40034617	metadata
NAA50	3	113731379	metadata
NAA80	3	50297909	metadata
NAALADL2	3	175124560	metadata
NBEAL2	3	46994685	metadata
NCBP2	3	196938998	metadata
NCEH1	3	172670733	metadata
NCK1	3	136906907	metadata
NCKIPSD	3	48680104	metadata
NDUFAF3	3	49021977	metadata
NDUFB4	3	120599417	metadata
NDUFB5	3	179616168	metadata
NECTIN3	3	110770499	metadata
NEK10	3	27237972	metadata
NEK11	3	131188657	metadata
NEK4	3	52739695	metadata
NEPRO	3	113101904	metadata
NFKBIZ	3	101844506	metadata
NGLY1	3	25754491	metadata
NICN1	3	49425829	metadata
NISCH	3	52474093	metadata
NIT2	3	100348187	metadata
NKIRAS1	3	23918271	metadata
NKTR	3	42624695	metadata
NLGN1	3	173845328	metadata
NMD3	3	161179114	metadata
NME6	3	48296203	metadata
NME9	3	138295661	metadata
NMNAT3	3	139619098	metadata
NPHP3	3	132808490	metadata
NPRL2	3	50349078	metadata
NR1D2	3	23962961	metadata
NR1I2	3	119799485	metadata
NR2C2	3	15000591	metadata
NRROS	3	196650849	metadata
NSUN3	3	94097406	metadata
NT5DC2	3	52529719	metadata
NUDT16	3	131328919	metadata
NUP210	3	13368278	metadata
NXPE3	3	101811460	metadata
OGG1	3	9769081	metadata
OPA1	3	193645477	metadata
OR5AC2	3	98087637	metadata
OR5H1	3	98134634	metadata
OR5H14	3	98152046	metadata
OR5H15	3	98168235	metadata
OR5H2	3	98283287	metadata
OR5H6	3	98264304	metadata
OR5K1	3	98468062	metadata
OR5K2	3	98498156	metadata
OR5K3	3	98391148	metadata
OR5K4	3	98354336	metadata
OSBPL10	3	31867746	metadata
OSBPL11	3	125562177	metadata
OSTN	3	191232428	metadata
OTOL1	3	161500375	metadata
OXNAD1	3	16307729	metadata
OXSM	3	25788725	metadata
OXSR1	3	38210286	metadata
OXTR	3	8760004	metadata
P2RY1	3	152838285	metadata
P2RY12	3	151360798	metadata
P2RY13	3	151327930	metadata
P2RY14	3	151245329	metadata
P3H2	3	190220877	metadata
P4HTM	3	48998521	metadata
PAK2	3	196786252	metadata
PAQR9	3	142981104	metadata
PARL	3	183857102	metadata
PARP14	3	122705839	metadata
PARP15	3	122608337	metadata
PARP3	3	51945606	metadata
PARP9	3	122546250	metadata
PBRM1	3	52615634	metadata
PCBP4	3	51965735	metadata
PCCB	3	136294118	metadata
PCNP	3	101584322	metadata
PCOLCE2	3	142852564	metadata
PCYT1A	3	196251089	metadata
PDCD10	3	167709118	metadata
PDCD6IP	3	33834139	metadata
PDE12	3	57606377	metadata
PDHB	3	58430743	metadata
PDIA5	3	123146126	metadata
PDZRN3	3	73503686	metadata
PEX5L	3	179916005	metadata
PFKFB4	3	48539849	metadata
PFN2	3	150007846	metadata
PHC3	3	170134240	metadata
PHF7	3	52417150	metadata
PHLDB2	3	111854507	metadata
PIGX	3	196687891	metadata
PIGZ	3	196957708	metadata
PIK3CA	3	179194103	metadata
PIK3CB	3	138743632	metadata
PIK3R4	3	130712881	metadata
PLA1A	3	119613843	metadata
PLAAT1	3	193259433	metadata
PLCD1	3	38018569	metadata
PLCH1	3	155560325	metadata
PLCL2	3	16946627	metadata
PLCXD2	3	111760561	metadata
PLD1	3	171705677	metadata
PLOD2	3	146099432	metadata
PLS1	3	142655028	metadata
PLSCR1	3	146530018	metadata
PLSCR2	3	146443706	metadata
PLSCR4	3	146221757	metadata
PLSCR5	3	146590950	metadata
PLXNA1	3	127010041	metadata
PLXNB1	3	48416970	metadata
PLXND1	3	129580945	metadata
POC1A	3	52114958	metadata
PODXL2	3	127650993	metadata
POGLUT1	3	119481835	metadata
POLQ	3	121488709	metadata
POLR2H	3	184365153	metadata
POMGNT2	3	43092657	metadata
POPDC2	3	119650890	metadata
POU1F1	3	87267994	metadata
PP2D1	3	19996114	metadata
PPARG	3	12360862	metadata
PPM1L	3	160917252	metadata
PPM1M	3	52248179	metadata
PPP1R2	3	195528907	metadata
PPP2R3A	3	136056811	metadata
PPP4R2	3	73033000	metadata
PRICKLE2	3	64268856	metadata
PRKAR2A	3	48796235	metadata
PRKCD	3	53174363	metadata
PRKCI	3	170264200	metadata
PROK2	3	71778430	metadata
PROS1	3	93926527	metadata
PRR23A	3	139005115	metadata
PRR23B	3	139019978	metadata
PRR23C	3	139043497	metadata
PRR23E	3	127195658	metadata
PRRT3	3	9945929	metadata
PRSS50	3	46714993	metadata
PSMD2	3	184304124	metadata
PSMD6	3	64017280	metadata
PTH1R	3	46890760	metadata
PTPN23	3	47397223	metadata
PTPRG	3	61929589	metadata
PTX3	3	157440241	metadata
PXK	3	58379503	metadata
PXYLP1	3	141298239	metadata
PYDC2	3	191508295	metadata
QARS1	3	49100531	metadata
QRICH1	3	49062035	metadata
QTRT2	3	114047127	metadata
RAB43	3	129105185	metadata
RAB5A	3	19966136	metadata
RAB6B	3	133860058	metadata
RABL3	3	120713965	metadata
RAD18	3	8869587	metadata
RAD54L2	3	51603693	metadata
RAF1	3	12623151	metadata
RAP2B	3	153166426	metadata
RARB	3	25142909	metadata
RARRES1	3	158714690	metadata
RASA2	3	141551185	metadata
RASSF1	3	50335381	metadata
RBM15B	3	51394596	metadata
RBM5	3	50103970	metadata
RBM6	3	50020026	metadata
RBMS3	3	29292591	metadata
RBP1	3	139528631	metadata
RBP2	3	139466815	metadata
RBSN	3	15084616	metadata
RETNLB	3	108750417	metadata
RFC4	3	186798469	metadata
RFT1	3	53098653	metadata
RFTN1	3	16413800	metadata
RHO	3	129531991	metadata
RHOA	3	49386068	metadata
RIOX2	3	97957137	metadata
RNF123	3	49705533	metadata
RNF13	3	149887454	metadata
RNF168	3	196486275	metadata
RNF7	3	141742904	metadata
ROBO1	3	79182618	metadata
ROBO2	3	76778329	metadata
ROPN1	3	123980349	metadata
ROPN1B	3	125976307	metadata
RPL14	3	40462939	metadata
RPL15	3	23920482	metadata
RPL22L1	3	170867541	metadata
RPL24	3	101683912	metadata
RPL29	3	51994708	metadata
RPL32	3	12838033	metadata
RPL35A	3	197953400	metadata
RPN1	3	128650522	metadata
RPP14	3	58315470	metadata
RPSA	3	39416485	metadata
RPUSD3	3	9841225	metadata
RRP9	3	51937666	metadata
RSRC1	3	158325792	metadata
RTP1	3	187199474	metadata
RTP2	3	187700408	metadata
RTP3	3	46497780	metadata
RTP4	3	187370230	metadata
RUBCN	3	197709297	metadata
RUVBL1	3	128109346	metadata
RYK	3	134158081	metadata
SACM1L	3	45717234	metadata
SAMD7	3	169925373	metadata
SATB1	3	18684152	metadata
SCAP	3	47445403	metadata
SCHIP1	3	159585436	metadata
SCN10A	3	38756544	metadata
SCN11A	3	38948960	metadata
SCN5A	3	38598900	metadata
SEC13	3	10307121	metadata
SEC22A	3	123238031	metadata
SEC22C	3	42574524	metadata
SEC61A1	3	128061673	metadata
SEC62	3	169982504	metadata
SELENOK	3	53888151	metadata
SELENOT	3	150616655	metadata
SEMA3B	3	50271013	metadata
SEMA3F	3	50136053	metadata
SEMA3G	3	52439069	metadata
SEMA5B	3	122968843	metadata
SENP2	3	185608023	metadata
SENP5	3	196901285	metadata
SENP7	3	101418723	metadata
SERP1	3	150572613	metadata
SERPINI1	3	167780406	metadata
SERPINI2	3	167460443	metadata
SETD2	3	47090270	metadata
SETD5	3	9438427	metadata
SETMAR	3	4310298	metadata
SFMBT1	3	52975161	metadata
SGO1	3	20671570	metadata
SH3BP5	3	15297860	metadata
SHISA5	3	48486312	metadata
SHOX2	3	158101162	metadata
SHQ1	3	72805595	metadata
SI	3	165028697	metadata
SIAH2	3	150921326	metadata
SIDT1	3	113581134	metadata
SKIL	3	170377088	metadata
SLC12A8	3	125147750	metadata
SLC15A2	3	121919294	metadata
SLC22A13	3	38272284	metadata
SLC22A14	3	38300434	metadata
SLC25A20	3	48877915	metadata
SLC25A26	3	66260863	metadata
SLC25A36	3	140961412	metadata
SLC25A38	3	39390360	metadata
SLC26A6	3	48630608	metadata
SLC2A2	3	171011545	metadata
SLC33A1	3	155837740	metadata
SLC35A5	3	112573644	metadata
SLC35G2	3	136837267	metadata
SLC38A3	3	50213366	metadata
SLC41A3	3	126053959	metadata
SLC49A4	3	122838104	metadata
SLC4A7	3	27428571	metadata
SLC51A	3	196227332	metadata
SLC6A1	3	11015716	metadata
SLC6A11	3	10878457	metadata
SLC6A20	3	45776011	metadata
SLC6A6	3	14445962	metadata
SLC7A14	3	170654816	metadata
SLC9A9	3	143556853	metadata
SLC9C1	3	112217562	metadata
SLCO2A1	3	133992442	metadata
SLITRK3	3	165191914	metadata
SLMAP	3	57842726	metadata
SMARCC1	3	47683687	metadata
SMC4	3	160417114	metadata
SMCO1	3	196511112	metadata
SNRK	3	43355638	metadata
SNTN	3	63665847	metadata
SNX4	3	125483426	metadata
SOX14	3	137765324	metadata
SOX2	3	181413195	metadata
SPATA12	3	57068048	metadata
SPATA16	3	173015296	metadata
SPCS1	3	52708051	metadata
SPICE1	3	113478952	metadata
SPINK8	3	48320251	metadata
SPSB4	3	141099979	metadata
SPTSSB	3	161358839	metadata
SRGAP3	3	9171822	metadata
SRPRB	3	133804897	metadata
SS18L2	3	42589387	metadata
SSR3	3	156547351	metadata
SST	3	187669653	metadata
SSUH2	3	8682213	metadata
ST3GAL6	3	98776718	metadata
ST6GAL1	3	187004439	metadata
STAB1	3	52509916	metadata
STAC	3	36464255	metadata
STAG1	3	136544319	metadata
STIMATE	3	52865341	metadata
STT3B	3	31585593	metadata
STX19	3	94021481	metadata
STXBP5L	3	121166416	metadata
SUCLG2	3	67507536	metadata
SUCNR1	3	151879131	metadata
SUMF1	3	4084043	metadata
SUSD5	3	33184426	metadata
SYN2	3	12098210	metadata
SYNPR	3	63422619	metadata
TADA3	3	9786489	metadata
TAFA1	3	68274934	metadata
TAFA4	3	68842531	metadata
TAGLN3	3	112006313	metadata
TAMM41	3	11818680	metadata
TASOR	3	56651698	metadata
TATDN2	3	10264620	metadata
TBC1D23	3	100293121	metadata
TBC1D5	3	17800989	metadata
TBCCD1	3	186558305	metadata
TBL1XR1	3	177123670	metadata
TCAIM	3	44373785	metadata
TCTA	3	49414344	metadata
TEX264	3	51683508	metadata
TEX55	3	119153096	metadata
TF	3	133771340	metadata
TFDP2	3	142046986	metadata
TFG	3	100729129	metadata
TFRC	3	196047332	metadata
TGFBR2	3	30650363	metadata
TGM4	3	44894799	metadata
THOC7	3	63848869	metadata
THPO	3	184376951	metadata
THRB	3	24306454	metadata
THUMPD3	3	9374157	metadata
TIGIT	3	114293600	metadata
TIMMDC1	3	119511818	metadata
TIMP4	3	12155990	metadata
TIPARP	3	156725730	metadata
TKT	3	53240382	metadata
TLR9	3	52223362	metadata
TM4SF1	3	149370631	metadata
TM4SF18	3	149309216	metadata
TM4SF19	3	196327227	metadata
TM4SF4	3	149489045	metadata
TMA7	3	48442232	metadata
TMCC1	3	129770751	metadata
TMEM108	3	133218083	metadata
TMEM115	3	50357135	metadata
TMEM158	3	45225376	metadata
TMEM207	3	190439278	metadata
TMEM212	3	171891032	metadata
TMEM39A	3	119448889	metadata
TMEM40	3	12751492	metadata
TMEM41A	3	185487776	metadata
TMEM42	3	44863787	metadata
TMEM43	3	14134347	metadata
TMEM44	3	194610681	metadata
TMEM45A	3	100535031	metadata
TMF1	3	69036083	metadata
TMIE	3	46702707	metadata
TMPPE	3	33093783	metadata
TMPRSS7	3	112058002	metadata
TNFSF10	3	172514491	metadata
TNIK	3	171259411	metadata
TNK2	3	195887654	metadata
TNNC1	3	52452570	metadata
TOMM70	3	100382260	metadata
TOP2B	3	25631443	metadata
TOPAZ1	3	44286992	metadata
TOPBP1	3	133630277	metadata
TP63	3	189764332	metadata
TPRA1	3	127584749	metadata
TPRG1	3	189136259	metadata
TRAIP	3	49842587	metadata
TRAK1	3	42119757	metadata
TRANK1	3	36885938	metadata
TRAT1	3	108838887	metadata
TREX1	3	48466728	metadata
TRH	3	129976311	metadata
TRIM42	3	140689607	metadata
TRIM59	3	160338641	metadata
TRIM71	3	32857910	metadata
TRMT10C	3	101564157	metadata
TRNT1	3	3140184	metadata
TRPC1	3	142765961	metadata
TSC22D2	3	150437360	metadata
TSEN2	3	12512985	metadata
TTC14	3	180546957	metadata
TTC21A	3	39123291	metadata
TTLL3	3	9831612	metadata
TUSC2	3	50324139	metadata
TWF2	3	52237700	metadata
TXNRD3	3	126613451	metadata
U2SURP	3	143012611	metadata
UBA3	3	69067569	metadata
UBA5	3	132667120	metadata
UBA7	3	49809581	metadata
UBE2E1	3	23848797	metadata
UBE2E2	3	23397407	metadata
UBP1	3	33414853	metadata
UBXN7	3	196390044	metadata
UCN2	3	48562749	metadata
ULK4	3	41604364	metadata
UMPS	3	124739853	metadata
UPK1B	3	119189330	metadata
UQCC5	3	52556625	metadata
UQCRC1	3	48604989	metadata
UROC1	3	126499469	metadata
USF3	3	113672515	metadata
USP13	3	179728699	metadata
USP19	3	49114492	metadata
USP4	3	49308928	metadata
UTS2B	3	191298847	metadata
VEPH1	3	157396680	metadata
VGLL3	3	86933768	metadata
VGLL4	3	11663709	metadata
VHL	3	10147727	metadata
VILL	3	37997623	metadata
VIPR1	3	42513436	metadata
VPS8	3	184932378	metadata
VWA5B2	3	184235957	metadata
WDR48	3	39074342	metadata
WDR49	3	167566333	metadata
WDR53	3	196561425	metadata
WDR5B	3	122429350	metadata
WDR6	3	49011507	metadata
WDR82	3	52271227	metadata
WNT5A	3	55478127	metadata
WNT7A	3	13848164	metadata
WWTR1	3	149626974	metadata
XCR1	3	46051407	metadata
XIRP1	3	39187903	metadata
XPC	3	14161883	metadata
XRN1	3	142377334	metadata
XXYLT1	3	195169721	metadata
XYLB	3	38384054	metadata
YEATS2	3	183755210	metadata
ZBBX	3	167323858	metadata
ZBED2	3	111594123	metadata
ZBTB11	3	101663012	metadata
ZBTB20	3	114730896	metadata
ZBTB38	3	141387002	metadata
ZBTB47	3	42628178	metadata
ZCWPW2	3	28443421	metadata
ZDHHC19	3	196204444	metadata
ZDHHC23	3	113956651	metadata
ZDHHC3	3	44945721	metadata
ZIC1	3	147451857	metadata
ZIC4	3	147396427	metadata
ZKSCAN7	3	44619412	metadata
ZMAT3	3	179016168	metadata
ZMYND10	3	50343421	metadata
ZNF148	3	125300497	metadata
ZNF197	3	44616679	metadata
ZNF35	3	44654761	metadata
ZNF385D	3	21892769	metadata
ZNF445	3	44454687	metadata
ZNF501	3	44733339	metadata
ZNF502	3	44718237	metadata
ZNF589	3	48270176	metadata
ZNF619	3	40484083	metadata
ZNF620	3	40497933	metadata
ZNF621	3	40549781	metadata
ZNF639	3	179330807	metadata
ZNF654	3	88101957	metadata
ZNF660	3	44588958	metadata
ZNF662	3	42912738	metadata
ZNF717	3	75732121	metadata
ZNF80	3	114236104	metadata
ZNF852	3	44501201	metadata
ZNF860	3	31986736	metadata
ZPLD1	3	102289542	metadata
ZXDC	3	126456746	metadata
AADAT	4	170075960	metadata
AASDH	4	56362897	metadata
ABCE1	4	145113906	metadata
ABCG2	4	88160889	metadata
ABHD18	4	128002634	metadata
ABLIM2	4	8062071	metadata
ABRAXAS1	4	83491432	metadata
ACOX3	4	8403502	metadata
ACSL1	4	184791206	metadata
ADAD1	4	122404384	metadata
ADAM29	4	174903924	metadata
ADAMTS3	4	72425095	metadata
ADD1	4	2886960	metadata
ADGRA3	4	22430568	metadata
ADGRL3	4	61639330	metadata
ADH1A	4	99283686	metadata
ADH1B	4	99313186	metadata
ADH1C	4	99344621	metadata
ADH4	4	99140724	metadata
ADH5	4	99079889	metadata
ADH6	4	99211087	metadata
ADH7	4	99423885	metadata
ADRA2C	4	3767437	metadata
AFAP1	4	7849320	metadata
AFF1	4	87038020	metadata
AFG2A	4	123121251	metadata
AFM	4	73492873	metadata
AFP	4	73443656	metadata
AGA	4	177561947	metadata
AIMP1	4	106332500	metadata
ALB	4	73409298	metadata
ALPK1	4	112364065	metadata
AMBN	4	70599772	metadata
AMTN	4	70525656	metadata
ANAPC10	4	144965224	metadata
ANAPC4	4	25397880	metadata
ANK2	4	113101126	metadata
ANKRD17	4	73166087	metadata
ANKRD37	4	185398324	metadata
ANKRD50	4	124688390	metadata
ANTXR2	4	80013300	metadata
ANXA10	4	168140136	metadata
ANXA3	4	78581099	metadata
ANXA5	4	121682470	metadata
AP1AR	4	112252425	metadata
APBB2	4	41013370	metadata
ARAP2	4	36096367	metadata
AREG	4	74450070	metadata
ARFIP1	4	152849200	metadata
ARHGAP10	4	147902419	metadata
ARHGAP24	4	85738909	metadata
ARHGEF38	4	105630356	metadata
ARL9	4	56515084	metadata
ARSJ	4	113940005	metadata
ART3	4	76062616	metadata
ASB5	4	176245622	metadata
ASIC5	4	155848003	metadata
ATOH1	4	93829858	metadata
ATP10D	4	47539380	metadata
ATP5ME	4	673383	metadata
ATP8A1	4	42532747	metadata
BANK1	4	101743049	metadata
BBS12	4	122738822	metadata
BBS7	4	121847408	metadata
BDH2	4	103088731	metadata
BEND4	4	42131865	metadata
BLOC1S4	4	6716919	metadata
BLTP1	4	122258249	metadata
BMP2K	4	78846353	metadata
BMP3	4	81044167	metadata
BMPR1B	4	94958201	metadata
BOD1L1	4	13598231	metadata
BST1	4	15720689	metadata
BTC	4	74769641	metadata
C1QTNF7	4	15216420	metadata
C4orf17	4	99526657	metadata
C4orf19	4	37538710	metadata
C4orf3	4	119300432	metadata
C4orf33	4	129104978	metadata
C4orf36	4	86911325	metadata
C4orf46	4	158669465	metadata
C4orf50	4	6048964	metadata
C4orf51	4	145725589	metadata
C4orf54	4	99647178	metadata
CABS1	4	70336048	metadata
CAMK2D	4	113589990	metadata
CASP3	4	184638879	metadata
CASP6	4	109696102	metadata
CBR4	4	168937022	metadata
CC2D2A	4	15535708	metadata
CCDC110	4	185458467	metadata
CCDC149	4	24891859	metadata
CCDC158	4	76367432	metadata
CCKAR	4	26485940	metadata
CCNA2	4	121820163	metadata
CCNG2	4	77295297	metadata
CCNI	4	77061732	metadata
CCSER1	4	90866344	metadata
CD38	4	15815753	metadata
CDKL2	4	75603606	metadata
CDKN2AIP	4	183446849	metadata
CDS1	4	84617230	metadata
CENPC	4	67507132	metadata
CENPE	4	103151897	metadata
CENPU	4	184714107	metadata
CEP135	4	55991116	metadata
CEP44	4	174308555	metadata
CFAP184	4	7041925	metadata
CFAP299	4	80649740	metadata
CFAP96	4	185438037	metadata
CFAP97	4	185184584	metadata
CFAP99	4	2440978	metadata
CFI	4	109766579	metadata
CHIC2	4	54029704	metadata
CHRNA9	4	40345275	metadata
CISD2	4	102880890	metadata
CLCN3	4	169668153	metadata
CLDN22	4	183319188	metadata
CLDN24	4	183322095	metadata
CLGN	4	140408057	metadata
CLNK	4	10585581	metadata
CLOCK	4	55487406	metadata
CLRN2	4	17521134	metadata
CNGA1	4	47976329	metadata
CNOT6L	4	77766501	metadata
COL25A1	4	109055738	metadata
COMMD8	4	47457244	metadata
COPS4	4	83055132	metadata
COQ2	4	83273225	metadata
CORIN	4	47716052	metadata
COX18	4	73061058	metadata
COX7B2	4	46822036	metadata
CPE	4	165429870	metadata
CPEB2	4	14956149	metadata
CPLX1	4	805543	metadata
CPZ	4	8606209	metadata
CRACD	4	56189853	metadata
CRMP1	4	5820585	metadata
CSN1S1	4	69938821	metadata
CSN2	4	69960492	metadata
CSN3	4	70244928	metadata
CTBP1	4	1268866	metadata
CTSO	4	155937746	metadata
CWH43	4	49024178	metadata
CXCL1	4	73870350	metadata
CXCL10	4	76022307	metadata
CXCL11	4	76037548	metadata
CXCL13	4	77561793	metadata
CXCL2	4	74098118	metadata
CXCL3	4	74037698	metadata
CXCL5	4	73997159	metadata
CXCL6	4	73842852	metadata
CXCL8	4	73742117	metadata
CXCL9	4	76004392	metadata
CXXC4	4	104612674	metadata
CYP2U1	4	107926617	metadata
CYP4V2	4	186202515	metadata
CYTL1	4	5017022	metadata
DAPP1	4	99843508	metadata
DCAF16	4	17805706	metadata
DCAF4L1	4	41984110	metadata
DCHS2	4	154361770	metadata
DCK	4	71011726	metadata
DCLK2	4	150167941	metadata
DCTD	4	182903998	metadata
DCUN1D4	4	51879918	metadata
DDIT4L	4	100202759	metadata
DDX60	4	168267587	metadata
DDX60L	4	168447260	metadata
DEFB131A	4	9447540	metadata
DGKQ	4	972891	metadata
DHX15	4	24550997	metadata
DKK2	4	107102804	metadata
DMP1	4	87657320	metadata
DNAJB14	4	99921433	metadata
DOK7	4	3482389	metadata
DRD5	4	9782821	metadata
DSPP	4	87612701	metadata
DTHD1	4	36314563	metadata
EDNRA	4	147512935	metadata
EGF	4	109963324	metadata
EIF4E	4	98904204	metadata
ELF2	4	139102665	metadata
ELMOD2	4	140538969	metadata
ELOVL6	4	110122522	metadata
EMCN	4	100637733	metadata
ENAM	4	70637784	metadata
ENOPH1	4	82445883	metadata
ENPEP	4	110465509	metadata
ENPP6	4	184154968	metadata
EPGN	4	74312629	metadata
EPHA5	4	65495029	metadata
EREG	4	74376947	metadata
ETFDH	4	158691355	metadata
ETNPPL	4	108752551	metadata
EVC	4	5762753	metadata
EVC2	4	5626160	metadata
EXOC1	4	55879367	metadata
EXOSC9	4	121809169	metadata
F11	4	186393579	metadata
FABP2	4	119319694	metadata
FAM114A1	4	38906708	metadata
FAM13A	4	88918676	metadata
FAM149A	4	186139878	metadata
FAM184B	4	17705463	metadata
FAM193A	4	2634610	metadata
FAM200B	4	15686054	metadata
FAM241A	4	112170355	metadata
FAM47E	4	76248911	metadata
FAM53A	4	1651114	metadata
FAT1	4	186657258	metadata
FAT4	4	125403925	metadata
FBXL5	4	15643030	metadata
FBXO8	4	174260162	metadata
FBXW7	4	152428318	metadata
FDCSP	4	70230688	metadata
FGA	4	154586934	metadata
FGB	4	154567909	metadata
FGF2	4	122862459	metadata
FGF5	4	80301659	metadata
FGFBP1	4	15937158	metadata
FGFBP2	4	15964777	metadata
FGFR3	4	1801082	metadata
FGFRL1	4	1018417	metadata
FGG	4	154608550	metadata
FHDC1	4	152957997	metadata
FHIP1A	4	151539839	metadata
FIP1L1	4	53420975	metadata
FNIP2	4	158838538	metadata
FRAS1	4	78300796	metadata
FREM3	4	143638988	metadata
FRG1	4	189852562	metadata
FRG2	4	190025812	metadata
FRYL	4	48638839	metadata
FSTL5	4	161773950	metadata
G3BP2	4	75683219	metadata
GAB1	4	143405720	metadata
GABRA2	4	46359389	metadata
GABRA4	4	46956240	metadata
GABRB1	4	47210085	metadata
GABRG1	4	46079911	metadata
GAK	4	890824	metadata
GALNT7	4	173246389	metadata
GALNTL6	4	172426906	metadata
GAR1	4	109820125	metadata
GASK1B	4	158148896	metadata
GATB	4	151715755	metadata
GC	4	71772868	metadata
GIMD1	4	106363085	metadata
GK2	4	79407294	metadata
GLRA3	4	174733083	metadata
GLRB	4	157124107	metadata
GNPDA2	4	44704394	metadata
GNRHR	4	67745753	metadata
GPAT3	4	83570894	metadata
GPM6A	4	175817799	metadata
GPR78	4	8589243	metadata
GPRIN3	4	89272160	metadata
GRIA2	4	157295664	metadata
GRID2	4	93057061	metadata
GRK4	4	3002165	metadata
GRPEL1	4	7063378	metadata
GRSF1	4	70827840	metadata
GRXCR1	4	42961685	metadata
GSTCD	4	105778251	metadata
GSX2	4	54101010	metadata
GUCY1A1	4	155701892	metadata
GUCY1B1	4	155783401	metadata
GUF1	4	44689674	metadata
GYPA	4	144125027	metadata
GYPB	4	144007742	metadata
GYPE	4	143888213	metadata
HADH	4	108012477	metadata
HAND2	4	173609401	metadata
HAUS3	4	2234798	metadata
HELQ	4	83431599	metadata
HELT	4	185019721	metadata
HERC3	4	88616130	metadata
HERC5	4	88481641	metadata
HERC6	4	88410918	metadata
HGFAC	4	3445727	metadata
HHIP	4	144695713	metadata
HMGB2	4	173332904	metadata
HMX1	4	8858957	metadata
HNRNPD	4	82392663	metadata
HNRNPDL	4	82426513	metadata
HOPX	4	56664933	metadata
HPF1	4	169743707	metadata
HPGD	4	174506664	metadata
HPGDS	4	94320705	metadata
HPSE	4	83313807	metadata
HS3ST1	4	11411357	metadata
HSD17B11	4	87363851	metadata
HSD17B13	4	87313337	metadata
HSPA4L	4	127811277	metadata
HTN1	4	70054643	metadata
HTN3	4	70032496	metadata
HTRA3	4	8288426	metadata
HTT	4	3142660	metadata
IBSP	4	87805994	metadata
IDUA	4	995780	metadata
IGFBP7	4	57158597	metadata
IL15	4	141685285	metadata
IL2	4	122454097	metadata
ING2	4	183484089	metadata
INPP4B	4	142435296	metadata
INTS12	4	105789306	metadata
INTU	4	127675004	metadata
IQCM	4	149623971	metadata
IRF2	4	184430130	metadata
JADE1	4	128842462	metadata
JAKMIP1	4	6113395	metadata
JCHAIN	4	70668679	metadata
KCNIP4	4	21338689	metadata
KCTD8	4	44311356	metadata
KDR	4	55102038	metadata
KIAA0232	4	6832772	metadata
KIT	4	54699025	metadata
KLB	4	39429231	metadata
KLF3	4	38629732	metadata
KLHL2	4	165265358	metadata
KLHL5	4	39085948	metadata
KLHL8	4	87200208	metadata
KLKB1	4	186242454	metadata
LAMTOR3	4	99886382	metadata
LAP3	4	17592585	metadata
LARP1B	4	128142108	metadata
LARP7	4	112647386	metadata
LCORL	4	17931531	metadata
LDB2	4	16700109	metadata
LEF1	4	108236494	metadata
LETM1	4	1833817	metadata
LGI2	4	25014896	metadata
LIAS	4	39472056	metadata
LIMCH1	4	41529825	metadata
LIN54	4	82961449	metadata
LNX1	4	53580353	metadata
LRAT	4	154690032	metadata
LRBA	4	150640081	metadata
LRIT3	4	109860211	metadata
LRP2BP	4	185379898	metadata
LRPAP1	4	3518029	metadata
LRRC66	4	52007007	metadata
LYAR	4	4278927	metadata
MAB21L2	4	150583422	metadata
MAD2L1	4	120316106	metadata
MAEA	4	1315017	metadata
MAML3	4	139935468	metadata
MAN2B2	4	6599275	metadata
MANBA	4	102695882	metadata
MAP9	4	155277609	metadata
MAPK10	4	86292316	metadata
MARCHF1	4	163954174	metadata
MCUB	4	109624464	metadata
MED28	4	17600426	metadata
MEPE	4	87834106	metadata
METAP1	4	99029234	metadata
METTL14	4	118700412	metadata
MFAP3L	4	170009814	metadata
MFSD10	4	2932697	metadata
MFSD8	4	127941916	metadata
MGARP	4	139273195	metadata
MGAT4D	4	140470319	metadata
MGST2	4	139703256	metadata
MMAA	4	145629537	metadata
MMRN1	4	89917080	metadata
MND1	4	153379883	metadata
MOB1B	4	70962387	metadata
MRFAP1	4	6641410	metadata
MRFAP1L1	4	6708783	metadata
MRPL1	4	77907807	metadata
MRPS18C	4	83462833	metadata
MSANTD1	4	3258053	metadata
MSMO1	4	165335415	metadata
MSX1	4	4861800	metadata
MTHFD2L	4	74208636	metadata
MTNR1A	4	186541179	metadata
MTTP	4	99594039	metadata
MUC7	4	70456744	metadata
MXD4	4	2254770	metadata
MYL5	4	677804	metadata
MYOZ2	4	119161810	metadata
N4BP2	4	40107524	metadata
NAA11	4	79275877	metadata
NAA15	4	139360739	metadata
NAAA	4	75925834	metadata
NAF1	4	163138481	metadata
NAP1L5	4	88696871	metadata
NAT8L	4	2064208	metadata
NCAPG	4	17827922	metadata
NDNF	4	121054317	metadata
NDST3	4	118146126	metadata
NDST4	4	114970819	metadata
NEIL3	4	177336405	metadata
NEK1	4	169491168	metadata
NELFA	4	2012310	metadata
NEUROG2	4	112558910	metadata
NFKB1	4	102559316	metadata
NFXL1	4	47880950	metadata
NICOL1	4	2042979	metadata
NIPAL1	4	47977157	metadata
NKX3-2	4	13543222	masks
NKX6-1	4	84495791	masks
NMU	4	55615963	metadata
NOA1	4	56970478	metadata
NOCT	4	139030860	metadata
NOP14	4	2948307	metadata
NPFFR2	4	72090103	metadata
NPNT	4	105949401	metadata
NPY1R	4	163334397	metadata
NPY2R	4	155169087	metadata
NPY5R	4	163347913	metadata
NR3C2	4	148261730	metadata
NSD2	4	1926800	metadata
NSG1	4	4383599	metadata
NSUN7	4	40780554	metadata
NUDT6	4	122905832	metadata
NUDT9	4	87441014	metadata
NUP54	4	76128023	metadata
NWD2	4	37347103	metadata
OCIAD1	4	48833514	metadata
OCIAD2	4	48895978	metadata
ODAM	4	70200150	metadata
ODAPH	4	75560959	metadata
OPRPN	4	70404063	metadata
OSTC	4	108659202	metadata
OTOP1	4	4207827	metadata
OTUD4	4	145145713	metadata
PABPC4L	4	134199061	metadata
PACRGL	4	20724594	metadata
PAICS	4	56450159	metadata
PALLD	4	168712754	metadata
PAPSS1	4	107655255	metadata
PAQR3	4	78913282	metadata
PARM1	4	74991605	metadata
PCDH10	4	133113190	metadata
PCDH18	4	137525706	metadata
PCDH7	4	30933587	metadata
PCGF3	4	737918	metadata
PDCL2	4	55574382	metadata
PDE5A	4	119561600	metadata
PDE6B	4	648177	metadata
PDGFC	4	156866126	metadata
PDGFRA	4	54263762	metadata
PDHA2	4	95840778	metadata
PDLIM3	4	185518083	metadata
PDLIM5	4	94560042	metadata
PDS5A	4	39900409	metadata
PF4	4	73981419	metadata
PF4V1	4	73853889	metadata
PGM2	4	37844798	metadata
PGRMC2	4	128279033	metadata
PHOX2B	4	41810534	metadata
PI4K2B	4	25219933	metadata
PIGG	4	519705	metadata
PIGY	4	88522387	metadata
PITX2	4	110629773	metadata
PKD2	4	88042706	metadata
PLA2G12A	4	109720029	metadata
PLAC8	4	83098284	metadata
PLK4	4	127890058	metadata
PLRG1	4	154542702	metadata
POLN	4	2157019	metadata
POLR2B	4	57004440	metadata
POU4F2	4	146640683	metadata
PPA2	4	105421572	metadata
PPARGC1A	4	23829565	metadata
PPAT	4	56414488	metadata
PPBP	4	73987121	metadata
PPEF2	4	75881217	metadata
PPID	4	158716261	metadata
PPM1K	4	88327382	metadata
PPP2R2C	4	6442089	metadata
PPP3CA	4	101185843	metadata
PRDM5	4	120803894	metadata
PRDM8	4	80194104	metadata
PRIMPOL	4	184672315	metadata
PRKG2	4	81151296	metadata
PRMT9	4	147660974	metadata
PROM1	4	16023727	metadata
PRR27	4	70155207	metadata
PRSS12	4	118316520	metadata
PRSS48	4	151284511	metadata
PSAPL1	4	7432607	metadata
PTPN13	4	86704743	metadata
PTTG2	4	37960763	metadata
PYURF	4	88522387	metadata
QDPR	4	17486233	metadata
QRFPR	4	121354850	metadata
RAB28	4	13422859	metadata
RAB33B	4	139429710	metadata
RAP1GDS1	4	98352621	metadata
RAPGEF2	4	159231593	metadata
RASGEF1B	4	81735318	metadata
RASL11B	4	52864576	metadata
RASSF6	4	73596090	metadata
RBM46	4	154805013	metadata
RBM47	4	40527071	metadata
RBPJ	4	26299293	metadata
RCHY1	4	75496898	metadata
RELL1	4	37638588	metadata
REST	4	56937342	metadata
RFC1	4	39326915	metadata
RGS12	4	3366467	metadata
RHOH	4	40218989	metadata
RNF150	4	141036342	metadata
RNF175	4	153735092	metadata
RNF212	4	1084907	metadata
RNF4	4	2489038	metadata
RPL34	4	108579354	metadata
RPL9	4	39455759	metadata
RPS3A	4	151102133	metadata
RRH	4	109838547	metadata
RUFY3	4	70756411	metadata
RWDD4	4	183649419	metadata
RXFP1	4	158484341	metadata
S100P	4	6695524	metadata
SAP30	4	173360704	metadata
SCARB2	4	76196636	metadata
SCD5	4	82714167	metadata
SCFD2	4	53119524	metadata
SCLT1	4	128979260	metadata
SCOC	4	140321507	metadata
SCRG1	4	173395540	metadata
SDAD1	4	75965956	metadata
SEC24B	4	109487334	metadata
SEC24D	4	118780753	metadata
SEC31A	4	82859837	metadata
SEL1L3	4	25805596	metadata
SEPSECS	4	25181040	metadata
SEPTIN11	4	76995067	metadata
SETD7	4	139551320	metadata
SFRP2	4	153784837	metadata
SGCB	4	52029502	metadata
SGMS2	4	107869805	metadata
SH3BP2	4	2817157	metadata
SH3D19	4	151256058	metadata
SH3RF1	4	169182607	metadata
SH3TC1	4	8211937	metadata
SHISA3	4	42399987	metadata
SHROOM3	4	76609241	metadata
SLAIN2	4	48383865	metadata
SLBP	4	1702537	metadata
SLC10A4	4	48486434	metadata
SLC10A6	4	86836426	metadata
SLC10A7	4	146388173	metadata
SLC25A31	4	127752346	metadata
SLC25A4	4	185146824	metadata
SLC26A1	4	986256	metadata
SLC2A9	4	9913044	metadata
SLC30A9	4	42040481	metadata
SLC34A2	4	25663379	metadata
SLC39A8	4	102341169	metadata
SLC49A3	4	685550	metadata
SLC4A4	4	71317377	metadata
SLC7A11	4	138117820	metadata
SLC9B1	4	102952383	metadata
SLC9B2	4	103052848	metadata
SLIT2	4	20436233	metadata
SMAD1	4	145459293	metadata
SMARCA5	4	143535594	metadata
SMARCAD1	4	94162674	metadata
SMIM14	4	39592619	metadata
SMIM20	4	25895821	metadata
SMR3A	4	70363959	metadata
SMR3B	4	70380168	metadata
SNX25	4	185287211	metadata
SOD3	4	24795377	metadata
SORBS2	4	185771048	metadata
SORCS2	4	7467682	metadata
SOWAHB	4	76896148	metadata
SPARCL1	4	87502198	metadata
SPATA18	4	52074301	metadata
SPATA4	4	176190082	metadata
SPCS3	4	176326105	metadata
SPINK2	4	56815801	metadata
SPMAP2L	4	56567056	metadata
SPMIP2	4	158965947	metadata
SPOCK3	4	166984090	metadata
SPON2	4	1187947	metadata
SPP1	4	87979599	metadata
SPRY1	4	123400277	metadata
SRD5A3	4	55380033	metadata
SRP72	4	56485649	metadata
STAP1	4	67583032	metadata
STATH	4	69999268	metadata
STBD1	4	76308931	metadata
STIM2	4	26941491	metadata
STK32B	4	5276237	metadata
STOX2	4	183910609	metadata
STPG2	4	97663784	metadata
STX18	4	4681779	metadata
SULT1B1	4	69754564	metadata
SULT1E1	4	69850678	metadata
SYNPO2	4	118955967	metadata
TACC3	4	1729014	metadata
TACR3	4	103653008	metadata
TADA2B	4	7049925	metadata
TAPT1	4	16274941	metadata
TBC1D1	4	38015129	metadata
TBC1D14	4	6971180	metadata
TBC1D19	4	26666330	metadata
TBC1D9	4	140688583	metadata
TBCK	4	106179141	metadata
TDO2	4	155887572	metadata
TEC	4	48202810	metadata
TECRL	4	64342362	metadata
TENM3	4	182473505	metadata
TET2	4	105262182	metadata
THAP6	4	75532209	metadata
THAP9	4	82910326	metadata
TIFA	4	112279461	metadata
TIGD2	4	89113217	metadata
TIGD4	4	152774542	metadata
TKTL2	4	163472424	metadata
TLL1	4	165988847	metadata
TLR1	4	38822186	metadata
TLR10	4	38777614	metadata
TLR2	4	153695155	metadata
TLR3	4	186078492	metadata
TLR6	4	38839857	metadata
TMA16	4	163507490	metadata
TMEM128	4	4241882	metadata
TMEM129	4	1718655	metadata
TMEM131L	4	153551528	metadata
TMEM144	4	158228510	metadata
TMEM150C	4	82522763	metadata
TMEM154	4	152649320	metadata
TMEM156	4	38999833	metadata
TMEM165	4	55424677	metadata
TMEM175	4	945521	metadata
TMEM184C	4	147578484	metadata
TMEM192	4	165139578	metadata
TMEM33	4	41947966	metadata
TMPRSS11A	4	67936767	metadata
TMPRSS11B	4	68236173	metadata
TMPRSS11D	4	67852439	metadata
TMPRSS11E	4	68472533	metadata
TMPRSS11F	4	68091533	metadata
TNIP2	4	2748995	metadata
TNIP3	4	121179437	metadata
TRAM1L1	4	117084565	metadata
TRAPPC11	4	183686430	metadata
TRIM2	4	153245741	metadata
TRIM60	4	165029103	metadata
TRIM61	4	164966057	metadata
TRIML1	4	188143592	metadata
TRIML2	4	188100437	metadata
TRMT10A	4	99555374	metadata
TRMT44	4	8464835	metadata
TRPC3	4	121913270	metadata
TSPAN5	4	98564489	metadata
TTC29	4	146826249	metadata
TXK	4	48098704	metadata
UBA6	4	67890953	metadata
UBE2D3	4	102831639	metadata
UCHL1	4	41238400	metadata
UCP1	4	140564196	metadata
UFSP2	4	185412758	metadata
UGDH	4	39561210	metadata
UGT2A1	4	69620833	metadata
UGT2A2	4	69614029	metadata
UGT2A3	4	68940133	metadata
UGT2B10	4	68824008	metadata
UGT2B11	4	69207349	metadata
UGT2B15	4	68658624	metadata
UGT2B17	4	68556793	metadata
UGT2B28	4	69287762	metadata
UGT2B4	4	69503089	metadata
UGT2B7	4	69082175	metadata
UGT8	4	114638679	metadata
UNC5C	4	95355855	metadata
USO1	4	75769431	metadata
USP38	4	143037381	metadata
USP46	4	52625130	metadata
USP53	4	119254052	metadata
UTP3	4	70689541	metadata
UVSSA	4	1370840	metadata
VEGFC	4	176738230	metadata
WDFY3	4	84817727	metadata
WDR1	4	10092530	metadata
WDR17	4	176124329	metadata
WDR19	4	39234157	metadata
WFS1	4	6286557	metadata
WWC2	4	183210017	metadata
YIPF7	4	44650322	metadata
YTHDC1	4	68330238	metadata
ZAR1	4	48492320	metadata
ZBTB49	4	4306018	metadata
ZCCHC4	4	25341578	metadata
ZFP42	4	188000408	metadata
ZFYVE28	4	2344116	metadata
ZGRF1	4	112588164	metadata
ZNF141	4	361341	metadata
ZNF330	4	141227792	metadata
ZNF518B	4	10448653	metadata
ZNF595	4	70747	metadata
ZNF718	4	163402	metadata
ZNF721	4	462485	metadata
ZNF732	4	288074	metadata
ZNF827	4	145848225	metadata
ABLIM3	5	149201012	metadata
ACOT12	5	81362087	metadata
ACSL6	5	131981108	metadata
ACTBL2	5	57481414	metadata
ADAM19	5	157485654	metadata
ADAMTS12	5	33707777	metadata
ADAMTS16	5	5230317	metadata
ADAMTS19	5	129599482	metadata
ADAMTS2	5	179228157	metadata
ADAMTS6	5	65315329	metadata
ADCY2	5	7613109	metadata
ADGRV1	5	90846890	metadata
ADRA1B	5	159919046	metadata
ADRB2	5	148827617	metadata
AFAP1L1	5	149307748	metadata
AFF4	5	132919514	metadata
AGGF1	5	77047242	metadata
AGXT2	5	35023118	metadata
AHRR	5	380002	metadata
AK6	5	69360498	metadata
ALDH7A1	5	126563281	metadata
AMACR	5	33997134	metadata
ANKDD1B	5	75646477	metadata
ANKH	5	14788289	metadata
ANKHD1	5	140475738	metadata
ANKRA2	5	73558928	metadata
ANKRD31	5	75152593	metadata
ANKRD33B	5	10610943	metadata
ANKRD34B	5	80563517	metadata
ANKRD55	5	56166505	metadata
ANXA2R	5	42992864	metadata
ANXA6	5	151129260	metadata
AP3B1	5	78143201	metadata
AP3S1	5	115877836	metadata
APBB3	5	140561524	metadata
APC	5	112776878	metadata
ARAP3	5	141667815	metadata
ARB2A	5	93864712	metadata
ARHGAP26	5	142999694	metadata
ARHGEF28	5	73784075	metadata
ARHGEF37	5	149593457	metadata
ARL10	5	176383676	metadata
ARL14EPL	5	116046221	metadata
ARL15	5	54097262	metadata
ARRDC3	5	91535567	metadata
ARSB	5	78881648	metadata
ARSI	5	150317825	metadata
ARSK	5	95580101	metadata
ATG10	5	82124440	metadata
ATG12	5	115835018	metadata
ATOX1	5	151757424	metadata
ATP10B	5	160707667	metadata
ATP6V0E1	5	173009608	metadata
ATPSCKMT	5	10237702	metadata
B4GALT7	5	177605231	metadata
BASP1	5	17171220	metadata
BDP1	5	71511735	metadata
BHMT	5	79122048	metadata
BHMT2	5	79079918	metadata
BNIP1	5	173154414	metadata
BOD1	5	173611902	metadata
BRD8	5	138159361	metadata
BRD9	5	871546	metadata
BRIX1	5	34920836	metadata
BTF3	5	73502037	metadata
BTNL3	5	180997786	metadata
BTNL8	5	180924991	metadata
BTNL9	5	181050873	metadata
C1QTNF2	5	160359197	metadata
C1QTNF3	5	34055851	metadata
C5orf15	5	133962092	metadata
C5orf22	5	31543670	metadata
C5orf24	5	134852707	metadata
C5orf34	5	43514495	metadata
C5orf46	5	147893632	metadata
C5orf47	5	173989959	metadata
C5orf52	5	157675845	metadata
C5orf58	5	170240839	metadata
C5orf60	5	179649988	metadata
C5orf63	5	127059370	metadata
C6	5	41201777	metadata
C7	5	40964854	metadata
C9	5	39327732	metadata
CAMK2A	5	150254792	metadata
CAMK4	5	111359269	metadata
CAMLG	5	134745326	metadata
CANX	5	179705134	metadata
CAPSL	5	35921533	metadata
CARD6	5	40850741	metadata
CARTPT	5	71720161	metadata
CAST	5	96296543	metadata
CATSPER3	5	134989801	metadata
CBY3	5	179679797	metadata
CCDC112	5	115281941	metadata
CCDC125	5	69306492	metadata
CCDC127	5	207510	metadata
CCDC152	5	42779628	metadata
CCDC69	5	151202572	metadata
CCL28	5	43394518	metadata
CCNB1	5	69172690	metadata
CCNG1	5	163442884	metadata
CCNH	5	87365722	metadata
CCNI2	5	132750914	metadata
CCNJL	5	160297239	metadata
CCNO	5	55264314	metadata
CCT5	5	10258159	metadata
CD14	5	140632714	metadata
CD180	5	67188206	metadata
CD74	5	150407303	metadata
CDC20B	5	55143074	metadata
CDC23	5	138200496	metadata
CDC25C	5	138311812	metadata
CDC42SE2	5	131321970	metadata
CDH10	5	24566039	metadata
CDH12	5	22302008	metadata
CDH18	5	20023584	metadata
CDH6	5	31261416	metadata
CDH9	5	27000873	metadata
CDHR2	5	176569242	metadata
CDK7	5	69256112	metadata
CDKL3	5	134328698	metadata
CDKN2AIPNL	5	134406973	metadata
CDO1	5	115810696	metadata
CDX1	5	150175668	metadata
CENPH	5	69199965	metadata
CENPK	5	65540467	metadata
CEP120	5	123384241	metadata
CEP72	5	639754	metadata
CERT1	5	75434241	metadata
CETN3	5	90401011	metadata
CFAP90	5	7840764	metadata
CHD1	5	98891496	metadata
CHSY3	5	130045549	metadata
CKMT2	5	81251461	metadata
CLINT1	5	157822444	metadata
CLK4	5	178616639	metadata
CLPTM1L	5	1331425	metadata
CLTB	5	176404520	metadata
CMBL	5	10291888	metadata
CMYA5	5	79745038	metadata
CNOT6	5	180536368	metadata
CNOT8	5	154867172	metadata
COL23A1	5	178413934	metadata
COMMD10	5	116248889	metadata
COX7C	5	86619445	metadata
CPEB4	5	173925164	metadata
CPLANE1	5	37177802	metadata
CPLX2	5	175840165	metadata
CREBRF	5	173097818	metadata
CRHBP	5	76967101	metadata
CSF1R	5	150083331	metadata
CSF2	5	132074979	metadata
CSNK1A1	5	149522226	metadata
CSNK1G3	5	123564613	metadata
CTNNA1	5	138773000	metadata
CTNND2	5	11438141	metadata
CTXN3	5	127653856	metadata
CWC27	5	64934390	metadata
CXCL14	5	135574979	metadata
CXXC5	5	139665590	metadata
CYFIP2	5	157330837	metadata
CYSTM1	5	140228604	metadata
DAB2	5	39416987	metadata
DAP	5	10720232	metadata
DBN1	5	177465504	metadata
DCANP1	5	135445781	metadata
DCP2	5	112999448	metadata
DCTN4	5	150732967	metadata
DDX4	5	55777587	metadata
DDX41	5	177514269	metadata
DDX46	5	134806952	metadata
DELE1	5	141932951	metadata
DEPDC1B	5	60648551	metadata
DHFR	5	80640604	metadata
DHX29	5	55281874	metadata
DIAPH1	5	141567035	metadata
DIMT1	5	62375613	metadata
DMGDH	5	79116801	metadata
DMXL1	5	119143455	metadata
DNAH5	5	13851073	metadata
DNAJC18	5	139426539	metadata
DNAJC21	5	34944261	metadata
DND1	5	140672185	metadata
DOCK2	5	169860325	metadata
DOK3	5	177506589	metadata
DPYSL3	5	147450438	metadata
DRD1	5	175442109	metadata
DROSHA	5	31466345	metadata
DTWD2	5	118912310	metadata
DUSP1	5	172769645	metadata
EBF1	5	158897918	metadata
ECSCR	5	139455651	metadata
EDIL3	5	84162717	metadata
EFCAB9	5	172198813	metadata
EFNA5	5	107523915	metadata
EGFLAM	5	38361944	metadata
EGR1	5	138467391	metadata
EIF4E1B	5	176638631	metadata
EIF4EBP3	5	140548619	metadata
ELL2	5	95923474	metadata
ELOVL7	5	60798032	metadata
EMB	5	50419720	metadata
ENC1	5	74634415	metadata
EPB41L4A	5	112280877	metadata
ERAP1	5	96784455	metadata
ERAP2	5	96897844	metadata
ERBIN	5	65982837	metadata
ERCC8	5	60905763	metadata
ERGIC1	5	172893521	metadata
ESM1	5	55000269	metadata
ETF1	5	138524665	metadata
EXOC3	5	457556	metadata
F12	5	177409358	metadata
F2R	5	76725948	metadata
F2RL1	5	76827124	metadata
F2RL2	5	76619447	metadata
FABP6	5	160213051	metadata
FAF2	5	176478851	metadata
FAM114A2	5	154014542	metadata
FAM13B	5	137994960	metadata
FAM151B	5	80449666	metadata
FAM153A	5	177746208	metadata
FAM169A	5	74822270	metadata
FAM170A	5	119632690	metadata
FAM174A	5	100379614	metadata
FAM193B	5	177537187	metadata
FAM200C	5	160396601	metadata
FAM53C	5	138340832	metadata
FAM81B	5	95420910	metadata
FASTKD3	5	7864098	metadata
FAT2	5	151547711	metadata
FAXDC2	5	154838872	metadata
FBN2	5	128458547	metadata
FBXL17	5	108120566	metadata
FBXL7	5	15719987	metadata
FBXO38	5	148236018	metadata
FBXO4	5	41933498	metadata
FBXW11	5	171934211	metadata
FCHO2	5	73023281	metadata
FCHSD1	5	141645360	metadata
FEM1C	5	115532841	metadata
FER	5	108972341	metadata
FGF1	5	142645124	metadata
FGF10	5	44344976	metadata
FGF18	5	171438636	metadata
FGFR4	5	177092524	metadata
FLT4	5	180625565	metadata
FNDC9	5	157343637	metadata
FNIP1	5	131719365	metadata
FOXD1	5	73446802	metadata
FOXI1	5	170107815	metadata
FST	5	53483880	metadata
FSTL4	5	133404498	metadata
FTMT	5	121852357	metadata
FYB1	5	39189890	metadata
G3BP1	5	151791978	metadata
GABRA1	5	161873522	metadata
GABRA6	5	161624828	metadata
GABRB2	5	161418736	metadata
GABRG2	5	162081517	metadata
GABRP	5	170788698	metadata
GALNT10	5	154305857	metadata
GARIN3	5	157164055	metadata
GCNT4	5	75038952	metadata
GDF9	5	132864032	metadata
GDNF	5	37998153	metadata
GEMIN5	5	154912811	metadata
GFM2	5	74744176	metadata
GFPT2	5	180327017	metadata
GFRA3	5	138263500	metadata
GHR	5	42572658	metadata
GIN1	5	103103069	metadata
GLRA1	5	151873682	metadata
GLRX	5	95787022	metadata
GM2A	5	151241295	metadata
GNPDA1	5	142002395	metadata
GOLPH3	5	32149517	metadata
GPBP1	5	57219313	metadata
GPR150	5	95621114	metadata
GPR151	5	146514667	metadata
GPRIN1	5	176602979	metadata
GPX3	5	151024789	metadata
GPX8	5	55163732	metadata
GRAMD2B	5	126428313	metadata
GRIA1	5	153651742	metadata
GRK6	5	177423052	metadata
GRM6	5	178986896	metadata
GRPEL2	5	149353343	metadata
GRXCR2	5	145897823	metadata
GTF2H2	5	71051352	metadata
GTF2H2C	5	69577706	metadata
GZMA	5	55106449	metadata
GZMK	5	55029413	metadata
HAND1	5	154476599	metadata
HAPLN1	5	83679330	metadata
HARS1	5	140682286	metadata
HARS2	5	140695367	metadata
HAVCR1	5	157048069	metadata
HAVCR2	5	157114145	metadata
HCN1	5	45475723	metadata
HDAC3	5	141628862	metadata
HEXB	5	74681335	metadata
HIGD2A	5	176389256	metadata
HINT1	5	131189925	metadata
HK3	5	176890107	metadata
HMGCR	5	75350165	metadata
HMGCS1	5	43300491	metadata
HMGXB3	5	150026594	metadata
HMHB1	5	143816438	metadata
HMMR	5	163476072	metadata
HNRNPA0	5	137750007	metadata
HNRNPAB	5	178207848	metadata
HNRNPH1	5	179624481	metadata
HOMER1	5	79443385	metadata
HRH2	5	175684393	metadata
HSD17B4	5	119544832	metadata
HSPA4	5	133079231	metadata
HSPA9	5	138564715	metadata
HSPB3	5	54456038	metadata
HTR1A	5	63960190	metadata
HTR4	5	148561638	metadata
ICE1	5	5455442	metadata
IGIP	5	140127664	metadata
IK	5	140654769	metadata
IL12B	5	159322821	metadata
IL13	5	132658686	metadata
IL17B	5	149387763	metadata
IL3	5	132061929	metadata
IL31RA	5	55887105	metadata
IL4	5	132678332	metadata
IL5	5	132549141	metadata
IL6ST	5	55965058	metadata
IL7R	5	35866149	metadata
IL9	5	135894043	metadata
INSYN2B	5	169920899	metadata
IPO11	5	62516277	metadata
IQGAP2	5	76555708	metadata
IRF1	5	132474579	metadata
IRX1	5	3598617	metadata
IRX2	5	2748761	metadata
IRX4	5	1882324	metadata
ISL1	5	51389089	metadata
ISOC1	5	129104388	metadata
ITGA1	5	52873562	metadata
ITGA2	5	53042059	metadata
ITK	5	157199059	metadata
JADE2	5	134553771	metadata
JAKMIP2	5	147684106	metadata
JMY	5	79281671	metadata
KCNIP1	5	170545059	metadata
KCNMB1	5	170382152	metadata
KCNN2	5	114276213	metadata
KCTD16	5	144328279	metadata
KDM3B	5	138394856	metadata
KIAA0825	5	94384727	metadata
KIAA1191	5	176353934	metadata
KIF20A	5	138183221	metadata
KIF2A	5	62348593	metadata
KIF3A	5	132715133	metadata
KIF4B	5	155015948	metadata
KLHL3	5	137676794	metadata
LARP1	5	154750295	metadata
LARS1	5	146146631	metadata
LCP2	5	170272024	metadata
LEAP2	5	132874245	metadata
LECT2	5	135938631	metadata
LHFPL2	5	78627618	metadata
LIFR	5	38541511	metadata
LIX1	5	97264408	metadata
LMAN2	5	177333822	metadata
LMBRD2	5	36125147	metadata
LMNB1	5	126806821	metadata
LNPEP	5	96986453	metadata
LOX	5	122070804	metadata
LPCAT1	5	1490381	metadata
LRRC14B	5	193914	metadata
LRRC70	5	62580132	metadata
LRRTM2	5	138872144	metadata
LSM11	5	157752210	metadata
LTC4S	5	179795313	metadata
LVRN	5	115995036	metadata
LYRM7	5	131188186	metadata
LYSMD3	5	90522597	metadata
MACIR	5	103268711	metadata
MACROH2A1	5	135367147	metadata
MAML1	5	179755052	metadata
MAN2A1	5	109779776	metadata
MAP1B	5	72158399	metadata
MAP3K1	5	56855850	metadata
MAPK9	5	180262621	metadata
MARCHF11	5	16123950	metadata
MARCHF3	5	126949136	metadata
MARCHF6	5	10397041	metadata
MARVELD2	5	69429697	metadata
MAST4	5	66882986	metadata
MAT2B	5	163511336	metadata
MATR3	5	139302711	metadata
MBLAC2	5	90466490	metadata
MCC	5	113255464	metadata
MCCC2	5	71619118	metadata
MCIDAS	5	55223439	metadata
MCTP1	5	94994392	metadata
MED10	5	6375222	metadata
MED7	5	157148221	metadata
MEF2C	5	89175446	metadata
MEGF10	5	127378266	metadata
MEIKIN	5	131876344	metadata
MFAP3	5	154129718	metadata
MGAT1	5	180800216	metadata
MGAT4B	5	179802274	metadata
MIER3	5	56945638	metadata
MINAR2	5	129757413	metadata
MOCS2	5	53118744	metadata
MRNIP	5	179848653	metadata
MROH2B	5	41034679	metadata
MRPL22	5	154955242	metadata
MRPL36	5	1799875	metadata
MRPS27	5	72268335	metadata
MRPS30	5	44652472	metadata
MSH3	5	80765733	metadata
MSX2	5	174727739	metadata
MTMR12	5	32269990	metadata
MTREX	5	55366784	metadata
MTRR	5	7878605	metadata
MTX3	5	79983989	metadata
MXD3	5	177307109	metadata
MYO10	5	16799097	metadata
MYOT	5	137877854	metadata
MYOZ3	5	150670125	metadata
MZB1	5	139388774	metadata
N4BP3	5	178119806	metadata
NADK2	5	36217434	metadata
NAIP	5	70996752	metadata
NDFIP1	5	142131609	metadata
NDST1	5	150522014	metadata
NDUFA2	5	140643255	metadata
NDUFAF2	5	61049854	metadata
NDUFS4	5	53621985	metadata
NDUFS6	5	1808727	metadata
NEURL1B	5	172666401	metadata
NEUROG1	5	135535123	metadata
NHP2	5	178151678	metadata
NIM1K	5	43236460	metadata
NIPAL4	5	157467467	metadata
NIPBL	5	36971591	metadata
NKD2	5	1023872	metadata
NKX2-5	5	173233831	masks
NLN	5	65796965	metadata
NME5	5	138127309	metadata
NMUR2	5	152412457	metadata
NNT	5	43655048	metadata
NOP16	5	176386436	metadata
NPM1	5	171399463	metadata
NPR3	5	32740397	metadata
NR2F1	5	93473214	metadata
NR3C1	5	143356721	metadata
NREP	5	111830042	metadata
NRG2	5	139945039	metadata
NSA2	5	74773552	metadata
NSD1	5	177216021	metadata
NSG2	5	174144603	metadata
NSUN2	5	6616265	metadata
NUDCD2	5	163453465	metadata
NUDT12	5	103555822	metadata
NUP155	5	37329630	metadata
OCLN	5	69525198	metadata
OR2V1	5	181127145	metadata
OR2V2	5	181153435	metadata
OR2Y1	5	180739590	metadata
OSMR	5	38757439	metadata
OTP	5	77633712	metadata
OTULIN	5	14690596	metadata
OTULINL	5	14598986	metadata
OXCT1	5	41800245	metadata
P4HA2	5	132242731	metadata
PAIP1	5	43542012	metadata
PAIP2	5	139355653	metadata
PAM	5	102891855	metadata
PANK3	5	168563931	metadata
PARP8	5	50756209	metadata
PCBD2	5	134956539	metadata
PCDH1	5	141866168	metadata
PCDH12	5	141956661	metadata
PCDHA1	5	140899241	metadata
PCDHA10	5	140934115	metadata
PCDHA11	5	140940265	metadata
PCDHA12	5	140943824	metadata
PCDHA13	5	140947235	metadata
PCDHA2	5	140903599	metadata
PCDHA3	5	140906687	metadata
PCDHA4	5	140909692	metadata
PCDHA5	5	140916975	metadata
PCDHA6	5	140920152	metadata
PCDHA7	5	140923297	metadata
PCDHA8	5	140926767	metadata
PCDHA9	5	140930059	metadata
PCDHAC1	5	140969323	metadata
PCDHAC2	5	140989408	metadata
PCDHB1	5	141043302	metadata
PCDHB10	5	141194000	metadata
PCDHB11	5	141201694	metadata
PCDHB12	5	141210634	metadata
PCDHB13	5	141216449	metadata
PCDHB14	5	141225551	metadata
PCDHB15	5	141247380	metadata
PCDHB16	5	141184306	metadata
PCDHB2	5	141096654	metadata
PCDHB3	5	141102150	metadata
PCDHB4	5	141123720	metadata
PCDHB5	5	141136910	metadata
PCDHB6	5	141151672	metadata
PCDHB7	5	141174513	metadata
PCDHB8	5	141180079	metadata
PCDHB9	5	141189334	metadata
PCDHGA1	5	141421744	metadata
PCDHGA10	5	141462981	metadata
PCDHGA11	5	141467011	metadata
PCDHGA12	5	141471741	metadata
PCDHGA2	5	141425867	metadata
PCDHGA3	5	141428402	metadata
PCDHGA4	5	141433998	metadata
PCDHGA5	5	141438568	metadata
PCDHGA6	5	141443433	metadata
PCDHGA7	5	141447857	metadata
PCDHGA8	5	141451566	metadata
PCDHGA9	5	141457876	metadata
PCDHGB1	5	141431537	metadata
PCDHGB2	5	141436484	metadata
PCDHGB3	5	141441608	metadata
PCDHGB4	5	141450336	metadata
PCDHGB5	5	141455461	metadata
PCDHGB6	5	141460498	metadata
PCDHGB7	5	141465310	metadata
PCDHGC3	5	141494462	metadata
PCDHGC4	5	141498986	metadata
PCDHGC5	5	141501028	metadata
PCSK1	5	96412238	metadata
PCYOX1L	5	149363845	metadata
PDCD6	5	354980	metadata
PDE4D	5	59745579	metadata
PDE6A	5	149901373	metadata
PDE8B	5	77256928	metadata
PDGFRB	5	150134855	metadata
PDLIM4	5	132265575	metadata
PDLIM7	5	177490500	metadata
PDZD2	5	31875031	metadata
PELO	5	52736998	metadata
PFDN1	5	140274074	metadata
PFN3	5	177400385	metadata
PGGT1B	5	115233444	metadata
PHAX	5	126614088	metadata
PHYKPL	5	178220636	metadata
PIK3R1	5	68258780	metadata
PITX1	5	135195749	metadata
PJA2	5	109372343	metadata
PKD2L2	5	137823599	metadata
PLAC8L1	5	146094945	metadata
PLCXD3	5	41408776	metadata
PLEKHG4B	5	141070	metadata
PLK2	5	58457060	metadata
PLPP1	5	55479911	metadata
POC5	5	75695786	metadata
POLK	5	75560918	metadata
POLR3G	5	90493152	metadata
POU4F3	5	146340283	metadata
POU5F2	5	93737410	metadata
PPARGC1B	5	149792660	metadata
PPIC	5	123045414	metadata
PPIP5K2	5	103166474	metadata
PPP2CA	5	134210025	metadata
PPP2R2B	5	146832763	metadata
PPWD1	5	65575392	metadata
PRDM6	5	123141753	metadata
PRDM9	5	23485839	metadata
PRELID1	5	177305374	metadata
PRELID2	5	145653584	metadata
PRKAA1	5	40778881	metadata
PRLR	5	35139621	metadata
PROB1	5	139392848	metadata
PROP1	5	177994238	metadata
PRR16	5	120575816	metadata
PRR7	5	177444584	metadata
PRRC1	5	127536351	metadata
PSD2	5	139820137	metadata
PTCD2	5	72344381	metadata
PTGER4	5	40686825	metadata
PTTG1	5	160425297	metadata
PURA	5	140116698	metadata
PWWP2A	5	160090625	metadata
RAB24	5	177302471	metadata
RAB3C	5	58720807	metadata
RACK1	5	181242496	metadata
RAD1	5	34912124	metadata
RAD17	5	69392047	metadata
RAD50	5	132601184	metadata
RAI14	5	34744470	metadata
RANBP17	5	171080942	metadata
RANBP3L	5	36274513	metadata
RAPGEF6	5	131529576	metadata
RARS1	5	168502876	metadata
RASA1	5	87329907	metadata
RASGEF1C	5	180155003	metadata
RASGRF2	5	81095262	metadata
RBM22	5	150695934	metadata
RBM27	5	146246414	metadata
REEP2	5	138443013	metadata
REEP5	5	112899337	metadata
RELL2	5	141639007	metadata
RETREG1	5	16545069	metadata
RFESD	5	95665775	metadata
RGMB	5	98783646	metadata
RGS14	5	177365260	metadata
RGS7BP	5	64559167	metadata
RHOBTB3	5	95768952	metadata
RICTOR	5	39006161	metadata
RIMOC1	5	41912912	metadata
RIOK2	5	97172057	metadata
RMND5B	5	178140782	metadata
RNF130	5	179991882	metadata
RNF14	5	141974310	metadata
RNF145	5	159183731	metadata
RNF180	5	64269356	metadata
RNF44	5	176532368	metadata
ROPN1L	5	10500620	metadata
RPL26L1	5	172964250	metadata
RPL37	5	40830242	metadata
RPS14	5	150446187	metadata
RPS23	5	82275858	metadata
RUFY1	5	179580283	metadata
RXFP3	5	33937652	metadata
S100Z	5	76885825	metadata
SAP30L	5	154385711	metadata
SAR1B	5	134625210	metadata
SCAMP1	5	78420675	metadata
SCGB3A1	5	180590802	metadata
SCGB3A2	5	147876436	metadata
SDHA	5	237692	metadata
SEC24A	5	134688347	metadata
SELENOP	5	42843636	metadata
SEMA5A	5	9290554	metadata
SEMA6A	5	116509189	metadata
SEPTIN8	5	132779030	metadata
SERINC5	5	80183638	metadata
SETD9	5	56917396	metadata
SFXN1	5	175503402	metadata
SGCD	5	156319066	metadata
SGTB	5	65694481	metadata
SH3PXD2B	5	172389762	metadata
SH3RF2	5	146009184	metadata
SH3TC2	5	148993401	metadata
SHISAL2B	5	64704316	metadata
SHLD3	5	65627977	metadata
SHROOM1	5	132826400	metadata
SIL1	5	139120140	metadata
SIMC1	5	176292179	metadata
SKIC3	5	95508402	metadata
SKP1	5	134162949	metadata
SKP2	5	36174419	metadata
SLC12A2	5	128011563	metadata
SLC12A7	5	1081223	metadata
SLC1A3	5	36642461	metadata
SLC22A4	5	132319292	metadata
SLC22A5	5	132382661	metadata
SLC23A1	5	139375874	metadata
SLC25A2	5	141303342	metadata
SLC25A46	5	110751648	metadata
SLC25A48	5	135683341	metadata
SLC26A2	5	149977106	metadata
SLC27A6	5	128785827	metadata
SLC30A5	5	69112530	metadata
SLC34A1	5	177389041	metadata
SLC35A4	5	140566959	metadata
SLC36A1	5	151464712	metadata
SLC36A2	5	151331281	metadata
SLC36A3	5	151290062	metadata
SLC38A9	5	55699519	metadata
SLC45A2	5	33964658	metadata
SLC4A9	5	140367667	metadata
SLC6A18	5	1235785	metadata
SLC6A19	5	1213353	metadata
SLC6A3	5	1419117	metadata
SLC6A7	5	150206425	metadata
SLC9A3	5	497452	metadata
SLCO4C1	5	102265135	metadata
SLCO6A1	5	102435395	metadata
SLF1	5	94679052	metadata
SLIT3	5	168981439	metadata
SLU7	5	160411676	metadata
SMAD5	5	136160796	metadata
SMIM15	5	61205236	metadata
SMIM23	5	171789279	metadata
SMIM3	5	150787745	metadata
SMN1	5	70939486	metadata
SMN2	5	70064080	metadata
SNCAIP	5	122387786	metadata
SNCB	5	176625319	metadata
SNX18	5	54532172	metadata
SNX2	5	122804811	metadata
SNX24	5	122936396	metadata
SOWAHA	5	132815044	metadata
SOX30	5	157648579	metadata
SPARC	5	151674035	metadata
SPATA24	5	139400326	metadata
SPATA9	5	95675446	metadata
SPDL1	5	169594207	metadata
SPEF2	5	35716227	metadata
SPINK13	5	148277217	metadata
SPINK14	5	148172082	metadata
SPINK5	5	148081532	metadata
SPINK6	5	148208965	metadata
SPINK7	5	148314170	metadata
SPINK9	5	148330527	metadata
SPMIP10	5	126633994	metadata
SPOCK1	5	137286838	metadata
SPRY4	5	142543109	metadata
SPZ1	5	80320733	metadata
SQSTM1	5	179822238	metadata
SRA1	5	140547508	metadata
SRD5A1	5	6654914	metadata
SREK1	5	66161793	metadata
SREK1IP1	5	64743419	metadata
SRFBP1	5	122018772	metadata
SRP19	5	112879779	metadata
SSBP2	5	81582300	metadata
ST8SIA4	5	100855107	metadata
STARD4	5	111625061	metadata
STC2	5	173321585	metadata
STING1	5	139479234	metadata
STK10	5	172115151	metadata
STK32A	5	147311409	metadata
SV2C	5	76218661	metadata
SYNPO	5	150630143	metadata
TAF7	5	141290334	metadata
TAF9	5	69366019	metadata
TARS1	5	33454393	metadata
TAS2R1	5	9669862	metadata
TBC1D9B	5	179884981	metadata
TBCA	5	77779973	metadata
TCERG1	5	146479636	metadata
TCF7	5	134133273	metadata
TCOF1	5	150378968	metadata
TENM2	5	167621593	metadata
TENT2	5	79650183	metadata
TENT4A	5	6735238	metadata
TERT	5	1274107	metadata
TGFBI	5	136046403	metadata
THBS4	5	80037299	metadata
THG1L	5	157736434	metadata
THOC3	5	175976276	metadata
TICAM2	5	115590487	metadata
TIFAB	5	135448288	metadata
TIGD6	5	149996886	metadata
TIMD4	5	156941259	metadata
TLX3	5	171310693	metadata
TMCO6	5	140642421	metadata
TMED7	5	115602401	metadata
TMED9	5	177594722	metadata
TMEM161B	5	88354090	metadata
TMEM167A	5	83065354	metadata
TMEM171	5	73126189	metadata
TMEM174	5	73174168	metadata
TMEM232	5	110514094	metadata
TMEM267	5	43464072	metadata
TNFAIP8	5	119334190	metadata
TNIP1	5	151061761	metadata
TNPO1	5	72695331	metadata
TPPP	5	676607	metadata
TRAPPC13	5	65645511	metadata
TRIM23	5	65607832	metadata
TRIM36	5	115152654	metadata
TRIM41	5	181229153	metadata
TRIM52	5	181271018	metadata
TRIM7	5	181197070	metadata
TRIO	5	14337735	metadata
TRIP13	5	906120	metadata
TRPC7	5	136289145	metadata
TSLP	5	111074044	metadata
TSPAN17	5	176653220	metadata
TSSK1B	5	113433771	metadata
TTC1	5	160037328	metadata
TTC23L	5	34869672	metadata
TTC33	5	40634148	metadata
TXNDC15	5	134888003	metadata
UBE2B	5	134381646	metadata
UBE2D2	5	139577432	metadata
UBE2QL1	5	6472791	metadata
UBLCP1	5	159274663	metadata
UBTD2	5	172246705	metadata
UGT3A1	5	35976017	metadata
UGT3A2	5	36053189	metadata
UIMC1	5	176963819	metadata
UNC5A	5	176845708	metadata
UQCRQ	5	132867738	metadata
UTP15	5	73574411	metadata
VCAN	5	83526960	metadata
VDAC1	5	133988423	metadata
WDR36	5	111111411	metadata
WDR41	5	77523290	metadata
WDR55	5	140669496	metadata
WDR70	5	37566360	metadata
WNT8A	5	138088177	metadata
WWC1	5	168381974	metadata
XRCC4	5	83215642	metadata
YIPF5	5	144164438	metadata
YTHDC2	5	113554489	metadata
ZBED3	5	77126798	metadata
ZCCHC10	5	133011794	metadata
ZCCHC9	5	81307442	metadata
ZDHHC11	5	827289	metadata
ZDHHC11B	5	747542	metadata
ZFP2	5	178914555	metadata
ZFP62	5	180854448	metadata
ZFR	5	32399545	metadata
ZFYVE16	5	80445696	metadata
ZMAT2	5	140702683	metadata
ZNF131	5	43128598	metadata
ZNF300	5	150899687	metadata
ZNF346	5	177051942	metadata
ZNF354A	5	178721085	metadata
ZNF354B	5	178874037	metadata
ZNF354C	5	179072175	metadata
ZNF366	5	72473656	metadata
ZNF454	5	178918800	metadata
ZNF474	5	122156102	metadata
ZNF475	5	122156140	metadata
ZNF608	5	124692860	metadata
ZNF622	5	16458659	metadata
ZNF879	5	179029434	metadata
ZSWIM6	5	61439215	metadata
AARS2	6	44306039	metadata
ABCC10	6	43438898	metadata
ABCF1	6	30584286	metadata
ABHD16A	6	31695155	metadata
ABRACL	6	139036023	metadata
ABT1	6	26598846	metadata
ACAT2	6	159770578	metadata
ACOT13	6	24686050	metadata
ADAT2	6	143436763	metadata
ADGB	6	146707214	metadata
ADGRB3	6	69012926	metadata
ADGRF1	6	47020029	metadata
ADGRF4	6	47703942	metadata
ADGRF5	6	46903732	metadata
ADGRG6	6	142374060	metadata
ADTRP	6	11759550	metadata
AFDN	6	167899458	metadata
AFG1L	6	108410893	metadata
AGER	6	32182645	metadata
AGPAT1	6	32173154	metadata
AGPAT4	6	161202014	metadata
AHI1	6	135696156	metadata
AIF1	6	31616119	metadata
AIG1	6	143200777	metadata
AK9	6	109592036	metadata
AKAP12	6	151299263	metadata
AKAP7	6	131209501	metadata
AKIRIN2	6	87688546	metadata
ALDH5A1	6	24516037	metadata
ALDH8A1	6	134933754	metadata
AMD1	6	110886824	metadata
ANKRD6	6	89533493	metadata
ANKRD66	6	46753219	metadata
ANKS1A	6	34990330	metadata
APOBEC2	6	41059046	metadata
APOM	6	31655313	metadata
ARFGEF3	6	138253301	metadata
ARG1	6	131527582	metadata
ARHGAP18	6	129643154	metadata
ARID1B	6	156993399	metadata
ARMC12	6	35743055	metadata
ARMC2	6	108911446	metadata
ARMH2	6	24798126	metadata
ARMT1	6	151461179	metadata
ASCC3	6	100694783	metadata
ASF1A	6	118901661	metadata
ATAT1	6	30636832	metadata
ATF6B	6	32121758	metadata
ATG5	6	106185607	metadata
ATP6V1G2	6	31538413	metadata
ATXN1	6	16530301	metadata
B3GALT4	6	33280977	metadata
B3GAT2	6	70906869	metadata
BACH2	6	90111685	metadata
BAG2	6	57181079	metadata
BAG6	6	31645866	metadata
BAK1	6	33576420	metadata
BCKDHB	6	80226458	metadata
BCLAF1	6	136273239	metadata
BEND3	6	107090348	metadata
BEND6	6	56991226	metadata
BICRAL	6	42825305	metadata
BLOC1S5	6	7972943	metadata
BLTP3A	6	34834798	metadata
BMP5	6	55814621	metadata
BMP6	6	7803913	metadata
BNIP5	6	36326324	metadata
BPHL	6	3135986	metadata
BRD2	6	32975049	metadata
BRPF3	6	36156709	metadata
BTBD9	6	38404299	metadata
BTN1A1	6	26505364	metadata
BTN2A1	6	26467262	metadata
BTN2A2	6	26388985	metadata
BTN3A1	6	26408722	metadata
BTN3A2	6	26371739	metadata
BTN3A3	6	26446943	metadata
BTNL2	6	32400260	metadata
BVES	6	105168184	metadata
BYSL	6	41927139	metadata
C2	6	31921729	metadata
C4A	6	31992369	metadata
C4B	6	32025106	metadata
C6orf118	6	165294634	metadata
C6orf120	6	169704243	metadata
C6orf132	6	42117426	metadata
C6orf136	6	30650124	metadata
C6orf141	6	49556286	metadata
C6orf15	6	31111899	metadata
C6orf163	6	87355138	metadata
C6orf226	6	42890543	metadata
C6orf47	6	31659538	metadata
C6orf52	6	10683107	metadata
C6orf58	6	127555637	metadata
C6orf62	6	24712843	metadata
C6orf89	6	36900417	metadata
CAGE1	6	7358199	metadata
CALHM4	6	116545070	metadata
CALHM5	6	116518213	metadata
CALHM6	6	116462215	metadata
CAP2	6	17475687	metadata
CAPN11	6	44171606	metadata
CARMIL1	6	25449804	metadata
CASP8AP2	6	89852165	metadata
CCDC167	6	37491415	metadata
CCDC170	6	151557605	metadata
CCDC28A	6	138749460	metadata
CCHCR1	6	31150338	metadata
CCN2	6	131949774	metadata
CCN6	6	112061880	metadata
CCNC	6	99555606	metadata
CCND3	6	41992645	metadata
CCR6	6	167125474	metadata
CD109	6	73762050	metadata
CD164	6	109374490	metadata
CD2AP	6	47552526	metadata
CD83	6	14128969	metadata
CDC40	6	110217208	metadata
CDC5L	6	44419065	metadata
CDK19	6	110712968	metadata
CDKAL1	6	20883430	metadata
CDKN1A	6	36681928	metadata
CDSN	6	31117766	metadata
CDYL	6	4830855	metadata
CENPQ	6	49478238	metadata
CENPW	6	126344495	metadata
CEP162	6	84175942	metadata
CEP43	6	167025946	metadata
CEP57L1	6	109134764	metadata
CEP85L	6	118585423	metadata
CFAP206	6	87436218	metadata
CFB	6	31948868	metadata
CGA	6	87090302	metadata
CGAS	6	73432906	metadata
CILK1	6	53031551	metadata
CITED2	6	139373227	metadata
CLDN20	6	155270280	metadata
CLIC1	6	31735172	metadata
CLIC5	6	45980587	metadata
CLPS	6	35796163	metadata
CLPSL1	6	35787347	metadata
CLPSL2	6	35778073	metadata
CLVS2	6	123034580	metadata
CMTR1	6	37458023	metadata
CNKSR3	6	154449100	metadata
CNPY3	6	42934387	metadata
CNR1	6	88153105	metadata
COL10A1	6	116138828	metadata
COL11A2	6	33177590	metadata
COL12A1	6	75145296	metadata
COL19A1	6	70039512	metadata
COL21A1	6	56225342	metadata
COL9A1	6	70259562	metadata
COQ3	6	99381798	metadata
COX7A2	6	75243999	metadata
CPNE5	6	36790109	metadata
CRIP3	6	43304268	metadata
CRISP1	6	49855676	metadata
CRISP2	6	49702974	metadata
CRISP3	6	49735906	metadata
CRYBG1	6	106466367	metadata
CSNK2B	6	31667785	metadata
CTAGE9	6	131709729	metadata
CUL7	6	43045780	metadata
CUL9	6	43203385	metadata
CUTA	6	33417379	metadata
CYB5R4	6	83913539	metadata
CYP21A2	6	32039985	metadata
CYP39A1	6	46601205	metadata
DAAM2	6	39848587	metadata
DACT2	6	168306303	metadata
DAXX	6	33320787	metadata
DCBLD1	6	117511837	metadata
DCDC2	6	24264907	metadata
DDAH2	6	31728827	metadata
DDO	6	110403673	metadata
DDR1	6	30888288	metadata
DDX39B	6	31536333	metadata
DDX43	6	73406197	metadata
DEF6	6	35309794	metadata
DEFB110	6	50015566	metadata
DEFB112	6	50046014	metadata
DEFB113	6	49969151	metadata
DEFB114	6	49962206	metadata
DEK	6	18244204	metadata
DHX16	6	30663062	metadata
DLK2	6	43453492	metadata
DLL1	6	170294385	metadata
DNAH8	6	38873051	metadata
DNPH1	6	43227555	metadata
DOP1A	6	83119508	metadata
DPPA5	6	73353669	metadata
DSE	6	116349517	metadata
DSP	6	7564021	metadata
DST	6	56706408	metadata
DTNBP1	6	15592932	metadata
DUSP22	6	321492	metadata
DXO	6	31971050	metadata
DYNLT1	6	158640608	metadata
DYNLT2	6	169745848	metadata
E2F3	6	20447796	metadata
ECHDC1	6	127316160	metadata
ECI2	6	4204891	metadata
ECT2L	6	138849990	metadata
EDN1	6	12293777	metadata
EEF1A1	6	73549942	metadata
EEF1E1	6	8059128	metadata
EFHC1	6	52446004	metadata
EGFL8	6	32166438	metadata
EHMT2	6	31888728	metadata
ELOVL2	6	11012532	metadata
ELOVL4	6	79931183	metadata
ELOVL5	6	53308288	metadata
ENPP1	6	131851585	metadata
ENPP3	6	131687930	metadata
ENPP4	6	46138338	metadata
ENPP5	6	46165082	metadata
EPB41L2	6	130951334	metadata
EPHA7	6	93329853	metadata
EPM2A	6	145559279	metadata
ERMARD	6	169766611	metadata
ERVFRD-1	6	11104502	masks
ESR1	6	151893155	metadata
ETV7	6	36370945	metadata
EXOC2	6	589146	metadata
EYA4	6	133386321	metadata
EYS	6	64713603	metadata
EZR	6	158792554	metadata
F13A1	6	6232548	metadata
FABP7	6	122781895	metadata
FAM120B	6	170348885	metadata
FAM135A	6	70487057	metadata
FAM162B	6	116758958	metadata
FAM184A	6	119054575	metadata
FAM217A	6	4068389	metadata
FAM229B	6	112095190	metadata
FAM50B	6	3850346	metadata
FAM83B	6	54895935	metadata
FAM8A1	6	17606010	metadata
FANCE	6	35459721	metadata
FARS2	6	5545118	metadata
FAXC	6	99310615	metadata
FBXL4	6	98908270	metadata
FBXO30	6	145804148	metadata
FBXO5	6	152977049	metadata
FBXO9	6	53076432	metadata
FGD2	6	37017472	metadata
FHL5	6	96590587	metadata
FIG4	6	109784353	metadata
FILIP1	6	75392829	metadata
FKBP5	6	35651084	metadata
FKBPL	6	32129497	metadata
FLOT1	6	30735220	metadata
FNDC1	6	159220754	metadata
FOXC1	6	1611906	metadata
FOXF2	6	1392589	metadata
FOXO3	6	108622304	metadata
FOXP4	6	41499583	metadata
FOXQ1	6	1313428	metadata
FRK	6	115996020	metadata
FRMD1	6	168077303	metadata
FRS3	6	41778359	metadata
FUCA2	6	143503266	metadata
FUT9	6	96115793	metadata
FYN	6	111766892	metadata
GABBR1	6	29594802	metadata
GABRR1	6	89204391	metadata
GABRR2	6	89284881	metadata
GCLC	6	53557155	metadata
GCM1	6	53137901	metadata
GCM2	6	10877632	metadata
GCNT2	6	10560795	metadata
GFOD1	6	13422746	metadata
GFRAL	6	55364981	metadata
GINM1	6	149579021	metadata
GJA1	6	121442661	metadata
GJA10	6	89908114	metadata
GJB7	6	87306129	metadata
GLO1	6	38689535	metadata
GLP1R	6	39070042	metadata
GLYATL3	6	49514000	metadata
GMDS	6	1934705	metadata
GMNN	6	24780515	metadata
GMPR	6	16267068	metadata
GNL1	6	30548935	metadata
GNMT	6	42962317	metadata
GOPC	6	117581405	metadata
GPANK1	6	31663755	metadata
GPLD1	6	24459885	metadata
GPR31	6	167156613	metadata
GPR6	6	109979488	metadata
GPR63	6	96815801	metadata
GPRC6A	6	116810584	metadata
GPSM3	6	32193144	metadata
GPX5	6	28530418	metadata
GPX6	6	28515755	metadata
GRIK2	6	101522161	metadata
GRM1	6	146232623	metadata
GRM4	6	34087132	metadata
GSTA1	6	52797615	metadata
GSTA2	6	52756781	metadata
GSTA3	6	52903168	metadata
GSTA4	6	52986626	metadata
GSTA5	6	52836249	metadata
GTF2H4	6	30911156	metadata
GTF2H5	6	158183847	metadata
GTF3C6	6	110963298	metadata
GTPBP2	6	43617290	metadata
GUCA1A	6	42177351	metadata
GUCA1B	6	42189120	metadata
H1-1	6	26017414	masks
H1-2	6	26056107	masks
H1-3	6	26234586	masks
H1-4	6	26156721	masks
H1-5	6	27867157	masks
H1-6	6	26107786	masks
H2AC1	6	25724979	metadata
H2AC11	6	27134167	metadata
H2AC12	6	27147334	metadata
H2AC13	6	27808420	metadata
H2AC14	6	27814539	metadata
H2AC15	6	27836941	metadata
H2AC16	6	27865557	metadata
H2AC17	6	27892942	metadata
H2AC4	6	26033355	metadata
H2AC6	6	26131630	metadata
H2AC7	6	26199038	metadata
H2AC8	6	26217718	metadata
H2BC1	6	25727061	metadata
H2BC10	6	26273171	metadata
H2BC11	6	27127726	metadata
H2BC12	6	27142076	metadata
H2BC13	6	27807704	metadata
H2BC14	6	27815255	metadata
H2BC15	6	27847127	metadata
H2BC17	6	27893658	metadata
H2BC3	6	26043242	metadata
H2BC4	6	26105121	metadata
H2BC5	6	26164735	metadata
H2BC6	6	26178357	metadata
H2BC8	6	26216444	metadata
H2BC9	6	26251844	metadata
H3C1	6	26020704	metadata
H3C10	6	27810675	metadata
H3C12	6	27891710	metadata
H3C2	6	26031844	metadata
H3C3	6	26045626	metadata
H3C4	6	26196225	metadata
H3C6	6	26225836	metadata
H3C8	6	26271165	metadata
H4C1	6	26022248	metadata
H4C11	6	27824286	metadata
H4C12	6	27831239	metadata
H4C13	6	27873341	metadata
H4C2	6	26026542	metadata
H4C3	6	26104135	metadata
H4C4	6	26188911	metadata
H4C5	6	26204815	metadata
H4C6	6	26240593	metadata
H4C8	6	26281623	metadata
H4C9	6	27139961	metadata
HACE1	6	104794006	metadata
HBS1L	6	135031717	metadata
HCRTR2	6	55194538	metadata
HDAC2	6	114259035	metadata
HDDC2	6	125261020	metadata
HDGFL1	6	22570616	metadata
HEBP2	6	138412864	metadata
HECA	6	139157941	metadata
HEY2	6	125663367	metadata
HFE	6	26092784	metadata
HINT3	6	125968507	metadata
HIVEP1	6	12086880	metadata
HIVEP2	6	142854083	metadata
HLA-A	6	29943999	masks
HLA-B	6	31355834	masks
HLA-C	6	31270605	masks
HLA-DMA	6	32949835	masks
HLA-DMB	6	32938168	masks
HLA-DOA	6	33008188	masks
HLA-DOB	6	32815102	masks
HLA-DPA1	6	33071162	masks
HLA-DPB1	6	33080983	masks
HLA-DQA1	6	32640046	masks
HLA-DQA2	6	32743974	masks
HLA-DQB1	6	32663732	masks
HLA-DQB2	6	32759586	masks
HLA-DRA	6	32441939	masks
HLA-DRB1	6	32585257	masks
HLA-DRB5	6	32523967	masks
HLA-E	6	30491088	masks
HLA-F	6	29725298	masks
HLA-G	6	29829101	masks
HMGA1	6	34241552	metadata
HMGCLL1	6	55506785	metadata
HMGN3	6	79217967	metadata
HS3ST5	6	114199309	metadata
HSD17B8	6	33205743	metadata
HSF2	6	122416335	metadata
HSP90AB1	6	44250027	metadata
HSPA1A	6	31816744	metadata
HSPA1B	6	31828996	metadata
HSPA1L	6	31812451	metadata
HTR1B	6	77462207	metadata
HTR1E	6	86977103	metadata
HUS1B	6	656519	metadata
IBTK	6	82208870	metadata
ID4	6	19839783	metadata
IER3	6	30742797	metadata
IFNGR1	6	137208466	metadata
IGF2R	6	160041294	metadata
IL17A	6	52188506	metadata
IL17F	6	52241185	metadata
IL20RA	6	137022575	metadata
IL22RA2	6	137158734	metadata
ILRUN	6	34642073	metadata
IMPG1	6	75996896	metadata
IP6K3	6	33734283	metadata
IPCEF1	6	154255649	metadata
IRAK1BP1	6	78906995	metadata
IRF4	6	401591	metadata
ITPR3	6	33658469	metadata
IYD	6	150387430	metadata
JARID2	6	15384055	metadata
KATNA1	6	149621922	metadata
KCNK16	6	39318833	metadata
KCNK17	6	39306731	metadata
KCNK5	6	39209223	metadata
KCNQ5	6	72910322	metadata
KCTD20	6	36466955	metadata
KDM1B	6	18189591	metadata
KHDC1	6	73275839	metadata
KHDC1L	6	73224657	metadata
KHDC3L	6	73363414	metadata
KHDRBS2	6	61958229	metadata
KIAA0319	6	24595147	metadata
KIAA0408	6	127448897	metadata
KIAA1586	6	57052786	metadata
KIF13A	6	17873409	metadata
KIF25	6	168020666	metadata
KIF6	6	39527699	metadata
KIFC1	6	33400859	metadata
KLC4	6	43057936	metadata
KLHDC3	6	43017700	metadata
KLHL31	6	53656836	metadata
KLHL32	6	97032687	metadata
KPNA5	6	116711527	metadata
L3MBTL3	6	130077574	metadata
LAMA2	6	129199852	metadata
LAMA4	6	112181435	metadata
LATS1	6	149688129	metadata
LCA5	6	79511224	metadata
LEMD2	6	33780166	metadata
LGSN	6	63297967	metadata
LHFPL5	6	35821301	metadata
LIN28B	6	105009974	metadata
LINC03040	6	44004096	metadata
LMBRD1	6	69769996	metadata
LPA	6	160597878	metadata
LRFN2	6	40489477	metadata
LRP11	6	149841558	metadata
LRRC1	6	53859311	metadata
LRRC73	6	43508657	metadata
LSM2	6	31802181	metadata
LST1	6	31587516	metadata
LTA	6	31573189	metadata
LTB	6	31581523	metadata
LTV1	6	143853575	metadata
LY6G5B	6	31671876	metadata
LY6G5C	6	31680362	metadata
LY6G6C	6	31720197	metadata
LY6G6D	6	31716633	metadata
LY6G6F	6	31712411	metadata
LY86	6	6484433	metadata
LYRM2	6	89603446	metadata
LYRM4	6	5182289	metadata
MAD2L1BP	6	43635240	metadata
MAK	6	10800638	metadata
MAN1A1	6	119263483	metadata
MANEA	6	95552694	metadata
MAP3K4	6	161054556	metadata
MAP3K5	6	136675071	metadata
MAP3K7	6	90550329	metadata
MAP7	6	136446550	metadata
MAPK13	6	36136166	metadata
MAPK14	6	36075131	metadata
MARCKS	6	113860410	metadata
MAS1	6	159904217	metadata
MAS1L	6	29487326	metadata
MBOAT1	6	20156076	metadata
MCCD1	6	31529597	metadata
MCHR2	6	100050755	metadata
MCM3	6	52274447	metadata
MCM9	6	118874302	metadata
MCUR1	6	13800562	metadata
MDC1	6	30708627	metadata
MDFI	6	41645563	metadata
MDGA1	6	37664992	metadata
MDN1	6	89731146	metadata
ME1	6	83320726	metadata
MEA1	6	43014005	metadata
MED20	6	41913246	metadata
MED23	6	131601104	metadata
MEI4	6	77788659	metadata
MEP1A	6	46816583	metadata
METTL24	6	110301144	metadata
MFSD4B	6	111352340	metadata
MICA	6	31391752	metadata
MICAL1	6	109455015	metadata
MICB	6	31503002	metadata
MLIP	6	54098131	metadata
MLN	6	33799338	metadata
MMS22L	6	97212689	metadata
MMUT	6	49446806	metadata
MOCS1	6	39917064	metadata
MOG	6	29664687	metadata
MOXD1	6	132348765	metadata
MPC1	6	166373966	metadata
MPIG6B	6	31722654	metadata
MRAP2	6	84062326	metadata
MRPL14	6	44120451	metadata
MRPL18	6	159794124	metadata
MRPL2	6	43056733	metadata
MRPS10	6	42212277	metadata
MRPS18A	6	43679496	metadata
MRPS18B	6	30622117	metadata
MRS2	6	24414551	metadata
MSH5	6	31752435	metadata
MTCH1	6	36976052	metadata
MTCL3	6	127496070	metadata
MTFR2	6	136240679	metadata
MTHFD1L	6	150983783	metadata
MTO1	6	73485407	metadata
MTRES1	6	107039892	metadata
MTRF1L	6	152995035	metadata
MUC21	6	30986810	metadata
MUC22	6	31022938	metadata
MUCL3	6	30944372	metadata
MYB	6	135200240	metadata
MYCT1	6	152711233	metadata
MYLIP	6	16140226	metadata
MYLK4	6	2716979	metadata
MYO6	6	75834369	metadata
NCOA7	6	125856597	metadata
NCR2	6	41343248	metadata
NCR3	6	31590950	metadata
NDUFAF4	6	96893603	metadata
NEDD9	6	11282823	metadata
NELFE	6	31955562	metadata
NEU1	6	31859984	metadata
NFKBIE	6	44261977	metadata
NFKBIL1	6	31552849	metadata
NFYA	6	41087688	metadata
NHLRC1	6	18121558	metadata
NHSL1	6	138557307	metadata
NKAIN2	6	124314752	metadata
NKAPL	6	28260127	metadata
NMBR	6	142102726	metadata
NOL7	6	13624037	metadata
NOTCH4	6	32209455	metadata
NOX3	6	155425603	metadata
NQO2	6	3003871	metadata
NR2E1	6	108177413	metadata
NRM	6	30689733	metadata
NRN1	6	6002802	metadata
NRSN1	6	24140543	metadata
NT5DC1	6	116175174	metadata
NT5E	6	85472687	metadata
NUDT3	6	34336174	metadata
NUP153	6	17660980	metadata
NUP43	6	149736990	metadata
NUS1	6	117693098	metadata
OARD1	6	41065707	metadata
OGFRL1	6	71298935	metadata
OLIG3	6	137493296	metadata
OOEP	6	73381844	metadata
OPN5	6	47807381	metadata
OPRM1	6	154128681	metadata
OR10C1	6	29440141	metadata
OR11A1	6	29441287	metadata
OR12D2	6	29396819	metadata
OR12D3	6	29374357	metadata
OR14J1	6	29307359	metadata
OR2A4	6	131700522	metadata
OR2B2	6	27911790	metadata
OR2B3	6	29086760	metadata
OR2B6	6	27957711	metadata
OR2H1	6	29460741	metadata
OR2J2	6	29173359	metadata
OR2J3	6	29111414	metadata
OR2W1	6	29063238	metadata
OR5V1	6	29392858	metadata
ORC3	6	87633945	metadata
OSTM1	6	108097549	metadata
PACRG	6	163021316	metadata
PACSIN1	6	34500645	metadata
PAK1IP1	6	10702377	metadata
PAQR8	6	52384599	metadata
PBOV1	6	138217238	metadata
PBX2	6	32187467	metadata
PCMT1	6	149780432	metadata
PDCD2	6	170579993	metadata
PDE10A	6	165657702	metadata
PDE7B	6	136023637	metadata
PDSS2	6	107306063	metadata
PERP	6	138097962	metadata
PEX3	6	143470710	metadata
PEX6	6	42971523	metadata
PEX7	6	136868249	metadata
PFDN6	6	33293851	metadata
PGBD1	6	28292060	metadata
PGC	6	41745410	metadata
PGK2	6	49786472	metadata
PGM3	6	83170630	metadata
PHACTR1	6	13003379	metadata
PHACTR2	6	143684015	metadata
PHF1	6	33413426	metadata
PHF10	6	169714734	metadata
PHF3	6	63707569	metadata
PHIP	6	79006353	metadata
PI16	6	36956550	metadata
PIM1	6	37172790	metadata
PKHD1	6	51851456	metadata
PKIB	6	122599145	metadata
PLA2G7	6	46719947	metadata
PLAGL1	6	144002449	metadata
PLEKHG1	6	150721774	metadata
PLG	6	160728145	metadata
PLN	6	118555006	metadata
PM20D2	6	89155810	metadata
PNISR	6	99463600	metadata
PNLDC1	6	159810476	metadata
PNPLA1	6	36278579	metadata
PNRC1	6	89082955	metadata
POLH	6	43598354	metadata
POLR1C	6	43536060	metadata
POLR1H	6	30061904	metadata
POM121L2	6	27299088	metadata
POPDC3	6	105168957	metadata
POU3F2	6	98837016	metadata
POU5F1	6	31172534	metadata
PPARD	6	35385374	metadata
PPIL1	6	36864815	metadata
PPIL4	6	149525269	metadata
PPIL6	6	109415693	metadata
PPP1R10	6	30609512	metadata
PPP1R11	6	30068521	metadata
PPP1R14C	6	150196718	metadata
PPP1R18	6	30682142	metadata
PPP1R3G	6	5087414	metadata
PPP2R5D	6	42998447	metadata
PPT2	6	32162911	metadata
PRDM1	6	106051701	metadata
PRDM13	6	99611176	metadata
PREP	6	105363640	metadata
PRICKLE4	6	41784117	metadata
PRIM2	6	57480827	metadata
PRKN	6	162037596	metadata
PRL	6	22295035	metadata
PRP4K	6	4043125	metadata
PRPH2	6	42709597	metadata
PRR18	6	166306874	metadata
PRR3	6	30560501	metadata
PRRC2A	6	31629243	metadata
PRRT1	6	32150721	metadata
PRSS16	6	27252162	metadata
PRSS35	6	83519119	metadata
PSMB1	6	170544213	metadata
PSMB8	6	32842698	metadata
PSMB9	6	32852435	metadata
PSMG4	6	3267388	metadata
PSORS1C1	6	31127421	metadata
PSORS1C2	6	31138300	metadata
PTCHD4	6	47983935	metadata
PTCRA	6	42920913	metadata
PTK7	6	43119013	metadata
PTP4A1	6	63552667	metadata
PTPRK	6	128244700	metadata
PXDC1	6	3737163	metadata
PXT1	6	36416702	metadata
QKI	6	163496296	metadata
QRSL1	6	106648997	metadata
RAB23	6	57204649	metadata
RAB32	6	146549393	metadata
RAB44	6	36715505	metadata
RAET1E	6	149891504	metadata
RAET1G	6	149919999	metadata
RAET1L	6	150021933	metadata
RANBP9	6	13666666	metadata
RARS2	6	87551743	metadata
RBM24	6	17287616	metadata
RCAN2	6	46356354	metadata
REPS1	6	138945877	metadata
REV3L	6	111391371	metadata
RFPL4B	6	112349312	metadata
RFX6	6	116904686	metadata
RGL2	6	33295298	metadata
RGS17	6	153067870	metadata
RHAG	6	49621007	metadata
RIMS1	6	72144850	metadata
RING1	6	33210611	metadata
RIOK1	6	7403915	metadata
RIPK1	6	3089505	metadata
RIPOR2	6	24923226	metadata
RIPPLY2	6	83855437	metadata
RMND1	6	151425528	metadata
RNASET2	6	166939652	metadata
RNF144B	6	18428110	metadata
RNF146	6	127277646	metadata
RNF182	6	13952378	metadata
RNF217	6	124804010	metadata
RNF39	6	30073057	metadata
RNF5	6	32179599	metadata
RNF8	6	37374356	metadata
RNGTT	6	88786757	metadata
ROS1	6	117356647	metadata
RPF2	6	111005139	metadata
RPL10A	6	35469593	metadata
RPL7L1	6	42884770	metadata
RPP21	6	30346007	metadata
RPP40	6	4999390	metadata
RPS10	6	34355479	metadata
RPS12	6	132816066	metadata
RPS18	6	33274293	metadata
RPS6KA2	6	166657907	metadata
RRAGD	6	89388444	metadata
RREB1	6	7179788	metadata
RRP36	6	43027889	metadata
RSPH3	6	158985143	metadata
RSPH4A	6	116624732	metadata
RSPH9	6	43658818	metadata
RSPO3	6	127159076	metadata
RTN4IP1	6	106600134	metadata
RUNX2	6	45496253	metadata
RWDD1	6	116584542	metadata
RWDD2A	6	83196146	metadata
RXRB	6	33197126	metadata
SAMD3	6	130254870	metadata
SAMD5	6	147623118	metadata
SAPCD1	6	31763753	metadata
SASH1	6	148412174	metadata
SAYSD1	6	39109628	metadata
SCAF8	6	154783811	metadata
SCAND3	6	28593373	metadata
SCGN	6	25676992	metadata
SCML4	6	107763235	metadata
SCUBE3	6	35233517	metadata
SDHAF4	6	70578243	metadata
SEC63	6	107912982	metadata
SENP6	6	75659895	metadata
SERAC1	6	158138899	metadata
SERINC1	6	122457579	metadata
SERPINB1	6	2837145	metadata
SERPINB6	6	2960162	metadata
SERPINB9	6	2895241	metadata
SESN1	6	109039577	metadata
SF3B5	6	144095228	metadata
SFT2D1	6	166331152	metadata
SFTA2	6	30943494	metadata
SGK1	6	134243680	metadata
SH3BGRL2	6	79620420	metadata
SHPRH	6	145914334	metadata
SIM1	6	100424965	metadata
SIRT5	6	13594692	metadata
SKIC2	6	31964467	metadata
SLC16A10	6	111159348	metadata
SLC17A1	6	25807483	metadata
SLC17A2	6	25921722	metadata
SLC17A3	6	25857676	metadata
SLC17A4	6	25767949	metadata
SLC17A5	6	73623685	metadata
SLC18B1	6	132791354	metadata
SLC22A1	6	160140266	metadata
SLC22A16	6	110450664	metadata
SLC22A2	6	160224349	metadata
SLC22A23	6	3363006	metadata
SLC22A3	6	160400477	metadata
SLC22A7	6	43300616	metadata
SLC25A27	6	46665552	metadata
SLC26A8	6	35984192	metadata
SLC29A1	6	44226847	metadata
SLC2A12	6	134020102	metadata
SLC35A1	6	87491479	metadata
SLC35B2	6	44255993	metadata
SLC35B3	6	8423498	metadata
SLC35D3	6	136923980	metadata
SLC35F1	6	118112470	metadata
SLC39A7	6	33202372	metadata
SLC44A4	6	31871119	metadata
SMAP1	6	70764893	metadata
SMIM13	6	11116283	metadata
SMIM29	6	34247744	metadata
SMIM8	6	87361166	metadata
SMLR1	6	130832270	metadata
SMOC2	6	168557298	metadata
SMPD2	6	109442321	metadata
SMPDL3A	6	122799384	metadata
SNAP91	6	83631285	metadata
SNRNP48	6	7601082	metadata
SNRPC	6	34765681	metadata
SNX14	6	85549466	metadata
SNX3	6	108236234	metadata
SNX9	6	157822732	metadata
SOBP	6	107575706	metadata
SOD2	6	159715799	metadata
SOX4	6	21596185	metadata
SPACA1	6	88057339	metadata
SPATS1	6	44361414	metadata
SPDEF	6	34547067	metadata
SRF	6	43176387	metadata
SRPK1	6	35877154	metadata
SRSF12	6	89106010	metadata
SRSF3	6	36600132	metadata
SSR1	6	7307876	metadata
STK19	6	31976956	metadata
STK38	6	36520685	metadata
STMND1	6	17116714	metadata
STX11	6	144171213	metadata
STX7	6	132479532	metadata
STXBP5	6	147014589	metadata
SUMO4	6	149400770	metadata
SUPT3H	6	45093635	metadata
SYCP2L	6	10933075	metadata
SYNCRIP	6	85625921	metadata
SYNE1	6	152379744	metadata
SYNGAP1	6	33436675	metadata
SYNJ2	6	158040519	metadata
SYTL3	6	158707445	metadata
TAAR1	6	132651247	metadata
TAAR2	6	132620648	metadata
TAAR5	6	132589166	metadata
TAAR6	6	132570840	metadata
TAAR8	6	132553214	metadata
TAAR9	6	132538806	metadata
TAB2	6	149315127	metadata
TAF11	6	34883327	metadata
TAF8	6	42068987	metadata
TAGAP	6	159038146	metadata
TAP1	6	32849512	metadata
TAP2	6	32830286	metadata
TAPBP	6	33306989	metadata
TBC1D22B	6	37295371	metadata
TBC1D32	6	121207119	metadata
TBC1D7	6	13297562	metadata
TBCC	6	42745300	metadata
TBP	6	170563586	metadata
TBX18	6	84725974	metadata
TBXT	6	166163178	metadata
TCF19	6	31162745	metadata
TCF21	6	133892333	metadata
TCP1	6	159784100	metadata
TCP11	6	35133340	metadata
TCTE1	6	44288216	metadata
TDP2	6	24658454	metadata
TDRD6	6	46679361	metadata
TEAD3	6	35485338	metadata
TENT5A	6	81622106	metadata
TFAP2A	6	10433266	metadata
TFAP2B	6	50833171	metadata
TFAP2D	6	50743279	metadata
TFB1M	6	155285313	metadata
TFEB	6	41710118	metadata
THBS2	6	169234915	metadata
THEMIS	6	127813351	metadata
TIAM2	6	155045210	metadata
TINAG	6	54349000	metadata
TJAP1	6	43492039	metadata
TMEM14A	6	52678850	metadata
TMEM14B	6	10800256	metadata
TMEM14C	6	10727022	metadata
TMEM151B	6	44288978	metadata
TMEM170B	6	11560636	metadata
TMEM181	6	158585934	metadata
TMEM200A	6	130404542	metadata
TMEM217	6	37235167	metadata
TMEM217B	6	37235162	metadata
TMEM242	6	157306313	metadata
TMEM244	6	129846395	metadata
TMEM30A	6	75311039	metadata
TMEM63B	6	44141216	metadata
TNF	6	31576950	metadata
TNFAIP3	6	137875264	metadata
TNFRSF21	6	47270718	metadata
TNXB	6	32078243	metadata
TOMM6	6	41788780	metadata
TPBG	6	82365313	metadata
TPD52L1	6	125191728	metadata
TPMT	6	18141694	metadata
TRAF3IP2	6	111541086	metadata
TRAM2	6	52537234	metadata
TRAPPC3L	6	116520336	metadata
TRDN	6	123426764	metadata
TREM1	6	41276891	metadata
TREM2	6	41160846	metadata
TREML1	6	41151842	metadata
TREML2	6	41195449	metadata
TREML4	6	41233610	metadata
TRERF1	6	42338491	metadata
TRIM10	6	30156577	metadata
TRIM15	6	30167949	metadata
TRIM26	6	30198941	metadata
TRIM27	6	28913495	metadata
TRIM31	6	30107775	metadata
TRIM38	6	25977016	metadata
TRIM39	6	30337880	metadata
TRIM40	6	30142429	metadata
TRMT11	6	126095148	metadata
TSBP1	6	32331201	metadata
TSPO2	6	41043402	metadata
TSPYL1	6	116273845	metadata
TSPYL4	6	116252019	metadata
TSTD3	6	99555437	metadata
TTBK1	6	43265869	metadata
TTK	6	80023207	metadata
TTLL2	6	167342287	metadata
TUBB	6	30721486	metadata
TUBB2A	6	3155520	metadata
TUBB2B	6	3227527	metadata
TUBE1	6	112079096	metadata
TULP1	6	35505385	metadata
TULP4	6	158372032	metadata
TXLNB	6	139265540	metadata
TXNDC5	6	7896152	metadata
UBD	6	29557623	metadata
UBE2J1	6	89339673	metadata
UBE3D	6	82979115	metadata
UBR2	6	42628767	metadata
UFL1	6	96360777	metadata
ULBP1	6	149968829	metadata
ULBP2	6	149945624	metadata
ULBP3	6	150065087	metadata
UNC5CL	6	41033058	metadata
UNC93A	6	167293591	metadata
UQCC2	6	33703010	metadata
USP45	6	99477026	metadata
USP49	6	41842635	metadata
UST	6	148912010	metadata
UTRN	6	144569184	metadata
VARS1	6	31786635	metadata
VARS2	6	30920332	metadata
VEGFA	6	43778335	metadata
VGLL2	6	117269561	metadata
VIP	6	152755281	metadata
VNN1	6	132697452	metadata
VNN2	6	132753664	metadata
VPS52	6	33261159	metadata
VTA1	6	142185923	metadata
VWA7	6	31771459	metadata
WASF1	6	110139911	metadata
WDR27	6	169579639	metadata
WDR46	6	33284177	metadata
WRNIP1	6	2776172	metadata
WTAP	6	159740952	metadata
XPO5	6	43549186	metadata
YIPF3	6	43514408	metadata
ZBTB12	6	31900849	metadata
ZBTB2	6	151377837	metadata
ZBTB22	6	33316174	metadata
ZBTB24	6	109495047	metadata
ZBTB9	6	33455757	metadata
ZC2HC1B	6	143901389	metadata
ZC3H11C	6	65304025	metadata
ZC3H12D	6	149465904	metadata
ZDHHC14	6	157529645	metadata
ZFAND3	6	37987175	metadata
ZFP57	6	29676819	metadata
ZKSCAN3	6	28359559	metadata
ZKSCAN4	6	28246983	metadata
ZKSCAN8	6	28150671	metadata
ZNF165	6	28085065	metadata
ZNF184	6	27461930	metadata
ZNF292	6	87208873	metadata
ZNF311	6	29000050	metadata
ZNF318	6	43338390	metadata
ZNF322	6	26647067	metadata
ZNF391	6	27389261	metadata
ZNF451	6	57128574	metadata
ZNF76	6	35277447	metadata
ZSCAN12	6	28389284	metadata
ZSCAN16	6	28072959	metadata
ZSCAN23	6	28437716	metadata
ZSCAN26	6	28272641	metadata
ZSCAN31	6	28340482	metadata
ZSCAN9	6	28229186	metadata
ZUP1	6	116652206	metadata
AASS	7	122104445	metadata
ABCA13	7	48409477	metadata
ABCB1	7	87608170	metadata
ABCB4	7	87441065	metadata
ABCB5	7	20696352	metadata
ABCB8	7	151038102	metadata
ABCF2	7	151217501	metadata
ABHD11	7	73737473	metadata
ACHE	7	100893484	metadata
ACTB	7	5545155	metadata
ACTL6B	7	100649772	metadata
ACTR3B	7	152807563	metadata
ACTR3C	7	150283820	metadata
ADAM22	7	88068516	metadata
ADAP1	7	926653	metadata
ADCK2	7	140684603	metadata
ADCY1	7	45648628	metadata
ADCYAP1R1	7	31081891	metadata
AEBP1	7	44109453	metadata
AGAP3	7	151115133	metadata
AGBL3	7	135067235	metadata
AGFG2	7	100553711	metadata
AGK	7	141603261	metadata
AGMO	7	15381166	metadata
AGR2	7	16812622	metadata
AGR3	7	16870699	metadata
AHCYL2	7	129327620	metadata
AHR	7	17131255	metadata
AIMP2	7	6016544	metadata
AKAP9	7	92025756	metadata
AKR1B1	7	134450820	metadata
AKR1B10	7	134534489	metadata
AKR1B15	7	134564492	metadata
AKR1D1	7	138060314	metadata
ALKBH4	7	102460550	metadata
AMPH	7	38507562	metadata
AMZ1	7	2727511	metadata
ANKIB1	7	92323678	metadata
ANKMY2	7	16622798	metadata
ANKRD61	7	6033964	metadata
ANKRD7	7	118355420	metadata
ANLN	7	36421806	metadata
AOAH	7	36616928	metadata
AOC1	7	150843065	metadata
AP1S1	7	101158026	metadata
AP4M1	7	100105601	metadata
AP5Z1	7	4785006	metadata
AQP1	7	30918685	metadata
ARF5	7	127590043	metadata
ARHGEF35	7	144247896	metadata
ARHGEF5	7	144367960	metadata
ARL4A	7	12688907	metadata
ARMC10	7	103087320	metadata
ARPC1A	7	99346080	metadata
ARPC1B	7	99384532	metadata
ASB10	7	151181765	metadata
ASB15	7	123603245	metadata
ASB4	7	95509338	metadata
ASIC3	7	151050524	metadata
ASL	7	66085248	metadata
ASNS	7	97862109	metadata
ASZ1	7	117395672	metadata
ATG9B	7	151018354	metadata
ATP5MF	7	99442973	metadata
ATP6V0A4	7	138752927	metadata
ATP6V0E2	7	149882086	metadata
ATP6V1F	7	128864351	metadata
ATXN7L1	7	105740685	metadata
AUTS2	7	70195901	metadata
AVL9	7	32542076	metadata
AZGP1	7	99971381	metadata
BAIAP2L1	7	98346370	metadata
BAZ1B	7	73481349	metadata
BBS9	7	33493368	metadata
BCAP29	7	107604708	metadata
BCL7B	7	73547023	metadata
BET1	7	94018121	metadata
BHLHA15	7	98213448	metadata
BLVRA	7	43783011	metadata
BMPER	7	34030367	metadata
BMT2	7	112879511	metadata
BPGM	7	134663313	metadata
BRAF	7	140822128	metadata
BRAT1	7	2546752	metadata
BRI3	7	98281410	metadata
BUD23	7	73690904	metadata
BUD31	7	99414128	metadata
BZW2	7	16676327	metadata
C1GALT1	7	7202775	metadata
C7orf25	7	42910789	metadata
C7orf33	7	148603313	metadata
C7orf50	7	1067623	metadata
C7orf57	7	48048407	metadata
CACNA2D1	7	82195200	metadata
CADPS2	7	122602585	metadata
CALCR	7	93499608	metadata
CALD1	7	134857490	metadata
CALN1	7	72113321	metadata
CALU	7	128756346	metadata
CAMK2B	7	44272298	metadata
CAPZA2	7	116866559	metadata
CARD11	7	2975185	metadata
CASD1	7	94533119	metadata
CASP2	7	143297955	metadata
CASTOR2	7	74998116	metadata
CAV1	7	116543086	metadata
CAV2	7	116397960	metadata
CBLL1	7	107752370	metadata
CBX3	7	26207384	metadata
CCDC126	7	23621045	metadata
CCDC136	7	128806444	metadata
CCDC146	7	77225983	metadata
CCDC71L	7	106657759	metadata
CCL24	7	75817090	metadata
CCL26	7	75779714	metadata
CCM2	7	45037972	metadata
CCT6A	7	56057837	metadata
CCZ1	7	5912637	metadata
CCZ1B	7	6810452	metadata
CD36	7	80524426	metadata
CDCA7L	7	21923401	metadata
CDHR3	7	105956614	metadata
CDK13	7	40024850	metadata
CDK14	7	90838507	metadata
CDK5	7	151055856	metadata
CDK6	7	92720747	metadata
CEP41	7	130418102	metadata
CFAP69	7	90278118	metadata
CFTR	7	117501545	metadata
CHCHD2	7	56100523	metadata
CHCHD3	7	132933480	metadata
CHN2	7	29330437	metadata
CHPF2	7	151236731	metadata
CHRM2	7	136944453	metadata
CHST12	7	2426036	metadata
CLCN1	7	143334097	metadata
CLDN12	7	90448561	metadata
CLDN15	7	101235456	metadata
CLDN3	7	73769633	metadata
CLDN4	7	73816116	metadata
CLEC2L	7	139534335	metadata
CLEC5A	7	141937182	metadata
CLIP2	7	74347671	metadata
CNOT4	7	135435970	metadata
CNPY1	7	155514828	metadata
CNPY4	7	100122571	metadata
CNTNAP2	7	147268500	metadata
COA1	7	43669086	metadata
COBL	7	51166515	metadata
COG5	7	107382816	metadata
COL1A2	7	94413061	metadata
COL26A1	7	101460949	metadata
COL28A1	7	7446038	metadata
COPG2	7	130587493	metadata
COPS6	7	100090578	metadata
COX19	7	937163	metadata
CPA1	7	130384226	metadata
CPA2	7	130278330	metadata
CPA4	7	130308657	metadata
CPA5	7	130356773	metadata
CPED1	7	121143069	metadata
CPSF4	7	99448147	metadata
CPVL	7	29095343	metadata
CRCP	7	66134586	metadata
CREB3L2	7	137938532	metadata
CREB5	7	28562607	metadata
CRHR2	7	30676035	metadata
CROT	7	87372729	metadata
CRPPA	7	16295014	metadata
CRYGN	7	151434822	metadata
CTAGE15	7	143573094	metadata
CTAGE4	7	144184773	metadata
CTAGE8	7	144267981	metadata
CTTNBP2	7	117792395	metadata
CUL1	7	148749512	metadata
CUX1	7	102049931	metadata
CYCS	7	25121958	metadata
CYP2W1	7	986410	metadata
CYP3A4	7	99770604	metadata
CYP3A43	7	99847053	metadata
CYP3A5	7	99664095	metadata
CYP3A7	7	99710029	metadata
CYP51A1	7	92109895	metadata
CYREN	7	135131579	metadata
CYTH3	7	6217211	metadata
DAGLB	7	6446658	metadata
DBF4	7	87892884	metadata
DBNL	7	44057048	metadata
DDC	7	50511920	metadata
DDX56	7	44570427	metadata
DENND11	7	141679447	metadata
DENND2A	7	140596206	metadata
DGKB	7	14559913	metadata
DGKI	7	137614064	metadata
DLD	7	107911446	metadata
DLX5	7	97022673	metadata
DLX6	7	96984614	metadata
DMTF1	7	87174373	metadata
DNAAF5	7	756587	metadata
DNAH11	7	21722439	metadata
DNAJB6	7	157376410	metadata
DNAJB9	7	108572358	metadata
DNAJC2	7	103328559	metadata
DNAJC30	7	73682185	metadata
DOCK4	7	111966258	metadata
DPP6	7	154321209	metadata
DPY19L1	7	34982781	metadata
DTX2	7	76483835	metadata
DUS4L	7	107593644	metadata
DYNC1I1	7	95941414	metadata
DYNC2I1	7	158906652	metadata
EEPD1	7	36227396	metadata
EGFR	7	55115322	metadata
EIF2AK1	7	6040711	metadata
EIF3B	7	2367415	metadata
EIF4H	7	74185676	metadata
ELAPOR2	7	86968280	metadata
ELFN1	7	1706845	metadata
ELMO1	7	37151064	metadata
ELN	7	74048848	metadata
EN2	7	155437961	metadata
EPDR1	7	37936288	metadata
EPHA1	7	143465505	metadata
EPHB4	7	100815044	metadata
EPHB6	7	142863077	metadata
ESYT2	7	158780624	metadata
ETV1	7	13941327	metadata
EVX1	7	27246596	metadata
EXOC4	7	133660104	metadata
EZH2	7	148845789	metadata
FAM131B	7	143373692	metadata
FAM133B	7	92575575	metadata
FAM180A	7	135738580	metadata
FAM185A	7	102779098	metadata
FAM200A	7	99552418	metadata
FAM20C	7	226671	metadata
FAM220A	7	6339196	metadata
FAM221A	7	23691689	metadata
FAM3C	7	121372621	metadata
FASTK	7	151078745	metadata
FBXL13	7	102943014	metadata
FBXL18	7	5472572	metadata
FBXO24	7	100592549	metadata
FERD3L	7	19145101	metadata
FEZF1	7	122305997	metadata
FGL2	7	77196608	metadata
FIGNL1	7	50447259	metadata
FIS1	7	101245887	metadata
FKBP14	7	30008071	metadata
FKBP6	7	73343399	metadata
FKBP9	7	32982167	metadata
FLNC	7	128844840	metadata
FOXK1	7	4726868	metadata
FOXL3	7	292296	metadata
FOXP2	7	114390049	metadata
FSCN1	7	5599735	metadata
FSCN3	7	127596776	metadata
FZD1	7	91267879	metadata
FZD9	7	73434949	metadata
GAL3ST4	7	100163930	metadata
GALNT11	7	152074007	metadata
GALNT17	7	71422872	metadata
GALNTL5	7	151988154	metadata
GARIN1A	7	128679785	metadata
GARIN1B	7	128720402	metadata
GARS1	7	30555797	metadata
GATAD1	7	92453778	metadata
GBX1	7	151161377	metadata
GCC1	7	127587119	metadata
GCK	7	44170691	metadata
GET4	7	886495	metadata
GGCT	7	30500731	metadata
GHRHR	7	30965961	metadata
GIGYF1	7	100686878	metadata
GIMAP1	7	150730157	metadata
GIMAP2	7	150689669	metadata
GIMAP4	7	150570661	metadata
GIMAP5	7	150736143	metadata
GIMAP6	7	150629011	metadata
GIMAP7	7	150517972	metadata
GIMAP8	7	150465011	metadata
GJC3	7	99926443	metadata
GLCCI1	7	8031534	metadata
GLI3	7	42112524	metadata
GNA12	7	2796304	metadata
GNAI1	7	79997104	metadata
GNAT3	7	80485349	metadata
GNB2	7	100676370	metadata
GNG11	7	93925172	metadata
GNGT1	7	93751419	metadata
GPC2	7	100173493	metadata
GPER1	7	1088011	metadata
GPNMB	7	23255537	metadata
GPR141	7	37758777	metadata
GPR22	7	107472851	metadata
GPR37	7	124754838	metadata
GPR85	7	113083054	metadata
GRB10	7	50691762	metadata
GRID2IP	7	6524119	metadata
GRIFIN	7	2475811	metadata
GRM3	7	86754394	metadata
GRM8	7	126845845	metadata
GSAP	7	77363550	metadata
GSDME	7	24728147	metadata
GSTK1	7	143257473	metadata
GTF2I	7	74672968	metadata
GTF2IRD1	7	74528197	metadata
GTF2IRD2	7	74823878	metadata
GTF2IRD2B	7	75121195	metadata
GTPBP10	7	90363338	metadata
GUSB	7	65971449	metadata
H2BK1	7	151209162	metadata
HBP1	7	107185741	metadata
HDAC9	7	18544682	metadata
HECW1	7	43339315	metadata
HEPACAM2	7	93207501	metadata
HERPUD2	7	35665059	metadata
HGF	7	81734724	metadata
HIBADH	7	27594162	metadata
HILPDA	7	128462631	metadata
HIP1	7	75636130	metadata
HIPK2	7	139669784	metadata
HNRNPA2B1	7	26186340	metadata
HOXA1	7	27094496	metadata
HOXA10	7	27175433	metadata
HOXA11	7	27186902	metadata
HOXA13	7	27196797	metadata
HOXA2	7	27101520	metadata
HOXA3	7	27129383	metadata
HOXA4	7	27129643	metadata
HOXA5	7	27142366	metadata
HOXA6	7	27147999	metadata
HOXA7	7	27155826	metadata
HOXA9	7	27168809	metadata
HSPB1	7	76304243	metadata
HTR5A	7	155078858	metadata
HUS1	7	47970748	metadata
HYAL4	7	123853232	metadata
HYCC1	7	22951750	metadata
ICA1	7	8187935	metadata
IFRD1	7	112451952	metadata
IFT22	7	101316368	metadata
IFT56	7	139162865	metadata
IGF2BP3	7	23390350	metadata
IGFBP1	7	45891010	metadata
IGFBP3	7	45917059	metadata
IKZF1	7	50354584	metadata
IL6	7	22728943	metadata
IMMP2L	7	111112580	metadata
IMPDH1	7	128401131	metadata
ING3	7	120963989	metadata
INHBA	7	41736636	metadata
INMT	7	30822109	metadata
INSIG1	7	155304005	metadata
INTS1	7	1487333	metadata
INTS15	7	6599373	metadata
IQCE	7	2586852	metadata
IQUB	7	123493635	metadata
IRF5	7	128943747	metadata
ITGB8	7	20373228	metadata
ITPRID1	7	31585297	metadata
JAZF1	7	28005684	metadata
KBTBD2	7	32881151	metadata
KCND2	7	120511756	metadata
KCNH2	7	150961641	metadata
KCP	7	128886380	metadata
KCTD7	7	66638974	metadata
KDELR2	7	6465071	metadata
KDM7A	7	140130864	metadata
KEL	7	142951738	metadata
KIAA1549	7	138906385	metadata
KLF14	7	130732452	metadata
KLHDC10	7	130103119	metadata
KLHL7	7	23141836	metadata
KLRG2	7	139468181	metadata
KMT2C	7	152285783	metadata
KMT2E	7	105027981	metadata
KPNA7	7	99211823	metadata
KRBA1	7	149724678	metadata
KRIT1	7	92221832	metadata
LAMB1	7	107963506	metadata
LAMB4	7	108076954	metadata
LAMTOR4	7	100152428	metadata
LANCL2	7	55399537	metadata
LAT2	7	74214743	metadata
LEP	7	128249453	metadata
LFNG	7	2520853	metadata
LHFPL3	7	104618582	metadata
LIMK1	7	74102729	metadata
LLCFC1	7	142940105	metadata
LMBR1	7	156781081	metadata
LMOD2	7	123660078	metadata
LMTK2	7	98158250	metadata
LRCH4	7	100580070	metadata
LRGUK	7	134195947	metadata
LRRC17	7	102929055	metadata
LRRC4	7	128029589	metadata
LRRC61	7	150330709	metadata
LRRC72	7	16554196	metadata
LRRD1	7	92160587	metadata
LRRN3	7	111108230	metadata
LRWD1	7	102469062	metadata
LSM5	7	32490310	metadata
LSM8	7	118194089	metadata
LSMEM1	7	112485957	metadata
LUC7L2	7	139381908	metadata
MACC1	7	20176029	metadata
MAD1L1	7	2024518	metadata
MAFK	7	1536872	metadata
MAGI2	7	78735361	metadata
MALSU1	7	23305234	metadata
MATCAP2	7	36357138	metadata
MBLAC1	7	100127640	metadata
MCM7	7	100097086	metadata
MDFIC	7	114971005	metadata
MDH2	7	76057779	metadata
MEOX2	7	15648947	metadata
MEPCE	7	100431224	metadata
MEST	7	130496318	metadata
MET	7	116735286	metadata
METTL27	7	73838553	metadata
METTL2B	7	128491665	metadata
MGAM	7	142007280	metadata
MICALL2	7	1443967	metadata
MINDY4	7	30831902	metadata
MIOS	7	7587903	metadata
MKLN1	7	131303364	metadata
MKRN1	7	140466284	metadata
MLXIPL	7	73608868	metadata
MMD2	7	4932600	metadata
MNX1	7	157002357	metadata
MOGAT3	7	101198022	metadata
MOSPD3	7	100613743	metadata
MPLKIP	7	40130324	metadata
MRM2	7	2238200	metadata
MRPL32	7	42940667	metadata
MRPS17	7	55954188	metadata
MRPS24	7	43868225	metadata
MRPS33	7	141008919	metadata
MTERF1	7	91786355	metadata
MTURN	7	30148875	metadata
MUC12	7	101039322	metadata
MUC17	7	101039465	metadata
MUC3A	7	100958940	metadata
MYL10	7	101621313	metadata
MYL7	7	44140098	metadata
MYO1G	7	44970875	metadata
NACAD	7	45084703	metadata
NAMPT	7	106267132	metadata
NAPEPLD	7	103124668	metadata
NAT16	7	101175394	metadata
NCAPG2	7	158667986	metadata
NCF1	7	74781663	metadata
NDUFA4	7	10936048	metadata
NDUFA5	7	123547450	metadata
NDUFB2	7	140706783	metadata
NEUROD6	7	31339095	metadata
NFE2L3	7	26169667	metadata
NIPSNAP2	7	55975987	metadata
NME8	7	37874497	metadata
NOBOX	7	144403733	metadata
NOD1	7	30451655	metadata
NOM1	7	156961444	metadata
NOS3	7	151002802	metadata
NPC1L1	7	44526932	metadata
NPSR1	7	34579425	metadata
NPTX2	7	98623577	metadata
NPVF	7	25226528	metadata
NPY	7	24288025	metadata
NRCAM	7	108302170	metadata
NRF1	7	129684401	metadata
NSUN5	7	73305671	metadata
NT5C3A	7	33038454	metadata
NUB1	7	151360110	metadata
NUDCD3	7	44434888	metadata
NUDT1	7	2246686	metadata
NUP205	7	135603337	metadata
NUP42	7	23191426	metadata
NUPR2	7	56115549	metadata
NXPH1	7	8593285	metadata
NYAP1	7	100489364	metadata
OCM	7	5883095	metadata
OCM2	7	97987928	metadata
OGDH	7	44657819	metadata
OPN1SW	7	128774139	metadata
OR2A12	7	144092615	metadata
OR2A14	7	144127182	metadata
OR2A2	7	144110061	metadata
OR2A25	7	144072840	metadata
OR2A5	7	144053896	metadata
OR2A7	7	144261227	metadata
OR2AE1	7	99876547	metadata
OR2F1	7	143976078	metadata
OR2F2	7	143935709	metadata
OR6B1	7	144004556	metadata
OR6V1	7	143052811	metadata
OR9A2	7	143026666	metadata
OR9A4	7	141918512	metadata
ORAI2	7	102444965	metadata
ORC5	7	104167194	metadata
OSBPL3	7	24889087	metadata
PALS2	7	24633730	metadata
PAPOLB	7	4859884	metadata
PARP12	7	140043350	metadata
PAX4	7	127614217	metadata
PAXIP1	7	154973405	metadata
PCLO	7	82958471	metadata
PCOLCE	7	100597592	metadata
PDAP1	7	99400322	metadata
PDE1C	7	32089655	metadata
PDGFA	7	508777	metadata
PDIA4	7	149015862	metadata
PDK4	7	95582588	metadata
PEG10	7	94663010	metadata
PEX1	7	92507770	metadata
PGAM2	7	44064147	metadata
PHF14	7	11071479	metadata
PHKG1	7	56086639	metadata
PHTF2	7	77878138	metadata
PIK3CG	7	106887129	metadata
PILRA	7	100383813	metadata
PILRB	7	100360003	metadata
PIP	7	143135908	metadata
PKD1L1	7	47844334	metadata
PLEKHA8	7	30078943	metadata
PLOD3	7	101212198	metadata
PLXNA4	7	132386014	metadata
PMPCB	7	103314612	metadata
PMS2	7	5990027	metadata
PNPLA8	7	108520041	metadata
PODXL	7	131529239	metadata
POLD2	7	44119494	metadata
POLM	7	44077296	metadata
POLR1F	7	19702249	metadata
POLR2J	7	102476025	metadata
POLR2J2	7	102654345	metadata
POLR2J3	7	102555285	metadata
POM121	7	72915394	metadata
POM121C	7	75451542	metadata
POM121L12	7	53036279	metadata
POMZP3	7	76618632	metadata
PON1	7	95311104	metadata
PON2	7	95420095	metadata
PON3	7	95378123	metadata
POP7	7	100706803	metadata
POR	7	75943027	metadata
POT1	7	125206414	metadata
POU6F2	7	39235502	metadata
PPP1R17	7	31697835	metadata
PPP1R35	7	100437758	metadata
PPP1R3A	7	113976348	metadata
PPP1R9A	7	95101808	metadata
PRKAG2	7	151716669	metadata
PRKAR1B	7	638423	metadata
PRKAR2B	7	107103258	metadata
PRKRIP1	7	102395274	metadata
PRPS1L1	7	18027308	metadata
PRR15	7	29578290	metadata
PRRT4	7	128356007	metadata
PRSS1	7	142751270	metadata
PRSS37	7	141838893	metadata
PRSS58	7	142255100	metadata
PSMA2	7	42924506	metadata
PSMC2	7	103349458	metadata
PSMG3	7	1579844	metadata
PSPH	7	56031327	metadata
PTCD1	7	99441451	metadata
PTN	7	137285557	metadata
PTPN12	7	77588682	metadata
PTPRN2	7	158063439	metadata
PTPRZ1	7	121967562	metadata
PURB	7	44880914	metadata
PUS7	7	105480966	metadata
PVRIG	7	100219865	metadata
RAB19	7	140416016	metadata
RABGEF1	7	66746814	metadata
RAC1	7	6389247	metadata
RADIL	7	4840385	metadata
RALA	7	39665842	metadata
RAMP3	7	45172046	metadata
RAPGEF5	7	22237695	metadata
RARRES2	7	150339989	metadata
RASA4	7	102598201	metadata
RASA4B	7	102498876	metadata
RBAK	7	5028469	metadata
RBAKDN	7	5072674	metadata
RBM28	7	128320796	metadata
RBM33	7	155712968	metadata
RBM48	7	92534627	metadata
RCC1L	7	75050675	metadata
RELN	7	103730519	metadata
REPIN1	7	150367624	metadata
RFC2	7	74242978	metadata
RHBDD2	7	75865764	metadata
RHEB	7	151493066	metadata
RINT1	7	105549923	metadata
RNF133	7	122698426	metadata
RNF148	7	122702295	metadata
RNF216	7	5700871	metadata
RNF32	7	156514788	metadata
RP9	7	33102101	metadata
RPA3	7	7677562	metadata
RSBN1L	7	77739740	metadata
RSPH10B	7	5948119	metadata
RSPH10B2	7	6776734	metadata
RUNDC3B	7	87729922	metadata
SAMD9	7	93108768	metadata
SAMD9L	7	93139220	metadata
SAP25	7	100573064	metadata
SBDS	7	66991686	metadata
SCIN	7	12615379	metadata
SCRN1	7	29955196	metadata
SDHAF3	7	97149730	metadata
SDK1	7	3785126	metadata
SEC61G	7	54786935	metadata
SEM1	7	96595753	metadata
SEMA3A	7	84224250	metadata
SEMA3C	7	80832448	metadata
SEMA3D	7	85091304	metadata
SEMA3E	7	83506188	metadata
SEPTIN14	7	55828147	metadata
SEPTIN7	7	35854021	metadata
SERPINE1	7	101133175	metadata
SFRP4	7	37965813	metadata
SGCE	7	94590388	metadata
SH2B2	7	102303401	metadata
SHH	7	155806221	metadata
SKAP2	7	26831153	metadata
SLC12A9	7	100846915	metadata
SLC13A1	7	123156751	metadata
SLC13A4	7	135705244	metadata
SLC25A13	7	96221183	metadata
SLC25A40	7	87854964	metadata
SLC26A3	7	107784346	metadata
SLC26A4	7	107689318	metadata
SLC26A5	7	103399468	metadata
SLC29A4	7	5290640	metadata
SLC35B4	7	134303131	metadata
SLC37A3	7	140349063	metadata
SLC4A2	7	151066868	metadata
SMARCD3	7	151258330	metadata
SMIM10L3	7	6339189	metadata
SMKR1	7	129507724	metadata
SMO	7	129201089	metadata
SMURF1	7	99085774	metadata
SND1	7	127872401	metadata
SNX10	7	26333122	metadata
SNX13	7	17865631	metadata
SNX8	7	2303044	metadata
SOSTDC1	7	16496030	metadata
SP4	7	21471432	metadata
SP8	7	20784582	metadata
SPACDR	7	100460440	metadata
SPAM1	7	123948325	metadata
SPDYE1	7	44004010	metadata
SPDYE2	7	102557382	metadata
SPDYE2B	7	102656472	metadata
SPDYE3	7	100315037	metadata
SPDYE5	7	75498318	metadata
SPDYE6	7	102351095	metadata
SPMIP1	7	128869188	metadata
SPMIP4	7	25157524	metadata
SPMIP7	7	50127569	metadata
SRI	7	88259599	metadata
SRPK2	7	105255006	metadata
SRRM3	7	76244592	metadata
SRRT	7	100881883	metadata
SSBP1	7	141763128	metadata
SSC4D	7	76399515	metadata
SSMEM1	7	130211594	metadata
ST7	7	117091707	metadata
STAG3	7	100195975	metadata
STARD3NL	7	38204457	metadata
STEAP1	7	90159642	metadata
STEAP1B	7	22573528	metadata
STEAP2	7	90047009	metadata
STEAP4	7	88288893	metadata
STK17A	7	43616735	metadata
STK31	7	23771358	metadata
STMP1	7	135677957	metadata
STRA8	7	135245321	metadata
STRIP2	7	129461415	metadata
STX1A	7	73709439	metadata
STYXL1	7	76022171	metadata
SUGCT	7	40497884	metadata
SUMF2	7	56072336	metadata
SUN1	7	856525	metadata
SUN3	7	48008133	metadata
SVOPL	7	138647823	metadata
SYPL1	7	106101547	metadata
TAC1	7	97736278	metadata
TAF6	7	100113358	metadata
TARP	7	38266639	metadata
TAS2R16	7	122995202	metadata
TAS2R3	7	141764647	metadata
TAS2R38	7	141973202	metadata
TAS2R39	7	143183927	metadata
TAS2R4	7	141779182	metadata
TAS2R40	7	143222558	metadata
TAS2R41	7	143478334	metadata
TAS2R5	7	141790792	metadata
TAS2R60	7	143443931	metadata
TAX1BP1	7	27791947	metadata
TBL2	7	73573164	metadata
TBRG4	7	45106073	metadata
TBX20	7	35228265	metadata
TBXAS1	7	139898688	metadata
TCAF1	7	143876786	metadata
TCAF2	7	143675681	metadata
TECPR1	7	98233428	metadata
TES	7	116234644	metadata
TEX47	7	88794921	metadata
TFEC	7	116047522	metadata
TFPI2	7	93888074	metadata
TFR2	7	100631597	metadata
THAP5	7	108562146	metadata
THSD7A	7	11601281	metadata
TMED4	7	44579339	metadata
TMEM106B	7	12227318	metadata
TMEM120A	7	75990743	metadata
TMEM130	7	98858629	metadata
TMEM139	7	143271630	metadata
TMEM140	7	135157143	metadata
TMEM168	7	112776400	metadata
TMEM176A	7	150802760	metadata
TMEM176B	7	150796322	metadata
TMEM178B	7	141277222	metadata
TMEM184A	7	1551528	metadata
TMEM196	7	19746466	metadata
TMEM209	7	130186241	metadata
TMEM213	7	138818026	metadata
TMEM225B	7	99604656	metadata
TMEM229A	7	124031994	metadata
TMEM243	7	87208373	metadata
TMEM248	7	66939888	metadata
TMEM270	7	73863524	metadata
TMEM60	7	77796081	metadata
TMUB1	7	151082289	metadata
TNPO3	7	129004676	metadata
TNRC18	7	5366102	metadata
TNS3	7	47428856	metadata
TOMM7	7	22817738	metadata
TPK1	7	144644168	metadata
TPST1	7	66312930	metadata
TRA2A	7	23518410	metadata
TRAPPC14	7	100156571	metadata
TRIL	7	28955844	metadata
TRIM24	7	138525127	metadata
TRIM4	7	99898244	metadata
TRIM50	7	73320309	metadata
TRIM56	7	101091724	metadata
TRIM73	7	75403029	metadata
TRIM74	7	72964475	metadata
TRIP6	7	100870420	metadata
TRPV5	7	142920923	metadata
TRPV6	7	142878476	metadata
TRRAP	7	98964382	metadata
TSC22D4	7	100471295	metadata
TSGA13	7	130678037	metadata
TSPAN12	7	120822861	metadata
TSPAN13	7	16769145	metadata
TSPAN33	7	129157203	metadata
TTYH3	7	2648381	metadata
TWIST1	7	19069313	metadata
TYW1	7	67117343	metadata
TYW1B	7	72693472	metadata
UBE2D4	7	43941286	metadata
UBE3C	7	157204148	metadata
UBN2	7	139269296	metadata
UFSP1	7	100889218	metadata
UNCX	7	1235099	metadata
UPK3B	7	76513523	metadata
UPK3BL2	7	102540807	metadata
UPP1	7	48098682	metadata
URGCP	7	43901152	metadata
USP42	7	6133256	metadata
VGF	7	101164039	metadata
VIPR2	7	159086521	metadata
VKORC1L1	7	65916318	metadata
VOPP1	7	55504522	metadata
VPS37D	7	73669971	metadata
VPS41	7	38827684	metadata
VPS50	7	93296731	metadata
VSTM2A	7	54556702	metadata
VWC2	7	49847794	metadata
VWDE	7	12367413	metadata
WASL	7	123715473	metadata
WDR86	7	151393318	metadata
WDR91	7	135197697	metadata
WEE2	7	141721174	metadata
WIPF3	7	29861773	metadata
WIPI2	7	5212018	metadata
WNT16	7	121333235	metadata
WNT2	7	117299301	metadata
XRCC2	7	152660484	metadata
YAE1	7	39491275	metadata
YKT6	7	44207626	metadata
YWHAG	7	76342895	metadata
ZAN	7	100765696	metadata
ZC3HAV1	7	139087818	metadata
ZC3HAV1L	7	139030874	metadata
ZC3HC1	7	130034844	metadata
ZCWPW1	7	100414909	metadata
ZDHHC4	7	6583404	metadata
ZFAND2A	7	1156331	metadata
ZKSCAN1	7	100028630	metadata
ZKSCAN5	7	99519681	metadata
ZMIZ2	7	44759231	metadata
ZNF107	7	64688838	metadata
ZNF117	7	64988675	metadata
ZNF12	7	6697690	metadata
ZNF138	7	64814034	metadata
ZNF212	7	149247628	metadata
ZNF273	7	64900576	metadata
ZNF277	7	112275314	metadata
ZNF282	7	149210894	metadata
ZNF3	7	100073290	metadata
ZNF316	7	6647798	metadata
ZNF394	7	99489367	metadata
ZNF398	7	149154729	metadata
ZNF425	7	149114554	metadata
ZNF467	7	149768885	metadata
ZNF479	7	57128770	metadata
ZNF655	7	99567429	metadata
ZNF679	7	64247702	metadata
ZNF680	7	64541476	metadata
ZNF713	7	55914993	metadata
ZNF716	7	57461868	metadata
ZNF727	7	64079992	metadata
ZNF735	7	64213746	metadata
ZNF736	7	64332046	metadata
ZNF746	7	149485256	metadata
ZNF775	7	150383710	metadata
ZNF777	7	149446212	metadata
ZNF783	7	149279736	metadata
ZNF786	7	149080211	metadata
ZNF789	7	99488270	metadata
ZNF800	7	127389357	metadata
ZNF804B	7	89049114	metadata
ZNF853	7	6619950	metadata
ZNF862	7	149852927	metadata
ZNF92	7	65387467	metadata
ZNHIT1	7	101221177	metadata
ZNRF2	7	30326143	metadata
ZP3	7	76419794	metadata
ZPBP	7	49985875	metadata
ZSCAN21	7	100057407	metadata
ZSCAN25	7	99624677	metadata
ZYX	7	143386203	metadata
AARD	8	116941347	metadata
ABRA	8	106764863	metadata
ADAM18	8	39657277	metadata
ADAM2	8	39790981	metadata
ADAM28	8	24326541	metadata
ADAM32	8	39195953	metadata
ADAM7	8	24540537	metadata
ADAM9	8	39051099	metadata
ADAMDEC1	8	24395149	metadata
ADCK5	8	144383171	metadata
ADCY8	8	130910605	metadata
ADGRA2	8	37814543	metadata
ADGRB1	8	142497219	metadata
ADHFE1	8	66450699	metadata
ADRA1A	8	26807714	metadata
ADRB3	8	37964794	metadata
AGO2	8	140577894	metadata
AGPAT5	8	6735072	metadata
ALKAL1	8	52549733	metadata
ANGPT1	8	107373768	metadata
ANGPT2	8	6531520	metadata
ANK1	8	41774980	metadata
ANKRD46	8	100534768	metadata
ANXA13	8	123709098	metadata
AP3M2	8	42162309	metadata
ARC	8	142612764	metadata
ARFGEF1	8	67258646	metadata
ARHGAP39	8	144607512	metadata
ARHGEF10	8	1891283	metadata
ARMC1	8	65618337	metadata
ASAH1	8	18105820	metadata
ASAP1	8	130247889	metadata
ASH2L	8	38124784	metadata
ASPH	8	61607598	metadata
ATAD2	8	123368100	metadata
ATP6V0D2	8	86070774	metadata
ATP6V1B2	8	20213890	metadata
ATP6V1C1	8	103047057	metadata
ATP6V1H	8	53779550	metadata
AZIN1	8	102859987	metadata
BAALC	8	103262402	metadata
BAG4	8	38194917	metadata
BHLHE22	8	64578207	metadata
BIN3	8	22644783	metadata
BLK	8	11525746	metadata
BMP1	8	22188733	metadata
BNIP3L	8	26444345	metadata
BOP1	8	144276741	metadata
BPNT2	8	56975899	metadata
BRF2	8	37846564	metadata
C8orf33	8	145059575	metadata
C8orf34	8	68574989	metadata
C8orf48	8	13567578	metadata
C8orf58	8	22601874	metadata
C8orf74	8	10686609	metadata
C8orf76	8	123230672	metadata
C8orf82	8	144527432	metadata
C8orf88	8	90971854	metadata
C8orf89	8	73250430	metadata
CA1	8	85353311	metadata
CA13	8	85252330	metadata
CA2	8	85472730	metadata
CA3	8	85411238	metadata
CA8	8	60233406	metadata
CALB1	8	90077041	metadata
CCAR2	8	22612860	metadata
CCDC166	8	143707401	metadata
CCDC25	8	27752984	metadata
CCN3	8	119420440	metadata
CCN4	8	133211364	metadata
CCNE2	8	94888224	metadata
CDCA2	8	25483555	metadata
CDH17	8	94172232	metadata
CEBPD	8	47737538	metadata
CFAP418	8	95507855	metadata
CHCHD7	8	56215247	metadata
CHD7	8	60773384	metadata
CHMP4C	8	81745981	metadata
CHMP7	8	23252818	metadata
CHRAC1	8	140514232	metadata
CHRNA2	8	27469819	metadata
CHRNA6	8	42774506	metadata
CHRNB3	8	42717386	metadata
CIBAR1	8	93456700	metadata
CLDN23	8	8703016	metadata
CLN8	8	1778744	metadata
CLU	8	27605808	metadata
CLVS1	8	61279401	metadata
CLXN	8	48723050	metadata
CNBD1	8	87240817	metadata
CNGB3	8	86648826	metadata
CNOT7	8	17235922	metadata
COL14A1	8	120216676	metadata
COL22A1	8	138751138	metadata
COLEC10	8	119051953	metadata
COMMD5	8	144847389	metadata
COPS5	8	67063431	metadata
COX6C	8	99883453	metadata
CPA6	8	67584208	metadata
CPNE3	8	86537966	metadata
CPQ	8	96897448	metadata
CPSF1	8	144401282	metadata
CRH	8	66177420	metadata
CRISPLD1	8	75009531	metadata
CSGALNACT1	8	19581095	metadata
CSMD1	8	3965162	metadata
CSMD3	8	112829933	metadata
CSPP1	8	67129597	metadata
CTHRC1	8	103377263	metadata
CTSB	8	11856028	metadata
CYC1	8	144096282	metadata
CYP11B1	8	142876101	metadata
CYP11B2	8	142914201	metadata
CYP7A1	8	58495170	metadata
CYP7B1	8	64693250	metadata
CYRIB	8	129928548	metadata
DCAF13	8	103429083	metadata
DCAF4L2	8	87872381	metadata
DCSTAMP	8	104347888	metadata
DCTN6	8	30169979	metadata
DDHD2	8	38250388	metadata
DECR1	8	90027519	metadata
DEFA3	8	7017083	metadata
DEFA4	8	6937063	metadata
DEFA5	8	7056021	metadata
DEFA6	8	6925386	metadata
DEFB1	8	6874264	metadata
DEFB104A	8	7838839	metadata
DEFB105A	8	7822442	metadata
DEFB106A	8	7827096	metadata
DEFB106B	8	7484452	metadata
DEFB107B	8	7502611	metadata
DEFB134	8	11996963	metadata
DEFB135	8	11983423	metadata
DEFB136	8	11974268	metadata
DENND3	8	141156543	metadata
DEPTOR	8	119962317	metadata
DERL1	8	123027736	metadata
DGAT1	8	144320747	metadata
DKK4	8	42375646	metadata
DLC1	8	13343985	metadata
DLGAP2	8	1223052	metadata
DMTN	8	22065761	metadata
DNAAF11	8	132623004	metadata
DNAJC5B	8	66061399	metadata
DOCK5	8	25301385	metadata
DOK2	8	21911281	metadata
DPY19L4	8	94756769	metadata
DPYS	8	104398689	metadata
DPYSL2	8	26586104	metadata
DSCC1	8	119844935	metadata
DUSP26	8	33595676	metadata
DUSP4	8	29341874	metadata
E2F5	8	85132698	metadata
EBAG9	8	109554891	metadata
EBF2	8	25943569	metadata
EEF1D	8	143589619	metadata
EFR3A	8	131958867	metadata
EGR3	8	22690569	metadata
EIF3E	8	108303141	metadata
EIF3H	8	116704527	metadata
EIF4EBP1	8	38045449	metadata
ELP3	8	28140414	metadata
EMC2	8	108466398	metadata
ENPP2	8	119615269	metadata
ENTPD4	8	23421739	metadata
EPHX2	8	27518172	metadata
EPPK1	8	143867895	metadata
ERI1	8	9059446	metadata
ERICH1	8	676426	metadata
ERICH5	8	98079066	metadata
ERLIN2	8	37747511	metadata
ESCO2	8	27792294	metadata
ESRP1	8	94674270	metadata
EXOSC4	8	144079648	metadata
EXT1	8	117953158	metadata
EXTL3	8	28678515	metadata
EYA1	8	71394729	metadata
FABP12	8	81557560	metadata
FABP4	8	81480827	metadata
FABP5	8	81282656	metadata
FABP9	8	81459916	metadata
FAM110B	8	58099401	metadata
FAM135B	8	138313642	metadata
FAM167A	8	11403530	metadata
FAM83A	8	123194519	metadata
FAM83H	8	143731083	metadata
FAM86B1	8	12188114	metadata
FAM86B2	8	12430408	metadata
FAM91A1	8	123791945	metadata
FBXL6	8	144357403	metadata
FBXO16	8	28419282	metadata
FBXO25	8	442197	metadata
FBXO32	8	123519547	metadata
FBXO43	8	100139584	metadata
FDFT1	8	11817484	metadata
FER1L6	8	123986024	metadata
FGF17	8	22045603	metadata
FGF20	8	16997263	metadata
FGFR1	8	38434524	metadata
FGL1	8	17887372	metadata
FHIP2B	8	22097030	metadata
FNTA	8	43059991	metadata
FOXH1	8	144474630	metadata
FSBP	8	94407664	metadata
FUT10	8	33421985	metadata
FZD3	8	28534236	metadata
FZD6	8	103315649	metadata
GATA4	8	11718480	metadata
GDAP1	8	74419310	metadata
GDF6	8	96151569	metadata
GEM	8	94255801	metadata
GFRA2	8	21751377	metadata
GFUS	8	143615333	metadata
GGH	8	63027144	metadata
GINS4	8	41537124	metadata
GLI4	8	143272182	metadata
GML	8	142875376	metadata
GNRH1	8	25421956	metadata
GOLGA7	8	41499647	metadata
GOT1L1	8	37937202	metadata
GPAA1	8	144087743	metadata
GPAT4	8	41544007	metadata
GPIHBP1	8	143215194	metadata
GPR20	8	141361878	metadata
GPT	8	144505073	metadata
GRHL2	8	101581082	metadata
GRINA	8	143991735	metadata
GSDMC	8	129767410	metadata
GSDMD	8	143558134	metadata
GSR	8	30702956	metadata
GTF2E2	8	30618277	metadata
HAS2	8	121816739	metadata
HEY1	8	79765114	metadata
HGH1	8	144139312	metadata
HGSNAT	8	43171659	metadata
HHLA1	8	132086319	metadata
HMBOX1	8	28977579	metadata
HNF4G	8	75487374	metadata
HOOK3	8	42963740	metadata
HR	8	22123901	metadata
HSF1	8	144303155	metadata
HTRA4	8	38981445	metadata
IDO1	8	39915532	metadata
IDO2	8	39975503	metadata
IKBKB	8	42301881	metadata
IL7	8	78740633	metadata
IMPA1	8	81671622	metadata
INTS10	8	19834737	metadata
INTS8	8	94847528	metadata
INTS9	8	28828951	metadata
IQANK1	8	143762392	metadata
JPH1	8	74278120	metadata
JRK	8	142669714	metadata
KAT6A	8	41990736	metadata
KBTBD11	8	1861257	metadata
KCNB2	8	72737787	metadata
KCNK9	8	139652473	metadata
KCNQ3	8	132300978	metadata
KCNS2	8	98429905	metadata
KCNU1	8	36860224	metadata
KCNV1	8	109969703	metadata
KCTD9	8	25443161	metadata
KHDRBS3	8	135557089	metadata
KIF13B	8	29165201	metadata
KIFC2	8	144470122	metadata
KLF10	8	102652254	metadata
KLHL38	8	123649121	metadata
LACTB2	8	70635886	metadata
LAPTM4B	8	97814035	metadata
LEPROTL1	8	30136308	metadata
LETM2	8	38397867	metadata
LGI3	8	22151957	metadata
LONRF1	8	12738989	metadata
LOXL2	8	23361112	metadata
LPL	8	19934488	metadata
LRATD2	8	126555460	metadata
LRP12	8	104539244	metadata
LRRC14	8	144521582	metadata
LRRC24	8	144524710	metadata
LRRC69	8	91160544	metadata
LRRCC1	8	85126647	metadata
LSM1	8	38170032	metadata
LY6D	8	142785710	metadata
LY6E	8	143000166	metadata
LY6H	8	143159312	metadata
LY6K	8	142702619	metadata
LY6L	8	143082058	metadata
LY6S	8	143049946	metadata
LY96	8	74010235	metadata
LYN	8	55947002	metadata
LYNX1	8	142771279	metadata
LYPD2	8	142751341	metadata
LYPLA1	8	54074192	metadata
LZTS1	8	20275064	metadata
MAF1	8	144106015	metadata
MAFA	8	143424957	metadata
MAK16	8	33493222	metadata
MAL2	8	119205353	metadata
MAPK15	8	143719399	metadata
MATN2	8	97952782	metadata
MBOAT4	8	30138168	metadata
MCM4	8	47969172	metadata
MCMDC2	8	66896398	metadata
MCPH1	8	6527550	metadata
MED30	8	117530487	metadata
MFHAS1	8	8838492	metadata
MFSD3	8	144510141	metadata
MICU3	8	17074940	metadata
MMP16	8	88180018	metadata
MOS	8	56113462	metadata
MROH1	8	144204971	metadata
MROH6	8	143569482	metadata
MRPL13	8	120413081	metadata
MRPL15	8	54141877	metadata
MRPS28	8	79974503	metadata
MSC	8	71973280	metadata
MSR1	8	16337684	metadata
MSRA	8	10241591	metadata
MTBP	8	120493766	metadata
MTDH	8	97687222	metadata
MTERF3	8	96250504	metadata
MTFR1	8	65707997	metadata
MTMR7	8	17355161	metadata
MTMR9	8	11306481	metadata
MTSS1	8	124639628	metadata
MTUS1	8	17722444	metadata
MYBL1	8	66588211	metadata
MYC	8	127739192	metadata
MYOM2	8	2105299	metadata
NAPRT	8	143576717	metadata
NAT1	8	18197083	metadata
NAT2	8	18396250	metadata
NBN	8	89963871	metadata
NCALD	8	101905724	metadata
NCOA2	8	70256795	metadata
NDRG1	8	133269598	metadata
NDUFAF6	8	95005994	metadata
NDUFB9	8	124559874	metadata
NECAB1	8	90875567	metadata
NEFL	8	24953838	metadata
NEFM	8	24916428	metadata
NEIL2	8	11778492	metadata
NIPAL2	8	98242109	metadata
NKAIN3	8	62631295	metadata
NKX2-6	8	23704527	masks
NKX3-1	8	23682042	masks
NKX6-3	8	41648460	masks
NPBWR1	8	52941458	metadata
NPM2	8	22030511	metadata
NRBP2	8	143837278	metadata
NRG1	8	32247444	metadata
NSD3	8	38325988	metadata
NSMAF	8	58621678	metadata
NSMCE2	8	125229402	metadata
NTAQ1	8	123443377	metadata
NUDCD1	8	109287520	metadata
NUDT18	8	22107583	metadata
NUGGC	8	28052950	metadata
OC90	8	132041799	metadata
ODF1	8	102556303	metadata
OPLAH	8	144057615	metadata
OPRK1	8	53238680	metadata
OR4F21	8	166555	metadata
OSGIN2	8	89914868	metadata
OSR2	8	98948253	metadata
OTUD6B	8	91078645	metadata
OXR1	8	106511419	metadata
PABPC1	8	100704312	metadata
PAG1	8	81039939	metadata
PARP10	8	143994962	metadata
PBK	8	27823853	metadata
PCM1	8	17976395	metadata
PCMTD1	8	51961101	metadata
PDE7A	8	65778328	metadata
PDGFRL	8	17610252	metadata
PDLIM2	8	22588152	metadata
PDP1	8	93891937	metadata
PEBP4	8	22856625	metadata
PENK	8	56501160	metadata
PEX2	8	76990651	metadata
PHF20L1	8	132812082	metadata
PHYHIP	8	22225902	metadata
PI15	8	74839781	metadata
PINX1	8	10782623	metadata
PIP4P2	8	91017337	metadata
PIWIL2	8	22316442	metadata
PKHD1L1	8	109449834	metadata
PKIA	8	78363070	metadata
PLAG1	8	56186116	metadata
PLAT	8	42191213	metadata
PLEC	8	143945943	metadata
PLEKHA2	8	38937573	metadata
PLEKHF2	8	95136170	metadata
PLPBP	8	37771181	metadata
PLPP5	8	38266186	metadata
PMP2	8	81443882	metadata
PNMA2	8	26509396	metadata
PNOC	8	28330170	metadata
POLB	8	42355131	metadata
POLR2K	8	100152313	metadata
POLR3D	8	22249867	metadata
POMK	8	43112339	metadata
POP1	8	98138564	metadata
POU5F1B	8	127371124	metadata
PPDPFL	8	49065202	metadata
PPP1R16A	8	144490045	metadata
PPP1R3B	8	9289192	metadata
PPP1R42	8	67010351	metadata
PPP2CB	8	30794385	metadata
PPP2R2A	8	26332094	metadata
PPP3CC	8	22490980	metadata
PRAG1	8	8352087	metadata
PRDM14	8	70061672	metadata
PREX2	8	68094539	metadata
PRKDC	8	47866644	metadata
PRSS55	8	10539849	metadata
PSCA	8	142676516	metadata
PSD3	8	18806016	metadata
PSKH2	8	86067865	metadata
PTDSS1	8	96299448	metadata
PTK2	8	140830058	metadata
PTK2B	8	27385436	metadata
PTP4A3	8	141412224	metadata
PUF60	8	143823526	metadata
PURG	8	31014758	metadata
PXDNL	8	51564511	metadata
PYCR3	8	143606491	metadata
R3HCC1	8	23283199	metadata
RAB11FIP1	8	37879057	metadata
RAB2A	8	60570290	metadata
RAD21	8	116860355	metadata
RAD54B	8	94423537	metadata
RALYL	8	84552315	metadata
RB1CC1	8	52684150	metadata
RBIS	8	85217234	metadata
RBM12B	8	93734586	metadata
RBPMS	8	30478383	metadata
RDH10	8	73334157	metadata
RECQL4	8	144514566	metadata
REEP4	8	22139985	metadata
RGS20	8	53905549	metadata
RGS22	8	100046102	metadata
RHOBTB2	8	23003963	metadata
RHPN1	8	143376548	metadata
RIDA	8	98109757	metadata
RIMS2	8	103877520	metadata
RIPK2	8	89774435	metadata
RMDN1	8	86491307	metadata
RNF122	8	33557441	metadata
RNF139	8	124481742	metadata
RNF170	8	42873463	metadata
RNF19A	8	100296639	metadata
RP1	8	54690571	metadata
RP1L1	8	10659268	metadata
RPL30	8	98035660	metadata
RPL7	8	73293015	metadata
RPL8	8	144791176	metadata
RPS20	8	56070882	metadata
RRM2B	8	102221731	metadata
RRS1	8	66321099	metadata
RSPO2	8	107991479	metadata
RUNX1T1	8	92029178	metadata
SAMD12	8	118405783	metadata
SARAF	8	30073105	metadata
SBSPON	8	73094315	metadata
SCARA3	8	27655322	metadata
SCARA5	8	27931278	metadata
SCRIB	8	143803346	metadata
SCRT1	8	144333523	metadata
SCX	8	144267467	metadata
SDC2	8	96552801	metadata
SDCBP	8	58567891	metadata
SDR16C5	8	56310390	metadata
SFRP1	8	41285717	metadata
SFTPC	8	22160696	metadata
SGCZ	8	14661638	metadata
SGK3	8	66787378	metadata
SH2D4A	8	19354955	metadata
SHARPIN	8	144103378	metadata
SLA	8	133069820	metadata
SLC10A5	8	81694344	metadata
SLC18A1	8	20164030	metadata
SLC20A2	8	42479200	metadata
SLC25A32	8	103406912	metadata
SLC25A37	8	23552209	metadata
SLC26A7	8	91303824	metadata
SLC30A8	8	117063493	metadata
SLC35G5	8	11331686	metadata
SLC39A14	8	22400703	metadata
SLC39A4	8	144413293	metadata
SLC45A4	8	141257735	metadata
SLC52A2	8	144347621	metadata
SLC7A13	8	86267604	metadata
SLC7A2	8	17533830	metadata
SLCO5A1	8	69751012	metadata
SLURP1	8	142741677	metadata
SLURP2	8	142767083	metadata
SMIM18	8	30642322	metadata
SMIM19	8	42548175	metadata
SNAI2	8	48919669	metadata
SNTB1	8	120674509	metadata
SNTG1	8	50353240	metadata
SNX16	8	81821223	metadata
SNX31	8	100618152	metadata
SORBS3	8	22560387	metadata
SOX17	8	54459413	metadata
SOX7	8	10727139	metadata
SPAG1	8	100208592	metadata
SPAG11A	8	7858371	metadata
SPAG11B	8	7453179	metadata
SPATC1	8	144029697	metadata
SPIDR	8	47498592	metadata
SQLE	8	125010390	metadata
ST18	8	52285898	metadata
ST3GAL1	8	133513387	metadata
STAR	8	38146846	metadata
STAU2	8	73584038	metadata
STC1	8	23848367	metadata
STK3	8	98657027	metadata
STMN2	8	79638637	metadata
STMN4	8	27246864	metadata
SULF1	8	69563769	metadata
SYBU	8	109632884	metadata
TACC1	8	38790607	metadata
TAF2	8	119781818	metadata
TATDN1	8	124513971	metadata
TBC1D31	8	123097060	metadata
TCEA1	8	53994500	metadata
TCF24	8	66954546	metadata
TCIM	8	40154396	metadata
TDRP	8	517792	metadata
TERF1	8	73028489	metadata
TEX15	8	30872276	metadata
TG	8	133000930	metadata
TGS1	8	55799945	metadata
THAP1	8	42839999	metadata
THEM6	8	142732075	metadata
TIGD5	8	143600527	metadata
TM2D2	8	38992816	metadata
TMEM249	8	144353586	metadata
TMEM276	8	144457506	metadata
TMEM276-ZFTRAF1	8	144458657	masks
TMEM64	8	90706813	metadata
TMEM65	8	124339445	metadata
TMEM67	8	93787039	metadata
TMEM68	8	55734915	metadata
TMEM70	8	73977610	metadata
TMEM71	8	132722859	metadata
TMEM74	8	108697222	metadata
TNFRSF10A	8	23207777	metadata
TNFRSF10B	8	23044582	metadata
TNFRSF10C	8	23110183	metadata
TNFRSF10D	8	23149807	metadata
TNFRSF11B	8	118937721	metadata
TNKS	8	9669129	metadata
TONSL	8	144436607	metadata
TOP1MT	8	143332181	metadata
TOX	8	58962279	metadata
TP53INP1	8	94937675	metadata
TPD52	8	80132988	metadata
TRAM1	8	70590817	metadata
TRAPPC9	8	140093152	metadata
TRHR	8	109104075	metadata
TRIB1	8	125434380	metadata
TRIM35	8	27298079	metadata
TRIM55	8	66151190	metadata
TRIQK	8	92950602	metadata
TRMT12	8	124456485	metadata
TRMT9B	8	12988572	metadata
TRPA1	8	72047750	metadata
TRPS1	8	115609084	metadata
TSNARE1	8	142307631	metadata
TSPYL5	8	97275708	metadata
TTI2	8	33493285	metadata
TTPA	8	63067303	metadata
TUSC3	8	15591932	metadata
UBE2V2	8	48036561	metadata
UBE2W	8	73829503	metadata
UBR5	8	102332516	metadata
UBXN2B	8	58431430	metadata
UBXN8	8	30748068	metadata
UNC5D	8	35516012	metadata
UQCRB	8	96229246	metadata
USP17L2	8	12137642	metadata
UTP23	8	116807984	metadata
VCPIP1	8	66647859	metadata
VDAC3	8	42398780	metadata
VIRMA	8	94520609	metadata
VPS13B	8	99445423	metadata
VPS28	8	144426082	metadata
VPS37A	8	17274679	metadata
VXN	8	66505425	metadata
WASHC5	8	125058039	metadata
WRN	8	31104963	metadata
WWP1	8	86410483	metadata
XKR4	8	55322041	metadata
XKR5	8	6822020	metadata
XKR6	8	11048939	metadata
XKR9	8	70729855	metadata
XPO7	8	21963123	metadata
YTHDF3	8	63190669	metadata
YWHAZ	8	100934955	metadata
ZBTB10	8	80505942	metadata
ZC2HC1A	8	78692907	metadata
ZC3H3	8	143489553	metadata
ZDHHC2	8	17190640	metadata
ZFAND1	8	81717118	metadata
ZFAT	8	134595418	metadata
ZFHX4	8	76591444	metadata
ZFP41	8	143254763	metadata
ZFPM2	8	105197636	metadata
ZFTRAF1	8	144456226	metadata
ZHX1	8	123250236	metadata
ZHX2	8	122878082	metadata
ZMAT4	8	40714211	metadata
ZNF16	8	144940623	metadata
ZNF250	8	144889332	metadata
ZNF251	8	144738662	metadata
ZNF34	8	144779786	metadata
ZNF395	8	28374145	metadata
ZNF517	8	144805022	metadata
ZNF572	8	124976342	metadata
ZNF596	8	248420	metadata
ZNF623	8	143646218	metadata
ZNF696	8	143294814	metadata
ZNF7	8	144837513	metadata
ZNF703	8	37697900	metadata
ZNF704	8	80751616	metadata
ZNF705B	8	7939375	metadata
ZNF705D	8	12102427	metadata
ZNF705G	8	7370537	metadata
ZNF706	8	101192035	metadata
ZNF707	8	143699175	metadata
ABCA1	9	104854580	metadata
ABCA2	9	137018074	metadata
ABHD17B	9	71886822	metadata
ABITRAM	9	108942572	metadata
ABL1	9	130800359	metadata
ABO	9	133254651	metadata
ACER2	9	19430757	metadata
ACO1	9	32419686	metadata
ACTL7A	9	108863011	metadata
ACTL7B	9	108855287	metadata
ADAMTS13	9	133436880	metadata
ADAMTSL1	9	18408756	metadata
ADAMTSL2	9	133553841	metadata
AGPAT2	9	136680300	metadata
AGTPBP1	9	85644284	metadata
AIF1L	9	131109814	metadata
AJM1	9	136845639	metadata
AK1	9	127872080	metadata
AK3	9	4725799	metadata
AK8	9	132802177	metadata
AKNA	9	114364280	metadata
ALAD	9	113393801	metadata
ALDH1A1	9	72990556	metadata
ALDH1B1	9	38395681	metadata
ALDOB	9	101435112	metadata
ALG2	9	99219183	metadata
AMBP	9	114069227	metadata
ANAPC2	9	137181672	metadata
ANGPTL2	9	127104991	metadata
ANKRD18A	9	38580581	metadata
ANKRD18B	9	33566549	metadata
ANKRD20A1	9	67876658	metadata
ANKS6	9	98764147	metadata
ANP32B	9	97999642	metadata
ANXA1	9	73161247	metadata
AOPEP	9	94939198	metadata
APBA1	9	69549951	metadata
APTX	9	32955865	metadata
AQP3	9	33444376	metadata
AQP7	9	33392930	metadata
ARHGEF39	9	35667370	metadata
ARID3C	9	34625057	metadata
ARPC5L	9	124869931	metadata
ARRDC1	9	137610522	metadata
ASB6	9	129638386	metadata
ASPN	9	92469355	metadata
ASS1	9	130473117	metadata
ASTN2	9	116919091	metadata
ATOSB	9	35110226	metadata
ATP6V1G1	9	114593310	metadata
AUH	9	91287866	metadata
B4GALT1	9	33133914	metadata
BAAT	9	101369791	metadata
BAG1	9	33256270	metadata
BARHL1	9	132586429	metadata
BARX1	9	93974134	metadata
BBLN	9	128162094	metadata
BICD2	9	92738098	metadata
BNC2	9	16640173	metadata
BRD10	9	5945039	metadata
BRD3	9	134049420	metadata
BRINP1	9	119261446	metadata
BSPRY	9	113360387	metadata
C5	9	121004091	metadata
C8G	9	136946080	metadata
C9orf152	9	110199103	metadata
C9orf153	9	86239961	metadata
C9orf40	9	74949747	metadata
C9orf43	9	113419872	metadata
C9orf50	9	129616663	metadata
C9orf57	9	72062048	metadata
C9orf72	9	27554753	metadata
C9orf78	9	129831576	metadata
C9orf85	9	71948782	metadata
CA9	9	35677543	metadata
CAAP1	9	26866744	metadata
CACFD1	9	133465406	metadata
CACNA1B	9	138001203	metadata
CAMSAP1	9	135858016	metadata
CARD19	9	93104750	metadata
CARD9	9	136368818	metadata
CARNMT1	9	75004606	metadata
CAVIN4	9	100583234	metadata
CCDC107	9	35659900	metadata
CCDC171	9	15807353	metadata
CCDC180	9	97343027	metadata
CCDC183	9	136802039	metadata
CCDC187	9	136278437	metadata
CCIN	9	36170361	metadata
CCL21	9	34709570	metadata
CCL27	9	34662964	metadata
CD274	9	5460534	metadata
CD72	9	35628396	metadata
CDC14B	9	96555042	metadata
CDC26	9	113265703	metadata
CDC37L1	9	4693979	metadata
CDK20	9	87970597	metadata
CDK5RAP2	9	120484522	metadata
CDK9	9	127788235	metadata
CDKN2A	9	21981526	metadata
CDKN2B	9	22103517	metadata
CEL	9	133066921	metadata
CEMIP2	9	71750028	metadata
CENPP	9	92473241	metadata
CEP78	9	78257876	metadata
CER1	9	14721228	metadata
CERCAM	9	128424551	metadata
CFAP157	9	127711495	metadata
CFAP77	9	132491681	metadata
CFAP95	9	69863522	metadata
CHMP5	9	33273474	metadata
CIMIP2A	9	137245677	metadata
CIMIP2B	9	35562865	metadata
CIZ1	9	128182817	metadata
CKS2	9	89313949	metadata
CLIC3	9	136995588	metadata
CLTA	9	36247818	metadata
CNTFR	9	34570786	metadata
CNTLN	9	17319452	metadata
CNTNAP3	9	39176512	metadata
CNTNAP3B	9	42009912	metadata
CNTRL	9	121126194	metadata
COL15A1	9	99006983	metadata
COL27A1	9	114234024	metadata
COL5A1	9	134743323	metadata
COQ4	9	128328308	metadata
CORO2A	9	98156806	metadata
CRAT	9	129102665	metadata
CRB2	9	123368247	metadata
CREB3	9	35734798	metadata
CTNNAL1	9	108978045	metadata
CTSL	9	87727760	metadata
CTSV	9	97093116	metadata
CYLC2	9	103006899	metadata
CYSRT1	9	137225744	metadata
DAB2IP	9	121676293	metadata
DAPK1	9	87602931	metadata
DBH	9	133647846	metadata
DCAF10	9	37834110	metadata
DCAF12	9	34106893	metadata
DDX31	9	132631699	metadata
DENND1A	9	123654903	metadata
DENND4C	9	19302358	metadata
DIPK1B	9	136718657	metadata
DMAC1	9	7842440	metadata
DMRT1	9	905390	metadata
DMRT2	9	1053705	metadata
DMRT3	9	984193	metadata
DMRTA1	9	22451282	metadata
DNAI1	9	34489201	metadata
DNAJA1	9	33032590	metadata
DNAJB5	9	34990984	metadata
DNAJC25	9	111650807	metadata
DNLZ	9	136361612	metadata
DNM1	9	128223451	metadata
DOCK8	9	340056	metadata
DOLK	9	128946566	metadata
DOLPP1	9	129085774	metadata
DPH7	9	137566684	metadata
DPM2	9	127936476	metadata
DPP7	9	137114425	metadata
DYNC2I2	9	128645250	metadata
ECM2	9	92515104	metadata
ECPAS	9	111422715	metadata
EDF1	9	136864213	metadata
EEIG1	9	127960785	metadata
EGFL7	9	136665767	metadata
EHMT1	9	137744504	metadata
ELAVL2	9	23758220	metadata
ELP1	9	108900613	metadata
ENDOG	9	128820588	metadata
ENG	9	127832951	metadata
ENTPD2	9	137051084	metadata
ENTPD8	9	137438090	metadata
ENTR1	9	136406268	metadata
ENTREP1	9	69358562	metadata
EPB41L4B	9	109246516	metadata
EQTN	9	27290902	metadata
ERCC6L2	9	95996209	metadata
ERMP1	9	5814684	metadata
ERP44	9	100039118	metadata
EXD3	9	137365053	metadata
EXOSC2	9	130700504	metadata
EXOSC3	9	37795675	metadata
FAM120A	9	93508898	metadata
FAM120AOS	9	93442511	metadata
FAM163B	9	133593235	metadata
FAM219A	9	34428377	metadata
FAM221B	9	35822569	metadata
FAM78A	9	131267720	metadata
FANCC	9	95262925	metadata
FANCG	9	35076919	metadata
FBP1	9	94621691	metadata
FBP2	9	94576272	metadata
FBXO10	9	37543636	metadata
FBXW2	9	120772697	metadata
FBXW5	9	136942586	metadata
FCN1	9	134910572	metadata
FCN2	9	134884166	metadata
FGD3	9	92991879	metadata
FIBCD1	9	130920862	metadata
FKBP15	9	113191232	metadata
FKTN	9	105605971	metadata
FNBP1	9	129965188	metadata
FOCAD	9	20827132	metadata
FOXB2	9	77020304	metadata
FOXD4	9	117324	metadata
FOXD4L3	9	68303975	metadata
FOXD4L4	9	65737771	metadata
FOXD4L5	9	65283655	metadata
FOXD4L6	9	41127558	metadata
FOXE1	9	97854971	metadata
FPGS	9	127804545	metadata
FREM1	9	14824073	metadata
FRMD3	9	83390768	metadata
FRMPD1	9	37698929	metadata
FRRS1L	9	109148771	metadata
FSD1L	9	105500114	metadata
FUBP3	9	130608658	metadata
FUT7	9	137031131	metadata
FXN	9	69057413	metadata
GABBR2	9	98498522	metadata
GADD45G	9	89605783	metadata
GALNT12	9	98828875	metadata
GALT	9	34644584	metadata
GAPVD1	9	125314500	metadata
GARNL3	9	127308962	metadata
GAS1	9	86945934	metadata
GBA2	9	35743047	metadata
GBGT1	9	133158440	metadata
GCNT1	9	76535526	metadata
GDA	9	72185894	metadata
GFI1B	9	132967843	metadata
GKAP1	9	83784470	metadata
GLDC	9	6589098	metadata
GLE1	9	128524264	metadata
GLIPR2	9	36150224	metadata
GLIS3	9	4086259	metadata
GLT6D1	9	135631594	metadata
GNA14	9	77535700	metadata
GNAQ	9	77873954	metadata
GNE	9	36245741	metadata
GNG10	9	111665915	metadata
GOLGA1	9	124913383	metadata
GOLGA2	9	128265927	metadata
GOLM1	9	86063159	metadata
GPR107	9	130096797	metadata
GPR21	9	123034666	metadata
GPSM1	9	136343540	metadata
GRHPR	9	37429828	metadata
GRIN1	9	137153551	metadata
GRIN3A	9	101653999	metadata
GSN	9	121270318	metadata
GTF3C4	9	132682494	metadata
GTF3C5	9	133044589	metadata
HABP4	9	96470752	metadata
HACD4	9	21015574	metadata
HAUS6	9	19078022	metadata
HDHD3	9	113375202	metadata
HEMGN	9	97935823	metadata
HINT2	9	35814157	metadata
HMCN2	9	130349941	metadata
HNRNPK	9	83966167	metadata
HRCT1	9	35906669	metadata
HSD17B3	9	96268741	metadata
HSDL2	9	112426242	metadata
HSPA5	9	125251306	metadata
IARS1	9	92252030	metadata
IDNK	9	83633589	metadata
IER5L	9	129218694	metadata
IFNA10	9	21206662	metadata
IFNA13	9	21367714	metadata
IFNA14	9	21239503	metadata
IFNA16	9	21216842	metadata
IFNA17	9	21227732	metadata
IFNA2	9	21384826	metadata
IFNA21	9	21166148	metadata
IFNA4	9	21187102	metadata
IFNA5	9	21304819	metadata
IFNA6	9	21350604	metadata
IFNA7	9	21201837	metadata
IFNA8	9	21409651	metadata
IFNB1	9	21077523	metadata
IFNE	9	21481576	metadata
IFNK	9	27525394	metadata
IFNW1	9	21141232	metadata
IFT74	9	27006586	metadata
IGFBPL1	9	38415491	metadata
IL11RA	9	34657032	metadata
IL33	9	6236884	metadata
INIP	9	112701037	metadata
INPP5E	9	136434232	metadata
INSL4	9	5233361	metadata
INSL6	9	5154763	metadata
INVS	9	100200709	metadata
IPPK	9	92641657	metadata
ISCA1	9	86273824	metadata
IZUMO3	9	24544449	metadata
JAK2	9	5057169	metadata
KANK1	9	608198	metadata
KCNT1	9	135748846	metadata
KCNV2	9	2723773	metadata
KDM4C	9	6948255	metadata
KIAA1958	9	112578112	metadata
KIF12	9	114092709	metadata
KIF24	9	34290824	metadata
KIF27	9	83877782	metadata
KLF9	9	70399630	metadata
KLHL9	9	21327714	metadata
KYAT1	9	128850797	metadata
LAMC3	9	131051823	metadata
LCN1	9	135523989	metadata
LCN10	9	136740761	metadata
LCN12	9	136952524	metadata
LCN15	9	136762944	metadata
LCN2	9	128151262	metadata
LCN6	9	136746271	metadata
LCN8	9	136756464	metadata
LCN9	9	135665135	metadata
LCNL1	9	136984157	metadata
LHX2	9	124017485	metadata
LHX3	9	136200689	metadata
LHX6	9	122216101	metadata
LINGO2	9	28575609	metadata
LMX1B	9	126657480	metadata
LPAR1	9	110955866	metadata
LRRC19	9	26999404	metadata
LRRC26	9	137169404	metadata
LRRC8A	9	128900086	metadata
LRSAM1	9	127477494	metadata
LURAP1L	9	12722908	metadata
MAMDC2	9	70134531	metadata
MAMDC4	9	136855871	metadata
MAN1B1	9	137098023	metadata
MAPKAP1	9	125572313	metadata
MED22	9	133343221	metadata
MED27	9	131966397	metadata
MEGF9	9	120657640	metadata
MELK	9	36625272	metadata
MFSD14B	9	94417805	metadata
MIGA2	9	129054351	metadata
MLANA	9	5900747	metadata
MLLT3	9	20482084	metadata
MOB3B	9	27427511	metadata
MORN5	9	122179998	metadata
MPDZ	9	13192699	metadata
MRPL41	9	137552217	metadata
MRPL50	9	101393125	metadata
MRPS2	9	135502328	metadata
MRRF	9	122297970	metadata
MSANTD3	9	100509953	metadata
MSMP	9	35754801	metadata
MTAP	9	21870143	metadata
MUSK	9	110737668	metadata
MVB12B	9	126416935	metadata
MYMK	9	133521599	metadata
MYORG	9	34371782	metadata
NAA35	9	85983304	metadata
NACC2	9	136050913	metadata
NAIF1	9	128064719	metadata
NANS	9	98069904	metadata
NCBP1	9	97653708	metadata
NCS1	9	130204853	metadata
NDOR1	9	137212523	metadata
NDUFA8	9	122151918	metadata
NDUFB6	9	32563092	metadata
NEK6	9	124305456	metadata
NELFB	9	137264434	metadata
NFIB	9	14240413	metadata
NFIL3	9	91416687	metadata
NFX1	9	33330834	metadata
NIBAN2	9	127542164	metadata
NINJ1	9	93127873	metadata
NIPSNAP3A	9	104753901	metadata
NIPSNAP3B	9	104770946	metadata
NMRK1	9	75074395	metadata
NOL6	9	33467641	metadata
NOL8	9	92311497	metadata
NOTCH1	9	136520240	metadata
NOXA1	9	137428878	metadata
NPDC1	9	137042821	metadata
NPR2	9	35800367	metadata
NR4A3	9	99844373	metadata
NR5A1	9	124494328	metadata
NR6A1	9	124644293	metadata
NSMF	9	137453452	metadata
NTMT1	9	129622509	metadata
NTNG2	9	132203292	metadata
NTRK2	9	84882063	metadata
NUDT2	9	34336609	metadata
NUP188	9	128977397	metadata
NUP214	9	131180118	metadata
NUTM2F	9	94323421	metadata
NUTM2G	9	96934281	metadata
NXNL2	9	88559153	metadata
OBP2A	9	135548047	metadata
OBP2B	9	133207263	metadata
ODF2	9	128478239	metadata
OGN	9	92393982	metadata
OLFM1	9	135098301	metadata
OLFML2A	9	124796009	metadata
OMD	9	92418425	metadata
OR13C2	9	104605149	metadata
OR13C3	9	104536302	metadata
OR13C4	9	104526731	metadata
OR13C5	9	104598935	metadata
OR13C8	9	104569649	metadata
OR13C9	9	104617726	metadata
OR13D1	9	104694990	metadata
OR13F1	9	104504742	metadata
OR13J1	9	35869932	metadata
OR1B1	9	122642876	metadata
OR1J1	9	122477442	metadata
OR1J4	9	122519611	metadata
OR1K1	9	122800598	metadata
OR1L1	9	122662107	metadata
OR1L3	9	122675617	metadata
OR1L4	9	122724457	metadata
OR1L6	9	122746543	metadata
OR1L8	9	122575250	metadata
OR1N1	9	122526825	metadata
OR1N2	9	122553663	metadata
OR1Q1	9	122615210	metadata
OR2K2	9	111328726	metadata
OR2S2	9	35957631	metadata
OR5C1	9	122789414	metadata
ORM1	9	114324788	metadata
ORM2	9	114331560	metadata
OSTF1	9	75117889	metadata
PABIR1	9	68782815	metadata
PAEP	9	135564355	metadata
PALM2AKAP2	9	109835418	metadata
PAPPA	9	116278056	metadata
PAX5	9	36933768	metadata
PAXX	9	136993203	metadata
PBX3	9	125857361	metadata
PCSK5	9	76126809	metadata
PDCD1LG2	9	5540906	metadata
PDCL	9	122813488	metadata
PGAP4	9	101503353	metadata
PGM5	9	68429684	metadata
PHF19	9	120875273	metadata
PHF2	9	93628085	metadata
PHF24	9	34970076	metadata
PHPT1	9	136849875	metadata
PHYHD1	9	128931503	metadata
PIERCE1	9	135498457	metadata
PIGO	9	35091056	metadata
PIP5K1B	9	68857208	metadata
PIP5KL1	9	127925833	metadata
PKN3	9	128711709	metadata
PLAA	9	26925307	metadata
PLGRKT	9	5397948	metadata
PLIN2	9	19128832	metadata
PLPP6	9	4663776	metadata
PLPP7	9	131324240	metadata
PLPPR1	9	101176931	metadata
PMPCA	9	136419311	metadata
PNPLA7	9	137505177	metadata
POLE3	9	113408955	metadata
POLR1E	9	37494822	metadata
POMT1	9	131513297	metadata
PPP1R26	9	135448931	metadata
PPP3R2	9	101593312	metadata
PPP6C	9	125168256	metadata
PRDM12	9	130673790	metadata
PRKACG	9	69013308	metadata
PRPF4	9	113284825	metadata
PRRC2B	9	131436916	metadata
PRRX2	9	129694160	metadata
PRSS3	9	33774955	metadata
PRUNE2	9	76758745	metadata
PRXL2C	9	96647447	metadata
PSAT1	9	78313609	metadata
PSIP1	9	15487530	metadata
PSMB7	9	124384454	metadata
PSMD5	9	120829223	metadata
PTAR1	9	69734766	metadata
PTBP3	9	112275690	metadata
PTCH1	9	95480018	metadata
PTGDS	9	136978417	metadata
PTGES	9	129745686	metadata
PTGES2	9	128124577	metadata
PTGR1	9	111574807	metadata
PTGS1	9	122383116	metadata
PTPA	9	129129948	metadata
PTPDC1	9	94070325	metadata
PTPN3	9	109436889	metadata
PTPRD	9	9463624	metadata
PTRH1	9	127707610	metadata
PUM3	9	2782282	metadata
QNG1	9	83947648	metadata
QRFP	9	130894759	metadata
QSOX2	9	136226072	metadata
RAB14	9	121200573	metadata
RABEPK	9	125217351	metadata
RABGAP1	9	123022849	metadata
RABL6	9	136824565	metadata
RAD23B	9	107307664	metadata
RALGDS	9	133123527	metadata
RALGPS1	9	127068970	metadata
RANBP6	9	6013325	metadata
RAPGEF1	9	131658423	metadata
RASEF	9	83021383	metadata
RBM18	9	122251231	metadata
RC3H2	9	122874957	metadata
RCL1	9	4839430	metadata
RECK	9	36080684	metadata
REXO4	9	133412077	metadata
RFK	9	76390021	metadata
RFX3	9	3372150	metadata
RGP1	9	35753936	metadata
RGS3	9	113521237	metadata
RIC1	9	5702791	metadata
RIGI	9	32490825	metadata
RLN1	9	5337403	metadata
RLN2	9	5302290	metadata
RMI1	9	83992436	metadata
RNF183	9	113300234	metadata
RNF20	9	101548598	metadata
RNF208	9	137221243	metadata
RNF224	9	137228571	metadata
RNF38	9	36411972	metadata
ROR2	9	91756659	metadata
RORB	9	74311276	metadata
RPL12	9	127449540	metadata
RPL35	9	124859930	metadata
RPL7A	9	133349822	metadata
RPP25L	9	34611295	metadata
RPS6	9	19377975	metadata
RRAGA	9	19050226	metadata
RUSC2	9	35526004	metadata
RXRA	9	134378841	metadata
S1PR3	9	88998009	metadata
SAPCD2	9	137066342	metadata
SARDH	9	133701757	metadata
SAXO1	9	18954132	metadata
SCAI	9	125043068	metadata
SEC16A	9	136461927	metadata
SEC61B	9	99226339	metadata
SECISBP2	9	89339081	metadata
SEMA4D	9	89429458	metadata
SET	9	128689912	metadata
SETX	9	132308171	metadata
SH2D3C	9	127758513	metadata
SH3GL2	9	17688095	metadata
SH3GLB2	9	129017683	metadata
SHB	9	37992562	metadata
SHC3	9	89092294	metadata
SHOC1	9	111740589	metadata
SIGMAR1	9	34636283	metadata
SIT1	9	35650113	metadata
SLC1A1	9	4538968	metadata
SLC24A2	9	19648244	metadata
SLC25A25	9	128088723	metadata
SLC25A51	9	37891876	metadata
SLC27A4	9	128350998	metadata
SLC28A3	9	84308107	metadata
SLC2A6	9	133475110	metadata
SLC2A8	9	127402781	metadata
SLC31A1	9	113243018	metadata
SLC31A2	9	113157558	metadata
SLC34A3	9	137233656	metadata
SLC35D2	9	96348577	metadata
SLC44A1	9	105341896	metadata
SLC46A2	9	112884898	metadata
SMARCA2	9	2086957	metadata
SMC2	9	104019311	metadata
SMC5	9	70306925	metadata
SMIM27	9	32559882	metadata
SMU1	9	33059219	metadata
SNAPC3	9	15444343	metadata
SNAPC4	9	136387871	metadata
SNX30	9	112816215	metadata
SOHLH1	9	135698952	metadata
SPACA9	9	132884114	metadata
SPAG8	9	35810158	metadata
SPATA31A1	9	39358815	metadata
SPATA31A3	9	66989427	metadata
SPATA31A5	9	60917530	metadata
SPATA31A6	9	42186773	metadata
SPATA31A7	9	61193158	metadata
SPATA31C1	9	87919072	metadata
SPATA31C2	9	88133890	metadata
SPATA31D1	9	81992012	metadata
SPATA31D3	9	81946796	metadata
SPATA31D4	9	81931713	metadata
SPATA31E1	9	87885890	metadata
SPATA31F1	9	34726270	metadata
SPATA31G1	9	35043540	metadata
SPATA6L	9	4610030	metadata
SPIN1	9	88433562	metadata
SPINK4	9	33233466	metadata
SPMIP6	9	34388423	metadata
SPOUT1	9	128824722	metadata
SPTAN1	9	128593110	metadata
SPTLC1	9	92057750	metadata
SSNA1	9	137189515	metadata
ST6GALNAC4	9	127912463	metadata
ST6GALNAC6	9	127895364	metadata
STKLD1	9	133391231	metadata
STOM	9	121354645	metadata
STOML2	9	35101485	metadata
STPG3	9	137251858	metadata
STRBP	9	123189043	metadata
STX17	9	99940594	metadata
STXBP1	9	127637698	metadata
SURF1	9	133354217	metadata
SURF2	9	133358854	metadata
SURF4	9	133368808	metadata
SURF6	9	133332482	metadata
SUSD1	9	112108040	metadata
SUSD3	9	93071910	metadata
SVEP1	9	110472564	metadata
SWI5	9	128295751	metadata
SYK	9	90850168	metadata
TAF1L	9	32632561	metadata
TAL2	9	105662790	metadata
TBC1D13	9	128798841	metadata
TBC1D2	9	98227330	metadata
TDRD7	9	97454110	metadata
TEK	9	27169657	metadata
TESK1	9	35607651	metadata
TEX10	9	100327509	metadata
TEX48	9	114674313	metadata
TGFBR1	9	99129115	metadata
TJP2	9	69197939	metadata
TLE1	9	81755069	metadata
TLE4	9	79649327	metadata
TLN1	9	35714571	metadata
TLR4	9	117714455	metadata
TMC1	9	72679952	metadata
TMEFF1	9	100525392	metadata
TMEM141	9	136792330	metadata
TMEM203	9	137204865	metadata
TMEM210	9	137171457	metadata
TMEM215	9	32786370	metadata
TMEM245	9	109067541	metadata
TMEM250	9	136116728	metadata
TMEM252	9	68591941	metadata
TMEM268	9	114628814	metadata
TMEM38B	9	105735585	metadata
TMEM8B	9	35839984	metadata
TMOD1	9	97551461	metadata
TNC	9	115068891	metadata
TNFSF15	9	114795345	metadata
TNFSF8	9	114911969	metadata
TOMM5	9	37587625	metadata
TOPORS	9	32546565	metadata
TOR1A	9	129818593	metadata
TOR1B	9	129807219	metadata
TOR2A	9	127733418	metadata
TOR4A	9	137280183	metadata
TPD52L3	9	6330133	metadata
TPM2	9	35686024	metadata
TPRN	9	137197905	metadata
TRAF1	9	120915783	metadata
TRAF2	9	136904259	metadata
TRIM14	9	98094248	metadata
TRIM32	9	116694302	metadata
TRMO	9	97908506	metadata
TRMT10B	9	37766387	metadata
TRPM3	9	70988018	metadata
TRPM6	9	74805294	metadata
TRUB2	9	128313803	metadata
TSC1	9	132919111	metadata
TSTD2	9	97616724	metadata
TTC16	9	127723834	metadata
TTC39B	9	15235491	metadata
TTF1	9	132391199	metadata
TTLL11	9	121954640	metadata
TUBB4B	9	137242497	metadata
TUSC1	9	25677706	metadata
TUT7	9	86321093	metadata
TXN	9	110250158	metadata
TXNDC8	9	110320683	metadata
TYRP1	9	12697862	metadata
UAP1L1	9	137081028	metadata
UBAC1	9	135947171	metadata
UBAP2	9	33985540	metadata
UBE2R2	9	33868779	metadata
UBQLN1	9	83683963	metadata
UCK1	9	131527532	metadata
UGCG	9	111916091	metadata
UHRF2	9	6460103	metadata
UNC13B	9	35283665	metadata
URM1	9	128381688	metadata
USP20	9	129858263	metadata
VAV2	9	133877249	metadata
VCP	9	35063298	metadata
VLDLR	9	2461764	metadata
VPS13A	9	77299491	metadata
WASHC1	9	44170	metadata
WDR31	9	113326760	metadata
WDR38	9	124855653	metadata
WDR5	9	134147666	metadata
WHRN	9	114453775	metadata
WNK2	9	93252347	metadata
XPA	9	97686124	metadata
ZBTB26	9	122923539	metadata
ZBTB34	9	126873258	metadata
ZBTB43	9	126821608	metadata
ZBTB5	9	37451776	metadata
ZBTB6	9	122910689	metadata
ZCCHC7	9	37239361	metadata
ZDHHC12	9	128728773	metadata
ZDHHC21	9	14640099	metadata
ZER1	9	128751100	metadata
ZFAND5	9	72358324	metadata
ZFP37	9	113047568	metadata
ZMYND19	9	137586296	metadata
ZNF169	9	94281632	metadata
ZNF189	9	101404755	metadata
ZNF367	9	96402155	metadata
ZNF462	9	106938400	metadata
ZNF483	9	111551501	metadata
ZNF484	9	92860604	metadata
ZNF510	9	96766341	metadata
ZNF618	9	113966437	metadata
ZNF658	9	66894283	metadata
ZNF782	9	96845946	metadata
ZNF79	9	127434873	metadata
ZNF883	9	113000160	metadata
ZNG1A	9	149992	metadata
ZNG1C	9	68266019	metadata
ZNG1E	9	65701423	metadata
ZNG1F	9	41165283	metadata
A1CF	10	50842542	metadata
ABCC2	10	99817617	metadata
ABI1	10	26803840	metadata
ABLIM1	10	114599585	metadata
ABRAXAS2	10	124819243	metadata
ACADSB	10	123033634	metadata
ACBD5	10	27205590	metadata
ACBD7	10	15082125	metadata
ACSL5	10	112401247	metadata
ACSM6	10	95211564	metadata
ACTA2	10	88963080	metadata
ACTR1A	10	102482296	metadata
ADAM12	10	126200429	metadata
ADAM8	10	133269644	metadata
ADAMTS14	10	70717473	metadata
ADARB2	10	1457419	metadata
ADD3	10	110065966	metadata
ADGRA1	10	133109799	metadata
ADIRF	10	86988177	metadata
ADK	10	74430582	metadata
ADO	10	62806599	metadata
ADRA2A	10	111078968	metadata
ADRB1	10	114045385	metadata
AFAP1L2	10	114349790	metadata
AGAP4	10	45839734	metadata
AGAP5	10	73686198	metadata
AGAP6	10	49996922	metadata
AGAP9	10	47512746	metadata
AIFM2	10	70115578	metadata
AKR1C1	10	4973268	metadata
AKR1C2	10	5002903	metadata
AKR1C3	10	5071520	metadata
AKR1C4	10	5207205	metadata
AKR1E2	10	4817345	metadata
ALDH18A1	10	95631326	metadata
ALOX5	10	45410147	metadata
ANAPC16	10	72225930	metadata
ANK3	10	60379894	metadata
ANKRD1	10	90916591	metadata
ANKRD16	10	5875761	metadata
ANKRD2	10	97578191	metadata
ANKRD22	10	88835870	metadata
ANKRD26	10	27037143	metadata
ANKRD30A	10	37179082	metadata
ANTXRL	10	46308536	metadata
ANXA11	10	80178230	metadata
ANXA7	10	73394588	metadata
ANXA8	10	47472160	metadata
ANXA8L1	10	46383705	metadata
AP3M1	10	74135548	metadata
APBB1IP	10	26503395	metadata
ARHGAP12	10	31867137	metadata
ARHGAP19	10	97222841	metadata
ARHGAP21	10	24653748	metadata
ARHGAP22	10	48551150	metadata
ARID5B	10	61999314	metadata
ARL3	10	102694064	metadata
ARL5B	10	18670535	metadata
ARMC3	10	22983273	metadata
ARMH3	10	101950896	metadata
ARMS2	10	122456002	metadata
AS3MT	10	102885684	metadata
ASAH2	10	50231249	metadata
ASAH2B	10	50777906	metadata
ASB13	10	5652731	metadata
ASCC1	10	72156583	metadata
ATAD1	10	87796436	metadata
ATE1	10	121819097	metadata
ATOH7	10	68231354	metadata
ATP5F1C	10	7797981	metadata
ATP5MK	10	103392766	metadata
ATRNL1	10	115521182	metadata
AVPI1	10	97682332	metadata
BAG3	10	119664599	metadata
BAMBI	10	28680221	metadata
BBIP1	10	110908965	metadata
BCCIP	10	125838620	metadata
BEND7	10	13483749	metadata
BICC1	10	58672153	metadata
BLNK	10	96230379	metadata
BLOC1S2	10	100279980	metadata
BMI1	10	22326291	metadata
BMPR1A	10	86844305	metadata
BMS1	10	42808866	metadata
BNIP3	10	131974825	metadata
BORCS7	10	102878085	metadata
BTAF1	10	91977603	metadata
BTBD16	10	122304727	metadata
BTRC	10	101455677	metadata
BUB3	10	123162434	metadata
C10orf105	10	71724762	metadata
C10orf120	10	122698777	metadata
C10orf53	10	49694956	metadata
C10orf62	10	97590327	metadata
C10orf67	10	23273770	metadata
C10orf71	10	49313331	metadata
C10orf88	10	122942606	metadata
C10orf90	10	126611852	metadata
C10orf95	10	102448438	metadata
C1QL3	10	16517806	metadata
CABCOCO1	10	61714847	metadata
CACNB2	10	18341990	metadata
CACUL1	10	118714708	metadata
CALHM1	10	103456070	metadata
CALHM2	10	103449594	metadata
CALHM3	10	103476022	metadata
CALML3	10	5530573	metadata
CALML5	10	5499133	metadata
CALY	10	133330503	metadata
CAMK1D	10	12592546	metadata
CAMK2G	10	73843546	metadata
CASP7	10	113705034	metadata
CC2D2B	10	95970674	metadata
CCAR1	10	68756694	metadata
CCDC172	10	116352238	metadata
CCDC186	10	114147547	metadata
CCDC3	10	12998138	metadata
CCDC6	10	59847651	metadata
CCDC7	10	32664507	metadata
CCNJ	10	96052132	metadata
CCNY	10	35409847	metadata
CCSER2	10	84423553	metadata
CDC123	10	12223277	metadata
CDH23	10	71606433	metadata
CDHR1	10	84207079	metadata
CDK1	10	60786591	metadata
CDNF	10	14828910	metadata
CEP55	10	93512852	metadata
CFAP43	10	104181126	metadata
CFAP46	10	132875607	metadata
CFAP58	10	104404467	metadata
CFAP70	10	73306313	metadata
CH25H	10	89206473	metadata
CHAT	10	49638518	metadata
CHCHD1	10	73782849	metadata
CHST15	10	124050633	metadata
CHST3	10	71988976	metadata
CHUK	10	100208948	metadata
CISD1	10	58279374	metadata
CLRN3	10	127885391	metadata
CNNM1	10	99361843	metadata
CNNM2	10	103004258	metadata
COL13A1	10	69883077	metadata
COL17A1	10	104058583	metadata
COMMD3	10	22322965	metadata
COMTD1	10	75234835	metadata
COX15	10	99721497	metadata
CPEB3	10	92168885	metadata
CPN1	10	100062031	metadata
CPXM2	10	123823237	metadata
CREM	10	35169874	metadata
CRTAC1	10	97947914	metadata
CSGALNACT2	10	43161873	metadata
CSTF2T	10	51697540	metadata
CTBP2	10	125072743	metadata
CTNNA3	10	66838047	metadata
CUBN	10	16976888	metadata
CUEDC2	10	102427914	metadata
CUL2	10	35067755	metadata
CUTC	10	99729346	metadata
CUZD1	10	122839166	metadata
CWF19L1	10	100249989	metadata
CXCL12	10	44378329	metadata
CYP17A1	10	102834001	metadata
CYP26A1	10	93075680	metadata
CYP26C1	10	93065169	metadata
CYP2C18	10	94709959	metadata
CYP2C19	10	94809114	metadata
CYP2C8	10	95053134	metadata
CYP2C9	10	94964374	metadata
CYP2E1	10	133540813	metadata
DCLRE1A	10	113844554	metadata
DCLRE1C	10	14925895	metadata
DDIT4	10	72284709	metadata
DDX21	10	68970601	metadata
DDX50	10	68924066	metadata
DENND10	10	119121035	metadata
DEPP1	10	44974895	metadata
DHTKD1	10	12096087	metadata
DHX32	10	125866386	metadata
DIP2C	10	481934	metadata
DKK1	10	52316161	metadata
DLG5	10	77858773	metadata
DMBT1	10	122602200	metadata
DNA2	10	68443092	metadata
DNAJB12	10	72343989	metadata
DNAJC1	10	21880158	metadata
DNAJC12	10	67817428	metadata
DNAJC9	10	73215308	metadata
DNMBP	10	99942762	metadata
DNTT	10	96321486	metadata
DOCK1	10	127178963	metadata
DPCD	10	101590111	metadata
DPYSL4	10	132196353	metadata
DRGX	10	49380077	metadata
DUSP13A	10	75101827	metadata
DUSP13B	10	75101819	metadata
DUSP29	10	75055557	metadata
DUSP5	10	110448333	metadata
DYDC1	10	80346430	metadata
DYDC2	10	80356409	metadata
EBF3	10	129904143	metadata
EBLN1	10	22213245	metadata
ECD	10	73149605	metadata
ECHDC3	10	11753218	metadata
ECHS1	10	133367919	metadata
EDRF1	10	125729763	metadata
EEF1AKMT2	10	124770018	metadata
EGR2	10	62815581	metadata
EIF3A	10	119057243	metadata
EIF4EBP2	10	70416381	metadata
EIF5AL1	10	79514486	metadata
ELOVL3	10	102227944	metadata
EMX2	10	117545995	metadata
ENKUR	10	25022129	metadata
ENO4	10	116880643	metadata
ENTPD1	10	95911536	metadata
ENTPD7	10	99685375	metadata
EPC1	10	32323274	metadata
ERCC6	10	49496853	metadata
ERLIN1	10	100168063	metadata
EXOC6	10	92943162	metadata
EXOSC1	10	97440963	metadata
FAM107B	10	14646727	metadata
FAM13C	10	59304655	metadata
FAM149B1	10	73206311	metadata
FAM170B	10	49136694	metadata
FAM171A1	10	15291466	metadata
FAM204A	10	118320126	metadata
FAM241B	10	69631921	metadata
FAM24A	10	122911860	metadata
FAM24B	10	122864359	metadata
FAM25A	10	87022512	metadata
FAM25C	10	47997556	metadata
FAM53B	10	124681835	metadata
FANK1	10	125953078	metadata
FAS	10	88991709	metadata
FBH1	10	5913898	metadata
FBXL15	10	102421162	metadata
FBXW4	10	101652979	metadata
FFAR4	10	93585572	metadata
FGF8	10	101775240	metadata
FGFBP3	10	91908035	metadata
FGFR2	10	121538395	metadata
FHIP2A	10	114860788	metadata
FOXI2	10	127739184	metadata
FRA10AC1	10	93685237	metadata
FRAT1	10	97320593	metadata
FRAT2	10	97333613	metadata
FRG2B	10	133625345	metadata
FRMD4A	10	14052924	metadata
FRMPD2	10	48213892	metadata
FUOM	10	133355988	metadata
FUT11	10	73776263	metadata
FXYD4	10	43373985	metadata
FZD8	10	35640271	metadata
GAD2	10	26260611	metadata
GATA3	10	8036838	metadata
GBF1	10	102314135	metadata
GDF10	10	47306887	metadata
GDF2	10	47325021	metadata
GDI2	10	5803677	metadata
GFRA1	10	116166864	metadata
GHITM	10	84147161	metadata
GJD4	10	35607138	metadata
GLRX3	10	130160456	metadata
GLUD1	10	87072522	metadata
GOLGA7B	10	97834745	metadata
GOT1	10	99466582	metadata
GPAM	10	112182621	metadata
GPR158	10	25388515	metadata
GPR15LG	10	84179547	metadata
GPR26	10	123681877	metadata
GPRIN2	10	46549197	metadata
GRID1	10	85983173	metadata
GRK5	10	119333658	metadata
GSTO1	10	104251407	metadata
GSTO2	10	104286911	metadata
GTPBP4	10	1004183	metadata
HABP2	10	113570219	metadata
HACD1	10	17603203	metadata
HECTD2	10	91460373	metadata
HELLS	10	94579617	metadata
HERC4	10	67998600	metadata
HHEX	10	92692801	metadata
HIF1AN	10	100544535	metadata
HK1	10	69335934	metadata
HKDC1	10	69243942	metadata
HMX2	10	123149404	metadata
HMX3	10	123137696	metadata
HNRNPF	10	43397401	metadata
HNRNPH3	10	68337183	metadata
HOGA1	10	97598562	metadata
HPS1	10	98428951	metadata
HPS6	10	102066692	metadata
HPSE2	10	98846469	metadata
HSPA12A	10	116760721	metadata
HSPA14	10	14855023	metadata
HTR7	10	90799431	metadata
HTRA1	10	122486729	metadata
IDE	10	92512890	metadata
IDI1	10	1044135	metadata
IDI2	10	1033988	metadata
IFIT1	10	89399516	metadata
IFIT1B	10	89381630	metadata
IFIT2	10	89296482	metadata
IFIT3	10	89352390	metadata
IFIT5	10	89418086	metadata
IKZF5	10	122999809	metadata
IL15RA	10	5960913	metadata
IL2RA	10	6036529	metadata
INA	10	103283742	metadata
INPP5A	10	132660633	metadata
INPP5F	10	119777594	metadata
INSYN2A	10	127166008	metadata
IPMK	10	58229705	metadata
ITGA8	10	15616938	metadata
ITGB1	10	33046655	metadata
ITIH2	10	7726418	metadata
ITIH5	10	7613134	metadata
ITPRIP	10	104320930	metadata
JAKMIP3	10	132110597	metadata
JCAD	10	30064148	metadata
JMJD1C	10	63344535	metadata
KAT6B	10	74928775	metadata
KAZALD1	10	101065060	metadata
KCNIP2	10	101834947	metadata
KCNK18	10	117203894	metadata
KCNMA1	10	77253985	metadata
KIAA1217	10	24121297	metadata
KIF11	10	92614750	metadata
KIF20B	10	89738264	metadata
KIF5B	10	32032720	metadata
KIFBP	10	69016173	metadata
KIN	10	7769477	metadata
KLF6	10	3780638	metadata
KLLN	10	87861345	metadata
KNDC1	10	133193315	metadata
LARP4B	10	869377	metadata
LBX1	10	101245949	metadata
LCOR	10	96914105	metadata
LDB1	10	102113428	metadata
LDB3	10	86701428	metadata
LGI1	10	93782056	metadata
LHPP	10	124539855	metadata
LIPA	10	89314063	metadata
LIPF	10	88671627	metadata
LIPJ	10	88596864	metadata
LIPK	10	88729512	metadata
LIPM	10	88811638	metadata
LIPN	10	88769804	metadata
LOXL4	10	98257942	metadata
LRIT1	10	84236533	metadata
LRIT2	10	84223057	metadata
LRMDA	10	75995896	metadata
LRRC18	10	48924660	metadata
LRRC20	10	70340810	metadata
LRRC27	10	132356831	metadata
LRRTM3	10	67013793	metadata
LYZL1	10	29303694	metadata
LYZL2	10	30620770	metadata
LZTS2	10	101002227	metadata
MACROH2A2	10	70082413	metadata
MALRD1	10	19419601	metadata
MAP3K8	10	30447927	metadata
MAPK8	10	48372999	metadata
MARCHF8	10	45524745	metadata
MARVELD1	10	97715661	metadata
MASTL	10	27171388	metadata
MAT1A	10	80280739	metadata
MBL2	10	52769082	metadata
MCM10	10	13186334	metadata
MCMBP	10	119860980	metadata
MCU	10	72789918	metadata
MEIG1	10	14973719	metadata
MFSD13A	10	102469220	metadata
MGMT	10	129619086	metadata
MICU1	10	72496735	metadata
MINDY3	10	15819338	metadata
MINPP1	10	87529168	metadata
MKI67	10	128111541	metadata
MKX	10	27709467	metadata
MLLT10	10	21634138	metadata
MMP21	10	125764700	metadata
MMRN2	10	86952510	metadata
MMS19	10	97478559	metadata
MORN4	10	97624026	metadata
MPP7	10	28192739	metadata
MRPL43	10	100978486	metadata
MRPS16	10	73250768	metadata
MSANTD7	10	14842650	metadata
MSMB	10	46040743	metadata
MSRB2	10	23108796	metadata
MSS51	10	73428570	metadata
MTG1	10	133408307	metadata
MTPAP	10	30342124	metadata
MXI1	10	110247485	metadata
MYO3A	10	26073380	metadata
MYOF	10	93394381	metadata
MYOZ1	10	73636543	metadata
MYPN	10	68149957	metadata
NANOS1	10	119031722	metadata
NCOA4	10	46017855	metadata
NDST2	10	73806854	metadata
NDUFB8	10	100526834	metadata
NEBL	10	21036492	metadata
NET1	10	5435806	metadata
NEURL1	10	103543125	metadata
NEUROG3	10	69572560	metadata
NFKB2	10	102398317	metadata
NHLRC2	10	113885927	metadata
NKX1-2	10	124448690	masks
NKX2-3	10	99534421	masks
NKX6-2	10	132785449	masks
NMT2	10	15135638	metadata
NOC3L	10	94348092	metadata
NODAL	10	70439943	metadata
NOLC1	10	102158023	metadata
NPFFR1	10	70265666	metadata
NPM3	10	101782385	metadata
NPS	10	127551424	metadata
NPY4R	10	46463528	metadata
NRAP	10	113626392	metadata
NRBF2	10	63144139	metadata
NRG3	10	82431186	metadata
NRP1	10	33256877	metadata
NSMCE4A	10	121966154	metadata
NSUN6	10	18602423	metadata
NT5C2	10	103182395	metadata
NUDT13	10	73121101	metadata
NUDT5	10	12180610	metadata
NUTM2A	10	87265807	metadata
NUTM2B	10	79743994	metadata
OAT	10	124408139	metadata
ODAD2	10	27887132	metadata
OGA	10	101801454	metadata
OGDHL	10	49748510	metadata
OIT3	10	72913310	metadata
OLAH	10	15053040	metadata
OPALIN	10	96351293	metadata
OPN4	10	86660489	metadata
OPTN	10	13118878	metadata
OR13A1	10	45308953	metadata
OTUD1	10	23440726	metadata
P4HA1	10	73052095	metadata
PALD1	10	70573760	metadata
PANK1	10	89612369	metadata
PAOX	10	133385477	metadata
PAPSS2	10	87703659	metadata
PARD3	10	34462442	metadata
PARG	10	49894241	metadata
PAX2	10	100782670	metadata
PBLD	10	68307854	metadata
PCBD1	10	70885422	metadata
PCDH15	10	54715356	metadata
PCGF5	10	91223674	metadata
PCGF6	10	103326970	metadata
PDCD11	10	103421460	metadata
PDCD4	10	110885900	metadata
PDE6C	10	93639273	metadata
PDLIM1	10	95264292	metadata
PDSS1	10	26722249	metadata
PDZD7	10	101019987	metadata
PDZD8	10	117326357	metadata
PFKFB3	10	6199789	metadata
PFKP	10	3102025	metadata
PGAM1	10	97429817	metadata
PHYH	10	13290104	metadata
PHYHIPL	10	59212208	metadata
PI4K2A	10	97658552	metadata
PIK3AP1	10	96656914	metadata
PIP4K2A	10	22624716	metadata
PITRM1	10	3155284	metadata
PITX3	10	102235850	metadata
PKD2L1	10	100309206	metadata
PLA2G12B	10	72944784	metadata
PLAC9	10	80138520	metadata
PLAU	10	73913336	metadata
PLCE1	10	94163377	metadata
PLEKHA1	10	122403525	metadata
PLEKHS1	10	113767345	metadata
PLPP4	10	120524646	metadata
PLXDC2	10	20053047	metadata
PNLIP	10	116556893	metadata
PNLIPRP1	10	116599780	metadata
PNLIPRP3	10	116452902	metadata
POLL	10	101583576	metadata
POLR3A	10	77991335	metadata
PPA1	10	70218373	metadata
PPIF	10	79351401	metadata
PPP1R3C	10	91630756	metadata
PPP2R2D	10	131930421	metadata
PPP3CB	10	73466228	metadata
PPRC1	10	102141663	metadata
PRAP1	10	133350025	metadata
PRDX3	10	119173266	metadata
PRF1	10	70600053	metadata
PRKCQ	10	6503722	metadata
PRKG1	10	51644655	metadata
PRLHR	10	118592822	metadata
PROSER2	10	11876063	metadata
PRPF18	10	13627692	metadata
PRTFDC1	10	24900610	metadata
PRXL2A	10	80422472	metadata
PSAP	10	71833774	metadata
PSD	10	102412078	metadata
PSTK	10	122975947	metadata
PTEN	10	87917284	metadata
PTER	10	16475344	metadata
PTF1A	10	23193278	metadata
PTPN20	10	46956942	metadata
PTPRE	10	127996479	metadata
PWWP2B	10	132407513	metadata
PYROXD2	10	98399373	metadata
R3HCC1L	10	98189760	metadata
RAB11FIP2	10	118025928	metadata
RAB18	10	27524645	metadata
RASGEF1A	10	43230800	metadata
RASSF4	10	44977649	metadata
RBM17	10	6103245	metadata
RBM20	10	110741903	metadata
RBP3	10	47353122	metadata
RBP4	10	93596715	metadata
REEP3	10	63573264	metadata
RET	10	43103707	metadata
RGR	10	84245313	metadata
RGS10	10	119521268	metadata
RHOBTB1	10	60935439	metadata
RNLS	10	88429197	metadata
RPEL1	10	103246951	metadata
RPP30	10	90890252	metadata
RPP38	10	15118499	metadata
RPS24	10	78045286	metadata
RRP12	10	97391216	metadata
RSU1	10	16704037	metadata
RTKN2	10	62225939	metadata
RUFY2	10	68374200	metadata
SAMD8	10	75140854	metadata
SAR1A	10	70158906	metadata
SCD	10	100356029	metadata
SEC23IP	10	119918682	metadata
SEC24C	10	73758266	metadata
SEC31B	10	100503255	metadata
SEC61A2	10	12149799	metadata
SEMA4G	10	100977687	metadata
SEPHS1	10	13332863	metadata
SFMBT2	10	7285056	metadata
SFR1	10	104124221	metadata
SFRP5	10	97769375	metadata
SFTPA1	10	79613197	metadata
SFTPA2	10	79558129	metadata
SFTPD	10	79960040	metadata
SFXN2	10	102729015	metadata
SFXN3	10	101036237	metadata
SFXN4	10	119153240	metadata
SGMS1	10	50465374	metadata
SGPL1	10	70887303	metadata
SH2D4B	10	80592231	metadata
SH3PXD2A	10	103724805	metadata
SHLD2	10	87142813	metadata
SHOC2	10	110968337	metadata
SHTN1	10	117004031	metadata
SIRT1	10	67901523	metadata
SKIDA1	10	21519921	metadata
SLC16A12	10	89493470	metadata
SLC16A9	10	59693383	metadata
SLC18A2	10	117260261	metadata
SLC18A3	10	49611515	metadata
SLC25A16	10	68502760	metadata
SLC25A28	10	99616656	metadata
SLC29A3	10	71350341	metadata
SLC35G1	10	93925017	metadata
SLC39A12	10	17997565	metadata
SLF2	10	100939048	metadata
SLIT1	10	97091998	metadata
SLK	10	103998186	metadata
SMC3	10	110586866	metadata
SMNDC1	10	110297834	metadata
SNCG	10	86960928	metadata
SORBS1	10	95436592	metadata
SORCS1	10	106869184	metadata
SORCS3	10	104953266	metadata
SPAG6	10	22399834	metadata
SPMIP5	10	116666980	metadata
SPOCK2	10	72074033	metadata
SPRN	10	133422645	metadata
SRGN	10	69096457	metadata
ST8SIA6	10	17385008	metadata
STAM	10	17680487	metadata
STAMBPL1	10	88927443	metadata
STK32C	10	132269669	metadata
STN1	10	103887569	metadata
STOX1	10	68861481	metadata
SUFU	10	102568753	metadata
SUPV3L1	10	69194666	metadata
SUV39H2	10	14891567	metadata
SVIL	10	29597148	metadata
SYCE1	10	133561868	metadata
SYNPO2L	10	73662012	metadata
SYT15	10	46589429	metadata
TACC2	10	122121854	metadata
TACR2	10	69410410	metadata
TAF3	10	7917564	metadata
TAF5	10	103378515	metadata
TASOR2	10	5724255	metadata
TBATA	10	70778319	metadata
TBC1D12	10	94469436	metadata
TCERG1L	10	131202056	metadata
TCF7L2	10	113058962	metadata
TCTN3	10	95676983	metadata
TDRD1	10	114205968	metadata
TECTB	10	112294219	metadata
TET1	10	68627412	metadata
TEX36	10	125629842	metadata
TFAM	10	58392282	metadata
THNSL1	10	25021638	metadata
TIAL1	10	119584415	metadata
TIMM23	10	45988115	metadata
TIMM23B	10	49976855	metadata
TLL2	10	96439267	metadata
TLX1	10	101134544	metadata
TM9SF3	10	96552781	metadata
TMEM236	10	17776534	metadata
TMEM254	10	80059869	metadata
TMEM26	10	61430011	metadata
TMEM273	10	49171655	metadata
TMEM72	10	44876426	metadata
TNKS2	10	91831950	metadata
TRDMT1	10	17169695	metadata
TRIM8	10	102652646	metadata
TRUB1	10	114957935	metadata
TSPAN14	10	80493694	metadata
TSPAN15	10	69479565	metadata
TUBAL3	10	5398964	metadata
TUBB8	10	60525	metadata
TUBGCP2	10	133298729	metadata
TWNK	10	100990885	metadata
TYSND1	10	70142340	metadata
UBE2D1	10	58352865	metadata
UBTD1	10	97535065	metadata
UCMA	10	13228070	metadata
UCN3	10	5369829	metadata
UNC5B	10	71257717	metadata
UPF2	10	11981596	metadata
UROS	10	125804134	metadata
USP54	10	73561827	metadata
USP6NL	10	11536088	metadata
UTF1	10	133230887	metadata
VAX1	10	117133411	metadata
VCL	10	74058278	metadata
VDAC2	10	75220801	metadata
VENTX	10	133239891	metadata
VIM	10	17222134	metadata
VPS26A	10	69148962	metadata
VSIR	10	71760538	metadata
VSTM4	10	49064879	metadata
VTI1A	10	112632871	metadata
VWA2	10	114266871	metadata
WAC	10	28577802	metadata
WAPL	10	86478524	metadata
WASHC2A	10	50100698	metadata
WASHC2C	10	45760082	metadata
WBP1L	10	102789232	metadata
WDFY4	10	48833914	metadata
WDR11	10	120805677	metadata
WDR37	10	1105264	metadata
WNT8B	10	100473376	metadata
XPNPEP1	10	109894159	metadata
YME1L1	10	27132677	metadata
ZCCHC24	10	79413974	metadata
ZDHHC16	10	97451770	metadata
ZDHHC6	10	112436000	metadata
ZEB1	10	31424154	metadata
ZFAND4	10	45644140	metadata
ZFYVE27	10	97749014	metadata
ZMIZ1	10	79192742	metadata
ZMYND11	10	192362	metadata
ZNF22	10	45116895	metadata
ZNF239	10	43565481	metadata
ZNF248	10	37817316	metadata
ZNF25	10	37990635	metadata
ZNF32	10	43651754	metadata
ZNF33A	10	38037869	metadata
ZNF33B	10	42606377	metadata
ZNF365	10	62427240	metadata
ZNF37A	10	38122313	metadata
ZNF438	10	30926072	metadata
ZNF485	10	43612161	metadata
ZNF488	10	47374894	metadata
ZNF503	10	75308524	metadata
ZNF511	10	133330969	metadata
ZNF518A	10	96167501	metadata
ZRANB1	10	124965156	metadata
ZSWIM8	10	73793701	metadata
ZWINT	10	56359250	metadata
AAMDC	11	77869770	metadata
AASDHPPT	11	106087100	metadata
ABCC8	11	17434696	metadata
ABCG4	11	119155852	metadata
ABTB2	11	34254498	metadata
ACAD8	11	134259701	metadata
ACAT1	11	108132826	metadata
ACCS	11	44075081	metadata
ACCSL	11	44053979	metadata
ACER3	11	76943828	metadata
ACP2	11	47244104	metadata
ACRV1	11	125676198	metadata
ACTN3	11	66554864	metadata
ACY3	11	67646642	metadata
ADAMTS15	11	130462645	metadata
ADAMTS8	11	130416766	metadata
ADM	11	10299408	metadata
AGBL2	11	47687490	metadata
AHNAK	11	62494888	metadata
AIP	11	67479664	metadata
AKIP1	11	8915611	metadata
ALDH3B1	11	68018930	metadata
ALDH3B2	11	67671689	metadata
ALG8	11	78117452	metadata
ALG9	11	111826888	metadata
ALKBH3	11	43900542	metadata
ALKBH8	11	107534234	metadata
ALX4	11	44285289	metadata
AMBRA1	11	46495269	metadata
AMOTL1	11	94791589	metadata
AMPD3	11	10407946	metadata
ANAPC15	11	72109579	metadata
ANGPTL5	11	101903598	metadata
ANKK1	11	113394097	metadata
ANKRD13D	11	67295892	metadata
ANKRD42	11	83227203	metadata
ANKRD49	11	94496778	metadata
ANO1	11	70087718	metadata
ANO3	11	26426065	metadata
ANO5	11	22033113	metadata
ANO9	11	429972	metadata
AP2A2	11	968563	metadata
AP5B1	11	65777437	metadata
APBB1	11	6407269	metadata
API5	11	43328246	metadata
APIP	11	34884736	metadata
APLNR	11	57235413	metadata
APLP2	11	130106479	metadata
APOA1	11	116846163	metadata
APOA4	11	116822002	metadata
APOA5	11	116790893	metadata
APOC3	11	116831389	metadata
AQP11	11	77599873	metadata
ARAP1	11	72739334	metadata
ARCN1	11	118587711	metadata
ARFGAP2	11	47170712	metadata
ARFIP2	11	6478081	metadata
ARHGAP1	11	46688849	metadata
ARHGAP20	11	110645115	metadata
ARHGAP32	11	129122192	metadata
ARHGAP42	11	100840614	metadata
ARHGEF12	11	120413175	metadata
ARHGEF17	11	73338832	metadata
ARL14EP	11	30183543	metadata
ARL2	11	65027376	metadata
ARRB1	11	75305913	metadata
ART1	11	3654772	metadata
ART5	11	3640414	metadata
ASCL2	11	2269543	metadata
ASCL3	11	8940297	metadata
ASRGL1	11	62365430	metadata
ATG13	11	46646172	metadata
ATG16L2	11	72829040	metadata
ATG2A	11	64905877	metadata
ATL3	11	63648004	metadata
ATM	11	108295953	metadata
ATP5MG	11	118417312	metadata
B3GAT1	11	134472246	metadata
B3GAT3	11	62618725	metadata
B3GNT6	11	77038185	metadata
B4GALNT4	11	375808	metadata
B4GAT1	11	66356324	metadata
BACE1	11	117300745	metadata
BAD	11	64277267	metadata
BANF1	11	66003188	metadata
BARX2	11	129414063	metadata
BATF2	11	64992481	metadata
BBOX1	11	27140525	metadata
BBS1	11	66522109	metadata
BCL9L	11	118909900	metadata
BCO2	11	112200104	metadata
BDNF	11	27602519	metadata
BEST1	11	61957789	metadata
BET1L	11	187591	metadata
BIRC2	11	102362940	metadata
BIRC3	11	102328443	metadata
BLID	11	122115777	metadata
BMAL1	11	13331959	metadata
BRMS1	11	66341229	metadata
BRSK2	11	1426294	metadata
BSCL2	11	62699567	metadata
BSX	11	122979702	metadata
BTBD10	11	13425652	metadata
BTBD18	11	57748094	metadata
BTG4	11	111490946	metadata
BUD13	11	116760578	metadata
C11orf16	11	8926541	metadata
C11orf21	11	2299338	metadata
C11orf24	11	68266669	metadata
C11orf42	11	6208346	metadata
C11orf54	11	93753170	metadata
C11orf58	11	16685736	metadata
C11orf65	11	108388025	metadata
C11orf68	11	65917936	metadata
C11orf71	11	114395977	metadata
C11orf86	11	66976143	metadata
C11orf87	11	109425678	metadata
C11orf91	11	33699543	metadata
C11orf96	11	43943257	metadata
C11orf97	11	94522292	metadata
C11orf98	11	62664013	metadata
C1QTNF4	11	47592039	metadata
C1QTNF5	11	119339941	metadata
C2CD2L	11	119110371	metadata
C2CD3	11	74091964	metadata
CABP2	11	67521714	metadata
CABP4	11	67457079	metadata
CADM1	11	115337087	metadata
CALCA	11	14969488	metadata
CALCB	11	14993669	metadata
CAPN1	11	65196286	metadata
CAPN5	11	77096558	metadata
CAPRIN1	11	34077170	metadata
CARD16	11	105070261	metadata
CARD18	11	105334705	metadata
CARNS1	11	67420287	metadata
CARS1	11	3029267	metadata
CASP1	11	105030323	metadata
CASP4	11	104956116	metadata
CASP5	11	105008701	metadata
CAT	11	34455497	metadata
CATSPER1	11	66021615	metadata
CATSPERZ	11	64302564	metadata
CAVIN3	11	6319739	metadata
CBL	11	119260112	metadata
CBLIF	11	59837386	metadata
CCDC15	11	124997805	metadata
CCDC179	11	22853698	metadata
CCDC34	11	27347030	metadata
CCDC73	11	32698691	metadata
CCDC81	11	86398922	metadata
CCDC82	11	96369598	metadata
CCDC83	11	85887561	metadata
CCDC85B	11	65891154	metadata
CCDC86	11	60846443	metadata
CCDC87	11	66591619	metadata
CCDC88B	11	64348869	metadata
CCDC89	11	85685021	metadata
CCDC90B	11	83354818	metadata
CCKBR	11	6265966	metadata
CCND1	11	69647815	metadata
CCS	11	66599586	metadata
CD151	11	836359	metadata
CD248	11	66315769	metadata
CD3D	11	118338621	metadata
CD3E	11	118310452	metadata
CD3G	11	118349752	metadata
CD44	11	35185642	metadata
CD5	11	61115170	metadata
CD59	11	33719744	metadata
CD6	11	60996028	metadata
CD81	11	2353370	metadata
CD82	11	44592395	metadata
CDC42BPG	11	64833852	metadata
CDC42EP2	11	65318641	metadata
CDCA5	11	65075232	metadata
CDHR5	11	621327	metadata
CDK2AP2	11	67507573	metadata
CDKN1C	11	2884494	metadata
CDON	11	126009565	metadata
CELF1	11	47515751	metadata
CENATAC	11	119006965	metadata
CEND1	11	788614	metadata
CEP126	11	101958036	metadata
CEP164	11	117363911	metadata
CEP295	11	93696020	metadata
CEP57	11	95811329	metadata
CFAP300	11	102065995	metadata
CFAP68	11	111882455	metadata
CFL1	11	65842524	metadata
CHEK1	11	125650709	metadata
CHID1	11	891458	metadata
CHKA	11	68087151	metadata
CHORDC1	11	90211753	metadata
CHRDL2	11	74713927	metadata
CHRM1	11	62915243	metadata
CHRM4	11	46387782	metadata
CHRNA10	11	3668485	metadata
CHST1	11	45656655	metadata
CIMAP1A	11	198511	metadata
CKAP5	11	46794678	metadata
CLCF1	11	67369172	metadata
CLDN25	11	113780140	metadata
CLMP	11	123132581	metadata
CLNS1A	11	77576365	metadata
CLP1	11	57655026	metadata
CLPB	11	72360087	metadata
CNGA4	11	6239622	metadata
CNIH2	11	66281738	metadata
CNTF	11	58624199	metadata
CNTN5	11	99689917	metadata
COA4	11	73873373	metadata
COMMD9	11	36279366	metadata
COPB1	11	14471733	metadata
CORO1B	11	67439665	metadata
COX8A	11	63975581	metadata
CPSF7	11	61416336	metadata
CPT1A	11	68799515	metadata
CRACR2B	11	829067	metadata
CREB3L1	11	46299535	metadata
CREBZF	11	85670325	metadata
CRTAM	11	122855571	metadata
CRY2	11	45865183	metadata
CRYAB	11	111916143	metadata
CSKMT	11	62666902	metadata
CSNK2A3	11	11352596	metadata
CSRP3	11	19253733	metadata
CST6	11	66012756	metadata
CSTF3	11	33207077	metadata
CSTPP1	11	47050537	metadata
CTNND1	11	57786394	metadata
CTR9	11	10776321	metadata
CTSC	11	88312376	metadata
CTSD	11	1758662	metadata
CTSF	11	66566171	metadata
CTSW	11	65881775	metadata
CTTN	11	70417494	metadata
CUL5	11	108058329	metadata
CWC15	11	94968103	metadata
CWF19L2	11	107392092	metadata
CXCR5	11	118890839	metadata
CYB561A3	11	61355518	metadata
CYB5R2	11	7671161	metadata
CYP2R1	11	14884835	metadata
DAGLA	11	61713696	metadata
DBX1	11	20158315	metadata
DCDC1	11	31100089	metadata
DCHS1	11	6638569	metadata
DCPS	11	126327032	metadata
DCUN1D5	11	103071440	metadata
DDB1	11	61321023	metadata
DDB2	11	47226841	metadata
DDI1	11	104037918	metadata
DDIAS	11	82929126	metadata
DDX10	11	108803028	metadata
DDX25	11	125923525	metadata
DDX6	11	118769463	metadata
DEAF1	11	675675	metadata
DEFB108B	11	71835455	metadata
DEFB131B	11	71881507	metadata
DENND2B	11	8802151	metadata
DENND5A	11	9202392	metadata
DEPDC7	11	33024729	metadata
DEUP1	11	93384229	metadata
DGAT2	11	75780523	metadata
DGKZ	11	46356729	metadata
DHCR7	11	71440530	metadata
DIXDC1	11	111974898	metadata
DKK3	11	11982988	metadata
DLAT	11	112044718	metadata
DLG2	11	84541673	metadata
DNAJB13	11	73960696	metadata
DNAJC24	11	31401337	metadata
DNAJC4	11	64232282	metadata
DNHD1	11	6545509	metadata
DPAGT1	11	119102178	metadata
DPF2	11	65344052	metadata
DPP3	11	66494835	metadata
DRAP1	11	65920418	metadata
DRC12	11	119193509	metadata
DRD2	11	113442648	metadata
DRD4	11	638987	metadata
DSCAML1	11	117622648	metadata
DTX4	11	59190009	metadata
DUSP8	11	1563161	metadata
DYNC2H1	11	103294636	metadata
E2F8	11	19232841	metadata
EED	11	86240509	metadata
EEF1G	11	62566841	metadata
EFEMP2	11	65870016	metadata
EHBP1L1	11	65584348	metadata
EHD1	11	64869969	metadata
EHF	11	34642190	metadata
EI24	11	125576982	metadata
EIF1AD	11	65999360	metadata
EIF3F	11	7986056	metadata
EIF3M	11	32595031	metadata
EIF4G2	11	10802995	metadata
ELF5	11	34501992	metadata
ELMOD1	11	107628935	metadata
ELP4	11	31650039	metadata
EML3	11	62607496	metadata
EMSY	11	76498977	metadata
ENDOD1	11	95111245	metadata
EPS8L2	11	711082	metadata
ESAM	11	124757436	metadata
ESRRA	11	64311120	metadata
ETS1	11	128523159	metadata
EXPH5	11	108549601	metadata
EXT2	11	44173805	metadata
F2	11	46729351	metadata
FADD	11	70205343	metadata
FADS1	11	61814472	metadata
FADS2	11	61830167	metadata
FADS3	11	61882785	metadata
FAM111A	11	59151598	metadata
FAM111B	11	59117298	metadata
FAM118B	11	126237354	metadata
FAM168A	11	73499338	metadata
FAM180B	11	47587936	metadata
FAM181B	11	82731902	metadata
FAM76B	11	95779681	metadata
FAM89B	11	65573273	metadata
FANCF	11	22624178	metadata
FAR1	11	13700502	metadata
FAT3	11	92560645	metadata
FAU	11	65121403	metadata
FBXO3	11	33792966	metadata
FCHSD2	11	72989531	metadata
FDX1	11	110447416	metadata
FDXACB1	11	111877649	metadata
FEN1	11	61795074	metadata
FERMT3	11	64214911	metadata
FEZ1	11	125517724	metadata
FGF19	11	69701130	metadata
FGF3	11	69814692	metadata
FGF4	11	69773181	metadata
FHIP1B	11	6223028	metadata
FIBIN	11	26995599	metadata
FIBP	11	65886135	metadata
FJX1	11	35619662	metadata
FKBP2	11	64242567	metadata
FLI1	11	128749901	metadata
FLRT1	11	64077552	metadata
FNBP4	11	47741968	metadata
FOLH1	11	49176865	metadata
FOLR1	11	72192940	metadata
FOLR2	11	72219275	metadata
FOLR3	11	72127380	metadata
FOSL1	11	65896311	metadata
FOXR1	11	118976499	metadata
FOXRED1	11	126273577	metadata
FREY1	11	45906892	metadata
FRMD8	11	65400073	metadata
FSHB	11	30233137	metadata
FTH1	11	61963676	metadata
FUT4	11	94546908	metadata
FXYD2	11	117814771	metadata
FXYD6	11	117848415	metadata
FZD4	11	86988733	metadata
GAB2	11	78316820	metadata
GAL	11	68687477	metadata
GAL3ST3	11	66044963	metadata
GALNT18	11	11446441	metadata
GANAB	11	62635776	metadata
GAS2	11	22719255	metadata
GATD1	11	772354	metadata
GDPD4	11	77259122	metadata
GDPD5	11	75480290	metadata
GLB1L2	11	134355164	metadata
GLB1L3	11	134296904	metadata
GLYAT	11	58686200	metadata
GLYATL1	11	58974462	metadata
GLYATL2	11	58869140	metadata
GPHA2	11	64935182	metadata
GPR137	11	64279778	metadata
GPR152	11	67452015	metadata
GPR83	11	94389367	metadata
GRAMD1B	11	123493101	metadata
GRIA4	11	105795812	metadata
GRIK4	11	120750326	metadata
GRK2	11	67276514	metadata
GRM5	11	88785279	metadata
GSTP1	11	67585199	metadata
GTF2H1	11	18344670	metadata
GUCY1A2	11	106846247	metadata
GVQW3	11	76397961	metadata
H2AX	11	119094669	metadata
HARBI1	11	46610385	metadata
HBB	11	5227429	metadata
HBD	11	5238167	metadata
HBE1	11	5386998	metadata
HBG1	11	5249063	metadata
HBG2	11	5379396	metadata
HEPACAM	11	124927808	metadata
HEPHL1	11	94067781	metadata
HEPN1	11	124919963	metadata
HIKESHI	11	86324077	metadata
HINFP	11	119128819	metadata
HIPK3	11	33306847	metadata
HMBS	11	119089350	metadata
HNRNPUL2	11	62708829	metadata
HOATZ	11	111525910	metadata
HPS5	11	18300433	metadata
HPX	11	6436833	metadata
HRAS	11	534781	metadata
HSD17B12	11	43768648	metadata
HSPA8	11	123060359	metadata
HSPB2	11	111919803	metadata
HTATIP2	11	20373733	metadata
HTR3A	11	113982694	metadata
HTR3B	11	113926937	metadata
HYLS1	11	125892130	metadata
HYOU1	11	119050707	metadata
IFITM1	11	312656	metadata
IFITM10	11	1741500	metadata
IFITM2	11	306526	metadata
IFITM3	11	324575	metadata
IFITM5	11	298863	metadata
IFT46	11	118558749	metadata
IFTAP	11	36635032	metadata
IGF2	11	2143751	metadata
IGHMBP2	11	68922232	metadata
IGSF22	11	18723521	metadata
IGSF9B	11	133926703	metadata
IL10RA	11	117994703	metadata
IL18	11	112153673	metadata
IL18BP	11	72002964	metadata
ILK	11	6607291	metadata
IMMP1L	11	31471023	metadata
INCENP	11	62139736	metadata
INPPL1	11	72231424	metadata
INS	11	2146873	metadata
INSC	11	15179816	metadata
INTS4	11	77934566	metadata
INTS5	11	62650075	metadata
IPO7	11	9416389	metadata
IRAG1	11	10633539	metadata
IRF7	11	614268	metadata
IZUMO1R	11	94306363	metadata
JAM3	11	134110536	metadata
JAML	11	118209408	metadata
JHY	11	122923272	metadata
JRKL	11	96448781	metadata
KAT5	11	65715800	metadata
KBTBD3	11	106064278	metadata
KBTBD4	11	47575586	metadata
KCNA4	11	30013380	metadata
KCNC1	11	17795789	metadata
KCNE3	11	74461285	metadata
KCNJ1	11	128851844	metadata
KCNJ11	11	17377251	metadata
KCNJ5	11	128890959	metadata
KCNK4	11	64298245	metadata
KCNK7	11	65594416	metadata
KCNQ1	11	2646879	metadata
KCTD14	11	78030953	metadata
KCTD21	11	78163669	metadata
KDM2A	11	67188672	metadata
KDM4D	11	94986614	metadata
KDM4E	11	95026427	metadata
KIAA1549L	11	33525105	metadata
KIF18A	11	28064387	metadata
KIRREL3	11	126713409	metadata
KLC2	11	66262577	metadata
KLHL35	11	75427798	metadata
KMT2A	11	118481644	metadata
KMT5B	11	68184357	metadata
KRTAP5-1	11	1584830	masks
KRTAP5-10	11	71565885	masks
KRTAP5-11	11	71582603	masks
KRTAP5-2	11	1597946	masks
KRTAP5-3	11	1608015	masks
KRTAP5-4	11	1621750	masks
KRTAP5-5	11	1630009	masks
KRTAP5-6	11	1697440	masks
KRTAP5-8	11	71538335	masks
LAMTOR1	11	72094596	metadata
LARGE2	11	45925358	metadata
LAYN	11	111551012	metadata
LBHD1	11	62667542	metadata
LDHA	11	18401492	metadata
LDHAL6A	11	18467712	metadata
LDHC	11	18432190	metadata
LDLRAD3	11	36088058	metadata
LGALS12	11	63511413	metadata
LGR4	11	27419375	metadata
LIN7C	11	27500593	metadata
LIPT2	11	74495949	metadata
LMNTD2	11	557794	metadata
LMO1	11	8246512	metadata
LMO2	11	33875326	metadata
LPXN	11	58552545	metadata
LRFN4	11	66858561	metadata
LRP4	11	46887679	metadata
LRP5	11	68380933	metadata
LRRC10B	11	61509883	metadata
LRRC32	11	76664135	metadata
LRRC4C	11	40786988	metadata
LRRC51	11	72088616	metadata
LRRC55	11	57186732	metadata
LRRC56	11	546219	metadata
LRRN4CL	11	62687968	metadata
LSP1	11	1871585	metadata
LTBP3	11	65548744	metadata
LTO1	11	69664246	metadata
LUZP2	11	24789804	metadata
LYVE1	11	10584327	metadata
MACROD1	11	64082335	metadata
MADD	11	47299596	metadata
MAJIN	11	64954812	metadata
MAML2	11	96159896	metadata
MAP3K11	11	65606569	metadata
MAP4K2	11	64794079	metadata
MAP6	11	75627978	metadata
MAPK8IP1	11	45896058	metadata
MARK2	11	63874974	metadata
MCAM	11	119315025	metadata
MDK	11	46382296	metadata
ME3	11	86556872	metadata
MED17	11	93799595	metadata
MED19	11	57707965	metadata
MEN1	11	64807402	metadata
METTL15	11	28317644	metadata
MFRP	11	119342823	metadata
MICAL2	11	12226576	metadata
MMP1	11	102793780	metadata
MMP10	11	102775565	metadata
MMP12	11	102868859	metadata
MMP13	11	102949363	metadata
MMP20	11	102601082	metadata
MMP26	11	4848607	metadata
MMP27	11	102698628	metadata
MMP3	11	102839705	metadata
MMP7	11	102525629	metadata
MMP8	11	102719423	metadata
MOB2	11	1485352	metadata
MOGAT2	11	75725398	metadata
MPEG1	11	59210718	metadata
MPPED2	11	30485682	metadata
MPZL2	11	118258976	metadata
MPZL3	11	118239527	metadata
MRE11	11	94454727	metadata
MRGPRD	11	68980503	metadata
MRGPRE	11	3228723	metadata
MRGPRF	11	69008822	metadata
MRGPRG	11	3220310	metadata
MRGPRX1	11	18936456	metadata
MRGPRX2	11	19057586	metadata
MRGPRX3	11	18129721	metadata
MRGPRX4	11	18173558	metadata
MRPL11	11	66450906	metadata
MRPL16	11	59808459	metadata
MRPL17	11	6681862	metadata
MRPL21	11	68897555	metadata
MRPL23	11	1965900	metadata
MRPL48	11	73826502	metadata
MRPL49	11	65124777	metadata
MS4A1	11	60463299	metadata
MS4A10	11	60793319	metadata
MS4A12	11	60500104	metadata
MS4A13	11	60529056	metadata
MS4A14	11	60398143	metadata
MS4A15	11	60766800	metadata
MS4A2	11	60093364	metadata
MS4A3	11	60063851	metadata
MS4A4A	11	60251868	metadata
MS4A4E	11	60221703	metadata
MS4A5	11	60442393	metadata
MS4A6A	11	60178136	metadata
MS4A6E	11	60361925	metadata
MS4A7	11	60387218	metadata
MS4A8	11	60707696	metadata
MSANTD2	11	124783602	metadata
MSANTD4	11	106009013	metadata
MTA2	11	62597539	metadata
MTCH2	11	47629961	metadata
MTMR2	11	95873540	metadata
MTNR1B	11	92977358	metadata
MUC15	11	26565647	metadata
MUC2	11	1092693	metadata
MUC5AC	11	1179545	metadata
MUC5B	11	1242619	metadata
MUC6	11	1024770	metadata
MUS81	11	65862389	metadata
MYBPC3	11	47342054	metadata
MYEOV	11	69317916	metadata
MYO7A	11	77171743	metadata
MYOD1	11	17720853	metadata
MYRF	11	61770577	metadata
NAA40	11	63948139	metadata
NAALAD2	11	90162204	metadata
NAALADL1	11	65051685	metadata
NADSYN1	11	71488608	metadata
NAP1L4	11	2968404	metadata
NARS2	11	78505407	metadata
NAT10	11	34126643	metadata
NAV2	11	19736162	metadata
NCAM1	11	113119855	metadata
NCAPD3	11	134187808	metadata
NCR3LG1	11	17364570	metadata
NDUFC2	11	78048418	metadata
NDUFS3	11	47574949	metadata
NDUFS8	11	68033630	metadata
NDUFV1	11	67609103	metadata
NECTIN1	11	119676304	metadata
NELL1	11	21122618	metadata
NEU3	11	75003586	metadata
NFRKB	11	129879613	metadata
NHERF4	11	119187840	metadata
NKAPD1	11	112079618	metadata
NLRP10	11	7961492	metadata
NLRP14	11	7046002	metadata
NLRP6	11	281897	metadata
NLRX1	11	119175292	metadata
NNMT	11	114285661	metadata
NOX4	11	89411270	metadata
NPAS4	11	66423871	metadata
NPAT	11	108188959	metadata
NR1H3	11	47258666	metadata
NRIP3	11	9035934	metadata
NRXN2	11	64664685	metadata
NTM	11	131853650	metadata
NUCB2	11	17279066	metadata
NUDT22	11	64228313	metadata
NUDT8	11	67628937	metadata
NUMA1	11	72041778	metadata
NUP160	11	47813321	metadata
NUP98	11	3734437	metadata
NXF1	11	62799212	metadata
NXPE1	11	114539407	metadata
NXPE2	11	114692798	metadata
NXPE4	11	114583188	metadata
OAF	11	120220683	metadata
OLFML1	11	7498382	metadata
OMP	11	77103085	metadata
OOSP2	11	60044226	metadata
OPCML	11	132973739	metadata
OR10A2	11	6868887	metadata
OR10A3	11	7939439	metadata
OR10A4	11	6877122	metadata
OR10A5	11	6846159	metadata
OR10A6	11	7927930	metadata
OR10AG1	11	55967850	metadata
OR10G4	11	124015864	metadata
OR10G7	11	124038669	metadata
OR10G8	11	124028716	metadata
OR10G9	11	124023480	metadata
OR10Q1	11	58228400	metadata
OR10S1	11	123977221	metadata
OR10V1	11	59713380	metadata
OR10W1	11	58267526	metadata
OR1S1	11	58214402	metadata
OR1S2	11	58203673	metadata
OR2AG1	11	6787289	metadata
OR2AG2	11	6768801	metadata
OR2AT4	11	75089314	metadata
OR2D2	11	6892037	metadata
OR2D3	11	6921498	metadata
OR4A15	11	55368446	metadata
OR4A16	11	55343694	metadata
OR4A47	11	48489257	metadata
OR4A5	11	54707367	metadata
OR4B1	11	48217274	metadata
OR4C11	11	55605002	metadata
OR4C12	11	49982004	metadata
OR4C13	11	49952905	metadata
OR4C15	11	55554863	metadata
OR4C16	11	55572594	metadata
OR4C3	11	48325437	metadata
OR4C46	11	54603533	metadata
OR4C6	11	55664198	metadata
OR4D11	11	59504043	metadata
OR4D5	11	123940095	metadata
OR4D6	11	59457433	metadata
OR4D9	11	59516035	metadata
OR4P4	11	55637711	metadata
OR4S1	11	48306687	metadata
OR4S2	11	55650590	metadata
OR4X1	11	48264319	metadata
OR4X2	11	48245559	metadata
OR51A2	11	4955242	metadata
OR51A4	11	4945218	metadata
OR51A7	11	4906622	metadata
OR51B2	11	5323828	metadata
OR51B4	11	5301480	metadata
OR51B5	11	5404548	metadata
OR51B6	11	5351977	metadata
OR51D1	11	4640268	metadata
OR51E1	11	4649454	metadata
OR51E2	11	4689012	metadata
OR51F1	11	4769458	metadata
OR51F2	11	4821888	metadata
OR51G1	11	4923856	metadata
OR51G2	11	4915969	metadata
OR51I1	11	5441042	metadata
OR51I2	11	5452920	metadata
OR51L1	11	5000193	metadata
OR51M1	11	5388537	metadata
OR51Q1	11	5422658	metadata
OR51S1	11	4848722	metadata
OR51T1	11	4882351	metadata
OR51V1	11	5200208	metadata
OR52A1	11	5150790	metadata
OR52A5	11	5133566	metadata
OR52B2	11	6169840	metadata
OR52B4	11	4367824	metadata
OR52B6	11	5581380	metadata
OR52D1	11	5489217	metadata
OR52E2	11	5059138	metadata
OR52E4	11	5883854	metadata
OR52E6	11	5841440	metadata
OR52E8	11	5857219	metadata
OR52H1	11	5546514	metadata
OR52I1	11	4594526	metadata
OR52I2	11	4587541	metadata
OR52J3	11	5046993	metadata
OR52K1	11	4488071	metadata
OR52K2	11	4449828	metadata
OR52L1	11	5986438	metadata
OR52M1	11	4545667	metadata
OR52N1	11	5788868	metadata
OR52N4	11	5755100	metadata
OR52N5	11	5779760	metadata
OR52R1	11	4803906	metadata
OR52W1	11	6199705	metadata
OR56A1	11	6026837	metadata
OR56A3	11	5945049	metadata
OR56A4	11	6003195	metadata
OR56A5	11	5968023	metadata
OR56B1	11	5737485	metadata
OR56B4	11	6108259	metadata
OR5A1	11	59443924	metadata
OR5A2	11	59421691	metadata
OR5AK2	11	56989378	metadata
OR5AN1	11	59365304	metadata
OR5AP2	11	56641964	metadata
OR5AR1	11	56664152	metadata
OR5AS1	11	56032922	metadata
OR5B12	11	58440615	metadata
OR5B17	11	58358596	metadata
OR5B2	11	58424679	metadata
OR5B21	11	58507456	metadata
OR5B3	11	58404669	metadata
OR5D13	11	55773910	metadata
OR5D14	11	55796028	metadata
OR5D16	11	55839245	metadata
OR5D18	11	55820100	metadata
OR5F1	11	55994153	metadata
OR5I1	11	55935928	metadata
OR5J2	11	56177087	metadata
OR5L1	11	55811921	metadata
OR5L2	11	55827686	metadata
OR5M1	11	56612055	metadata
OR5M10	11	56577247	metadata
OR5M11	11	56542798	metadata
OR5M3	11	56471313	metadata
OR5M8	11	56490902	metadata
OR5M9	11	56462935	metadata
OR5P2	11	7796458	metadata
OR5P3	11	7827829	metadata
OR5T1	11	56275486	metadata
OR5T2	11	56232768	metadata
OR5T3	11	56252738	metadata
OR5W2	11	55914116	metadata
OR6A2	11	6795712	metadata
OR6M1	11	123805878	metadata
OR6Q1	11	58031429	metadata
OR6T1	11	123943352	metadata
OR6X1	11	123754049	metadata
OR8A1	11	124574801	metadata
OR8B12	11	124542484	metadata
OR8B2	11	124383446	metadata
OR8B3	11	124397279	metadata
OR8B4	11	124424406	metadata
OR8B8	11	124441570	metadata
OR8D1	11	124308965	metadata
OR8D2	11	124319729	metadata
OR8D4	11	123905698	metadata
OR8G1	11	124247729	metadata
OR8G5	11	124261300	metadata
OR8H1	11	56290358	metadata
OR8H2	11	56105672	metadata
OR8H3	11	56122842	metadata
OR8I2	11	56093774	metadata
OR8J1	11	56357901	metadata
OR8J3	11	56137461	metadata
OR8K1	11	56346518	metadata
OR8K3	11	56317891	metadata
OR8K5	11	56159855	metadata
OR8U1	11	56376088	metadata
OR8U3	11	56417745	metadata
OR9G1	11	56701489	metadata
OR9G4	11	56744960	metadata
OR9I1	11	58121136	metadata
OR9Q1	11	58102748	metadata
OR9Q2	11	58191561	metadata
OSBP	11	59595086	metadata
OSBPL5	11	3126923	metadata
OTOG	11	17597204	metadata
OTUB1	11	63993832	metadata
OVCH2	11	7697957	metadata
OVOL1	11	65792138	metadata
P2RX3	11	57355374	metadata
P2RY2	11	73230354	metadata
P2RY6	11	73284800	metadata
P4HA3	11	74273720	metadata
PAAF1	11	73903906	metadata
PACS1	11	66157508	metadata
PACSIN3	11	47181982	metadata
PAFAH1B2	11	117160589	metadata
PAK1	11	77398326	metadata
PAMR1	11	35481061	metadata
PANX1	11	94155404	metadata
PANX3	11	124615892	metadata
PARVA	11	12456459	metadata
PATE1	11	125748073	metadata
PATE2	11	125777470	metadata
PATE3	11	125789863	metadata
PATE4	11	125836694	metadata
PATL1	11	59652876	metadata
PAX6	11	31801370	metadata
PC	11	66903401	metadata
PCF11	11	83172219	metadata
PCNX3	11	65626607	metadata
PCSK7	11	117218431	metadata
PDE2A	11	72625366	metadata
PDE3B	11	14757924	metadata
PDGFD	11	104035784	metadata
PDHX	11	34968210	metadata
PELI3	11	66471832	metadata
PEX16	11	45914237	metadata
PGA3	11	61208202	metadata
PGA4	11	61227020	metadata
PGA5	11	61246309	metadata
PGAP2	11	3812047	metadata
PGGHG	11	292616	metadata
PGM2L1	11	74364374	metadata
PGR	11	101234786	metadata
PHF21A	11	46025386	metadata
PHLDA2	11	2928846	metadata
PHLDB1	11	118632235	metadata
PHOX2A	11	72242370	metadata
PHRF1	11	594346	metadata
PICALM	11	86013528	metadata
PIDD1	11	804466	metadata
PIH1D2	11	112068746	metadata
PIK3C2A	11	17142858	metadata
PITPNM1	11	67499011	metadata
PIWIL4	11	94642859	metadata
PKNOX2	11	125299038	metadata
PKP3	11	398761	metadata
PLAAT2	11	63558074	metadata
PLAAT3	11	63595039	metadata
PLAAT4	11	63542808	metadata
PLAAT5	11	63476299	metadata
PLCB3	11	64260340	metadata
PLEKHA7	11	16895856	metadata
PLEKHB1	11	73654498	metadata
PLET1	11	112254506	metadata
PNPLA2	11	822243	metadata
POGLUT3	11	108485258	metadata
POLA2	11	65283936	metadata
POLD3	11	74581484	metadata
POLD4	11	67353872	metadata
POLR2G	11	62764137	metadata
POLR2L	11	839942	metadata
POU2AF1	11	111403942	metadata
POU2AF2	11	111266063	metadata
POU2AF3	11	111303640	metadata
POU2F3	11	120278292	metadata
PPFIA1	11	70328001	metadata
PPFIBP2	11	7585212	metadata
PPME1	11	74212985	metadata
PPP1CA	11	67409682	metadata
PPP1R14B	11	64245711	metadata
PPP2R1B	11	111746648	metadata
PPP2R5B	11	64926014	metadata
PPP6R3	11	68538032	metadata
PRCP	11	82896760	metadata
PRDM10	11	129951270	metadata
PRDM11	11	45165458	metadata
PRDX5	11	64319966	metadata
PRG2	11	57388715	metadata
PRG3	11	57378959	metadata
PRMT3	11	20448448	metadata
PRPF19	11	60898566	metadata
PRR5L	11	36380746	metadata
PRRG4	11	32844023	metadata
PRSS23	11	86871984	metadata
PSMA1	11	14573923	metadata
PSMC3	11	47422621	metadata
PSMD13	11	244975	metadata
PTDSS2	11	469833	metadata
PTGDR2	11	60853441	metadata
PTH	11	13494117	metadata
PTPMT1	11	47569445	metadata
PTPN5	11	18760324	metadata
PTPRCAP	11	67436596	metadata
PTPRJ	11	48075632	metadata
PTS	11	112248161	metadata
PUS3	11	125898353	metadata
PYGM	11	64753181	metadata
QSER1	11	32943063	metadata
RAB1B	11	66273041	metadata
RAB30	11	83022528	metadata
RAB38	11	88144347	metadata
RAB39A	11	107945965	metadata
RAB3IL1	11	61908785	metadata
RAB6A	11	73718387	metadata
RAD9A	11	67358140	metadata
RAG1	11	36551764	metadata
RAG2	11	36586926	metadata
RAPSN	11	47443453	metadata
RASGRP2	11	64736183	metadata
RASSF10	11	12994590	metadata
RASSF7	11	562214	metadata
RBM14	11	66631547	metadata
RBM4	11	66653520	metadata
RBM4B	11	66671442	metadata
RBM7	11	114407116	metadata
RBMXL2	11	7090073	metadata
RCE1	11	66844693	metadata
RCN1	11	32098398	metadata
RCOR2	11	63914197	metadata
RDX	11	110080503	metadata
RELA	11	65683256	metadata
RELT	11	73386936	metadata
REXO2	11	114444857	metadata
RHOD	11	67064432	metadata
RHOG	11	3833968	metadata
RIC3	11	8137555	metadata
RIC8A	11	211410	metadata
RIN1	11	66333540	metadata
RNASEH2C	11	65717411	metadata
RNF121	11	71963307	metadata
RNF141	11	10526451	metadata
RNF169	11	74795631	metadata
RNF214	11	117259539	metadata
RNF26	11	119335918	metadata
RNH1	11	500906	metadata
ROBO3	11	124873451	metadata
ROBO4	11	124891095	metadata
ROM1	11	62613419	metadata
RPL27A	11	8698773	metadata
RPLP2	11	809160	metadata
RPS13	11	17076051	metadata
RPS25	11	119017201	metadata
RPS3	11	75410897	metadata
RPS6KA4	11	64365681	metadata
RPS6KB2	11	67431930	metadata
RPUSD4	11	126206894	metadata
RRAS2	11	14321214	metadata
RRM1	11	4116819	metadata
RRP8	11	6599344	metadata
RSF1	11	77740439	metadata
RTN3	11	63720668	metadata
RTN4RL2	11	57469031	metadata
SAA1	11	18268118	metadata
SAA2	11	18240029	metadata
SAA4	11	18234078	metadata
SAAL1	11	18088011	metadata
SAC3D1	11	65042864	metadata
SART1	11	65970932	metadata
SAXO4	11	61486025	metadata
SBF2	11	10040826	metadata
SC5D	11	121303045	metadata
SCGB1A1	11	62414149	metadata
SCGB1C1	11	193826	metadata
SCGB1D2	11	62243525	metadata
SCGB1D4	11	62297678	metadata
SCGB2A1	11	62211308	metadata
SCGB2A2	11	62271659	metadata
SCN2B	11	118169722	metadata
SCN3B	11	123642215	metadata
SCN4B	11	118143132	metadata
SCT	11	626745	metadata
SCUBE2	11	9078795	metadata
SCYL1	11	65531890	metadata
SDHAF2	11	61438440	metadata
SDHD	11	112103420	metadata
SELENOH	11	57742522	metadata
SERGEF	11	17900547	metadata
SERPING1	11	57608279	metadata
SERPINH1	11	75567419	metadata
SESN3	11	95199027	metadata
SF1	11	64771696	metadata
SF3B2	11	66060018	metadata
SHANK2	11	70860215	metadata
SIAE	11	124664410	metadata
SIDT2	11	117188090	metadata
SIGIRR	11	411585	metadata
SIK2	11	111666652	metadata
SIK3	11	116970919	metadata
SIPA1	11	65644509	metadata
SIRT3	11	225980	metadata
SLC15A3	11	60944856	metadata
SLC17A6	11	22310987	metadata
SLC1A2	11	35335634	metadata
SLC22A10	11	63289902	metadata
SLC22A11	11	64564282	metadata
SLC22A12	11	64596497	metadata
SLC22A18	11	2912483	metadata
SLC22A24	11	63112080	metadata
SLC22A25	11	63201018	metadata
SLC22A6	11	62960676	metadata
SLC22A8	11	63002497	metadata
SLC22A9	11	63390039	metadata
SLC25A22	11	794378	metadata
SLC25A45	11	65379446	metadata
SLC29A2	11	66367367	metadata
SLC35C1	11	45808544	metadata
SLC35F2	11	107859642	metadata
SLC36A4	11	93171082	metadata
SLC37A2	11	125076909	metadata
SLC37A4	11	119027328	metadata
SLC39A13	11	47395439	metadata
SLC3A2	11	62872442	metadata
SLC43A1	11	57500157	metadata
SLC43A3	11	57417267	metadata
SLC5A12	11	26695223	metadata
SLC6A5	11	20629439	metadata
SLCO2B1	11	75153556	metadata
SLN	11	107713535	metadata
SMCO4	11	93510931	metadata
SMPD1	11	6392719	metadata
SMTNL1	11	57543933	metadata
SNX15	11	65034005	metadata
SNX19	11	130891364	metadata
SNX32	11	65845365	metadata
SORL1	11	121543038	metadata
SOX6	11	16353020	metadata
SPA17	11	124685681	metadata
SPATA19	11	133843084	metadata
SPCS2	11	74964147	metadata
SPDYC	11	65171803	metadata
SPI1	11	47382114	metadata
SPINDOC	11	63820586	metadata
SPON1	11	14115428	metadata
SPTBN2	11	66713583	metadata
SPTY2D1	11	18620597	metadata
SRPRA	11	126266041	metadata
SRSF8	11	95069072	metadata
SSH3	11	67308042	metadata
SSRP1	11	57330939	metadata
ST14	11	130185072	metadata
ST3GAL4	11	126397992	metadata
STARD10	11	72774388	metadata
STIM1	11	3973868	metadata
STIP1	11	64194907	metadata
STK33	11	8493078	metadata
STT3A	11	125608463	metadata
STX3	11	59759669	metadata
STX5	11	62819455	metadata
SVIP	11	22822049	metadata
SWAP70	11	9708535	metadata
SYT12	11	67028820	metadata
SYT13	11	45263321	metadata
SYT7	11	61547431	metadata
SYT8	11	1832914	metadata
SYT9	11	7353910	metadata
SYTL2	11	85752691	metadata
SYVN1	11	65128156	metadata
TAF10	11	6609416	metadata
TAF1D	11	93757169	metadata
TAF6L	11	62779349	metadata
TAGLN	11	117203417	metadata
TALDO1	11	756213	metadata
TBC1D10C	11	67407002	metadata
TBCEL	11	121068616	metadata
TBRG1	11	124629381	metadata
TBX10	11	67635533	metadata
TCIRG1	11	68044960	metadata
TCN1	11	59859644	metadata
TCP11L1	11	33072680	metadata
TEAD1	11	12809579	metadata
TECTA	11	121146366	metadata
TENM4	11	79046929	metadata
TESMIN	11	68729480	metadata
TEX12	11	112169964	metadata
TH	11	2167872	metadata
THAP12	11	76365515	metadata
THRSP	11	78066106	metadata
THY1	11	119420230	metadata
THYN1	11	134250824	metadata
TIGD3	11	65356182	metadata
TIMM10	11	57529633	metadata
TIMM10B	11	6483091	metadata
TIMM8B	11	112085799	metadata
TIRAP	11	126290671	metadata
TKFC	11	61343257	metadata
TLCD5	11	120329491	metadata
TM7SF2	11	65114114	metadata
TMEM109	11	60918675	metadata
TMEM123	11	102433358	metadata
TMEM126A	11	85652257	metadata
TMEM126B	11	85632556	metadata
TMEM132A	11	60930809	metadata
TMEM134	11	67465491	metadata
TMEM135	11	87183334	metadata
TMEM138	11	61369927	metadata
TMEM151A	11	66294279	metadata
TMEM179B	11	62788901	metadata
TMEM216	11	61395629	metadata
TMEM218	11	125103076	metadata
TMEM223	11	62781817	metadata
TMEM225	11	123884295	metadata
TMEM25	11	118539160	metadata
TMEM258	11	61780651	metadata
TMEM262	11	65087177	metadata
TMEM41B	11	9297645	metadata
TMEM45B	11	129837925	metadata
TMEM80	11	700309	metadata
TMEM86A	11	18698953	metadata
TMEM9B	11	8956106	metadata
TMPRSS13	11	117915050	metadata
TMPRSS4	11	118101261	metadata
TMPRSS5	11	113696960	metadata
TMX2	11	57727783	metadata
TNKS1BP1	11	57312295	metadata
TNNI2	11	1840330	metadata
TNNT3	11	1929204	metadata
TOLLIP	11	1292012	metadata
TOMT	11	72107760	metadata
TOP6BL	11	66793983	metadata
TP53AIP1	11	128939065	metadata
TP53I11	11	44918604	metadata
TPBGL	11	75223603	metadata
TPCN2	11	69092624	metadata
TPH1	11	18031912	metadata
TPP1	11	6616108	metadata
TRAF6	11	36497020	metadata
TRAPPC4	11	119022108	metadata
TREH	11	118668503	metadata
TRIM21	11	4389299	metadata
TRIM22	11	5713349	metadata
TRIM29	11	120148407	metadata
TRIM3	11	6461536	metadata
TRIM34	11	5632081	metadata
TRIM44	11	35740391	metadata
TRIM48	11	55266634	metadata
TRIM49	11	89803115	metadata
TRIM49B	11	49032976	metadata
TRIM49C	11	90036565	metadata
TRIM49D1	11	89916678	metadata
TRIM5	11	5800907	metadata
TRIM51	11	55887553	metadata
TRIM6	11	5620561	metadata
TRIM64	11	89970054	metadata
TRIM64B	11	89874462	metadata
TRIM64C	11	49056413	metadata
TRIM66	11	8647365	metadata
TRIM68	11	4603451	metadata
TRIM77	11	89714085	metadata
TRMT112	11	64317267	metadata
TRPC6	11	101662063	metadata
TRPM5	11	2424514	metadata
TRPT1	11	64225026	metadata
TSG101	11	18497643	metadata
TSGA10IP	11	65952723	metadata
TSKU	11	76790202	metadata
TSPAN18	11	44829444	metadata
TSPAN32	11	2310100	metadata
TSPAN4	11	854964	metadata
TSSC4	11	2402183	metadata
TTC12	11	113349061	metadata
TTC17	11	43426926	metadata
TTC36	11	118520707	metadata
TTC9C	11	62734181	metadata
TUB	11	8062743	metadata
TUT1	11	62583341	metadata
TYR	11	89236817	metadata
UBASH3B	11	122735097	metadata
UBE2L6	11	57559970	metadata
UBE4A	11	118379405	metadata
UBQLN3	11	5508629	metadata
UBQLNL	11	5516412	metadata
UBTFL1	11	90086540	metadata
UBXN1	11	62677807	metadata
UCP2	11	73978452	metadata
UCP3	11	74004681	metadata
UEVLD	11	18559178	metadata
UNC93B1	11	67998041	metadata
UPK2	11	118941861	metadata
UQCC3	11	62671979	metadata
USH1C	11	17519155	metadata
USP2	11	119507875	metadata
USP28	11	113836723	metadata
USP35	11	78202022	metadata
USP47	11	11901655	metadata
UVRAG	11	75979721	metadata
VEGFB	11	64236924	metadata
VPS11	11	119074895	metadata
VPS26B	11	134236229	metadata
VPS37C	11	61145936	metadata
VPS51	11	65100593	metadata
VSIG10L2	11	125952345	metadata
VSIG2	11	124749864	metadata
VSTM5	11	93834425	metadata
VWA5A	11	124131562	metadata
VWCE	11	61276801	metadata
WDR74	11	62837075	metadata
WEE1	11	9583563	metadata
WNT11	11	76198530	metadata
WT1	11	32467984	metadata
XNDC1N	11	71866826	metadata
XRRA1	11	74878469	metadata
YAP1	11	102171935	metadata
YIF1A	11	66286878	metadata
YPEL4	11	57647515	metadata
ZBED5	11	10960419	metadata
ZBTB16	11	114157903	metadata
ZBTB3	11	62751251	metadata
ZBTB44	11	130380158	metadata
ZC3H12C	11	110132616	metadata
ZDHHC13	11	19146760	metadata
ZDHHC24	11	66533436	metadata
ZDHHC5	11	57684464	metadata
ZFP91	11	58601905	metadata
ZFPL1	11	65086304	metadata
ZFTA	11	63764333	metadata
ZNF143	11	9494421	metadata
ZNF195	11	3359241	metadata
ZNF202	11	123732794	metadata
ZNF214	11	7008715	metadata
ZNF215	11	6963704	metadata
ZNF408	11	46703471	metadata
ZNHIT2	11	65117052	metadata
ZNRD2	11	65568551	metadata
ZP1	11	60871617	metadata
ZPR1	11	116780919	metadata
ZW10	11	113753461	metadata
A2M	12	9091946	metadata
A2ML1	12	8854811	metadata
AAAS	12	53316160	metadata
AACS	12	125104383	metadata
ABCB9	12	122951300	metadata
ABCC9	12	21869966	metadata
ABCD2	12	39584918	metadata
ABTB3	12	107489031	metadata
ACACB	12	109192406	metadata
ACAD10	12	111721580	metadata
ACADS	12	120732891	metadata
ACRBP	12	6642754	metadata
ACSM4	12	7316395	metadata
ACSS3	12	81098812	metadata
ACTR6	12	100220493	metadata
ACVR1B	12	51974388	metadata
ACVRL1	12	51915134	metadata
ADAMTS20	12	43453034	metadata
ADCY6	12	48777641	metadata
ADGRD1	12	131047688	metadata
ADIPOR2	12	1738624	metadata
AEBP2	12	19562423	metadata
AGAP2	12	57732959	metadata
AICDA	12	8607698	metadata
AKAP3	12	4632279	metadata
ALDH1L2	12	105063713	metadata
ALDH2	12	111792209	metadata
ALG10	12	34026081	metadata
ALG10B	12	38323241	metadata
ALKBH2	12	109090909	metadata
ALX1	12	85291002	metadata
AMDHD1	12	95956025	metadata
AMHR2	12	53427763	metadata
AMIGO2	12	47077833	metadata
AMN1	12	31700131	metadata
ANAPC5	12	121354070	metadata
ANAPC7	12	110388315	metadata
ANHX	12	133227094	metadata
ANKLE2	12	132743667	metadata
ANKRD13A	12	110019474	metadata
ANKRD33	12	51889868	metadata
ANKRD52	12	56248095	metadata
ANKS1B	12	99355696	metadata
ANO2	12	5739050	metadata
ANO4	12	100923083	metadata
ANO6	12	45349133	metadata
ANP32D	12	48473090	metadata
APAF1	12	98690291	metadata
APOBEC1	12	7657654	metadata
APOF	12	56361712	metadata
APOLD1	12	12777946	metadata
APPL2	12	105204750	metadata
AQP2	12	49954807	metadata
AQP5	12	49963525	metadata
AQP6	12	49972166	metadata
ARF3	12	48946605	metadata
ARHGAP9	12	57480539	metadata
ARHGDIB	12	14951879	metadata
ARHGEF25	12	57613712	metadata
ARID2	12	45818873	metadata
ARL1	12	101400444	metadata
ARL6IP4	12	122981486	metadata
ARPC3	12	110442622	metadata
ART4	12	14834547	metadata
ASB8	12	48164501	metadata
ASCL1	12	102959093	metadata
ASCL4	12	107775674	metadata
ASIC1	12	50070579	metadata
ATF1	12	50792436	metadata
ATF7	12	53566335	metadata
ATF7IP	12	14434303	metadata
ATG101	12	52073370	metadata
ATN1	12	6933392	metadata
ATP23	12	57932593	metadata
ATP2A2	12	110315924	metadata
ATP2B1	12	89925850	metadata
ATP5F1B	12	56642079	metadata
ATP5MC2	12	53655067	metadata
ATP6V0A2	12	123737054	metadata
ATXN2	12	111521580	metadata
ATXN7L3B	12	74541632	metadata
AVIL	12	57808055	metadata
AVPR1A	12	63146980	metadata
B3GNT4	12	122206316	metadata
B4GALNT1	12	57628324	metadata
B4GALNT3	12	511724	metadata
BAZ2A	12	56616206	metadata
BBS10	12	76346444	metadata
BCAT1	12	24879562	metadata
BCDIN3D	12	49834528	metadata
BCL2L14	12	12130464	metadata
BCL7A	12	122040733	metadata
BEST3	12	69671418	metadata
BHLHE41	12	26122533	metadata
BICD1	12	32245234	metadata
BICDL1	12	120041865	metadata
BIN2	12	51302853	metadata
BLOC1S1	12	55718062	metadata
BLTP3B	12	100085664	metadata
BMAL2	12	27379062	metadata
BORCS5	12	12414155	metadata
BRAP	12	111664051	metadata
BRI3BP	12	125012438	metadata
BTG1	12	92198727	metadata
C12orf42	12	103366784	metadata
C12orf43	12	121008494	metadata
C12orf50	12	88007036	metadata
C12orf54	12	48489511	metadata
C12orf56	12	64327760	metadata
C12orf57	12	6944490	metadata
C12orf60	12	14855126	metadata
C12orf71	12	27081817	metadata
C12orf75	12	105315693	metadata
C12orf76	12	110050332	metadata
C1QL4	12	49334798	metadata
C1R	12	7086377	metadata
C1RL	12	7099412	metadata
C1S	12	7029645	metadata
C2CD5	12	22514055	metadata
C3AR1	12	8061601	metadata
CABP1	12	120653975	metadata
CACNA1C	12	2334361	metadata
CACNA2D4	12	1855314	metadata
CACNB3	12	48821367	metadata
CALCOCO1	12	53718131	metadata
CAMKK2	12	121267991	metadata
CAND1	12	67294655	metadata
CAPRIN2	12	30766427	metadata
CAPS2	12	75333453	metadata
CAPZA3	12	18738653	metadata
CBX5	12	54255537	metadata
CCDC184	12	48184785	metadata
CCDC38	12	95904841	metadata
CCDC59	12	82291243	metadata
CCDC60	12	119437876	metadata
CCDC62	12	122801027	metadata
CCDC63	12	110877152	metadata
CCDC65	12	48917975	metadata
CCDC77	12	415957	metadata
CCDC91	12	28357380	metadata
CCDC92	12	123945745	metadata
CCER1	12	90930399	metadata
CCND2	12	4287562	metadata
CCNT1	12	48702728	metadata
CCT2	12	69593498	metadata
CD163	12	7487352	metadata
CD163L1	12	7413291	metadata
CD27	12	6445546	metadata
CD4	12	6803828	metadata
CD63	12	55727515	metadata
CD69	12	9756693	metadata
CD9	12	6218993	metadata
CDCA3	12	6848042	metadata
CDK17	12	96339370	metadata
CDK2	12	55969785	metadata
CDK2AP1	12	123261223	metadata
CDK4	12	57751870	metadata
CDKN1B	12	12703933	metadata
CELA1	12	51337560	metadata
CEP290	12	88095557	metadata
CEP83	12	94383218	metadata
CERS5	12	50148411	metadata
CFAP251	12	121961259	metadata
CFAP54	12	96682563	metadata
CFAP73	12	113154500	metadata
CHD4	12	6592303	metadata
CHFR	12	132889245	metadata
CHPT1	12	101720543	metadata
CHST11	12	104608654	metadata
CIT	12	119781555	metadata
CKAP4	12	106271080	metadata
CLEC12A	12	9973505	metadata
CLEC12B	12	10014711	metadata
CLEC1A	12	10090590	metadata
CLEC1B	12	9999533	metadata
CLEC2A	12	9915521	metadata
CLEC2B	12	9860877	metadata
CLEC2D	12	9682261	metadata
CLEC4A	12	8131112	metadata
CLEC4C	12	7740494	metadata
CLEC4D	12	8515920	metadata
CLEC4E	12	8537105	metadata
CLEC6A	12	8467146	metadata
CLEC7A	12	10123517	metadata
CLEC9A	12	10048354	metadata
CLIP1	12	122347050	metadata
CLSTN3	12	7144321	metadata
CMAS	12	22055946	metadata
CMKLR1	12	108313680	metadata
CNOT2	12	70298997	metadata
CNPY2	12	56309015	metadata
CNTN1	12	40882427	metadata
COL2A1	12	47988760	metadata
COPS7A	12	6727944	metadata
COPZ1	12	54326524	metadata
COQ10A	12	56268928	metadata
COQ5	12	120518856	metadata
CORO1C	12	108688317	metadata
COX14	12	50116269	metadata
COX6A1	12	120439413	metadata
CPM	12	68906883	metadata
CPNE8	12	38777126	metadata
CPSF6	12	69256963	metadata
CRACR2A	12	3685726	metadata
CRADD	12	93786107	metadata
CREBL2	12	12628467	metadata
CRY1	12	107042456	metadata
CS	12	56286045	metadata
CSAD	12	53169294	metadata
CSRNP2	12	51072434	metadata
CSRP2	12	76868866	metadata
CTDSP2	12	57833328	metadata
CUX2	12	111192359	metadata
CYP27B1	12	57765660	metadata
DAO	12	108879987	metadata
DAZAP2	12	51255043	metadata
DBX2	12	45120687	metadata
DCD	12	54646541	metadata
DCN	12	91161850	metadata
DCP1B	12	1975294	metadata
DCTN2	12	57538428	metadata
DDIT3	12	57519162	metadata
DDN	12	49008805	metadata
DDX11	12	31046640	metadata
DDX23	12	48841299	metadata
DDX47	12	12821648	metadata
DDX51	12	132140456	metadata
DDX54	12	113171326	metadata
DDX55	12	123611510	metadata
DENND5B	12	31486681	metadata
DENR	12	122761944	metadata
DEPDC4	12	100235374	metadata
DERA	12	15974341	metadata
DGKA	12	55940673	metadata
DHH	12	49090728	metadata
DHX37	12	124967978	metadata
DIABLO	12	122216865	metadata
DIP2B	12	50626821	metadata
DNAH10	12	123848954	metadata
DNAI7	12	25151725	metadata
DNAJC14	12	55825892	metadata
DNAJC22	12	49352217	metadata
DNM1L	12	32712425	metadata
DPPA3	12	7714496	metadata
DPY19L2	12	63613926	metadata
DRAM1	12	101944855	metadata
DTX1	12	113077379	metadata
DTX3	12	57607213	metadata
DUSP16	12	12518072	metadata
DUSP6	12	89349868	metadata
DYNLL1	12	120484171	metadata
DYRK2	12	67656872	metadata
DYRK4	12	4588755	metadata
E2F7	12	77043408	metadata
EEA1	12	92849984	metadata
EEF1AKMT3	12	57777016	metadata
EID3	12	104304472	metadata
EIF2B1	12	123627086	metadata
EIF4B	12	53024248	metadata
ELK3	12	96232099	metadata
EMG1	12	6975424	metadata
EMP1	12	13208332	metadata
ENDOU	12	47717650	metadata
ENO2	12	6918721	metadata
EP400	12	132015201	metadata
EPS8	12	15751231	metadata
EPYC	12	90984354	metadata
ERBB3	12	56090152	metadata
ERC1	12	1243221	metadata
ERGIC2	12	29359270	metadata
ERP27	12	14926288	metadata
ERP29	12	112018398	metadata
ESPL1	12	53280968	metadata
ESYT1	12	56131462	metadata
ETFBKMT	12	31660137	metadata
ETFRF1	12	25202430	metadata
ETNK1	12	22657870	metadata
ETV6	12	11772525	metadata
FAIM2	12	49885556	metadata
FAM186A	12	50361426	metadata
FAM186B	12	49594262	metadata
FAM216A	12	110479400	metadata
FAM222A	12	109742160	metadata
FAM234B	12	13093451	metadata
FAM90A1	12	8224439	metadata
FAR2	12	29245068	metadata
FBRSL1	12	132537369	metadata
FBXL14	12	1580287	metadata
FBXO21	12	117166230	metadata
FBXW8	12	116971724	metadata
FERRY3	12	4513121	metadata
FGD4	12	32522804	metadata
FGD6	12	95147115	metadata
FGF23	12	4373969	metadata
FGF6	12	4436985	metadata
FGFR1OP2	12	26952560	metadata
FICD	12	108520557	metadata
FIGNL2	12	51833308	metadata
FKBP11	12	48923996	metadata
FKBP4	12	2800196	metadata
FMNL3	12	49672332	metadata
FOXJ2	12	8044116	metadata
FOXM1	12	2867427	metadata
FOXN4	12	109293631	metadata
FRS2	12	69525071	metadata
FZD10	12	130153905	metadata
GABARAPL1	12	10217793	metadata
GALNT4	12	89522104	metadata
GALNT6	12	51372057	metadata
GALNT8	12	4786163	metadata
GALNT9	12	132262980	metadata
GAPDH	12	6529704	metadata
GARIN6	12	99648933	metadata
GAS2L3	12	100600985	metadata
GATC	12	120455096	metadata
GCN1	12	120160958	metadata
GDF11	12	55750193	metadata
GDF3	12	7692779	metadata
GIT2	12	109963096	metadata
GLI1	12	57466026	metadata
GLIPR1	12	75492308	metadata
GLIPR1L1	12	75352615	metadata
GLIPR1L2	12	75411888	metadata
GLS2	12	56479679	metadata
GLT1D1	12	128919197	metadata
GLT8D2	12	104026585	metadata
GLTP	12	109865743	metadata
GNB3	12	6843673	metadata
GNPTAB	12	101788229	metadata
GNS	12	64736438	metadata
GOLGA3	12	132799022	metadata
GOLT1B	12	21510094	metadata
GPD1	12	50107647	metadata
GPN3	12	110460877	metadata
GPR162	12	6825798	metadata
GPR182	12	56996469	metadata
GPR19	12	12678548	metadata
GPR84	12	54425058	metadata
GPRC5A	12	12904359	metadata
GPRC5D	12	12974869	metadata
GRIN2B	12	13709972	metadata
GRIP1	12	66708296	metadata
GSG1	12	13093607	metadata
GTF2H3	12	123648171	metadata
GTSF1	12	54464776	metadata
GUCY2C	12	14728265	metadata
GXYLT1	12	42113359	metadata
GYS2	12	21570477	metadata
H1-7	12	48329614	masks
H2AJ	12	14776203	metadata
H3-5	12	31791962	masks
H4C16	12	14769565	metadata
HAL	12	95984513	metadata
HCAR1	12	122728460	metadata
HCAR2	12	122702325	metadata
HCAR3	12	122715783	metadata
HCFC2	12	104085527	metadata
HDAC7	12	47807927	metadata
HEBP1	12	12987567	metadata
HECTD4	12	112271313	metadata
HELB	12	66323068	metadata
HIGD1C	12	50961572	metadata
HIP1R	12	122848707	metadata
HMGA2	12	65895375	metadata
HNF1A	12	120961345	metadata
HNRNPA1	12	54283640	metadata
HOXC10	12	53987672	metadata
HOXC11	12	53975384	metadata
HOXC12	12	53956929	metadata
HOXC13	12	53942687	metadata
HOXC4	12	54036480	metadata
HOXC5	12	54034205	metadata
HOXC6	12	54010723	metadata
HOXC8	12	54010877	metadata
HOXC9	12	53999116	metadata
HPD	12	121851561	metadata
HRK	12	116868792	metadata
HSD17B6	12	56769975	metadata
HSP90B1	12	103942019	metadata
HSPB8	12	119198205	metadata
HVCN1	12	110666395	metadata
IAPP	12	21367469	metadata
IFFO1	12	6547517	metadata
IFNG	12	68112066	metadata
IFT81	12	110171564	metadata
IGF1	12	102438809	metadata
IGFBP6	12	53099890	metadata
IKBIP	12	98629259	metadata
IKZF4	12	56023047	metadata
IL22	12	68250923	metadata
IL23A	12	56337292	metadata
IL26	12	68213579	metadata
IL31	12	122173125	metadata
ING4	12	6656721	metadata
INHBC	12	57443423	metadata
INHBE	12	57455801	metadata
INTS13	12	26921753	metadata
IPO8	12	30662428	metadata
IQCD	12	113208267	metadata
IQSEC3	12	122611	metadata
IRAG2	12	25056338	metadata
IRAK3	12	66221908	metadata
IRAK4	12	43778625	metadata
ISCU	12	108565975	metadata
ITFG2	12	2740722	metadata
ITGA5	12	54407263	metadata
ITGA7	12	55700486	metadata
ITGB7	12	53199302	metadata
ITPR2	12	26584273	metadata
KANSL2	12	48667724	metadata
KCNA1	12	4914080	metadata
KCNA5	12	5045333	metadata
KCNA6	12	4811326	metadata
KCNC2	12	75124958	metadata
KCNH3	12	49548683	metadata
KCNJ8	12	21770277	metadata
KCTD10	12	109463007	metadata
KDM2B	12	121505687	metadata
KDM5A	12	334688	metadata
KERA	12	91054257	metadata
KICS2	12	64204306	metadata
KIF21A	12	39368309	metadata
KIF5A	12	57566329	metadata
KITLG	12	88536822	metadata
KLHL42	12	27791544	metadata
KLRB1	12	9601233	metadata
KLRC1	12	10448474	metadata
KLRC2	12	10434577	metadata
KLRC3	12	10416455	metadata
KLRC4	12	10391249	metadata
KLRD1	12	10277833	metadata
KLRF1	12	9836244	metadata
KLRF2	12	9888661	metadata
KLRG1	12	8980402	metadata
KLRK1	12	10381057	metadata
KMT2D	12	49039884	metadata
KMT5A	12	123396742	metadata
KNTC1	12	122576821	metadata
KRAS	12	25228091	metadata
KRR1	12	75501249	metadata
KRT1	12	52677571	metadata
KRT18	12	52950888	metadata
KRT2	12	52648384	metadata
KRT3	12	52792901	metadata
KRT4	12	52810332	metadata
KRT5	12	52517552	metadata
KRT6A	12	52490216	metadata
KRT6B	12	52449398	metadata
KRT6C	12	52471160	metadata
KRT7	12	52242353	metadata
KRT71	12	52548527	metadata
KRT72	12	52593563	metadata
KRT73	12	52608386	metadata
KRT74	12	52569812	metadata
KRT75	12	52429220	metadata
KRT76	12	52772750	metadata
KRT77	12	52696575	metadata
KRT78	12	52843448	metadata
KRT79	12	52827859	metadata
KRT8	12	52923570	metadata
KRT80	12	52180505	metadata
KRT81	12	52288723	metadata
KRT82	12	52400133	metadata
KRT83	12	52317849	metadata
KRT84	12	52381732	metadata
KRT85	12	52363743	metadata
KRT86	12	52279231	metadata
KSR2	12	117711001	metadata
LACRT	12	54632853	metadata
LAG3	12	6775483	metadata
LALBA	12	48568875	metadata
LARP4	12	50436193	metadata
LDHB	12	21696599	metadata
LEMD3	12	65208969	metadata
LETMD1	12	51054193	metadata
LGR5	12	71513054	metadata
LHX5	12	113474103	metadata
LIMA1	12	50229654	metadata
LIN7A	12	80865227	metadata
LLPH	12	66123652	metadata
LMBR1L	12	49104018	metadata
LMNTD1	12	25528943	metadata
LMO3	12	16579483	metadata
LPAR5	12	6627397	metadata
LPCAT3	12	6997331	metadata
LRCOL1	12	132606866	metadata
LRIG3	12	59056825	metadata
LRP1	12	57170922	metadata
LRP6	12	12191534	metadata
LRRC10	12	69609735	metadata
LRRC23	12	6893905	metadata
LRRC43	12	122185604	metadata
LRRIQ1	12	85150385	metadata
LRRK2	12	40283014	metadata
LRTM2	12	1828510	metadata
LTA4H	12	96022136	metadata
LTBR	12	6383308	metadata
LUM	12	91107061	metadata
LYZ	12	69351307	metadata
M6PR	12	8945061	metadata
MAGOHB	12	10608899	metadata
MANSC1	12	12338149	metadata
MANSC4	12	27771331	metadata
MAP1LC3B2	12	116562355	metadata
MAP3K12	12	53489866	metadata
MAPKAPK5	12	111872117	metadata
MARCHF9	12	57757757	metadata
MARS1	12	57496507	metadata
MBD6	12	57525429	metadata
MCRS1	12	49562344	metadata
MDM1	12	68302412	metadata
MDM2	12	68826860	metadata
MED13L	12	116117799	metadata
MED21	12	27044444	metadata
METAP2	12	95494679	metadata
METTL1	12	57770295	metadata
METTL25	12	82418883	metadata
MFAP5	12	8650117	metadata
MFSD5	12	53252828	metadata
MGAT4C	12	86397285	metadata
MGP	12	14883360	metadata
MGST1	12	16478200	metadata
MIP	12	56459334	metadata
MLEC	12	120695715	metadata
MLF2	12	6757735	metadata
MLXIP	12	122113050	metadata
MMAB	12	109563647	metadata
MMP17	12	131840088	metadata
MMP19	12	55839199	metadata
MON2	12	62533646	metadata
MORN3	12	121660686	metadata
MPHOSPH9	12	123198167	metadata
MRPL42	12	93491864	metadata
MRPL51	12	6492863	metadata
MRPS35	12	27733558	metadata
MSI1	12	120355247	metadata
MSRB3	12	65385036	metadata
MTERF2	12	106980141	metadata
MTRFR	12	123245732	metadata
MUCL1	12	54863263	metadata
MVK	12	109585690	metadata
MYBPC1	12	101627190	metadata
MYF5	12	80718291	metadata
MYF6	12	80708554	metadata
MYG1	12	53303436	metadata
MYL2	12	110981215	metadata
MYL6	12	56160921	metadata
MYL6B	12	56154508	metadata
MYO1A	12	57039857	metadata
MYO1H	12	109401711	metadata
MYRFL	12	69892162	metadata
NAA25	12	112067742	metadata
NAB2	12	57092259	metadata
NABP2	12	56225934	metadata
NACA	12	56721966	metadata
NANOG	12	7793470	metadata
NANOGNB	12	7769668	metadata
NAP1L1	12	76060660	metadata
NAV3	12	77768825	metadata
NCAPD2	12	6512655	metadata
NCKAP1L	12	54522997	metadata
NCKAP5L	12	49809948	metadata
NCOR2	12	124446013	metadata
NDUFA12	12	94949522	metadata
NDUFA4L2	12	57237809	metadata
NDUFA9	12	4671706	metadata
NECAP1	12	8087410	metadata
NEDD1	12	96930502	metadata
NELL2	12	44715061	metadata
NEMP1	12	57071853	metadata
NEUROD4	12	55024995	metadata
NFE2	12	54296563	metadata
NFYB	12	104127663	metadata
NINJ2	12	613942	metadata
NOC4L	12	132148465	metadata
NOP2	12	6562777	metadata
NOPCHAP1	12	105030256	metadata
NOS1	12	117330156	metadata
NPFF	12	53507086	metadata
NR1H4	12	100519061	metadata
NR2C1	12	95046928	metadata
NR4A1	12	52041169	metadata
NRIP2	12	2830446	metadata
NT5DC3	12	103805843	metadata
NTN4	12	95724498	metadata
NTS	12	85878643	metadata
NUAK1	12	106101149	metadata
NUDT4	12	93393014	metadata
NUP107	12	68716380	metadata
NUP37	12	102096611	metadata
NXPH4	12	57221621	metadata
OAS1	12	112919537	metadata
OAS2	12	112995059	metadata
OAS3	12	112957255	metadata
OASL	12	121028504	metadata
OGFOD2	12	122977311	metadata
OLR1	12	10165219	metadata
OR10A7	12	55221500	metadata
OR10P1	12	55637362	metadata
OR2AP1	12	55574040	metadata
OR6C1	12	55318353	metadata
OR6C2	12	55448708	metadata
OR6C3	12	55331365	metadata
OR6C4	12	55552717	metadata
OR6C6	12	55295278	metadata
OR6C65	12	55400998	metadata
OR6C68	12	55492847	metadata
OR6C70	12	55469669	metadata
OR6C74	12	55250617	metadata
OR6C75	12	55366127	metadata
OR6C76	12	55426723	metadata
OR8S1	12	48526101	metadata
OR9K2	12	55129578	metadata
ORAI1	12	121634863	metadata
ORMDL2	12	55819960	metadata
OS9	12	57711091	metadata
OSBPL8	12	76455803	metadata
OTOGL	12	80240208	metadata
OVCH1	12	29438594	metadata
P2RX2	12	132620582	metadata
P2RX4	12	121222085	metadata
P2RX7	12	121160425	metadata
P3H3	12	6834127	metadata
PA2G4	12	56109223	metadata
PAH	12	102897649	metadata
PAN2	12	56325138	metadata
PARP11	12	3832247	metadata
PARPBP	12	102158851	metadata
PAWR	12	79632971	metadata
PCED1B	12	47158132	metadata
PDE1B	12	54564420	metadata
PDE3A	12	20528560	metadata
PDE6H	12	14977453	metadata
PDZRN4	12	41381532	metadata
PEBP1	12	118140854	metadata
PEX5	12	7203629	metadata
PFDN5	12	53297371	metadata
PFKM	12	48125771	metadata
PGAM5	12	132716776	metadata
PHB2	12	6968053	metadata
PHC1	12	8927681	metadata
PHETA1	12	111364886	metadata
PHLDA1	12	76028611	metadata
PIANP	12	6697303	metadata
PIK3C2G	12	18445688	metadata
PIP4K2C	12	57597296	metadata
PITPNM2	12	123067285	metadata
PIWIL1	12	130355262	metadata
PKP2	12	32843771	metadata
PLA2G1B	12	120324947	metadata
PLBD1	12	14535772	metadata
PLBD2	12	113375097	metadata
PLCZ1	12	18710634	metadata
PLEKHA5	12	19253034	metadata
PLEKHG6	12	6319471	metadata
PLEKHG7	12	92737649	metadata
PLXNC1	12	94228126	metadata
PMCH	12	102197146	metadata
PMEL	12	55963711	metadata
POC1B	12	89472882	metadata
POLE	12	132655564	metadata
POLR3B	12	106433973	metadata
POP5	12	120580083	metadata
POU6F1	12	51202499	metadata
PPFIA2	12	81508764	metadata
PPFIBP1	12	27609497	metadata
PPHLN1	12	42349081	metadata
PPM1H	12	62789572	metadata
PPP1CC	12	110731309	metadata
PPP1R12A	12	79854511	metadata
PPP1R1A	12	54582023	metadata
PPTC7	12	110558281	metadata
PRB1	12	11353707	metadata
PRB2	12	11446290	metadata
PRB3	12	11267810	metadata
PRB4	12	11308756	metadata
PRDM4	12	107747071	metadata
PRH1	12	10998284	metadata
PRH2	12	10932040	metadata
PRICKLE1	12	42523556	metadata
PRIM1	12	56741406	metadata
PRKAB1	12	119674744	metadata
PRKAG1	12	49010540	metadata
PRMT8	12	3487661	metadata
PRPF40B	12	49606442	metadata
PRPH	12	49296916	metadata
PRR13	12	53444161	metadata
PRR4	12	10847662	metadata
PSMD9	12	121903514	metadata
PTGES3	12	56675874	metadata
PTHLH	12	27965408	metadata
PTPN11	12	112464134	metadata
PTPN6	12	6953892	metadata
PTPRB	12	70576655	metadata
PTPRO	12	15462216	metadata
PTPRQ	12	80541225	metadata
PTPRR	12	70779405	metadata
PUS1	12	131937548	metadata
PUS7L	12	43738892	metadata
PWP1	12	107699480	metadata
PXMP2	12	132696286	metadata
PXN	12	120238105	metadata
PYROXD1	12	21454432	metadata
PZP	12	9178617	metadata
R3HDM2	12	57342402	metadata
RAB21	12	71777574	metadata
RAB35	12	120106300	metadata
RAB3IP	12	69781032	metadata
RAB5B	12	55985298	metadata
RACGAP1	12	50005029	metadata
RAD51AP1	12	4549422	metadata
RAD52	12	950894	metadata
RAD9B	12	110517605	metadata
RAN	12	130874857	metadata
RAP1B	12	68641378	metadata
RAPGEF3	12	47752701	metadata
RARG	12	53221773	metadata
RASAL1	12	113117529	metadata
RASSF3	12	64602282	metadata
RASSF8	12	26019062	metadata
RASSF9	12	85818556	metadata
RBM19	12	113891531	metadata
RBMS2	12	56559006	metadata
RBP5	12	7122312	metadata
RDH16	12	56955402	metadata
RDH5	12	55722536	metadata
RECQL	12	21485289	metadata
REDIC1	12	39767233	metadata
REP15	12	27697021	metadata
RERG	12	15228229	metadata
RERGL	12	18200488	metadata
RESF1	12	31976238	metadata
RFC5	12	118023359	metadata
RFLNA	12	124144632	metadata
RFX4	12	106672903	metadata
RHEBL1	12	49067350	metadata
RHNO1	12	2882891	metadata
RHOF	12	121790578	metadata
RIC8B	12	106831968	metadata
RILPL1	12	123501886	metadata
RILPL2	12	123423199	metadata
RIMBP2	12	130582180	metadata
RIMKLB	12	8732347	metadata
RITA1	12	113188947	metadata
RLIG1	12	88042003	metadata
RND1	12	48861507	metadata
RNF10	12	120555534	metadata
RNF34	12	121415353	metadata
RNF41	12	56212056	metadata
RNFT2	12	116795904	metadata
RPAP3	12	47683639	metadata
RPH3A	12	112734630	metadata
RPL6	12	112412013	metadata
RPLP0	12	120198967	metadata
RPS26	12	56043024	metadata
RSRC2	12	122515227	metadata
RXYLT1	12	63794812	metadata
SARNP	12	55785093	metadata
SART3	12	108541807	metadata
SBNO1	12	123326978	metadata
SCAF11	12	45955625	metadata
SCARB1	12	124829762	metadata
SCN8A	12	51701565	metadata
SCNN1A	12	6362286	metadata
SCYL2	12	100304427	metadata
SDR9C7	12	56928770	metadata
SDS	12	113409373	metadata
SDSL	12	113430328	metadata
SELPLG	12	108627153	metadata
SENP1	12	48072931	metadata
SETD1B	12	121818332	metadata
SFSWAP	12	131755409	metadata
SH2B3	12	111428773	metadata
SHMT2	12	57232254	metadata
SINHCAF	12	31303821	metadata
SIRT4	12	120307782	metadata
SLC11A2	12	51003983	metadata
SLC15A4	12	128808576	metadata
SLC15A5	12	16233085	metadata
SLC16A7	12	59692942	metadata
SLC17A8	12	100389564	metadata
SLC25A3	12	98599985	metadata
SLC2A13	12	39930557	metadata
SLC2A14	12	7851830	metadata
SLC2A3	12	7969118	metadata
SLC35E3	12	68770044	metadata
SLC38A1	12	46226540	metadata
SLC38A2	12	46365480	metadata
SLC38A4	12	46629922	metadata
SLC39A5	12	56233947	metadata
SLC41A2	12	104880272	metadata
SLC48A1	12	47768333	metadata
SLC4A8	12	51453540	metadata
SLC5A8	12	101182865	metadata
SLC6A12	12	202323	metadata
SLC6A13	12	241747	metadata
SLC6A15	12	84886560	metadata
SLC8B1	12	113329126	metadata
SLCO1A2	12	21342097	metadata
SLCO1B1	12	21185495	metadata
SLCO1B3	12	20952959	metadata
SLCO1C1	12	20724359	metadata
SMAGP	12	51257486	metadata
SMARCC2	12	56175963	metadata
SMARCD1	12	50092953	metadata
SMCO2	12	27474460	metadata
SMCO3	12	14809416	metadata
SMIM10L1	12	11173605	metadata
SMUG1	12	54155142	metadata
SNRNP35	12	123465621	metadata
SNRPF	12	95825291	metadata
SOAT2	12	53114010	metadata
SOCS2	12	93536441	metadata
SOX5	12	24046024	metadata
SP1	12	53398311	metadata
SP7	12	53335945	metadata
SPATS2	12	49447004	metadata
SPIC	12	101481166	metadata
SPPL3	12	120833434	metadata
SPRING1	12	116724120	metadata
SPRYD3	12	53071860	metadata
SPRYD4	12	56474143	metadata
SPSB2	12	6880146	metadata
SPX	12	21533772	metadata
SRGAP1	12	64002989	metadata
SRRM4	12	119072296	metadata
SRSF9	12	120478809	metadata
SSH1	12	108817890	metadata
SSPN	12	26210640	metadata
ST8SIA1	12	22250407	metadata
STAB2	12	103676996	metadata
STAC3	12	57247320	metadata
STAT2	12	56350900	metadata
STAT6	12	57113773	metadata
STK38L	12	27284963	metadata
STRAP	12	15892932	metadata
STX2	12	130814427	metadata
STYK1	12	10646620	metadata
SUDS3	12	118397294	metadata
SUOX	12	56001910	metadata
SVOP	12	108964404	metadata
SYCP3	12	101734060	metadata
SYT1	12	79158000	metadata
SYT10	12	33407028	metadata
TAC3	12	57019441	metadata
TAFA2	12	61993711	metadata
TAMALIN	12	52011417	metadata
TAOK3	12	118261354	metadata
TAPBPL	12	6459103	metadata
TARBP2	12	53503676	metadata
TAS2R10	12	10825788	metadata
TAS2R13	12	10908744	metadata
TAS2R14	12	11054490	metadata
TAS2R19	12	11022119	metadata
TAS2R20	12	10997132	metadata
TAS2R30	12	11133801	metadata
TAS2R31	12	11030897	metadata
TAS2R42	12	11186465	metadata
TAS2R43	12	11091800	metadata
TAS2R46	12	11061829	metadata
TAS2R50	12	10986412	metadata
TAS2R7	12	10802079	metadata
TAS2R8	12	10806668	metadata
TAS2R9	12	10809631	metadata
TBC1D15	12	71883477	metadata
TBC1D30	12	64820258	metadata
TBK1	12	64477102	metadata
TBX3	12	114724847	metadata
TBX5	12	114381176	metadata
TCHP	12	109942052	metadata
TCP11L2	12	106324733	metadata
TCTN1	12	110638729	metadata
TCTN2	12	123689754	metadata
TDG	12	103977348	metadata
TEAD4	12	3000003	metadata
TESC	12	117069201	metadata
TESPA1	12	54966388	metadata
TEX52	12	2853042	metadata
TFCP2	12	51133395	metadata
THAP2	12	71672472	metadata
TIGAR	12	4333895	metadata
TIMELESS	12	56432894	metadata
TM7SF3	12	26993006	metadata
TMBIM4	12	66152936	metadata
TMBIM6	12	49736329	metadata
TMCC3	12	94608839	metadata
TMED2	12	123586214	metadata
TMEM106C	12	47966223	metadata
TMEM116	12	111972574	metadata
TMEM117	12	44112864	metadata
TMEM119	12	108594085	metadata
TMEM120B	12	121747876	metadata
TMEM132B	12	125424381	metadata
TMEM132C	12	128487540	metadata
TMEM132D	12	129487875	metadata
TMEM19	12	71695564	metadata
TMEM233	12	119618424	metadata
TMEM263	12	106967248	metadata
TMEM52B	12	10181173	metadata
TMPO	12	98532956	metadata
TMPRSS12	12	50865402	metadata
TMT1A	12	50927991	metadata
TMT1B	12	55683173	metadata
TMTC1	12	29642799	metadata
TMTC2	12	82910875	metadata
TMTC3	12	88171091	metadata
TNFRSF1A	12	6335435	metadata
TNS2	12	53033842	metadata
TPCN1	12	113259817	metadata
TPH2	12	72062731	metadata
TPI1	12	6869033	metadata
TRAFD1	12	112139571	metadata
TRHDE	12	72379012	metadata
TRIAP1	12	120445174	metadata
TROAP	12	49306052	metadata
TRPV4	12	109808246	metadata
TSFM	12	57795416	metadata
TSPAN11	12	30961515	metadata
TSPAN19	12	85025294	metadata
TSPAN31	12	57744116	metadata
TSPAN8	12	71283491	metadata
TSPAN9	12	3181959	metadata
TUBA1A	12	49187005	metadata
TUBA1B	12	49158133	metadata
TUBA1C	12	49231668	metadata
TULP3	12	2909180	metadata
TWF1	12	43800025	metadata
TXNRD1	12	104283043	metadata
UBC	12	124914486	metadata
UBE2N	12	93423810	metadata
UBE3B	12	109507053	metadata
ULK1	12	131908886	metadata
UNC119B	12	120717049	metadata
UNG	12	109112161	metadata
UQCC6	12	103953235	metadata
USP15	12	62338884	metadata
USP30	12	109055556	metadata
USP44	12	95534018	metadata
USP5	12	6859390	metadata
UTP20	12	101333361	metadata
VAMP1	12	6466457	metadata
VDR	12	47892292	metadata
VEZT	12	95260272	metadata
VPS29	12	110496597	metadata
VPS33A	12	122248033	metadata
VPS37B	12	122880728	metadata
VSIG10	12	118099809	metadata
VWF	12	6036823	metadata
WASHC3	12	102037494	metadata
WASHC4	12	105138227	metadata
WBP11	12	14794034	metadata
WIF1	12	65085965	metadata
WNK1	12	832015	metadata
WNT1	12	48980471	metadata
WNT10B	12	48968537	metadata
WNT5B	12	1588551	metadata
WSCD2	12	108189912	metadata
XPOT	12	64427758	metadata
YAF2	12	42197726	metadata
YARS2	12	32741693	metadata
YBX3	12	10711206	metadata
YEATS4	12	69375290	metadata
ZBTB39	12	57002691	metadata
ZC3H10	12	56122887	metadata
ZCCHC8	12	122486266	metadata
ZCRB1	12	42319171	metadata
ZDHHC17	12	76808899	metadata
ZFC3H1	12	71638662	metadata
ZNF10	12	133145020	metadata
ZNF140	12	133094000	metadata
ZNF26	12	133009658	metadata
ZNF268	12	133198120	metadata
ZNF384	12	6678024	metadata
ZNF385A	12	54380215	metadata
ZNF605	12	132937306	metadata
ZNF641	12	48344297	metadata
ZNF664	12	123993642	metadata
ZNF705A	12	8172776	metadata
ZNF740	12	53187923	metadata
ZNF84	12	133050298	metadata
ZNF891	12	133117526	metadata
ABCC4	13	95160655	metadata
ABHD13	13	108226317	metadata
ACOD1	13	76953574	metadata
ADPRHL1	13	113426549	metadata
AKAP11	13	42297706	metadata
ALG11	13	52045811	metadata
ALG5	13	36975250	metadata
ALOX5AP	13	30738952	metadata
AMER2	13	25166983	metadata
ANKRD10	13	110896804	metadata
ARGLU1	13	106642004	metadata
ARHGEF7	13	111210148	metadata
ARL11	13	49631189	metadata
ATP11A	13	112788603	metadata
ATP12A	13	24696440	metadata
ATP4B	13	113653501	metadata
ATP7B	13	51971280	metadata
ATP8A2	13	25698912	metadata
B3GLCT	13	31266125	metadata
BIVM	13	102837552	metadata
BORA	13	72741973	metadata
BRCA2	13	32357677	metadata
C1QTNF9	13	24314850	metadata
C1QTNF9B	13	23894300	metadata
CAB39L	13	49376357	metadata
CARS2	13	110677507	metadata
CBY2	13	45708439	metadata
CCDC122	13	43851824	metadata
CCDC168	13	102744219	metadata
CCDC169	13	36233318	metadata
CCDC70	13	51864100	metadata
CCNA1	13	36437195	metadata
CDADC1	13	49270705	metadata
CDC16	13	114253805	metadata
CDK8	13	26337543	metadata
CDX2	13	27965116	metadata
CENPJ	13	24902584	metadata
CHAMP1	13	114326054	metadata
CKAP2	13	52466028	metadata
CLDN10	13	95506681	metadata
CLN5	13	77004901	metadata
CLYBL	13	99758064	metadata
CNMD	13	52721542	metadata
COG3	13	45500799	metadata
COG6	13	39723646	metadata
COL4A1	13	110228082	metadata
COL4A2	13	110409510	metadata
COMMD6	13	75537326	metadata
CPB2	13	46106938	metadata
CRYL1	13	20464769	metadata
CSNK1A1L	13	37104461	metadata
CUL4A	13	113237650	metadata
CYSLTR2	13	48682468	metadata
DACH1	13	71652585	metadata
DAOA	13	105482368	metadata
DCLK1	13	35950017	metadata
DCT	13	94458246	metadata
DCUN1D2	13	113473385	metadata
DGKH	13	42148307	metadata
DHRS12	13	51786078	metadata
DIAPH3	13	59914755	metadata
DIS3	13	72767132	metadata
DLEU7	13	50681651	metadata
DNAJC15	13	43068708	metadata
DNAJC3	13	95736063	metadata
DOCK9	13	98940027	metadata
DZIP1	13	95611454	metadata
EBPL	13	49676080	metadata
EDNRB	13	77844084	metadata
EEF1AKMT1	13	20751346	metadata
EFNB2	13	106512703	metadata
ELF1	13	40996679	metadata
ENOX1	13	43500051	metadata
EPSTI1	13	42939329	metadata
ERCC5	13	102860913	metadata
ERICH6B	13	45575130	metadata
ESD	13	46784338	metadata
EXOSC8	13	37012348	metadata
F10	13	113136164	metadata
F7	13	113113236	metadata
FAM124A	13	51253286	metadata
FAM216B	13	42786549	metadata
FARP1	13	98298869	metadata
FBXL3	13	77009896	metadata
FGF14	13	102056630	metadata
FLT1	13	28397745	metadata
FLT3	13	28051933	metadata
FNDC3A	13	49092845	metadata
FOXO1	13	40611154	metadata
FREM2	13	38787104	metadata
FRY	13	32072919	metadata
GAS6	13	113842312	metadata
GGACT	13	100559846	metadata
GJA3	13	20149653	metadata
GJB2	13	20190200	metadata
GJB6	13	20227163	metadata
GPALPP1	13	45013599	metadata
GPC5	13	92136151	metadata
GPC6	13	93817413	metadata
GPR12	13	26757993	metadata
GPR18	13	99258238	metadata
GPR180	13	94618259	metadata
GPR183	13	99300969	metadata
GRK1	13	113702477	metadata
GRTP1	13	113344155	metadata
GSX1	13	27793625	metadata
GTF2F2	13	45202701	metadata
GTF3A	13	27430221	metadata
HMGB1	13	30537150	metadata
HNRNPA1L2	13	52643102	metadata
HS6ST3	13	96464834	metadata
HSPH1	13	31148680	metadata
HTR2A	13	46864311	metadata
IFT88	13	20629291	metadata
IL17D	13	20712612	metadata
ING1	13	110718037	metadata
INTS6	13	51503521	metadata
IPO5	13	97988977	metadata
IRS2	13	109769639	metadata
ITGBL1	13	101586724	metadata
ITM2B	13	48251484	metadata
KATNAL1	13	30255090	metadata
KBTBD6	13	41197121	metadata
KBTBD7	13	41192201	metadata
KCNRG	13	50018088	metadata
KCTD12	13	76883290	metadata
KCTD4	13	45196949	metadata
KL	13	33041283	metadata
KLF12	13	73910246	metadata
KLF5	13	73066258	metadata
KLHL1	13	69904543	metadata
KPNA3	13	49746001	metadata
LACC1	13	43886608	metadata
LAMP1	13	113310455	metadata
LATS2	13	21017311	metadata
LCP1	13	46168895	metadata
LHFPL6	13	39406322	metadata
LIG4	13	108212903	metadata
LMO7	13	75740152	metadata
LNX2	13	27583221	metadata
LPAR6	13	48417135	metadata
LRCH1	13	46653104	metadata
LRRC63	13	46244521	metadata
MAB21L1	13	35476091	metadata
MBNL2	13	97307777	metadata
MCF2L	13	112997060	metadata
MED4	13	48074227	metadata
MEDAG	13	30915921	metadata
METTL21C	13	102690395	metadata
MICU2	13	21548436	metadata
MIPEP	13	23809794	metadata
MLNR	13	49221357	metadata
MPHOSPH8	13	19653550	metadata
MRPL57	13	21177871	metadata
MRPS31	13	40750159	metadata
MTIF3	13	27443117	metadata
MTMR6	13	25266866	metadata
MTRF1	13	41239973	metadata
MTUS2	13	29163143	metadata
MYCBP2	13	77184784	metadata
MYO16	13	108902078	metadata
MZT1	13	72717998	metadata
N4BP2L1	13	32414517	metadata
N4BP2L2	13	32485651	metadata
NAA16	13	41344148	metadata
NALCN	13	100895044	metadata
NALF1	13	107515503	metadata
NAXD	13	110627770	metadata
NBEA	13	35307646	metadata
NDFIP2	13	79518616	metadata
NEK3	13	52146118	metadata
NEK5	13	52081351	metadata
NHLRC3	13	39044207	metadata
NUDT15	13	48042473	metadata
NUFIP1	13	44964360	metadata
NUP58	13	25333457	metadata
OBI1	13	78268511	metadata
OLFM4	13	53040435	metadata
OXGR1	13	96990221	metadata
PABPC3	13	25097695	metadata
PAN3	13	28216920	metadata
PARP4	13	24466854	metadata
PCCA	13	100309726	metadata
PCDH17	13	57680527	metadata
PCDH20	13	61412767	metadata
PCDH8	13	52845765	metadata
PCDH9	13	66766639	metadata
PCID2	13	113193125	metadata
PDS5B	13	32682235	metadata
PDX1	13	27923156	metadata
PHF11	13	49512295	metadata
PIBF1	13	72899297	metadata
POGLUT2	13	102791660	metadata
POLR1D	13	27682489	metadata
POSTN	13	37580713	metadata
POU4F1	13	78600957	metadata
PROSER1	13	39023977	metadata
PROZ	13	113165517	metadata
PRR20B	13	57148998	metadata
PSPC1	13	19728885	metadata
RAB20	13	110542394	metadata
RASA3	13	114055203	metadata
RASL11A	13	27273011	metadata
RB1	13	48451590	metadata
RBM26	13	79359150	metadata
RCBTB1	13	49558752	metadata
RCBTB2	13	48511109	metadata
RFC3	13	33892313	metadata
RFXAP	13	36824163	metadata
RGCC	13	41464210	metadata
RNASEH2B	13	50966933	metadata
RNF113B	13	98176527	metadata
RNF17	13	24822045	metadata
RNF6	13	26177214	metadata
RPL21	13	27255485	metadata
RUBCNL	13	46386435	metadata
RXFP2	13	31771457	metadata
SACS	13	23361226	metadata
SAP18	13	21144608	metadata
SCEL	13	77590468	metadata
SERPINE3	13	51350254	metadata
SETDB2	13	49469638	metadata
SGCG	13	23253070	metadata
SHISA2	13	26048306	metadata
SIAH3	13	45814497	metadata
SKA3	13	21165073	metadata
SLAIN1	13	77730964	metadata
SLC10A2	13	103055207	metadata
SLC15A1	13	98718236	metadata
SLC25A15	13	40800936	metadata
SLC25A30	13	45405885	metadata
SLC46A3	13	28709517	metadata
SLC7A1	13	29552551	metadata
SLITRK1	13	83879839	metadata
SLITRK5	13	87683821	metadata
SLITRK6	13	85799736	metadata
SMAD9	13	36882859	metadata
SOHLH2	13	36191402	metadata
SOX1	13	112083707	metadata
SOX21	13	94753442	metadata
SPACA7	13	112405522	metadata
SPART	13	36335909	metadata
SPATA13	13	24143439	metadata
SPRY2	13	80338551	metadata
SPRYD7	13	49924596	metadata
STARD13	13	33226883	metadata
STK24	13	98511562	metadata
STOML3	13	38978392	metadata
SUCLA2	13	47891852	metadata
SUGT1	13	52676809	metadata
SUPT20H	13	37034512	metadata
TBC1D4	13	75382836	metadata
TDRD3	13	60485167	metadata
TEX26	13	30907889	metadata
TEX29	13	111330216	metadata
TEX30	13	102769849	metadata
TFDP1	13	113613097	metadata
TGDS	13	94585148	metadata
THSD1	13	52396770	metadata
TM9SF2	13	99505179	metadata
TMCO3	13	113522805	metadata
TMEM255B	13	113788110	metadata
TMTC4	13	100639359	metadata
TNFRSF19	13	23623237	metadata
TNFSF11	13	42585374	metadata
TNFSF13B	13	108279862	metadata
TPP2	13	102638458	metadata
TPT1	13	45379660	metadata
TPTE2	13	19492250	metadata
TRIM13	13	50008184	metadata
TRPC4	13	37750932	metadata
TSC22D1	13	44665747	metadata
TUBA3C	13	19177798	metadata
TUBGCP3	13	112536608	metadata
UBAC2	13	99293639	metadata
UBL3	13	29807494	metadata
UCHL3	13	75577751	metadata
UFM1	13	38356734	metadata
UGGT2	13	95927531	metadata
UPF3A	13	114293709	metadata
URAD	13	27983205	metadata
USP12	13	27118983	metadata
USPL1	13	30639231	metadata
UTP14C	13	52029145	metadata
VPS36	13	52431618	metadata
VWA8	13	41763977	metadata
WASF3	13	26623315	metadata
WBP4	13	41072757	metadata
WDFY2	13	51676082	metadata
XPO4	13	20840188	metadata
ZAR1L	13	32309531	metadata
ZC3H13	13	46003612	metadata
ZDHHC20	13	21404077	metadata
ZIC2	13	99984274	metadata
ZIC5	13	99967365	metadata
ZMYM2	13	20025253	metadata
ZMYM5	13	19843565	metadata
ABCD4	14	74294162	metadata
ABHD12B	14	50888511	metadata
ABHD4	14	22605626	metadata
ACIN1	14	23077089	metadata
ACOT1	14	73540469	metadata
ACOT2	14	73571639	metadata
ACOT4	14	73593819	metadata
ACOT6	14	73615416	metadata
ACTN1	14	68926781	metadata
ACTR10	14	58217858	metadata
ACYP1	14	75061360	metadata
ADAM20	14	70528686	metadata
ADAM21	14	70438767	metadata
ADCK1	14	77867561	metadata
ADCY4	14	24326721	metadata
ADSS1	14	104735749	metadata
AHNAK2	14	104957809	metadata
AHSA1	14	77463671	metadata
AJUBA	14	22992344	metadata
AK7	14	96440777	metadata
AKAP5	14	64470001	metadata
AKAP6	14	32583491	metadata
AKT1	14	104782554	metadata
ALDH6A1	14	74070669	metadata
ALKBH1	14	77690213	metadata
AMN	14	102928129	metadata
ANG	14	20691574	metadata
ANGEL1	14	76803989	metadata
ANKRD9	14	102505783	metadata
AP1G2	14	23563817	metadata
AP4S1	14	31078051	metadata
AP5M1	14	57283833	metadata
APEX1	14	20456481	metadata
AREL1	14	74683277	metadata
ARF6	14	49895066	metadata
ARG2	14	67635814	metadata
ARHGAP5	14	32117921	metadata
ARHGEF40	14	21080260	metadata
ARID4A	14	58336195	metadata
ARMH4	14	58148937	metadata
ASB2	14	93955452	metadata
ASPG	14	104100634	metadata
ATG14	14	55389110	metadata
ATG2B	14	96321268	metadata
ATL1	14	50583263	metadata
ATP5MJ	14	103920278	metadata
ATP6V1D	14	67327318	metadata
ATXN3	14	92075558	metadata
BAG5	14	103559601	metadata
BATF	14	75534724	metadata
BAZ1A	14	34814189	metadata
BBOF1	14	74051106	metadata
BCL11B	14	99220742	metadata
BCL2L2	14	23316504	metadata
BDKRB1	14	96262588	metadata
BDKRB2	14	96224422	metadata
BEGAIN	14	100562282	metadata
BMP4	14	53954248	metadata
BRF1	14	105262437	metadata
BRMS1L	14	35879331	metadata
BTBD6	14	105249813	metadata
BTBD7	14	93285321	metadata
C14orf119	14	23097980	metadata
C14orf132	14	96066666	metadata
C14orf180	14	104585139	metadata
C14orf28	14	44902266	metadata
C14orf39	14	60456006	metadata
C14orf93	14	22998030	metadata
CARMIL3	14	24060869	metadata
CATSPERB	14	91680701	metadata
CBLN3	14	24428749	metadata
CCDC175	14	59540675	metadata
CCDC177	14	69572335	metadata
CCDC198	14	57481583	metadata
CCDC85C	14	99552198	metadata
CCDC88C	14	91344583	metadata
CCNB1IP1	14	20322340	metadata
CCNK	14	99508106	metadata
CDC42BPB	14	102994964	metadata
CDCA4	14	105015328	metadata
CDH24	14	23052300	metadata
CDKL1	14	50371363	metadata
CDKN3	14	54408533	metadata
CEBPE	14	23118646	metadata
CEP128	14	80718250	metadata
CEP170B	14	104881007	metadata
CFL2	14	34711968	metadata
CGRRF1	14	54524552	metadata
CHD8	14	21420660	metadata
CHGA	14	92929217	metadata
CHMP4A	14	24211722	metadata
CHURC1	14	64988144	metadata
CIDEB	14	24308308	metadata
CINP	14	102352009	metadata
CIPC	14	77107706	metadata
CKB	14	103521250	metadata
CLBA1	14	104998128	metadata
CLEC14A	14	38255046	metadata
CLMN	14	95250924	metadata
CMA1	14	24506809	metadata
CMTM5	14	23378272	metadata
CNIH1	14	54432476	metadata
COA8	14	103585241	metadata
COCH	14	30884789	metadata
COQ6	14	73956798	metadata
COX16	14	70371032	metadata
COX8C	14	93347769	metadata
CPNE6	14	24074468	metadata
CPSF2	14	92147057	metadata
CRIP1	14	105487632	metadata
CRIP2	14	105476562	metadata
CTSG	14	24574884	metadata
CYP46A1	14	99705799	metadata
DAAM1	14	59280025	metadata
DACT1	14	58641144	metadata
DAD1	14	22577065	metadata
DCAF11	14	24119718	metadata
DCAF4	14	72943040	metadata
DCAF5	14	69102015	metadata
DDHD1	14	53518016	metadata
DDX24	14	94064744	metadata
DEGS2	14	100151801	metadata
DGLUCY	14	91142982	metadata
DHRS1	14	24295189	metadata
DHRS2	14	23637877	metadata
DHRS4	14	24007040	metadata
DHRS4L2	14	23988141	metadata
DHRS7	14	60156987	metadata
DICER1	14	95122119	metadata
DIO2	14	80342042	metadata
DLGAP5	14	55169860	metadata
DLK1	14	100731964	metadata
DLST	14	74892817	metadata
DMAC2L	14	50323941	metadata
DNAAF2	14	49630209	metadata
DNAL1	14	73674303	metadata
DPF3	14	72751567	metadata
DTD2	14	31451771	metadata
DYNC1H1	14	102010508	metadata
EAPP	14	34527821	metadata
EDDM3A	14	20747133	metadata
EDDM3B	14	20769676	metadata
EFCAB11	14	89874723	metadata
EFS	14	23361077	metadata
EGLN3	14	34193500	metadata
EIF2B2	14	75007643	metadata
EIF2S1	14	67373422	metadata
EIF5	14	103339284	metadata
EMC9	14	24140275	metadata
EML1	14	99839876	metadata
EML5	14	88702692	metadata
ENTPD5	14	73988704	metadata
ERG28	14	75655333	metadata
ERO1A	14	52667907	metadata
ESR2	14	64211172	metadata
ESRRB	14	76406274	metadata
EVL	14	100057842	metadata
EXD2	14	69217759	metadata
EXOC3L4	14	103102642	metadata
EXOC5	14	57234706	metadata
FAM161B	14	73940957	metadata
FAM177A1	14	35080873	metadata
FAM181A	14	93915898	metadata
FANCM	14	45168410	metadata
FBLN5	14	91908699	metadata
FBXO33	14	39415075	metadata
FBXO34	14	55320698	metadata
FCF1	14	74725882	metadata
FERMT2	14	52904851	metadata
FITM1	14	24131754	metadata
FKBP3	14	45125459	metadata
FLRT2	14	85592286	metadata
FLVCR2	14	75620917	metadata
FNTB	14	65024773	metadata
FOS	14	75281008	metadata
FOXA1	14	37592805	metadata
FOXG1	14	28745012	metadata
FOXN3	14	89372010	metadata
FRMD6	14	51515626	metadata
FSCB	14	44505716	metadata
FUT8	14	65577356	metadata
G2E3	14	30494848	metadata
GALC	14	87915742	metadata
GALNT16	14	69308155	metadata
GARIN2	14	67208971	metadata
GCH1	14	54872417	metadata
GEMIN2	14	39125629	metadata
GLRX5	14	95539113	metadata
GMFB	14	54481754	metadata
GMPR2	14	24235832	metadata
GNPNAT1	14	52783430	metadata
GOLGA5	14	92817126	metadata
GON7	14	93204979	metadata
GPATCH2L	14	76203129	metadata
GPHB5	14	63315885	metadata
GPHN	14	66844605	metadata
GPR132	14	105057420	metadata
GPR135	14	59447201	metadata
GPR137C	14	52595274	metadata
GPR33	14	31485457	metadata
GPR65	14	88009973	metadata
GPR68	14	91243228	metadata
GPX2	14	64940949	metadata
GSC	14	94769168	metadata
GSKIP	14	96375370	metadata
GSTZ1	14	77326296	metadata
GTF2A1	14	81198414	metadata
GZMB	14	24632610	metadata
GZMH	14	24608089	metadata
HAUS4	14	22951694	metadata
HEATR4	14	73518715	metadata
HEATR5A	14	31356169	metadata
HECTD1	14	31153960	metadata
HHIPL1	14	99662849	metadata
HIF1A	14	61714782	metadata
HNRNPC	14	21239315	metadata
HOMEZ	14	23286109	metadata
HSP90AA1	14	102110220	metadata
HSPA2	14	64524592	metadata
IFI27	14	94110765	metadata
IFI27L1	14	94092573	metadata
IFI27L2	14	94129016	metadata
IFT43	14	75993360	metadata
IL25	14	23374606	metadata
INF2	14	104701840	metadata
INSM2	14	35535609	metadata
IPO4	14	24184544	metadata
IRF2BPL	14	77026625	metadata
IRF9	14	24164638	metadata
ISCA2	14	74495431	metadata
ISM2	14	77486605	metadata
ITPK1	14	93026617	metadata
JAG2	14	105154903	metadata
JDP2	14	75450913	metadata
JKAMP	14	59494926	metadata
JPH4	14	23573414	metadata
KCNH5	14	62900750	metadata
KCNK10	14	88253505	metadata
KHNYN	14	24435564	metadata
KIAA0586	14	58489341	metadata
KIF26A	14	104158674	metadata
KLC1	14	103638072	metadata
KLHDC1	14	49723127	metadata
KLHDC2	14	49777257	metadata
KLHL28	14	44983323	metadata
KLHL33	14	20431009	metadata
KTN1	14	55630299	metadata
L2HGDH	14	50274896	metadata
L3HYPDH	14	59472385	metadata
LGALS3	14	55134766	metadata
LGMN	14	92726243	metadata
LIN52	14	74143224	metadata
LRFN5	14	41755712	metadata
LRP10	14	22876726	metadata
LRR1	14	49606716	metadata
LRRC74A	14	76848338	metadata
LTB4R	14	24314743	metadata
LTB4R2	14	24308893	metadata
LTBP2	14	74555280	metadata
LYSET	14	93186707	metadata
MAP3K9	14	70766030	metadata
MAP4K5	14	50489813	metadata
MAPK1IP1L	14	55060920	metadata
MARK3	14	103444604	metadata
MAX	14	65054434	metadata
MBIP	14	36309600	metadata
MDGA2	14	47257848	metadata
MDP1	14	24215006	metadata
MED6	14	70590973	metadata
METTL17	14	20993504	metadata
METTL3	14	21504737	metadata
MGAT2	14	49622140	metadata
MIA2	14	39309372	metadata
MIDEAS	14	73752703	metadata
MIPOL1	14	37388509	metadata
MIS18BP1	14	45228365	metadata
MLH3	14	75032650	metadata
MMP14	14	22842800	metadata
MNAT1	14	60852353	metadata
MOAP1	14	93183561	metadata
MOK	14	102264845	metadata
MRPL52	14	22832458	metadata
MTA1	14	105445274	metadata
MTHFD1	14	64425744	metadata
MYH6	14	23395127	metadata
MYH7	14	23424200	metadata
NAA30	14	57403225	metadata
NDRG2	14	21043817	metadata
NDUFB1	14	92119019	metadata
NEK9	14	75103348	metadata
NEMF	14	49817452	metadata
NFATC4	14	24372638	metadata
NFKBIA	14	35402914	metadata
NGB	14	77268344	metadata
NGDN	14	23489770	metadata
NID2	14	52036934	metadata
NIN	14	50775462	metadata
NKX2-1	14	36518923	masks
NKX2-8	14	36581647	masks
NOP9	14	24304487	metadata
NOVA1	14	26946942	metadata
NOXRED1	14	77408772	metadata
NPAS3	14	33377629	metadata
NPC2	14	74485184	metadata
NRDE2	14	90299914	metadata
NRL	14	24096836	metadata
NRXN3	14	79019332	metadata
NUBPL	14	31675590	metadata
NUDT14	14	105177130	metadata
NUMB	14	73370637	metadata
NYNRIN	14	24409143	metadata
OR10G2	14	21634388	metadata
OR10G3	14	21574298	metadata
OR11G2	14	20195985	metadata
OR11H12	14	18601607	metadata
OR11H2	14	19713409	metadata
OR11H4	14	20241817	metadata
OR11H6	14	20224206	metadata
OR4E2	14	21660738	metadata
OR4K1	14	19933837	metadata
OR4K13	14	20032718	metadata
OR4K14	14	20016725	metadata
OR4K15	14	19976078	metadata
OR4K17	14	20116469	metadata
OR4K2	14	19879537	metadata
OR4K5	14	19921092	metadata
OR4L1	14	20060514	metadata
OR4M1	14	19778600	metadata
OR4N2	14	19774634	metadata
OR4Q3	14	19746520	metadata
OR5AU1	14	21153715	metadata
OR6S1	14	20641193	metadata
OSGEP	14	20450745	metadata
OTUB2	14	94037635	metadata
OTX2	14	56982680	metadata
OXA1L	14	22717449	metadata
PABPN1	14	23323810	metadata
PACS2	14	105349355	metadata
PALS1	14	67288387	metadata
PAPLN	14	73256068	metadata
PAPOLA	14	96534274	metadata
PARP2	14	20350759	metadata
PAX9	14	36668465	metadata
PCK2	14	24102325	metadata
PCNX1	14	71011393	metadata
PCNX4	14	60002158	metadata
PELI2	14	56209669	metadata
PGF	14	74948730	metadata
PIGH	14	67591120	metadata
PIP4P1	14	20459573	metadata
PLD4	14	104931237	metadata
PLEK2	14	67399575	metadata
PLEKHD1	14	69508121	metadata
PLEKHG3	14	64727175	metadata
PLEKHH1	14	67561451	metadata
PNMA1	14	73713083	metadata
PNN	14	39179201	metadata
PNP	14	20469543	metadata
POLE2	14	49665988	metadata
POMT2	14	77297919	metadata
POTEG	14	19418413	metadata
POTEM	14	18985593	metadata
PPM1A	14	60272419	metadata
PPP1R13B	14	103790385	metadata
PPP1R36	14	64569650	metadata
PPP1R3E	14	23299255	metadata
PPP2R3C	14	35103992	metadata
PPP2R5C	14	101844849	metadata
PPP2R5E	14	63457370	metadata
PPP4R3A	14	91484031	metadata
PPP4R4	14	94212931	metadata
PRKCH	14	61369269	metadata
PRKD1	14	29884188	metadata
PRMT5	14	22943021	metadata
PRORP	14	35199734	metadata
PROX2	14	74864512	metadata
PRPF39	14	45100194	metadata
PSEN1	14	73180054	metadata
PSMA3	14	58282003	metadata
PSMA6	14	35298063	metadata
PSMB11	14	23043136	metadata
PSMB5	14	23025886	metadata
PSMC1	14	90265978	metadata
PSMC6	14	52717884	metadata
PSME1	14	24137565	metadata
PSME2	14	24145466	metadata
PTGDR	14	52272211	metadata
PTGER2	14	52322063	metadata
PTGR2	14	73868778	metadata
PTPN21	14	88510392	metadata
PYGL	14	50901187	metadata
RAB15	14	64959520	metadata
RAB2B	14	21467990	metadata
RABGGTA	14	24268574	metadata
RAD51B	14	68274998	metadata
RALGAPA1	14	35673828	metadata
RBM23	14	22906193	metadata
RBM25	14	73091215	metadata
RCOR1	14	102661605	metadata
RD3L	14	103941493	metadata
RDH11	14	67686296	metadata
RDH12	14	67718168	metadata
REC8	14	24176055	metadata
REM2	14	22885450	metadata
RGS6	14	72249479	metadata
RHOJ	14	63248811	metadata
RIN3	14	92601387	metadata
RIOX1	14	73492163	metadata
RIPK3	14	24338023	metadata
RNASE1	14	20802041	metadata
RNASE10	14	20509710	metadata
RNASE11	14	20596388	metadata
RNASE12	14	20590724	metadata
RNASE13	14	21033812	metadata
RNASE2	14	20955961	metadata
RNASE3	14	20891866	metadata
RNASE4	14	20692888	metadata
RNASE6	14	20781867	metadata
RNASE7	14	21043275	metadata
RNASE8	14	21058138	metadata
RNASE9	14	20558570	metadata
RNF212B	14	23229396	metadata
RNF31	14	24153671	metadata
RPGRIP1	14	21315692	metadata
RPL10L	14	46651395	metadata
RPL36AL	14	49619578	metadata
RPS29	14	49585074	metadata
RPS6KA5	14	90954251	metadata
RPS6KL1	14	74913626	metadata
RTL1	14	100891737	metadata
RTN1	14	59733376	metadata
RTRAF	14	52000104	metadata
SALL2	14	21529148	metadata
SAMD15	14	77384426	metadata
SAMD4A	14	54679716	metadata
SAV1	14	50650182	metadata
SCFD1	14	30679992	metadata
SDR39U1	14	24441335	metadata
SEC23A	14	39070782	metadata
SEL1L	14	81502700	metadata
SERPINA1	14	94383720	metadata
SERPINA10	14	94286864	metadata
SERPINA11	14	94447632	metadata
SERPINA12	14	94502559	metadata
SERPINA3	14	94618219	metadata
SERPINA4	14	94565677	metadata
SERPINA5	14	94577280	metadata
SERPINA6	14	94313818	metadata
SERPINA9	14	94471203	metadata
SETD3	14	99439318	metadata
SGPP1	14	63706140	metadata
SIPA1L1	14	71530839	metadata
SIVA1	14	104760820	metadata
SIX1	14	60650840	metadata
SIX4	14	60716945	metadata
SIX6	14	60510998	metadata
SLC10A1	14	69786328	metadata
SLC22A17	14	23349613	metadata
SLC24A4	14	92412031	metadata
SLC25A21	14	36925263	metadata
SLC25A29	14	100298831	metadata
SLC25A47	14	100326880	metadata
SLC35F4	14	57773057	metadata
SLC38A6	14	61047715	metadata
SLC39A2	14	21000563	metadata
SLC39A9	14	69430202	metadata
SLC7A7	14	22801521	metadata
SLC7A8	14	23154484	metadata
SLC8A3	14	70116847	metadata
SLIRP	14	77734587	metadata
SMOC1	14	69943248	metadata
SNAPC1	14	61779424	metadata
SNW1	14	77739403	metadata
SNX6	14	34595626	metadata
SOCS4	14	55038359	metadata
SOS2	14	50174354	metadata
SPATA7	14	88427637	metadata
SPTB	14	64813095	metadata
SPTLC2	14	77561317	metadata
SPTSSA	14	34447514	metadata
SRP54	14	35005821	metadata
SRSF5	14	69749452	metadata
SSTR1	14	38210485	metadata
STON2	14	81348558	metadata
STRN3	14	30960100	metadata
STXBP6	14	24929800	metadata
STYX	14	52752577	metadata
SUPT16H	14	21367747	metadata
SUSD6	14	69663370	metadata
SYNDIG1L	14	74416052	metadata
SYNE2	14	63994166	metadata
SYNE3	14	95461958	metadata
SYNJ2BP	14	70371569	metadata
SYT16	14	61962262	metadata
TBPL2	14	55435468	metadata
TC2N	14	91823641	metadata
TCL1A	14	95712071	metadata
TCL1B	14	95689527	metadata
TDP1	14	89999851	metadata
TDRD9	14	103990561	metadata
TECPR2	14	102432709	metadata
TEDC1	14	105494715	metadata
TEP1	14	20389584	metadata
TEX22	14	105424322	metadata
TGFB3	14	75970554	metadata
TGM1	14	24256773	metadata
THTPA	14	23558129	metadata
TIMM9	14	58418013	metadata
TINF2	14	24240474	metadata
TM9SF1	14	24192418	metadata
TMED10	14	75154040	metadata
TMED8	14	77356061	metadata
TMEM121	14	105528390	metadata
TMEM179	14	104540162	metadata
TMEM229B	14	67490411	metadata
TMEM253	14	21101267	metadata
TMEM260	14	56569480	metadata
TMEM30B	14	61279565	metadata
TMEM63C	14	77188031	metadata
TMX1	14	51248908	metadata
TNFAIP2	14	103129457	metadata
TOGARAM1	14	45018310	metadata
TOMM20L	14	58367776	metadata
TOX4	14	21487886	metadata
TPPP2	14	21030192	metadata
TRAF3	14	102844474	metadata
TRAPPC6B	14	39159171	metadata
TRIM9	14	51035661	metadata
TRIP11	14	92003443	metadata
TRMT5	14	60976305	metadata
TRMT61A	14	103533134	metadata
TSHR	14	81050647	metadata
TSSK4	14	24207029	metadata
TTC5	14	20281259	metadata
TTC6	14	37818535	metadata
TTC7B	14	90670521	metadata
TTC8	14	88852615	metadata
TTC9	14	70658641	metadata
TTLL5	14	75794352	metadata
TXNDC16	14	52491009	metadata
UBR7	14	93218228	metadata
UNC79	14	93520547	metadata
VASH1	14	76736023	metadata
VCPKMT	14	50112616	metadata
VIPAS39	14	77442313	metadata
VRK1	14	96876075	metadata
VRTN	14	74331538	metadata
VSX2	14	74251093	metadata
VTI1B	14	67660952	metadata
WARS1	14	100355297	metadata
WDHD1	14	54983027	metadata
WDR20	14	102182175	metadata
WDR25	14	100453360	metadata
WDR89	14	63619455	metadata
XRCC3	14	103706556	metadata
YLPM1	14	74811375	metadata
YY1	14	100260543	metadata
ZBTB1	14	64518701	metadata
ZBTB25	14	64477159	metadata
ZBTB42	14	104802654	metadata
ZC2HC1C	14	75091805	metadata
ZC3H14	14	88595283	metadata
ZDHHC22	14	77137002	metadata
ZFHX2	14	23536269	metadata
ZFP36L1	14	68791956	metadata
ZFYVE1	14	72998291	metadata
ZFYVE21	14	103724699	metadata
ZFYVE26	14	67771982	metadata
ZNF219	14	21097399	metadata
ZNF410	14	73909569	metadata
ZNF839	14	102330039	metadata
AAGAB	15	67227931	metadata
ABHD17C	15	80717652	metadata
ABHD2	15	89144907	metadata
ACAN	15	88839394	metadata
ACSBG1	15	78206578	metadata
ACTC1	15	34792848	metadata
ADAL	15	43342620	metadata
ADAM10	15	58669300	metadata
ADAMTS17	15	100156721	metadata
ADAMTS7	15	78785335	metadata
ADAMTSL3	15	83846965	metadata
ADPGK	15	72768570	metadata
AEN	15	88626809	metadata
AFG2B	15	45411875	metadata
AGBL1	15	86564520	metadata
AKAP13	15	85564964	metadata
ALDH1A2	15	58225645	metadata
ALDH1A3	15	100889275	metadata
ALPK3	15	84845417	metadata
ANKDD1A	15	64935296	metadata
ANKRD34C	15	79203756	metadata
ANKRD63	15	40280718	metadata
ANP32A	15	68799716	metadata
ANPEP	15	89800148	metadata
ANXA2	15	60375008	metadata
AP3B2	15	82684696	metadata
AP3S2	15	89862618	metadata
AP4E1	15	50957283	metadata
APBA2	15	29001399	metadata
APH1B	15	63292572	metadata
AQP9	15	58162040	metadata
AQR	15	34910762	metadata
ARHGAP11A	15	32564566	metadata
ARHGAP11B	15	30553512	metadata
ARID3B	15	74569668	metadata
ARIH1	15	72538658	metadata
ARNT2	15	80501141	metadata
ARPIN	15	89873595	metadata
ARPP19	15	52558464	metadata
ARRDC4	15	97967268	metadata
ASB7	15	100627145	metadata
ATOSA	15	52645567	metadata
ATP10A	15	25771228	metadata
ATP8B4	15	50020527	metadata
AVEN	15	33966968	metadata
B2M	15	44715104	metadata
BAHD1	15	40453978	metadata
BBS4	15	72714096	metadata
BCL2A1	15	79966044	metadata
BCL2L10	15	52111019	metadata
BLM	15	90766756	metadata
BLOC1S6	15	45601579	metadata
BMF	15	40098391	metadata
BNC1	15	83270274	metadata
BNIP2	15	59674242	metadata
BTBD1	15	83041837	metadata
BUB1B	15	40191073	metadata
C15orf39	15	75203906	metadata
C15orf40	15	83000041	metadata
C15orf48	15	45439670	metadata
C15orf61	15	67525638	metadata
C15orf62	15	40771214	metadata
C2CD4A	15	62068947	metadata
C2CD4B	15	62164410	metadata
CA12	15	63351612	metadata
CALML4	15	68198392	metadata
CAPN3	15	42386223	metadata
CATSPER2	15	43648310	metadata
CCDC32	15	40546868	metadata
CCDC33	15	74269588	metadata
CCDC9B	15	40336195	metadata
CCNB2	15	59115085	metadata
CCNDBP1	15	43191147	metadata
CCPG1	15	55374271	metadata
CD276	15	73699240	metadata
CDAN1	15	42730336	metadata
CDIN1	15	36694937	metadata
CELF6	15	72302442	metadata
CEMIP	15	80865559	metadata
CEP152	15	48762037	metadata
CERS3	15	100472695	metadata
CFAP161	15	81078106	metadata
CGNL1	15	57463342	metadata
CHAC1	15	40954737	metadata
CHD2	15	92957099	metadata
CHP1	15	41256363	metadata
CHRFAM7A	15	30377207	metadata
CHRM5	15	34017977	metadata
CHRNA3	15	78607173	metadata
CHRNA5	15	78580394	metadata
CHRNA7	15	32048228	metadata
CHRNB4	15	78675932	metadata
CHST14	15	40472071	metadata
CHSY1	15	101213887	metadata
CIAO2A	15	64083413	metadata
CIB1	15	90232011	metadata
CIB2	15	78118070	metadata
CILP	15	65203116	metadata
CIMAP1C	15	75725864	metadata
CKMT1A	15	43696054	metadata
CKMT1B	15	43598977	metadata
CLK3	15	74621957	metadata
CLN6	15	68232101	metadata
CLPX	15	65166780	metadata
COMMD4	15	75339622	metadata
COPS2	15	49130864	metadata
CORO2B	15	68653399	metadata
COX5A	15	74928937	metadata
CPEB1	15	82596031	metadata
CPLX3	15	74829214	metadata
CRABP1	15	78344289	metadata
CRTC3	15	90587634	metadata
CSK	15	74792638	metadata
CSNK1G1	15	64260849	metadata
CSPG4	15	75693585	metadata
CTDSPL2	15	44478330	metadata
CTSH	15	78935316	metadata
CTXN2	15	48190940	metadata
CYFIP1	15	22924057	metadata
CYP11A1	15	74352702	metadata
CYP19A1	15	51273329	metadata
CYP1A1	15	74722539	metadata
CYP1A2	15	74752726	metadata
DAPK2	15	63989534	metadata
DENND4A	15	65725169	metadata
DET1	15	88520560	metadata
DIS3L	15	66313557	metadata
DISP2	15	40368420	metadata
DLL4	15	40934206	metadata
DMXL2	15	51535272	metadata
DNAAF4	15	55426804	metadata
DNAJA4	15	78273141	metadata
DNAJC17	15	40786319	metadata
DPH6	15	35381769	metadata
DPP8	15	65480083	metadata
DTWD1	15	49638634	metadata
DUOX1	15	45147754	metadata
DUOX2	15	45103411	metadata
DUOXA1	15	45123652	metadata
DUOXA2	15	45116373	metadata
DUT	15	48322104	metadata
EDC3	15	74663425	metadata
EFL1	15	82196489	metadata
EHD4	15	41934245	metadata
EID1	15	48879153	metadata
EIF2AK4	15	39984853	metadata
EIF3J	15	44550077	metadata
ELL3	15	43774960	metadata
EMC4	15	34227584	metadata
EMC7	15	34092939	metadata
ENTREP2	15	29345615	metadata
EPB42	15	43209122	metadata
ETFA	15	76250142	metadata
EXD1	15	41206741	metadata
FAH	15	80169718	metadata
FAM174B	15	92713666	metadata
FAM219B	15	74903437	metadata
FAM227B	15	49473945	metadata
FAM81A	15	59448124	metadata
FAM98B	15	38470918	metadata
FAN1	15	30916833	metadata
FANCI	15	89280603	metadata
FBN1	15	48527017	metadata
FBXL22	15	63599890	metadata
FBXO22	15	75923193	metadata
FEM1B	15	68286803	metadata
FES	15	90889735	metadata
FGF7	15	49456006	metadata
FMN1	15	32980129	metadata
FOXB1	15	60032982	metadata
FRMD5	15	44033016	metadata
FSD2	15	82780716	metadata
FSIP1	15	39685599	metadata
FURIN	15	90876076	metadata
GABPB1	15	50315398	metadata
GABRA5	15	26908059	metadata
GABRB3	15	26741545	metadata
GABRG3	15	27256582	metadata
GALK2	15	49261762	metadata
GANC	15	42313433	metadata
GATM	15	45381725	metadata
GCHFR	15	40765888	metadata
GCNT3	15	59617557	metadata
GDPGP1	15	90239809	metadata
GJD2	15	34784283	metadata
GLCE	15	69216400	metadata
GLDN	15	51374830	metadata
GNB5	15	52153246	metadata
GOLGA6A	15	74076203	metadata
GOLGA6B	15	72662148	metadata
GOLGA6C	15	75265894	metadata
GOLGA6D	15	75289182	metadata
GOLGA6L10	15	82344734	metadata
GOLGA6L2	15	23443140	metadata
GOLGA6L22	15	22464064	metadata
GOLGA6L26	15	23329365	metadata
GOLGA6L4	15	84240565	metadata
GOLGA6L6	15	20536828	metadata
GOLGA6L9	15	82426443	metadata
GOLGA8A	15	34408371	metadata
GOLGA8B	15	34556799	metadata
GOLGA8H	15	30610890	metadata
GOLGA8J	15	30089822	metadata
GOLGA8K	15	32396445	metadata
GOLGA8M	15	28718483	metadata
GOLGA8N	15	32600383	metadata
GOLGA8O	15	32448774	metadata
GOLM2	15	44352238	metadata
GPR176	15	39859972	metadata
GRAMD2A	15	72178796	metadata
GREM1	15	32731555	metadata
GTF2A2	15	59647801	metadata
HACD3	15	65554383	metadata
HAPLN3	15	88886445	metadata
HAUS2	15	42559411	metadata
HCN4	15	73344408	metadata
HDC	15	50253956	metadata
HDDC3	15	90932582	metadata
HDGFL3	15	83160306	metadata
HERC1	15	63721283	metadata
HERC2	15	28216609	metadata
HEXA	15	72358672	metadata
HMG20A	15	77453009	metadata
HOMER2	15	82911549	metadata
HYKK	15	78522468	metadata
ICE2	15	60449384	metadata
IDH2	15	90120427	metadata
IDH3A	15	78151721	metadata
IGDCC3	15	65352564	metadata
IGDCC4	15	65402215	metadata
IGF1R	15	98806534	metadata
IL16	15	81236816	metadata
IMP3	15	75643895	metadata
INAFM2	15	40325203	metadata
INO80	15	41047580	metadata
INSYN1	15	73761019	metadata
INTS14	15	65595021	metadata
IQCH	15	67378523	metadata
IQGAP1	15	90445240	metadata
IREB2	15	78469442	metadata
ISG20	15	88646076	metadata
ISL2	15	76339624	metadata
ISLR	15	74175291	metadata
ISLR2	15	74119425	metadata
ITGA11	15	68364347	metadata
ITPKA	15	41498472	metadata
IVD	15	40420716	metadata
JMJD7	15	41838125	metadata
KATNBL1	15	34175385	metadata
KBTBD13	15	65078347	metadata
KIF23	15	69429876	metadata
KIF7	15	89635937	metadata
KLF13	15	31381250	metadata
KLHL25	15	85777125	metadata
KNL1	15	40629181	metadata
KNSTRN	15	40388504	metadata
LACTB	15	63131947	metadata
LARP6	15	70841643	metadata
LCMT2	15	43327115	metadata
LCTL	15	66556588	metadata
LDHAL6B	15	59207715	metadata
LEO1	15	51954901	metadata
LINGO1	15	77716963	metadata
LINS1	15	100581299	metadata
LIPC	15	58490206	metadata
LMAN1L	15	74819236	metadata
LOXL1	15	73913383	metadata
LPCAT4	15	34362914	metadata
LRRC28	15	99321045	metadata
LRRC49	15	70953448	metadata
LRRC57	15	42543311	metadata
LRRK1	15	100998792	metadata
LTK	15	41508762	metadata
LYSMD2	15	51737298	metadata
LYSMD4	15	99724629	metadata
MAGEL2	15	23645708	metadata
MAN2A2	15	90912401	metadata
MAN2C1	15	75361909	metadata
MAP1A	15	43521289	metadata
MAP2K1	15	66439246	metadata
MAP2K5	15	67674910	metadata
MAPK6	15	52009740	metadata
MAPKBP1	15	41801144	metadata
MCTP2	15	94357745	metadata
MEF2A	15	99640952	metadata
MEGF11	15	66074417	metadata
MEIS2	15	36995251	metadata
MESD	15	80968058	metadata
MESP1	15	89750562	metadata
MESP2	15	89769672	metadata
MEX3B	15	82043948	metadata
MFAP1	15	43814591	metadata
MFGE8	15	88906075	metadata
MGA	15	41697107	metadata
MINAR1	15	79452320	metadata
MINDY2	15	58816546	metadata
MKRN3	15	23597874	metadata
MNS1	15	56443340	metadata
MORF4L1	15	78856782	metadata
MPI	15	74896112	metadata
MRPL46	15	88463433	metadata
MRPS11	15	88474114	metadata
MTFMT	15	65015575	metadata
MTHFS	15	79865482	metadata
MTMR10	15	30965284	metadata
MYEF2	15	48156492	metadata
MYO1E	15	59252652	metadata
MYO5A	15	52418206	metadata
MYO5C	15	52244063	metadata
MYO9A	15	71970434	metadata
MYZAP	15	57638634	metadata
NDN	15	23686352	metadata
NDUFAF1	15	41398310	metadata
NEDD4	15	55910291	metadata
NEIL1	15	75352035	metadata
NEO1	15	73178457	metadata
NGRN	15	90270718	metadata
NIPA1	15	22801426	metadata
NIPA2	15	22854003	metadata
NMB	15	84656846	metadata
NOP10	15	34341169	metadata
NOX5	15	69038728	metadata
NPAP1	15	24679584	metadata
NPTN	15	73597074	metadata
NR2E3	15	71805448	metadata
NR2F2	15	96209146	metadata
NRG4	15	75997882	metadata
NSMCE3	15	29267405	metadata
NTRK3	15	88058271	metadata
NUSAP1	15	41350922	metadata
NUTM1	15	34350526	metadata
OAZ2	15	64695427	metadata
OCA2	15	27927095	metadata
OIP5	15	41303175	metadata
ONECUT1	15	52773065	metadata
OR4F15	15	101816199	metadata
OR4F4	15	101922577	metadata
OR4F6	15	101805198	metadata
OR4N4	15	22095192	metadata
OTUD7A	15	31673093	metadata
PAK6	15	40247457	metadata
PAQR5	15	69353346	metadata
PARP16	15	65267539	metadata
PARP6	15	72257090	metadata
PATL2	15	44688527	metadata
PCSK6	15	101407493	metadata
PDCD7	15	65125593	metadata
PDE8A	15	85059792	metadata
PDIA3	15	43759836	metadata
PEAK1	15	77260400	metadata
PEX11A	15	89684273	metadata
PGBD4	15	34105384	metadata
PGPEP1L	15	98988010	metadata
PHGR1	15	40353733	metadata
PIAS1	15	68126456	metadata
PIERCE2	15	55413646	metadata
PIF1	15	64820650	metadata
PIGB	15	55337304	metadata
PKM	15	72215424	metadata
PLA2G4B	15	41842961	metadata
PLA2G4D	15	42080785	metadata
PLA2G4E	15	42016292	metadata
PLA2G4F	15	42147835	metadata
PLCB2	15	40293055	metadata
PLEKHO2	15	64854942	metadata
PLIN1	15	89671897	metadata
PML	15	74021250	metadata
POLG	15	89320029	metadata
POLGARF	15	89332008	metadata
POLR2M	15	57744728	metadata
POTEB2	15	20850843	metadata
POTEB3	15	21422950	metadata
PPCDC	15	75070524	metadata
PPIB	15	64159437	metadata
PPIP5K1	15	43561835	metadata
PPP1R14D	15	40822080	metadata
PRC1	15	90980834	metadata
PRTG	15	55677348	metadata
PSMA4	15	78546411	metadata
PSTPIP1	15	77015417	metadata
PTPN9	15	75521283	metadata
PYGO1	15	55563915	metadata
RAB11A	15	65809021	metadata
RAB27A	15	55261039	metadata
RAB8B	15	63228668	metadata
RAD51	15	40713557	metadata
RAMAC	15	82988633	metadata
RASGRF1	15	79025343	metadata
RASGRP1	15	38526839	metadata
RASL12	15	65065013	metadata
RBPMS2	15	64757740	metadata
RCCD1	15	90959003	metadata
RCN2	15	76943065	metadata
REC114	15	73501588	metadata
RFX7	15	56166181	metadata
RGMA	15	93062241	metadata
RHCG	15	89483993	metadata
RHOV	15	40873224	metadata
RLBP1	15	89215741	metadata
RMDN3	15	40745867	metadata
RNF111	15	58981297	metadata
RORA	15	60858793	metadata
RPAP1	15	41530722	metadata
RPL4	15	66511273	metadata
RPLP1	15	69454509	metadata
RPP25	15	74955595	metadata
RPS17	15	82538604	metadata
RPS27L	15	63141946	metadata
RPUSD2	15	40572124	metadata
RSL24D1	15	55188927	metadata
RTF1	15	41445985	metadata
RYR3	15	33588541	metadata
SAXO2	15	82273870	metadata
SCAMP2	15	74858547	metadata
SCAMP5	15	74989357	metadata
SCAPER	15	76626674	metadata
SCG3	15	51701259	metadata
SCG5	15	32669387	metadata
SEC11A	15	84692999	metadata
SECISBP2L	15	49017461	metadata
SELENOS	15	101274015	metadata
SEMA4B	15	90195141	metadata
SEMA6D	15	47479164	metadata
SEMA7A	15	74421623	metadata
SENP8	15	72128975	metadata
SERF2	15	43790757	metadata
SERINC4	15	43797191	metadata
SH2D7	15	78091089	metadata
SH3GL3	15	83532985	metadata
SHC4	15	48893830	metadata
SHF	15	45184194	metadata
SIN3A	15	75412610	metadata
SKIC8	15	78288769	metadata
SKOR1	15	67827143	metadata
SLC12A1	15	48241258	metadata
SLC12A6	15	34283922	metadata
SLC24A1	15	65636180	metadata
SLC24A5	15	48131831	metadata
SLC27A2	15	50209290	metadata
SLC28A1	15	84915226	metadata
SLC28A2	15	45260909	metadata
SLC30A4	15	45484047	metadata
SLC51B	15	65049392	metadata
SLCO3A1	15	92013071	metadata
SLTM	15	58906364	metadata
SMAD3	15	67129468	metadata
SMAD6	15	66742542	metadata
SNAP23	15	42518294	metadata
SNAPC5	15	66493957	metadata
SNRPA1	15	101288396	metadata
SNRPN	15	24901180	metadata
SNUPN	15	75612276	metadata
SNURF	15	24966418	metadata
SNX1	15	64120106	metadata
SNX22	15	64154598	metadata
SNX33	15	75655106	metadata
SORD	15	45050166	metadata
SPESP1	15	68996623	metadata
SPG11	15	44609253	metadata
SPG21	15	64976666	metadata
SPINT1	15	40851112	metadata
SPPL2A	15	50734107	metadata
SPRED1	15	38305042	metadata
SPTBN5	15	41871099	metadata
SQOR	15	45661214	metadata
SRP14	15	40063572	metadata
ST8SIA2	15	92431304	metadata
STARD5	15	81316618	metadata
STARD9	15	42648302	metadata
STOML1	15	73986774	metadata
STRA6	15	74195866	metadata
STRC	15	43609181	metadata
SV2B	15	91201257	metadata
SYNM	15	99030013	metadata
TARS3	15	101689034	metadata
TBC1D21	15	73881389	metadata
TBC1D2B	15	78030880	metadata
TCF12	15	57108952	metadata
TERB2	15	44967958	metadata
TEX9	15	56344984	metadata
TGM5	15	43249759	metadata
TGM7	15	43289263	metadata
THAP10	15	70886887	metadata
THBS1	15	39590272	metadata
THSD4	15	71440167	metadata
TICRR	15	89603262	metadata
TIPIN	15	66361468	metadata
TJP1	15	29834141	metadata
TLE3	15	70072983	metadata
TLN2	15	62617578	metadata
TLNRD1	15	81003355	metadata
TM2D3	15	101636917	metadata
TM6SF1	15	83126213	metadata
TMC3	15	81510646	metadata
TMCO5A	15	37944831	metadata
TMED3	15	79369272	metadata
TMEM202	15	72440792	metadata
TMEM266	15	76144539	metadata
TMEM62	15	43154211	metadata
TMEM87A	15	42241990	metadata
TMOD2	15	51783980	metadata
TMOD3	15	51888461	metadata
TNFAIP8L3	15	51080937	metadata
TP53BP1	15	43456894	metadata
TPM1	15	63010288	metadata
TRIM69	15	44748408	metadata
TRIP4	15	64421525	metadata
TRPM1	15	31081112	metadata
TRPM7	15	50619635	metadata
TSPAN3	15	77062694	metadata
TTBK2	15	42829769	metadata
TTC23	15	99193773	metadata
TTLL13	15	90257506	metadata
TUBGCP4	15	43389496	metadata
TUBGCP5	15	23011382	metadata
TYRO3	15	41570632	metadata
UACA	15	70709056	metadata
UBAP1L	15	65103980	metadata
UBE2Q2	15	75872192	metadata
UBE3A	15	25386389	metadata
UBL7	15	74489076	metadata
UBR1	15	43024505	metadata
ULK3	15	74839732	metadata
UNC13C	15	54303454	metadata
UNC45A	15	90942136	metadata
USP3	15	63549575	metadata
USP50	15	50520363	metadata
USP8	15	50469400	metadata
VPS13C	15	61956431	metadata
VPS18	15	40899212	metadata
VPS33B	15	91015634	metadata
VPS39	15	42183504	metadata
WDR72	15	53638309	metadata
WDR73	15	84646814	metadata
WDR76	15	43847696	metadata
WDR93	15	89717224	metadata
WHAMM	15	82822868	metadata
ZFAND6	15	80099930	metadata
ZFYVE19	15	40811085	metadata
ZNF106	15	42451982	metadata
ZNF280D	15	56682131	metadata
ZNF592	15	84777518	metadata
ZNF609	15	64573323	metadata
ZNF710	15	90041765	metadata
ZNF770	15	34983314	metadata
ZNF774	15	90360715	metadata
ZSCAN2	15	84616001	metadata
ZSCAN29	15	43364607	metadata
ZWILCH	15	66527544	metadata
AARS1	16	70270845	metadata
ABAT	16	8729585	metadata
ABCA3	16	2308313	metadata
ABCC1	16	16046197	metadata
ABCC11	16	48206670	metadata
ABCC12	16	48118450	metadata
ABCC6	16	16186543	metadata
ACD	16	67659161	metadata
ACSF3	16	89126248	metadata
ACSM1	16	20661062	metadata
ACSM2A	16	20469565	metadata
ACSM2B	16	20556326	metadata
ACSM3	16	20703912	metadata
ACSM5	16	20425435	metadata
ADAD2	16	84194153	metadata
ADAMTS18	16	77341423	metadata
ADAT1	16	75610084	metadata
ADCY7	16	50282136	metadata
ADCY9	16	4034914	metadata
ADGRG1	16	57638116	metadata
ADGRG3	16	57678827	metadata
ADGRG5	16	57567162	metadata
AGRP	16	67483059	metadata
AHSP	16	31528351	metadata
AKTIP	16	53497725	metadata
ALDOA	16	30067310	metadata
ALG1	16	5060540	metadata
AMDHD2	16	2525889	metadata
AMFR	16	56393498	metadata
ANKRD11	16	89379090	metadata
ANKS3	16	4715444	metadata
ANKS4B	16	21243774	metadata
ANTKMT	16	721585	metadata
AP1G1	16	71769100	metadata
APOBR	16	28496803	metadata
APRT	16	88810638	metadata
AQP8	16	25222331	metadata
ARHGAP17	16	24967527	metadata
ARHGDIG	16	281730	metadata
ARL2BP	16	57249447	metadata
ARL6IP1	16	18796590	metadata
ARMC5	16	31462623	metadata
ASPHD1	16	29910119	metadata
ATF7IP2	16	10405036	metadata
ATMIN	16	81041596	metadata
ATP2A1	16	28891435	metadata
ATP2C2	16	84416357	metadata
ATP6V0D1	16	67459597	metadata
ATXN1L	16	71846853	metadata
ATXN2L	16	28830118	metadata
AXIN1	16	320081	metadata
B3GNT9	16	67149551	metadata
BAIAP3	16	1341538	metadata
BANP	16	88013281	metadata
BBS2	16	56524153	metadata
BCAR1	16	75248117	metadata
BCKDK	16	31109449	metadata
BCL7C	16	30863964	metadata
BCO1	16	81264915	metadata
BEAN1	16	66460412	metadata
BFAR	16	14651083	metadata
BICDL2	16	3032313	metadata
BMERB1	16	15529751	metadata
BRD7	16	50341237	metadata
BRICD5	16	2210079	metadata
C16orf46	16	81065382	metadata
C16orf54	16	29744226	metadata
C16orf74	16	85720606	metadata
C16orf78	16	49386617	metadata
C16orf82	16	27068046	metadata
C16orf86	16	67667785	metadata
C16orf87	16	46813891	metadata
C16orf89	16	5055116	metadata
C16orf90	16	3494486	metadata
C16orf92	16	30025467	metadata
C16orf95	16	87200491	metadata
C16orf96	16	4578549	metadata
C1QTNF8	16	1092468	metadata
CA5A	16	87909063	metadata
CA7	16	66849283	metadata
CACNA1H	16	1188636	metadata
CACNG3	16	24309373	metadata
CALB2	16	71374574	metadata
CAPN15	16	541174	metadata
CAPNS2	16	55567185	metadata
CARHSP1	16	8860977	metadata
CARMIL2	16	67651278	metadata
CASKIN1	16	2186892	metadata
CBFA2T3	16	88926032	metadata
CBFB	16	67065021	metadata
CBLN1	16	49279877	metadata
CCDC102A	16	57524376	metadata
CCDC154	16	1439469	metadata
CCDC78	16	724768	metadata
CCL17	16	57410415	metadata
CCL22	16	57362486	metadata
CCNF	16	2444124	metadata
CCP110	16	19538609	metadata
CD19	16	28935653	metadata
CD2BP2	16	30359189	metadata
CDH1	16	68786414	metadata
CDH11	16	65034932	metadata
CDH13	16	83213802	metadata
CDH15	16	89183620	metadata
CDH16	16	66913519	metadata
CDH3	16	68681828	metadata
CDH5	16	66385737	metadata
CDH8	16	61842138	metadata
CDIP1	16	4524748	metadata
CDIPT	16	29860885	metadata
CDK10	16	89688545	metadata
CDR2	16	22391550	metadata
CDT1	16	88806523	metadata
CDYL2	16	80701252	metadata
CEMP1	16	2530726	metadata
CENPN	16	81019833	metadata
CENPT	16	67837984	metadata
CEP20	16	15877172	metadata
CES1	16	55818094	metadata
CES2	16	66939770	metadata
CES3	16	66968197	metadata
CES4A	16	66999503	metadata
CES5A	16	55901092	metadata
CETP	16	56972884	metadata
CFAP119	16	30759822	metadata
CFAP20	16	58121486	metadata
CFAP263	16	58257496	metadata
CFDP1	16	75363600	metadata
CHD9	16	53192070	metadata
CHMP1A	16	89649277	metadata
CHP2	16	23756980	metadata
CHST4	16	71531990	metadata
CHST5	16	75532319	metadata
CHST6	16	75483748	metadata
CHTF18	16	794391	metadata
CHTF8	16	69125299	metadata
CIAO2B	16	66933244	metadata
CIAO3	16	735544	metadata
CIAPIN1	16	57437803	metadata
CIBAR2	16	85105415	metadata
CIITA	16	10904621	metadata
CKLF	16	66565861	metadata
CLCN7	16	1460005	metadata
CLDN6	16	3017391	metadata
CLDN9	16	3013714	metadata
CLEC16A	16	11063362	metadata
CLEC18A	16	69957578	metadata
CLEC18B	16	74415054	metadata
CLEC18C	16	70180341	metadata
CLEC19A	16	19303938	metadata
CLEC3A	16	78044638	metadata
CLN3	16	28484843	metadata
CLUAP1	16	3520012	metadata
CMC2	16	80993359	metadata
CMIP	16	81578285	metadata
CMTM1	16	66572765	metadata
CMTM2	16	66583861	metadata
CMTM3	16	66608883	metadata
CMTM4	16	66655746	metadata
CMTR2	16	71285552	metadata
CNEP1R1	16	50030749	metadata
CNGB1	16	57926734	metadata
CNOT1	16	58574918	metadata
CNTNAP4	16	76419017	metadata
COG4	16	70502064	metadata
COG7	16	23420841	metadata
COG8	16	69329861	metadata
COQ7	16	19075815	metadata
COQ9	16	57454347	metadata
CORO1A	16	30185951	metadata
CORO7	16	4380372	metadata
COTL1	16	84591837	metadata
COX4I1	16	85802850	metadata
COX6A2	16	31428045	metadata
CPNE2	16	57120476	metadata
CPNE7	16	89586502	metadata
CPPED1	16	12731843	metadata
CRAMP1	16	1645122	metadata
CREBBP	16	3802883	metadata
CRISPLD2	16	84870376	metadata
CRYM	16	21270978	metadata
CSNK2A2	16	58178006	metadata
CTCF	16	67600822	metadata
CTF1	16	30900080	metadata
CTRB1	16	75222663	metadata
CTRB2	16	75205632	metadata
CTRL	16	67930002	metadata
CTU2	16	88710939	metadata
CX3CL1	16	57378760	metadata
CYB5B	16	69432333	metadata
CYBA	16	88647179	metadata
CYLD	16	50771992	metadata
DBNDD1	16	90012380	metadata
DCTN5	16	23659469	metadata
DCTPP1	16	30426822	metadata
DCUN1D3	16	20877641	metadata
DDX19A	16	70331128	metadata
DDX19B	16	70312484	metadata
DDX28	16	68022074	metadata
DECR2	16	407172	metadata
DEF8	16	89958378	metadata
DERPC	16	69125299	metadata
DEXI	16	10935679	metadata
DHODH	16	72018126	metadata
DHX38	16	72103262	metadata
DNAAF1	16	84162027	metadata
DNAAF8	16	4741870	metadata
DNAH3	16	21046276	metadata
DNAJA2	16	46964518	metadata
DNAJA3	16	4441290	metadata
DNASE1	16	3645935	metadata
DNASE1L2	16	2237263	metadata
DOC2A	16	30014392	metadata
DOK4	16	57479624	metadata
DPEP1	16	89625882	metadata
DPEP2	16	67993990	metadata
DPEP3	16	67978106	metadata
DRC7	16	57713299	metadata
DUS2	16	68033533	metadata
DYNC1LI2	16	66736251	metadata
DYNLRB2	16	80362324	metadata
E2F4	16	67195536	metadata
E4F1	16	2229661	metadata
EARS2	16	23539242	metadata
ECI1	16	2245851	metadata
EDC4	16	67878775	metadata
EEF2K	16	22247508	metadata
EEF2KMT	16	5091039	metadata
EIF3C	16	28712142	metadata
EIF3CL	16	28391710	metadata
ELMO3	16	67201570	metadata
ELOB	16	2774351	metadata
EMC8	16	85785683	metadata
EME2	16	1777259	metadata
EMP2	16	10554527	metadata
ENKD1	16	67665105	metadata
ERCC4	16	13936243	metadata
ERI2	16	20840271	metadata
ERN2	16	23701768	metadata
ESRP2	16	68233567	metadata
EXOC3L1	16	67187282	metadata
EXOSC6	16	70249359	metadata
FA2H	16	74743893	metadata
FAHD1	16	1833587	metadata
FAM234A	16	253352	metadata
FANCA	16	89771830	metadata
FBRS	16	30664620	metadata
FBXL16	16	699149	metadata
FBXL19	16	30935919	metadata
FBXL8	16	67162251	metadata
FBXO31	16	87359564	metadata
FCSK	16	70467434	metadata
FHOD1	16	67238434	metadata
FLYWCH1	16	2931569	metadata
FLYWCH2	16	2891297	metadata
FOXC2	16	86566985	metadata
FOXF1	16	86512974	metadata
FOXL1	16	86579923	metadata
FTO	16	53930102	metadata
FUS	16	31188550	metadata
GABARAPL2	16	75572128	metadata
GALNS	16	88835352	metadata
GAN	16	81352914	metadata
GAS8	16	90032302	metadata
GCSH	16	81089170	metadata
GDE1	16	19511908	metadata
GDPD3	16	30109173	metadata
GFER	16	1985971	metadata
GFOD2	16	67696935	metadata
GGA2	16	23492104	metadata
GINS2	16	85683135	metadata
GINS3	16	58350613	metadata
GLG1	16	74527285	metadata
GLIS2	16	4327179	metadata
GLYR1	16	4825245	metadata
GNAO1	16	56089263	metadata
GNG13	16	799387	metadata
GNPTG	16	1358834	metadata
GOT2	16	58720736	metadata
GP2	16	20318691	metadata
GPR139	16	20051064	metadata
GPRC5B	16	19871429	metadata
GPT2	16	46907825	metadata
GRIN2A	16	9968370	metadata
GSE1	16	85422864	metadata
GSG1L	16	27925621	metadata
GSPT1	16	11892105	metadata
GTF3C1	16	27504734	metadata
HAGH	16	1811388	metadata
HAGHL	16	731230	metadata
HAPSTR1	16	9106639	metadata
HAS3	16	69112186	metadata
HBA1	16	177101	metadata
HBA2	16	173293	metadata
HBM	16	160328	metadata
HBQ1	16	180819	metadata
HBZ	16	148615	metadata
HCFC1R1	16	3023455	metadata
HEATR3	16	50086619	metadata
HERPUD1	16	56938503	metadata
HIRIP3	16	29994202	metadata
HMOX2	16	4492518	metadata
HP	16	72057780	metadata
HPR	16	72070197	metadata
HS3ST2	16	22865250	metadata
HS3ST4	16	25914822	metadata
HS3ST6	16	1914945	metadata
HSBP1	16	83769524	metadata
HSD11B2	16	67434102	metadata
HSD17B2	16	82091979	metadata
HSD3B7	16	30987177	metadata
HSDL1	16	84133666	metadata
HSF4	16	67167313	metadata
HYDIN	16	71016403	metadata
IFT140	16	1561249	metadata
IGFALS	16	1792692	metadata
IGSF6	16	21646079	metadata
IL17C	16	88639520	metadata
IL21R	16	27427108	metadata
IL27	16	28505706	metadata
IL32	16	3073744	metadata
IL34	16	70620288	metadata
IL4R	16	27339223	metadata
INO80E	16	30000754	metadata
IQCK	16	19787461	metadata
IRF8	16	85910861	metadata
IRX3	16	54285045	metadata
IRX5	16	54932675	metadata
IRX6	16	55327479	metadata
IST1	16	71888597	metadata
ITFG1	16	47309268	metadata
ITGAD	16	31409920	metadata
ITGAL	16	30498112	metadata
ITGAM	16	31296429	metadata
ITGAX	16	31369066	metadata
ITPRIPL2	16	19117780	metadata
JMJD8	16	683099	metadata
JPH3	16	87649995	metadata
JPT2	16	1690268	metadata
KARS1	16	75638058	metadata
KAT8	16	31122941	metadata
KATNB1	16	57746491	metadata
KATNIP	16	27665238	metadata
KCNG4	16	84229334	metadata
KCTD13	16	29915624	metadata
KCTD19	16	67308094	metadata
KCTD5	16	2695776	metadata
KDM8	16	27212638	metadata
KIAA0513	16	85061006	metadata
KIF22	16	29798056	metadata
KIFC3	16	57810635	metadata
KLHDC4	16	87731238	metadata
KLHL36	16	84658098	metadata
KNOP1	16	19710086	metadata
KRBOX5	16	31754049	metadata
KREMEN2	16	2966298	metadata
LAT	16	28987805	metadata
LCAT	16	67941940	metadata
LCMT1	16	25144981	metadata
LDAF1	16	21169496	metadata
LDHD	16	75114320	metadata
LITAF	16	11591628	metadata
LMF1	16	917476	metadata
LONP2	16	48303711	metadata
LPCAT2	16	55547869	metadata
LRRC36	16	67356001	metadata
LUC7L	16	209216	metadata
LYRM1	16	20912437	metadata
MAF	16	79593290	metadata
MAP1LC3B	16	87394366	metadata
MAPK3	16	30118805	metadata
MAPK8IP3	16	1738258	metadata
MARF1	16	15618770	metadata
MARVELD3	16	71634137	metadata
MATCAP1	16	67179819	metadata
MAZ	16	29808635	metadata
MBTPS1	16	84085351	metadata
MC1R	16	89916546	metadata
MCRIP2	16	642645	metadata
MEAK7	16	84515194	metadata
MEFV	16	3249330	metadata
MEIOB	16	1859140	metadata
METRN	16	717386	metadata
METTL22	16	8635668	metadata
METTL26	16	635396	metadata
METTL9	16	21627344	metadata
MGRN1	16	4653733	metadata
MLKL	16	74686407	metadata
MLST8	16	2206850	metadata
MLYCD	16	83925280	metadata
MMP15	16	58036327	metadata
MMP2	16	55448195	metadata
MMP25	16	3048301	metadata
MON1B	16	77196616	metadata
MOSMO	16	22047586	metadata
MPG	16	81429	metadata
MPHOSPH6	16	82208753	metadata
MPV17L	16	15404512	metadata
MRPL28	16	369129	metadata
MRPS34	16	1772520	metadata
MRTFB	16	14169046	metadata
MSLN	16	764799	metadata
MSRB1	16	1940714	metadata
MT1A	16	56639376	metadata
MT1B	16	56652545	metadata
MT1E	16	56626293	metadata
MT1F	16	56659214	metadata
MT1G	16	56667397	metadata
MT1H	16	56670471	metadata
MT1M	16	56633320	metadata
MT1X	16	56683333	metadata
MT2A	16	56609040	metadata
MT3	16	56590081	metadata
MT4	16	56567015	metadata
MTHFSD	16	86542706	metadata
MTSS2	16	70673628	metadata
MVD	16	88657548	metadata
MVP	16	29834216	metadata
MYH11	16	15780786	metadata
MYL11	16	30374462	metadata
MYLK3	16	46746344	metadata
N4BP1	16	48579437	metadata
NAA60	16	3465301	metadata
NAE1	16	66838065	metadata
NAGPA	16	5029492	metadata
NDE1	16	15688979	metadata
NDRG4	16	58488237	metadata
NDUFAB1	16	23588665	metadata
NDUFB10	16	1960756	metadata
NECAB2	16	83985510	metadata
NETO2	16	47110824	metadata
NFAT5	16	69634880	metadata
NFATC2IP	16	28958949	metadata
NFATC3	16	68157005	metadata
NHERF2	16	2032191	metadata
NHLRC4	16	568250	metadata
NIP7	16	69340551	metadata
NKD1	16	50598822	metadata
NLRC3	16	3558218	metadata
NLRC5	16	57036508	metadata
NME3	16	1770940	metadata
NME4	16	403546	metadata
NMRAL1	16	4478727	metadata
NOB1	16	69748398	metadata
NOD2	16	50713332	metadata
NOL3	16	67172945	metadata
NOMO1	16	14864939	metadata
NOMO2	16	18489768	metadata
NOMO3	16	16266656	metadata
NOXO1	16	1981554	metadata
NPIPA1	16	14937431	metadata
NPIPA2	16	14753997	metadata
NPIPA3	16	14714876	metadata
NPIPA5	16	15372337	metadata
NPIPA7	16	16386556	metadata
NPIPA8	16	18327327	metadata
NPIPB11	16	29394010	metadata
NPIPB15	16	74384210	metadata
NPIPB3	16	21425402	metadata
NPIPB4	16	21857695	metadata
NPIPB5	16	22507830	metadata
NPIPB6	16	28353012	metadata
NPIPB8	16	28648199	metadata
NPIPB9	16	28762325	metadata
NPRL3	16	111474	metadata
NPW	16	2015340	metadata
NQO1	16	69716832	metadata
NRN1L	16	67886870	metadata
NSMCE1	16	27246883	metadata
NTAN1	16	15046966	metadata
NTHL1	16	2043840	metadata
NTN3	16	2472721	metadata
NUBP1	16	10756568	metadata
NUBP2	16	1786059	metadata
NUDT16L1	16	4694710	metadata
NUDT21	16	56440666	metadata
NUDT7	16	77732376	metadata
NUP93	16	56790202	metadata
NUPR1	16	28535858	metadata
NUTF2	16	67859724	metadata
OGFOD1	16	56465312	metadata
OR1F1	16	3206491	metadata
OR2C1	16	3356597	metadata
ORAI3	16	30952764	metadata
ORC6	16	46694018	metadata
OSGIN1	16	83948821	metadata
OTOA	16	21712951	metadata
PABPN1L	16	88864996	metadata
PAGR1	16	29819320	metadata
PALB2	16	23622240	metadata
PAM16	16	4343578	metadata
PAQR4	16	2971377	metadata
PARD6A	16	67661860	metadata
PARN	16	14534214	metadata
PDF	16	69328750	metadata
PDIA2	16	285189	metadata
PDILT	16	20381956	metadata
PDP2	16	66887171	metadata
PDPK1	16	2570584	metadata
PDPR	16	70138434	metadata
PDXDC1	16	15064131	metadata
PDZD9	16	21992490	metadata
PGAP6	16	378950	metadata
PGP	16	2213216	metadata
PHAF1	16	67129242	metadata
PHKB	16	47581323	metadata
PHKG2	16	30754734	metadata
PHLPP2	16	71681268	metadata
PIEZO1	16	88750279	metadata
PIGQ	16	575552	metadata
PKD1	16	2112303	metadata
PKD1L2	16	81160622	metadata
PKD1L3	16	71964970	metadata
PKMYT1	16	2974251	metadata
PLA2G10	16	14683428	metadata
PLA2G15	16	68253181	metadata
PLCG2	16	81850466	metadata
PLEKHG4	16	67283504	metadata
PLK1	16	23684011	metadata
PLLP	16	57266609	metadata
PMFBP1	16	72144517	metadata
PMM2	16	8825678	metadata
POLR2C	16	57467334	metadata
POLR3E	16	22316238	metadata
POLR3K	16	50007	metadata
PPL	16	4921624	metadata
PPP4C	16	30080677	metadata
PRDM7	16	90074319	metadata
PRKCB	16	24028297	metadata
PRM1	16	11281085	metadata
PRM2	16	11276059	metadata
PRM3	16	11273414	metadata
PRMT7	16	68335901	metadata
PRR14	16	30653565	metadata
PRR35	16	562961	metadata
PRRT2	16	29813637	metadata
PRSS21	16	2821742	metadata
PRSS22	16	2855450	metadata
PRSS27	16	2716485	metadata
PRSS33	16	2785950	metadata
PRSS36	16	31144504	metadata
PRSS41	16	2801887	metadata
PRSS53	16	31086532	metadata
PRSS54	16	58287522	metadata
PRSS8	16	31133580	metadata
PSKH1	16	67911465	metadata
PSMB10	16	67935685	metadata
PSMD7	16	74119930	metadata
PSME3IP1	16	57169291	metadata
PTX4	16	1487433	metadata
PYCARD	16	31202469	metadata
PYDC1	16	31216548	metadata
QPRT	16	29680989	metadata
RAB11FIP3	16	474330	metadata
RAB26	16	2147484	metadata
RAB40C	16	609314	metadata
RABEP2	16	28920473	metadata
RANBP10	16	67764815	metadata
RBBP6	16	24555278	metadata
RBFOX1	16	6476571	metadata
RBL2	16	53462812	metadata
REXO5	16	20828047	metadata
RFWD3	16	74644138	metadata
RGS11	16	272140	metadata
RHBDF1	16	67207	metadata
RHBDL1	16	676969	metadata
RHOT2	16	671137	metadata
RIPOR1	16	67532603	metadata
RMI2	16	11315640	metadata
RNF151	16	1967899	metadata
RNF166	16	88701453	metadata
RNF40	16	30769026	metadata
RNPS1	16	2260756	metadata
ROGDI	16	4799924	metadata
RPGRIP1L	16	53651045	metadata
RPL13	16	89564255	metadata
RPL3L	16	1950790	metadata
RPS15A	16	18785839	metadata
RPS2	16	1963449	metadata
RPUSD1	16	786685	metadata
RRAD	16	66923610	metadata
RRN3	16	15077172	metadata
RSL1D1	16	11879551	metadata
RSPRY1	16	57213303	metadata
RUSF1	16	31499390	metadata
SALL1	16	51144158	metadata
SBK1	16	28291547	metadata
SCNN1B	16	23329762	metadata
SCNN1G	16	23199814	metadata
SDR42E1	16	82000168	metadata
SEC14L5	16	4988743	metadata
SEPHS2	16	30444752	metadata
SEPTIN1	16	30387063	metadata
SEPTIN12	16	4783002	metadata
SETD1A	16	30970979	metadata
SETD6	16	58519660	metadata
SEZ6L2	16	29885354	metadata
SF3B3	16	70550730	metadata
SGF29	16	28572852	metadata
SH2B1	16	28860406	metadata
SHCBP1	16	46599985	metadata
SHISA9	16	13071007	metadata
SIAH1	16	48402383	metadata
SLC12A3	16	56890528	metadata
SLC12A4	16	67956537	metadata
SLC22A31	16	89198706	metadata
SLC38A7	16	58674939	metadata
SLC38A8	16	84026231	metadata
SLC5A11	16	24878734	metadata
SLC5A2	16	31486931	metadata
SLC6A2	16	55681816	metadata
SLC7A5	16	87849761	metadata
SLC7A6	16	68283169	metadata
SLC7A6OS	16	68297724	metadata
SLC9A5	16	67254937	metadata
SLX1A	16	30199101	metadata
SLX1B	16	29460034	metadata
SLX4	16	3596393	metadata
SMG1	16	18865634	metadata
SMIM22	16	4792444	metadata
SMPD3	16	68403417	metadata
SNAI3	16	88675293	metadata
SNN	16	11673803	metadata
SNRNP25	16	55748	metadata
SNTB2	16	69248099	metadata
SNX20	16	50673826	metadata
SNX29	16	12275510	metadata
SOCS1	16	11255310	metadata
SOX8	16	984211	metadata
SPATA2L	16	89699031	metadata
SPATA33	16	89664506	metadata
SPG7	16	89524242	metadata
SPIRE2	16	89844749	metadata
SPMIP8	16	57982275	metadata
SPNS1	16	28979384	metadata
SPSB3	16	1785206	metadata
SRCAP	16	30719809	metadata
SRL	16	4215727	metadata
SRRM2	16	2762582	metadata
SSTR5	16	1072660	metadata
ST3GAL2	16	70407607	metadata
STUB1	16	681547	metadata
STX1B	16	30999947	metadata
STX4	16	31037932	metadata
SULT1A1	16	28607620	metadata
SULT1A2	16	28594496	metadata
SULT1A3	16	30201769	metadata
SULT1A4	16	29462439	metadata
SYCE1L	16	77206311	metadata
SYNGR3	16	1991967	metadata
SYT17	16	19218151	metadata
TAF1C	16	84182458	metadata
TANGO6	16	68964356	metadata
TAOK2	16	29983064	metadata
TAT	16	71571569	metadata
TBC1D10B	16	30363798	metadata
TBC1D24	16	2492361	metadata
TBL3	16	1977491	metadata
TBX6	16	30088858	metadata
TCF25	16	89893598	metadata
TEDC2	16	2462524	metadata
TEKT5	16	10661215	metadata
TELO2	16	1501900	metadata
TENT4B	16	50194110	metadata
TERB1	16	66778130	metadata
TERF2	16	69382069	metadata
TERF2IP	16	75704822	metadata
TFAP4	16	4265130	metadata
TGFB1I1	16	31474772	metadata
THAP11	16	67843257	metadata
THOC6	16	3025891	metadata
THUMPD1	16	20722450	metadata
TIGD7	16	3302268	metadata
TK2	16	66530273	metadata
TLCD3B	16	30038702	metadata
TMC5	16	19454804	metadata
TMC7	16	19023938	metadata
TMED6	16	69347518	metadata
TMEM114	16	8564058	metadata
TMEM170A	16	75454275	metadata
TMEM186	16	8789013	metadata
TMEM204	16	1542134	metadata
TMEM208	16	67228190	metadata
TMEM219	16	29956967	metadata
TMEM231	16	75546515	metadata
TMEM265	16	30742919	metadata
TNFRSF12A	16	3020414	metadata
TNFRSF17	16	11966639	metadata
TNP2	16	11268640	metadata
TNRC6A	16	24718920	metadata
TOX3	16	52492109	metadata
TP53TG3D	16	32254607	metadata
TPPP3	16	67391663	metadata
TPSAB1	16	1240910	metadata
TPSB2	16	1230014	metadata
TPSD1	16	1257533	metadata
TPSG1	16	1223722	metadata
TRADD	16	67157047	metadata
TRAF7	16	2166913	metadata
TRAP1	16	3684596	metadata
TRAPPC2L	16	88859453	metadata
TRIM72	16	31222828	metadata
TSC2	16	2068729	metadata
TSNAXIP1	16	67819456	metadata
TSR3	16	1350559	metadata
TUBB3	16	89930076	metadata
TUFM	16	28844379	metadata
TVP23A	16	10789856	metadata
TXNDC11	16	11710970	metadata
TXNL4B	16	72089644	metadata
UBALD1	16	4611955	metadata
UBE2I	16	1309231	metadata
UBFD1	16	23566055	metadata
UBN1	16	4864533	metadata
UMOD	16	20344676	metadata
UNKL	16	1388978	metadata
UQCC4	16	1420254	metadata
UQCRC2	16	21968474	metadata
USB1	16	58010582	metadata
USP10	16	84739954	metadata
USP31	16	23105429	metadata
USP7	16	8933712	metadata
UTP4	16	69181210	metadata
VAC14	16	70744299	metadata
VASN	16	4377693	metadata
VAT1L	16	77884335	metadata
VKORC1	16	31093411	metadata
VPS35	16	46672825	metadata
VPS35L	16	19631016	metadata
VPS4A	16	69319137	metadata
VPS9D1	16	89714016	metadata
VWA3A	16	22124751	metadata
WDR24	16	687533	metadata
WDR59	16	74935767	metadata
WDR90	16	658572	metadata
WFDC1	16	84312345	metadata
WFIKKN1	16	631678	metadata
WWOX	16	78656033	metadata
WWP2	16	69852034	metadata
XPO6	16	28154970	metadata
XYLT1	16	17286364	metadata
YPEL3	16	30100778	metadata
ZC3H18	16	88601183	metadata
ZC3H7A	16	11773922	metadata
ZCCHC14	16	87449635	metadata
ZDHHC1	16	67405492	metadata
ZDHHC7	16	84992855	metadata
ZFHX3	16	73337378	metadata
ZFP1	16	75160365	metadata
ZFP90	16	68553081	metadata
ZFPM1	16	88495155	metadata
ZG16	16	29780614	metadata
ZG16B	16	2834919	metadata
ZKSCAN2	16	25306857	metadata
ZNF174	16	3405289	metadata
ZNF19	16	71514822	metadata
ZNF200	16	3229273	metadata
ZNF205	16	3116538	metadata
ZNF213	16	3125629	metadata
ZNF23	16	71455346	metadata
ZNF263	16	3292342	metadata
ZNF267	16	31895582	metadata
ZNF276	16	89730662	metadata
ZNF319	16	57997674	metadata
ZNF423	16	49672721	metadata
ZNF469	16	88411858	metadata
ZNF48	16	30389107	metadata
ZNF500	16	4757931	metadata
ZNF597	16	3437959	metadata
ZNF598	16	2003737	metadata
ZNF629	16	30782830	metadata
ZNF646	16	31079309	metadata
ZNF668	16	31067541	metadata
ZNF688	16	30571203	metadata
ZNF689	16	30613285	metadata
ZNF747	16	30544779	metadata
ZNF75A	16	3312129	metadata
ZNF764	16	30556069	metadata
ZNF768	16	30525412	metadata
ZNF771	16	30419261	metadata
ZNF778	16	89227422	metadata
ZNF785	16	30579754	metadata
ZNF821	16	71877508	metadata
ZNF843	16	31437876	metadata
ZNRF1	16	75055009	metadata
ZP2	16	21205980	metadata
ZSCAN10	16	3094092	metadata
ZSCAN32	16	3391573	metadata
AANAT	17	76461734	metadata
AARSD1	17	42957512	metadata
AATF	17	37002898	metadata
AATK	17	81138354	metadata
ABCA10	17	69196030	metadata
ABCA5	17	69285777	metadata
ABCA6	17	69110298	metadata
ABCA8	17	68911340	metadata
ABCA9	17	68993657	metadata
ABCC3	17	50663515	metadata
ABHD15	17	29633818	metadata
ABI3	17	49216818	metadata
ABR	17	1116628	metadata
ACACA	17	37245914	metadata
ACADVL	17	7221195	metadata
ACAP1	17	7344003	metadata
ACBD4	17	45138390	metadata
ACE	17	63487720	metadata
ACLY	17	41898729	metadata
ACOX1	17	75960342	metadata
ACSF2	17	50450501	metadata
ACTG1	17	81516630	metadata
ADAM11	17	44770417	metadata
ADAP2	17	30933144	metadata
ADORA2B	17	15960438	metadata
ADPRM	17	10704576	metadata
AFMID	17	78197530	metadata
AIPL1	17	6414446	metadata
AKAP1	17	57103219	metadata
AKAP10	17	19941322	metadata
ALDH3A1	17	19743463	metadata
ALDH3A2	17	19666948	metadata
ALDOC	17	28575031	metadata
ALKBH5	17	18196516	metadata
ALOX12	17	7003401	metadata
ALOX12B	17	8080176	metadata
ALOX15	17	4636606	metadata
ALOX15B	17	8044084	metadata
ALOXE3	17	8107473	metadata
ALYREF	17	81889710	metadata
AMZ2	17	68231596	metadata
ANAPC11	17	81895890	metadata
ANKFN1	17	56199658	metadata
ANKFY1	17	4213908	metadata
ANKRD13B	17	29602265	metadata
ANKRD40	17	50700556	metadata
AOC2	17	42847643	metadata
AOC3	17	42854657	metadata
AP2B1	17	35652229	metadata
APOH	17	66234279	metadata
APPBP2	17	60484700	metadata
ARHGAP23	17	38465832	metadata
ARHGAP27	17	45414161	metadata
ARHGAP44	17	12890570	metadata
ARHGDIA	17	81869548	metadata
ARHGEF15	17	8316377	metadata
ARL16	17	81682481	metadata
ARL17A	17	46539737	metadata
ARL4D	17	43400065	metadata
ARL5C	17	39162189	metadata
ARMC7	17	75120112	metadata
ARRB2	17	4716047	metadata
ARSG	17	68340956	metadata
ASB16	17	44172236	metadata
ASGR1	17	7176497	metadata
ASGR2	17	7108511	metadata
ASIC2	17	33594025	metadata
ASPA	17	3487889	metadata
ASPSCR1	17	81997106	metadata
ATAD5	17	30863917	metadata
ATP1B2	17	7652198	metadata
ATP2A3	17	3944166	metadata
ATP5MC1	17	48894318	metadata
ATP6V0A1	17	42490713	metadata
ATPAF2	17	18008309	metadata
ATXN7L3	17	44216694	metadata
AURKB	17	8207666	metadata
AXIN2	17	65545105	metadata
B3GNTL1	17	82996979	metadata
B4GALNT2	17	49154650	metadata
B9D1	17	19356250	metadata
BAHCC1	17	81430894	metadata
BAIAP2	17	81076278	metadata
BCAS3	17	61035145	metadata
BCL6B	17	7026670	metadata
BECN1	17	42821742	metadata
BHLHA9	17	1271129	metadata
BIRC5	17	78219911	metadata
BLMH	17	30270129	metadata
BLTP2	17	28629950	metadata
BORCS6	17	8189262	metadata
BPTF	17	67904940	metadata
BRCA1	17	43107270	metadata
BRIP1	17	61771349	metadata
BTBD17	17	74359142	metadata
C17orf100	17	6672482	metadata
C17orf107	17	4901176	metadata
C17orf113	17	42044416	metadata
C17orf49	17	7016010	metadata
C17orf50	17	35762983	metadata
C17orf58	17	67993784	metadata
C17orf67	17	56815343	metadata
C17orf75	17	32337294	metadata
C17orf78	17	37384346	metadata
C17orf99	17	78156341	metadata
C1QBP	17	5440803	metadata
C1QL1	17	44963998	metadata
C1QTNF1	17	79036301	metadata
CA10	17	51895165	metadata
CA4	17	60160420	metadata
CACNA1G	17	50594094	metadata
CACNB1	17	39185577	metadata
CACNG1	17	67050675	metadata
CACNG4	17	66999052	metadata
CACNG5	17	66864934	metadata
CALCOCO2	17	48849623	metadata
CAMKK1	17	3877603	metadata
CAMTA2	17	4977833	metadata
CANT1	17	79000791	metadata
CARD14	17	80193032	metadata
CASC3	17	40156250	metadata
CASKIN2	17	75507899	metadata
CAVIN1	17	42412852	metadata
CBX1	17	48085765	metadata
CBX2	17	79783065	metadata
CBX4	17	79836298	metadata
CBX8	17	79796907	metadata
CCDC103	17	44902266	metadata
CCDC137	17	81670320	metadata
CCDC144A	17	16733709	metadata
CCDC182	17	57744897	metadata
CCDC40	17	80068622	metadata
CCDC42	17	8737577	metadata
CCDC43	17	44681424	metadata
CCDC47	17	63760803	metadata
CCDC57	17	82157169	metadata
CCDC92B	17	2735226	metadata
CCL1	17	34361780	metadata
CCL11	17	34287038	metadata
CCL13	17	34357545	metadata
CCL14	17	35985146	metadata
CCL15	17	35992638	metadata
CCL16	17	35978995	metadata
CCL18	17	36068152	metadata
CCL2	17	34256241	metadata
CCL23	17	36015514	metadata
CCL3	17	36081500	metadata
CCL3L3	17	36195813	metadata
CCL4	17	36104724	metadata
CCL4L2	17	36211901	metadata
CCL5	17	35876142	metadata
CCL7	17	34271231	metadata
CCL8	17	34320418	metadata
CCR10	17	42681403	metadata
CCR7	17	40558276	metadata
CCT6B	17	34954468	metadata
CD300A	17	74475598	metadata
CD300C	17	74540247	metadata
CD300E	17	74616808	metadata
CD300LB	17	74525237	metadata
CD300LD	17	74605341	metadata
CD300LF	17	74703644	metadata
CD300LG	17	43855393	metadata
CD68	17	7580801	metadata
CD7	17	82315586	metadata
CDC27	17	47153562	metadata
CDC42EP4	17	73297814	metadata
CDC6	17	40296268	metadata
CDK12	17	39514522	metadata
CDK3	17	76003427	metadata
CDK5R1	17	32489123	metadata
CDK5RAP3	17	47974795	metadata
CDR2L	17	74996716	metadata
CDRT15	17	14236267	metadata
CDRT15L2	17	20580317	metadata
CDRT4	17	15455871	metadata
CENPV	17	16348095	metadata
CENPX	17	82021404	metadata
CEP112	17	65913835	metadata
CEP131	17	81206296	metadata
CEP295NL	17	78896898	metadata
CEP95	17	64524663	metadata
CFAP52	17	9610037	metadata
CFAP97D1	17	43784027	metadata
CHAD	17	50466701	metadata
CHCT1	17	60411927	metadata
CHD3	17	7898778	metadata
CHMP6	17	81000557	metadata
CHRNB1	17	7451385	metadata
CHRNE	17	4916104	metadata
CISD3	17	38732973	metadata
CLDN7	17	7261943	metadata
CLEC10A	17	7077422	metadata
CLTC	17	59658318	metadata
CLUH	17	2701024	metadata
CNP	17	41972251	metadata
CNTD1	17	42805193	metadata
CNTNAP1	17	42691262	metadata
CNTROB	17	7941010	metadata
COA3	17	42796925	metadata
COASY	17	42563872	metadata
COG1	17	73200781	metadata
COIL	17	56949624	metadata
COL1A1	17	50192866	metadata
COPRS	17	31855581	metadata
COPS3	17	17263944	metadata
COPZ2	17	48032098	metadata
CORO6	17	29618834	metadata
COX10	17	13912541	metadata
COX11	17	54960302	metadata
CPD	17	30424458	metadata
CPSF4L	17	73255400	metadata
CRHR1	17	45810052	metadata
CRK	17	1441925	metadata
CRLF3	17	30797040	metadata
CRYBA1	17	29250676	metadata
CSH1	17	63895785	metadata
CSH2	17	63872889	metadata
CSHL1	17	63910469	metadata
CSNK1D	17	82256361	metadata
CTC1	17	8236436	metadata
CTDNEP1	17	7248041	metadata
CTNS	17	3649781	metadata
CUEDC1	17	57908327	metadata
CWC25	17	38812898	metadata
CXCL16	17	4736730	metadata
CYB561	17	63439329	metadata
CYB5D1	17	7860014	metadata
CYB5D2	17	4165239	metadata
CYBC1	17	82445870	metadata
CYGB	17	76539265	metadata
CYTH1	17	78728172	metadata
DBF4B	17	44730436	metadata
DCAF7	17	63572254	metadata
DCAKD	17	45042234	metadata
DCXR	17	82036422	metadata
DDX42	17	63796460	metadata
DDX5	17	64503226	metadata
DDX52	17	37626592	metadata
DERL2	17	5479032	metadata
DGKE	17	56851837	metadata
DHRS11	17	36596341	metadata
DHRS13	17	28900430	metadata
DHRS7B	17	21158314	metadata
DHRS7C	17	9781513	metadata
DHX33	17	5454949	metadata
DHX40	17	59586951	metadata
DHX58	17	42107059	metadata
DHX8	17	43547101	metadata
DLG4	17	7203511	metadata
DLX3	17	49992614	metadata
DLX4	17	49971773	metadata
DNAH17	17	78500546	metadata
DNAH2	17	7775743	metadata
DNAH9	17	11784109	metadata
DNAI2	17	74294559	metadata
DNAJC7	17	41998898	metadata
DOC2B	17	162219	metadata
DPH1	17	2037017	metadata
DRC3	17	17994851	metadata
DRG2	17	18097931	metadata
DUS1L	17	82061696	metadata
DUSP14	17	37501696	metadata
DUSP3	17	43772551	metadata
DVL2	17	7229929	metadata
EFCAB13	17	47386098	metadata
EFCAB3	17	62380210	metadata
EFCAB5	17	30018826	metadata
EFNB3	17	7708287	metadata
EFTUD2	17	44874696	metadata
EIF1	17	41690776	metadata
EIF4A1	17	7575915	metadata
EIF4A3	17	80140760	metadata
EIF5A	17	7309731	metadata
ELAC2	17	13004838	metadata
ELP5	17	7255678	metadata
EMC6	17	3669240	metadata
EME1	17	50377351	metadata
ENDOV	17	80426625	metadata
ENGASE	17	79081711	metadata
ENO3	17	4952611	metadata
ENPP7	17	79736581	metadata
EPN2	17	19276165	metadata
EPN3	17	50538216	metadata
EPOP	17	38673330	metadata
EPX	17	58198950	metadata
ERAL1	17	28858035	metadata
ERBB2	17	39709170	metadata
ERN1	17	64084949	metadata
ETV4	17	43553732	metadata
EVI2A	17	31319079	metadata
EVI2B	17	31308937	metadata
EVPL	17	76015904	metadata
EVPLL	17	18383712	metadata
EXOC7	17	76101296	metadata
EZH1	17	42722662	metadata
FAAP100	17	81546923	metadata
FADS6	17	74885541	metadata
FAM117A	17	49749756	metadata
FAM171A2	17	44358534	metadata
FAM187A	17	44904411	metadata
FAM20A	17	68568240	metadata
FAM222B	17	28805606	metadata
FAM83G	17	18986776	metadata
FASN	17	82088316	metadata
FBF1	17	75925357	metadata
FBXL20	17	39327593	metadata
FBXO39	17	6786658	metadata
FBXO47	17	38951917	metadata
FBXW10	17	18761687	metadata
FBXW10B	17	15592593	metadata
FDXR	17	74867764	metadata
FGF11	17	7441605	metadata
FKBP10	17	41817946	metadata
FLCN	17	17224700	metadata
FLII	17	18251776	metadata
FLOT2	17	28888534	metadata
FMNL1	17	45206496	metadata
FN3K	17	82743405	metadata
FN3KRP	17	82723517	metadata
FNDC8	17	35126173	metadata
FOXJ1	17	76138789	metadata
FOXK2	17	82582187	metadata
FOXN1	17	28522571	metadata
FOXO3B	17	18674971	metadata
FSCN2	17	81532753	metadata
FTSJ3	17	63824722	metadata
FXR2	17	7603063	metadata
FZD2	17	44559373	metadata
G6PC1	17	42907617	metadata
G6PC3	17	44076385	metadata
GAA	17	80110707	metadata
GABARAP	17	7241228	metadata
GALK1	17	75758415	metadata
GALR2	17	76076159	metadata
GAS2L2	17	35748875	metadata
GAS7	17	10054606	metadata
GAST	17	41714150	metadata
GCGR	17	81809070	metadata
GDPD1	17	59248218	metadata
GEMIN4	17	749210	metadata
GFAP	17	44910048	metadata
GGA3	17	75249481	metadata
GGNBP2	17	36567380	metadata
GGT6	17	4558872	metadata
GH1	17	63918019	metadata
GH2	17	63881079	metadata
GHDC	17	42191656	metadata
GID4	17	18053906	metadata
GIP	17	48963575	metadata
GIT1	17	29583764	metadata
GJC1	17	44814632	metadata
GJD3	17	40363013	metadata
GLOD4	17	769695	metadata
GLP2R	17	9857152	metadata
GLTPD2	17	4789776	metadata
GNA13	17	65033014	metadata
GOSR1	17	30502477	metadata
GOSR2	17	46949299	metadata
GP1BA	17	4933650	metadata
GPATCH8	17	44449355	metadata
GPR142	17	74370029	metadata
GPR179	17	38334263	metadata
GPRC5C	17	74438252	metadata
GPS1	17	82054080	metadata
GPS2	17	7313444	metadata
GRAP	17	19033833	metadata
GRB7	17	39742609	metadata
GRIN2C	17	74851763	metadata
GRN	17	44349176	metadata
GSDMA	17	39965515	metadata
GSDMB	17	39912224	metadata
GUCY2D	17	8011478	metadata
H3-3B	17	75778904	masks
HAP1	17	41726193	metadata
HASPIN	17	3725301	metadata
HCRT	17	42184756	metadata
HDAC5	17	44100224	metadata
HEATR6	17	60059965	metadata
HEATR9	17	35861918	metadata
HELZ	17	67158216	metadata
HES7	17	8122349	metadata
HEXD	17	82430481	metadata
HEXIM1	17	45150287	metadata
HEXIM2	17	45155180	metadata
HGS	17	81693232	metadata
HIC1	17	2058697	metadata
HID1	17	74961954	metadata
HIGD1B	17	44848414	metadata
HLF	17	55295073	metadata
HNF1B	17	37715745	metadata
HOXB1	17	48529768	metadata
HOXB13	17	48726756	metadata
HOXB2	17	48543001	metadata
HOXB3	17	48576891	metadata
HOXB4	17	48576928	metadata
HOXB5	17	48592518	metadata
HOXB6	17	48600371	metadata
HOXB7	17	48620402	metadata
HOXB8	17	48613334	metadata
HOXB9	17	48623757	metadata
HROB	17	44152191	metadata
HS3ST3A1	17	13547980	metadata
HS3ST3B1	17	14325242	metadata
HSD17B1	17	42553636	metadata
HSF5	17	58454287	metadata
HSPB9	17	42123078	metadata
ICAM2	17	64011614	metadata
IFI35	17	43010598	metadata
IFT20	17	28331907	metadata
IGF2BP1	17	49026765	metadata
IGFBP4	17	40450587	metadata
IKZF3	17	39811013	metadata
INCA1	17	4992870	metadata
INPP5K	17	1505659	metadata
INTS2	17	61896691	metadata
ITGA2B	17	44380914	metadata
ITGA3	17	50073224	metadata
ITGAE	17	3757908	metadata
ITGB3	17	47283785	metadata
ITGB4	17	75739573	metadata
JMJD6	17	76719815	metadata
JPT1	17	75151764	metadata
JUP	17	41770767	metadata
KANSL1	17	46127652	metadata
KAT2A	17	42117239	metadata
KAT7	17	49811825	metadata
KCNAB3	17	7925857	metadata
KCNH4	17	42169016	metadata
KCNH6	17	63536155	metadata
KCNJ12	17	21398113	metadata
KCNJ16	17	70094518	metadata
KCNJ2	17	70174358	metadata
KCTD11	17	7353416	metadata
KCTD2	17	75049232	metadata
KDM6B	17	7844506	metadata
KIAA0753	17	6609429	metadata
KIF18B	17	44936241	metadata
KIF19	17	74341015	metadata
KIF1C	17	5013175	metadata
KIF2B	17	53824060	metadata
KLHL10	17	41842034	metadata
KLHL11	17	41856970	metadata
KPNA2	17	68041500	metadata
KPNB1	17	47602302	metadata
KRBA2	17	8366803	metadata
KRT10	17	40827672	metadata
KRT12	17	40864263	metadata
KRT13	17	41503343	metadata
KRT14	17	41584587	metadata
KRT15	17	41518137	metadata
KRT16	17	41612838	metadata
KRT17	17	41622142	metadata
KRT19	17	41525962	metadata
KRT20	17	40880565	metadata
KRT222	17	40659923	metadata
KRT23	17	40930173	metadata
KRT24	17	40700871	metadata
KRT25	17	40751676	metadata
KRT26	17	40769219	metadata
KRT27	17	40779679	metadata
KRT28	17	40796077	metadata
KRT31	17	41395664	metadata
KRT32	17	41463449	metadata
KRT33A	17	41348460	metadata
KRT33B	17	41366655	metadata
KRT34	17	41379987	metadata
KRT35	17	41478930	metadata
KRT36	17	41489341	metadata
KRT37	17	41422566	metadata
KRT38	17	41438568	metadata
KRT39	17	40962682	metadata
KRT40	17	40982425	metadata
KRT9	17	41568947	metadata
KRTAP1-1	17	41041097	masks
KRTAP1-3	17	41034570	masks
KRTAP1-4	17	41029896	masks
KRTAP1-5	17	41026892	masks
KRTAP16-1	17	41308477	masks
KRTAP17-1	17	41315497	masks
KRTAP2-1	17	41047093	masks
KRTAP2-2	17	41054976	masks
KRTAP2-3	17	41059873	masks
KRTAP2-4	17	41065639	masks
KRTAP29-1	17	41302360	masks
KRTAP3-2	17	40999711	masks
KRTAP3-3	17	40993941	masks
KRTAP4-1	17	41184641	masks
KRTAP4-11	17	41118048	masks
KRTAP4-12	17	41123832	masks
KRTAP4-2	17	41177991	masks
KRTAP4-3	17	41167868	masks
KRTAP4-5	17	41149444	masks
KRTAP4-6	17	41140178	masks
KRTAP4-7	17	41084397	masks
KRTAP4-8	17	41097806	masks
KRTAP4-9	17	41105687	masks
KRTAP9-1	17	41190263	masks
KRTAP9-2	17	41226909	masks
KRTAP9-3	17	41232740	masks
KRTAP9-6	17	41265506	masks
KRTAP9-7	17	41276050	masks
KRTAP9-8	17	41238351	masks
KRTAP9-9	17	41255635	masks
KSR1	17	27541443	metadata
LASP1	17	38895814	metadata
LGALS3BP	17	78975592	metadata
LGALS9	17	27639679	metadata
LGALS9B	17	20458467	metadata
LGALS9C	17	18485841	metadata
LHX1	17	36899172	metadata
LIAT1	17	420693	metadata
LIG3	17	34995127	metadata
LIMD2	17	63698530	metadata
LLGL1	17	18235255	metadata
LLGL2	17	75550144	metadata
LPO	17	58243533	metadata
LRRC37A	17	46315405	metadata
LRRC37A2	17	46534209	metadata
LRRC37A3	17	64886805	metadata
LRRC37B	17	32030443	metadata
LRRC3C	17	39936365	metadata
LRRC45	17	82027228	metadata
LRRC46	17	47834676	metadata
LRRC59	17	50386291	metadata
LRRC75A	17	16466885	metadata
LSM12	17	44050973	metadata
LUC7L3	17	50737892	metadata
LYRM9	17	27886533	metadata
LYZL6	17	35939115	metadata
MAFG	17	81923002	metadata
MAP2K3	17	21299952	metadata
MAP2K4	17	12082329	metadata
MAP2K6	17	69484281	metadata
MAP3K14	17	45290074	metadata
MAP3K3	17	63659360	metadata
MAPK7	17	19380632	metadata
MAPT	17	45961430	metadata
MARCHF10	17	62754829	metadata
MBTD1	17	51218794	metadata
MCRIP1	17	81827831	metadata
MED1	17	39427778	metadata
MED11	17	4732518	metadata
MED13	17	62003941	metadata
MED24	17	40040156	metadata
MED31	17	6647472	metadata
MED9	17	17485107	metadata
MEIOC	17	44673356	metadata
MEOX1	17	43651155	metadata
METRNL	17	83087365	metadata
METTL16	17	2458726	metadata
METTL23	17	76730383	metadata
METTL2A	17	62438630	metadata
MFAP4	17	19385316	metadata
MFSD11	17	76758657	metadata
MFSD6L	17	8798237	metadata
MGAT5B	17	76909398	metadata
MIEF2	17	18263574	metadata
MIEN1	17	39729514	metadata
MIF4GD	17	75268729	metadata
MILR1	17	64470903	metadata
MINK1	17	4865700	metadata
MIS12	17	5488549	metadata
MKS1	17	58212523	metadata
MLLT6	17	38717534	metadata
MLX	17	42570155	metadata
MMD	17	55407273	metadata
MMP28	17	35775978	metadata
MNT	17	2392588	metadata
MPDU1	17	7588159	metadata
MPO	17	58275395	metadata
MPP2	17	43892534	metadata
MPP3	17	43816984	metadata
MPRIP	17	17130068	metadata
MRC2	17	62660633	metadata
MRM1	17	36605273	metadata
MRM3	17	787431	metadata
MRPL10	17	47827406	metadata
MRPL12	17	81705442	metadata
MRPL27	17	50370532	metadata
MRPL38	17	75901868	metadata
MRPL45	17	38310120	metadata
MRPL58	17	75016965	metadata
MRPS23	17	57842418	metadata
MRPS7	17	75264025	metadata
MSI2	17	57470270	metadata
MSL1	17	40129444	metadata
MTMR4	17	58503717	metadata
MTNAP1	17	73240596	metadata
MXRA7	17	76691777	metadata
MYADML2	17	81943439	metadata
MYBBP1A	17	4547141	metadata
MYCBPAP	17	50519963	metadata
MYH1	17	10505424	metadata
MYH10	17	8552791	metadata
MYH13	17	10336997	metadata
MYH2	17	10535424	metadata
MYH3	17	10642917	metadata
MYH4	17	10456424	metadata
MYH8	17	10406136	metadata
MYL4	17	47212062	metadata
MYO15A	17	18144279	metadata
MYO18A	17	29125760	metadata
MYO19	17	36519535	metadata
MYO1C	17	1478436	metadata
MYO1D	17	32684849	metadata
MYOCD	17	12717419	metadata
NAA38	17	7870961	metadata
NACA2	17	61590820	metadata
NAGLU	17	42540345	metadata
NAGS	17	44006845	metadata
NARF	17	82474358	metadata
NAT9	17	74773448	metadata
NATD1	17	21246140	metadata
NBR1	17	43191085	metadata
NCBP3	17	3824202	metadata
NCOR1	17	16123625	metadata
NDEL1	17	8451771	metadata
NDUFAF8	17	81240307	metadata
NEK8	17	28734676	metadata
NEURL4	17	7322510	metadata
NEUROD2	17	39606656	metadata
NF1	17	31238521	metadata
NFE2L1	17	48054937	metadata
NGFR	17	49541809	metadata
NHERF1	17	74758990	metadata
NKIRAS2	17	42018513	metadata
NLE1	17	35135517	metadata
NLGN2	17	7412367	metadata
NLK	17	28119059	metadata
NLRP1	17	5559419	metadata
NME1	17	51162667	metadata
NME2	17	51168589	metadata
NMT1	17	45033504	metadata
NOG	17	56594655	metadata
NOL11	17	67731231	metadata
NOS2	17	27778647	metadata
NOTUM	17	81957173	metadata
NPB	17	81901825	metadata
NPEPPS	17	47573803	metadata
NPLOC4	17	81602676	metadata
NPTX1	17	80472338	metadata
NR1D1	17	40096691	metadata
NSF	17	46674174	metadata
NSRP1	17	30150998	metadata
NT5C	17	75130991	metadata
NT5C3B	17	41830658	metadata
NT5M	17	17325499	metadata
NTN1	17	9132755	metadata
NUFIP2	17	29274993	metadata
NUP85	17	75220708	metadata
NUP88	17	5389916	metadata
NXN	17	889543	metadata
NXPH3	17	49579849	metadata
ODAD4	17	41948560	metadata
ODF4	17	8342944	metadata
OGFOD3	17	82403923	metadata
OMG	17	31284776	metadata
OR1A1	17	3213217	metadata
OR1A2	17	3197983	metadata
OR1D2	17	3096453	metadata
OR1D5	17	3063138	metadata
OR1E1	17	3397757	metadata
OR1E2	17	3433355	metadata
OR1G1	17	3127080	metadata
OR3A1	17	3294688	metadata
OR3A2	17	3331247	metadata
OR3A3	17	3417720	metadata
OR4D1	17	58153984	metadata
OR4D2	17	58169196	metadata
ORMDL3	17	39924321	metadata
OSBPL7	17	47814587	metadata
OTOP2	17	74928431	metadata
OTOP3	17	74942945	metadata
OVCA2	17	2042723	metadata
OXLD1	17	81665835	metadata
P2RX1	17	3906534	metadata
P2RX5	17	3679628	metadata
P3H4	17	41807275	metadata
P4HB	17	81852007	metadata
PAFAH1B1	17	2639399	metadata
PCGF2	17	38741857	metadata
PCTP	17	55796940	metadata
PCYT2	17	81906195	metadata
PDE6G	17	81656785	metadata
PDK2	17	50103444	metadata
PELP1	17	4687055	metadata
PEMT	17	17548635	metadata
PER1	17	8148486	metadata
PEX12	17	35576829	metadata
PFAS	17	8259054	metadata
PFN1	17	4947356	metadata
PGAP3	17	39683959	metadata
PGS1	17	78401881	metadata
PHB1	17	49409477	metadata
PHF12	17	28928510	metadata
PHF23	17	7237375	metadata
PHOSPHO1	17	49227076	metadata
PIGL	17	16284494	metadata
PIGS	17	28562588	metadata
PIGW	17	36537148	metadata
PIK3R5	17	8922311	metadata
PIK3R6	17	8835199	metadata
PIMREG	17	6447955	metadata
PIP4K2B	17	38782908	metadata
PIPOX	17	29003864	metadata
PIRT	17	10830278	metadata
PITPNA	17	1540255	metadata
PITPNC1	17	67537268	metadata
PITPNM3	17	6503909	metadata
PLCD3	17	45121156	metadata
PLD2	17	4815293	metadata
PLD6	17	17203664	metadata
PLEKHH3	17	42672454	metadata
PLEKHM1	17	45463329	metadata
PLSCR3	17	7392284	metadata
PLXDC1	17	39108853	metadata
PMP22	17	15251032	metadata
PNMT	17	39669228	metadata
PNPO	17	47945407	metadata
POLDIP2	17	28352080	metadata
POLG2	17	64487419	metadata
POLR2A	17	7499491	metadata
PPM1D	17	60633236	metadata
PPM1E	17	58870516	metadata
PPP1R1B	17	39631683	metadata
PPP1R27	17	81834271	metadata
PPP1R9B	17	50142207	metadata
PPY	17	43941640	metadata
PRAC1	17	48722118	metadata
PRAC2	17	48723971	metadata
PRCD	17	76540582	metadata
PRKAR1A	17	68531549	metadata
PRKCA	17	66556678	metadata
PROCA1	17	28707542	metadata
PRPF8	17	1667748	metadata
PRPSAP1	17	76346999	metadata
PRPSAP2	17	18885686	metadata
PRR11	17	59181220	metadata
PRR15L	17	47954925	metadata
PRR29	17	64001328	metadata
PSMB3	17	38758483	metadata
PSMB6	17	4797323	metadata
PSMC3IP	17	42575070	metadata
PSMC5	17	63829589	metadata
PSMD11	17	32463849	metadata
PSMD12	17	67352260	metadata
PSMD3	17	39989383	metadata
PSME3	17	42834072	metadata
PTGES3L	17	42965527	metadata
PTRH2	17	59691131	metadata
PYCR1	17	81937398	metadata
PYY	17	43978601	metadata
QRICH2	17	76291162	metadata
RAB11FIP4	17	31464943	metadata
RAB34	17	28716355	metadata
RAB37	17	74708956	metadata
RAB40B	17	82676835	metadata
RAB5C	17	42140011	metadata
RABEP1	17	5334302	metadata
RAC3	17	82032941	metadata
RAD51C	17	58714092	metadata
RAD51D	17	35106871	metadata
RAI1	17	17746455	metadata
RAMP2	17	42757767	metadata
RANGRF	17	8289373	metadata
RAP1GAP2	17	2896723	metadata
RAPGEFL1	17	40186333	metadata
RARA	17	40333411	metadata
RASD1	17	17495416	metadata
RASL10B	17	35737580	metadata
RBFOX3	17	79350198	metadata
RCVRN	17	9900795	metadata
RDM1	17	35924419	metadata
RECQL5	17	75647017	metadata
RETREG3	17	42595068	metadata
RFFL	17	35047654	metadata
RFLNB	17	442958	metadata
RFNG	17	82049866	metadata
RGS9	17	65164257	metadata
RHBDF2	17	76486340	metadata
RHBDL3	17	32295245	metadata
RHOT1	17	32197914	metadata
RILP	17	1648005	metadata
RNASEK	17	7015077	metadata
RND2	17	43028636	metadata
RNF112	17	19414200	metadata
RNF135	17	30985447	metadata
RNF157	17	76191479	metadata
RNF167	17	4942615	metadata
RNF213	17	80329823	metadata
RNF222	17	8394264	metadata
RNF43	17	58385635	metadata
RNFT1	17	59980902	metadata
RPA1	17	1864892	metadata
RPAIN	17	5426259	metadata
RPH3AL	17	299321	metadata
RPL19	17	39202561	metadata
RPL23	17	38858252	metadata
RPL23A	17	28722172	metadata
RPL26	17	8380364	metadata
RPL27	17	43000616	metadata
RPL38	17	74207118	metadata
RPRML	17	46978704	metadata
RPS6KB1	17	59921810	metadata
RPTOR	17	80755595	metadata
RSAD1	17	50482417	metadata
RSKR	17	28534974	metadata
RTN4RL1	17	1980005	metadata
RUNDC1	17	42987853	metadata
RUNDC3A	17	44307541	metadata
SAMD14	17	50120100	metadata
SAP30BP	17	75687656	metadata
SARM1	17	28384202	metadata
SAT2	17	7627055	metadata
SCARF1	17	1639801	metadata
SCIMP	17	5221890	metadata
SCN4A	17	63955736	metadata
SCO1	17	10685424	metadata
SCPEP1	17	56992448	metadata
SCRN2	17	47839490	metadata
SDF2	17	28655267	metadata
SDK2	17	73489414	metadata
SEBOX	17	28364352	metadata
SEC14L1	17	77152925	metadata
SECTM1	17	82327549	metadata
SENP3	17	7571001	metadata
SEPTIN4	17	58549343	metadata
SEPTIN9	17	77390582	metadata
SERPINF1	17	1769797	metadata
SERPINF2	17	1749050	metadata
SEZ6	17	28980670	metadata
SGCA	17	50170071	metadata
SGSH	17	80213819	metadata
SGSM2	17	2359278	metadata
SHBG	17	7623664	metadata
SHISA6	17	11402638	metadata
SHMT1	17	18345711	metadata
SHPK	17	3622245	metadata
SIRT7	17	81916631	metadata
SKA2	17	59132558	metadata
SKAP1	17	48281856	metadata
SLC13A2	17	28485537	metadata
SLC13A5	17	6699048	metadata
SLC16A11	17	7042856	metadata
SLC16A13	17	7038066	metadata
SLC16A3	17	82239531	metadata
SLC16A5	17	75096944	metadata
SLC16A6	17	68279146	metadata
SLC25A10	17	81716626	metadata
SLC25A11	17	4938591	metadata
SLC25A19	17	75281245	metadata
SLC25A35	17	8291581	metadata
SLC25A39	17	44322247	metadata
SLC26A11	17	80236604	metadata
SLC2A4	17	7284987	metadata
SLC35B1	17	49704974	metadata
SLC35G3	17	35193456	metadata
SLC35G6	17	7482471	metadata
SLC38A10	17	81270179	metadata
SLC39A11	17	72869330	metadata
SLC43A2	17	1599077	metadata
SLC46A1	17	28400919	metadata
SLC47A1	17	19537209	metadata
SLC47A2	17	19698633	metadata
SLC4A1	17	44258265	metadata
SLC52A1	17	5042304	metadata
SLC5A10	17	18986470	metadata
SLC6A4	17	30215160	metadata
SLFN11	17	35362003	metadata
SLFN12	17	35421470	metadata
SLFN12L	17	35500966	metadata
SLFN13	17	35441966	metadata
SLFN14	17	35552402	metadata
SLFN5	17	35258363	metadata
SMARCD2	17	63837573	metadata
SMARCE1	17	40636808	metadata
SMCR8	17	18321674	metadata
SMG6	17	2181812	metadata
SMG8	17	59212319	metadata
SMIM5	17	75637419	metadata
SMIM6	17	75647109	metadata
SMTNL2	17	4596159	metadata
SMURF2	17	64602294	metadata
SMYD4	17	1805059	metadata
SNF8	17	48937079	metadata
SNX11	17	48113479	metadata
SOCS7	17	38378718	metadata
SOST	17	43756264	metadata
SOX15	17	7589136	metadata
SOX9	17	72152151	metadata
SP2	17	47907672	metadata
SP6	17	47850391	metadata
SPACA3	17	32984126	metadata
SPAG5	17	28588295	metadata
SPAG7	17	4963521	metadata
SPAG9	17	51041521	metadata
SPATA20	17	50549455	metadata
SPATA22	17	3476935	metadata
SPATA32	17	45258243	metadata
SPDYE4	17	8753041	metadata
SPECC1	17	20163945	metadata
SPEM1	17	7420978	metadata
SPEM2	17	7426592	metadata
SPHK1	17	76382222	metadata
SPMAP1	17	38838262	metadata
SPNS2	17	4518958	metadata
SPNS3	17	4461074	metadata
SPOP	17	49638523	metadata
SPPL2C	17	45845974	metadata
SRCIN1	17	38567991	metadata
SREBF1	17	17823700	metadata
SRP68	17	76055646	metadata
SRR	17	2314321	metadata
SRSF1	17	58004132	metadata
SRSF2	17	76735724	metadata
SSH2	17	29778107	metadata
SSTR2	17	73170821	metadata
ST6GALNAC1	17	76634273	metadata
ST6GALNAC2	17	76576166	metadata
STAC2	17	39218243	metadata
STARD3	17	39650645	metadata
STAT3	17	42350946	metadata
STAT5A	17	42299745	metadata
STAT5B	17	42243904	metadata
STH	17	45999472	metadata
STRADA	17	63712161	metadata
STX8	17	9413531	metadata
STXBP4	17	55071179	metadata
SUPT4H1	17	58349134	metadata
SUPT6H	17	28682438	metadata
SUZ12	17	31969026	metadata
SYNGR2	17	78171054	metadata
SYNRG	17	37562139	metadata
TAC4	17	49843184	metadata
TACO1	17	63604623	metadata
TADA2A	17	37443305	metadata
TAF15	17	35837048	metadata
TANC2	17	63196969	metadata
TAOK1	17	29471133	metadata
TAX1BP3	17	3665787	metadata
TBC1D16	17	79984107	metadata
TBC1D26	17	15749818	metadata
TBC1D28	17	18639337	metadata
TBC1D3B	17	36171159	metadata
TBC1D3F	17	36434092	metadata
TBC1D3I	17	36259013	metadata
TBC1D3L	17	37983607	metadata
TBCD	17	82848978	metadata
TBKBP1	17	47703106	metadata
TBX2	17	61387485	metadata
TBX21	17	47739679	metadata
TBX4	17	61468757	metadata
TCAP	17	39665951	metadata
TEFM	17	30901787	metadata
TEKT1	17	6810447	metadata
TEKT3	17	15322721	metadata
TEN1	17	75992615	metadata
TEPSIN	17	81233684	metadata
TEX14	17	58624366	metadata
TEX19	17	82361511	metadata
TEX2	17	64205243	metadata
THRA	17	40076078	metadata
TIMM22	17	1000400	metadata
TIMP2	17	78889182	metadata
TK1	17	78180662	metadata
TLCD1	17	28726141	metadata
TLCD2	17	1706596	metadata
TLCD3A	17	737690	metadata
TLK2	17	62537069	metadata
TM4SF5	17	4777548	metadata
TMC6	17	78119902	metadata
TMC8	17	78136869	metadata
TMEM100	17	55725874	metadata
TMEM101	17	44017567	metadata
TMEM102	17	7436557	metadata
TMEM104	17	74808126	metadata
TMEM106A	17	43215938	metadata
TMEM107	17	8174428	metadata
TMEM11	17	21226403	metadata
TMEM132E	17	34540891	metadata
TMEM199	17	28360662	metadata
TMEM220	17	10805574	metadata
TMEM235	17	78236148	metadata
TMEM256	17	7396915	metadata
TMEM88	17	7855582	metadata
TMEM92	17	50276445	metadata
TMEM94	17	75470805	metadata
TMEM95	17	7356171	metadata
TMEM97	17	28323942	metadata
TMEM98	17	32936508	metadata
TMIGD1	17	30325196	metadata
TMUB2	17	44189449	metadata
TNFAIP1	17	28341305	metadata
TNFRSF13B	17	16950967	metadata
TNFSF12	17	7555350	metadata
TNFSF13	17	7559950	metadata
TNK1	17	7385154	metadata
TNRC6C	17	78033762	metadata
TNS4	17	40488725	metadata
TOB1	17	50902347	metadata
TOM1L1	17	54930671	metadata
TOM1L2	17	17907964	metadata
TOP2A	17	40403210	metadata
TOP3A	17	18293217	metadata
TP53	17	7674662	metadata
TP53I13	17	29569604	metadata
TRAF4	17	28747483	metadata
TRAPPC1	17	7931234	metadata
TRARG1	17	1290320	metadata
TRIM16	17	15656135	metadata
TRIM25	17	56875233	metadata
TRIM37	17	59044779	metadata
TRIM47	17	75876372	metadata
TRIM65	17	75888643	metadata
TRPV1	17	3587427	metadata
TRPV2	17	16426287	metadata
TRPV3	17	3534157	metadata
TSEN54	17	75520339	metadata
TSPAN10	17	81642962	metadata
TSPOAP1	17	58370119	metadata
TSR1	17	2329526	metadata
TTC19	17	16022399	metadata
TTLL6	17	48789731	metadata
TTYH2	17	74237795	metadata
TUBD1	17	59876185	metadata
TUBG1	17	42612439	metadata
TUBG2	17	42663145	metadata
TVP23B	17	18793912	metadata
TVP23C	17	15499791	metadata
TXNDC17	17	6642763	metadata
UBB	17	16381771	metadata
UBE2G1	17	4317967	metadata
UBE2O	17	76421304	metadata
UBE2Z	17	48918731	metadata
UBTF	17	44213329	metadata
ULK2	17	19819382	metadata
UNC119	17	28549669	metadata
UNC13D	17	75836005	metadata
UNC45B	17	35168581	metadata
UNK	17	75805302	metadata
USH1G	17	74919669	metadata
USP22	17	21021678	metadata
USP32	17	60299898	metadata
USP36	17	78814411	metadata
USP43	17	9687192	metadata
USP6	17	5145533	metadata
UTP18	17	51279241	metadata
UTP6	17	31881306	metadata
UTS2R	17	82374611	metadata
VAMP2	17	8161347	metadata
VAT1	17	43019865	metadata
VCF1	17	73222053	metadata
VEZF1	17	57979903	metadata
VMO1	17	4785859	metadata
VMP1	17	59774723	metadata
VPS25	17	42776524	metadata
VPS53	17	615110	metadata
VTN	17	28370187	metadata
WBP2	17	75851103	metadata
WDR45B	17	82631557	metadata
WDR81	17	1727561	metadata
WFIKKN2	17	50838501	metadata
WIPF2	17	40251720	metadata
WIPI1	17	68439230	metadata
WNK4	17	42788838	metadata
WNT3	17	46797830	metadata
WNT9B	17	46859965	metadata
WRAP53	17	7694786	metadata
WSB1	17	27305001	metadata
WSCD1	17	6091117	metadata
XAF1	17	6765547	metadata
XYLT2	17	50354632	metadata
YPEL2	17	59366692	metadata
YWHAE	17	1372248	metadata
ZACN	17	76077813	metadata
ZBTB4	17	7471814	metadata
ZFP3	17	5087420	metadata
ZMYND15	17	4742976	metadata
ZNF18	17	11987457	metadata
ZNF207	17	32366008	metadata
ZNF232	17	5105991	metadata
ZNF286A	17	15722746	metadata
ZNF287	17	16558079	metadata
ZNF385C	17	42062027	metadata
ZNF594	17	5223856	metadata
ZNF624	17	16637295	metadata
ZNF652	17	49419069	metadata
ZNF750	17	82834728	metadata
ZNF830	17	34962658	metadata
ZNHIT3	17	36492969	metadata
ZPBP2	17	39873049	metadata
ZSWIM7	17	15988138	metadata
ZZEF1	17	4073737	metadata
ABHD3	18	21677840	metadata
ACAA2	18	49798058	metadata
ADCYAP1	18	908521	metadata
ADNP2	18	80128392	metadata
AFG3L2	18	12353085	metadata
AKAIN1	18	5170207	metadata
ALPK2	18	58555169	metadata
ANKRD12	18	9211106	metadata
ANKRD29	18	23630918	metadata
ANKRD30B	18	14791469	metadata
ANKRD62	18	12111803	metadata
APCDD1	18	10472292	metadata
AQP4	18	26923101	metadata
ARHGAP28	18	6822716	metadata
ARK2C	18	46394974	metadata
ARK2N	18	46220272	metadata
ASXL3	18	33664707	metadata
ATP5F1A	18	46092291	metadata
ATP8B1	18	57724870	metadata
ATP9B	18	79223786	metadata
B4GALT6	18	31654041	metadata
BCL2	18	63221737	metadata
C18orf21	18	35975955	metadata
C18orf32	18	49482247	metadata
C18orf54	18	54371562	metadata
C18orf63	18	74337514	metadata
CABLES1	18	23197517	metadata
CABYR	18	24150293	metadata
CBLN2	18	72587600	metadata
CCBE1	18	59564300	metadata
CCDC102B	18	68885199	metadata
CCDC178	18	33189251	metadata
CCDC68	18	54930485	metadata
CD226	18	69896480	metadata
CDH19	18	66552610	metadata
CDH2	18	28055412	metadata
CDH20	18	61444604	metadata
CDH7	18	65820294	metadata
CELF4	18	37404433	metadata
CEP192	18	13058207	metadata
CEP76	18	12682305	metadata
CETN1	18	581247	metadata
CFAP53	18	50246844	metadata
CHMP1B	18	11852928	metadata
CHST9	18	27045894	metadata
CIDEA	18	12265978	metadata
CLUL1	18	623661	metadata
CNDP1	18	74560856	metadata
CNDP2	18	74509635	metadata
COLEC12	18	408729	metadata
CPLX4	18	59296902	metadata
CTAGE1	18	22415757	metadata
CTDP1	18	79717153	metadata
CTIF	18	48701124	metadata
CXXC1	18	50285091	metadata
CYB5A	18	74271409	metadata
DCC	18	52938048	metadata
DIPK1C	18	74446359	metadata
DLGAP1	18	3975669	metadata
DOK6	18	69624987	metadata
DSC1	18	31146046	metadata
DSC2	18	31080572	metadata
DSC3	18	31016090	metadata
DSEL	18	67723278	metadata
DSG1	18	31377286	metadata
DSG2	18	31524487	metadata
DSG3	18	31463221	metadata
DSG4	18	31395844	metadata
DTNA	18	34692567	metadata
DYM	18	49248867	metadata
DYNAP	18	54593625	metadata
ELAC1	18	50978056	metadata
ELOA2	18	47034074	metadata
ELP2	18	36155000	metadata
EMILIN2	18	2881504	metadata
ENOSF1	18	691490	metadata
EPB41L3	18	5511540	metadata
EPG5	18	45883955	metadata
ESCO1	18	21565082	metadata
FAM210A	18	13695005	metadata
FBXO15	18	74110598	metadata
FECH	18	57565554	metadata
FHOD3	18	36538966	metadata
GALNT1	18	35646475	metadata
GALR1	18	77263874	metadata
GAREM1	18	32297879	metadata
GATA6	18	22128730	metadata
GNAL	18	11787474	metadata
GREB1L	18	21384172	metadata
GRP	18	59225466	metadata
HAUS1	18	46116355	metadata
HDHD2	18	47128954	metadata
HMSD	18	63965537	metadata
HRH4	18	24470299	metadata
HSBP1L1	18	79967702	metadata
IER3IP1	18	47164599	metadata
IMPA2	18	12005951	metadata
IMPACT	18	24440082	metadata
INO80C	18	35475104	metadata
KATNAL2	18	47010485	metadata
KCNG2	18	79849061	metadata
KCTD1	18	26556155	metadata
KDSR	18	63347477	metadata
KIAA1328	18	37030639	metadata
KLHL14	18	32722848	metadata
L3MBTL4	18	6184971	metadata
LAMA1	18	7029769	metadata
LAMA3	18	23822837	metadata
LDLRAD4	18	13435126	metadata
LIPG	18	49579942	metadata
LMAN1	18	59343544	metadata
LOXHD1	18	46567096	metadata
LPIN2	18	2949220	metadata
LRRC30	18	7231566	metadata
MALT1	18	58712971	metadata
MAPK4	18	50645956	metadata
MAPRE2	18	35060199	metadata
MBD1	18	50274328	metadata
MBD2	18	54188137	metadata
MBP	18	77056255	metadata
MC2R	18	13898875	metadata
MC4R	18	60371918	metadata
MC5R	18	13825736	metadata
ME2	18	50916668	metadata
MEP1B	18	32202736	metadata
METTL4	18	2554517	metadata
MEX3C	18	51196441	metadata
MIB1	18	21787955	metadata
MOCOS	18	36229827	metadata
MPPE1	18	11895494	metadata
MRO	18	50810261	metadata
MTCL1	18	8769167	metadata
MYL12A	18	3251858	metadata
MYL12B	18	3269970	metadata
MYO5B	18	50008976	metadata
MYOM1	18	3143387	metadata
NAPG	18	10539334	metadata
NARS1	18	57611434	metadata
NDC80	18	2594096	metadata
NDUFV2	18	9118487	metadata
NEDD4L	18	58222883	metadata
NETO1	18	72805230	metadata
NFATC1	18	79462590	metadata
NOL4	18	34038026	metadata
NPC1	18	23546345	metadata
ONECUT2	18	57463336	metadata
OSBPL1A	18	24279962	metadata
PARD6G	18	80202373	metadata
PHLPP1	18	62847987	metadata
PIAS2	18	46861689	metadata
PIEZO2	18	10908026	metadata
PIGN	18	62046186	metadata
PIK3C3	18	42021532	metadata
PMAIP1	18	59902150	metadata
POLI	18	54295391	metadata
POTEC	18	14525469	metadata
PPP4R1	18	9581015	metadata
PRELID3A	18	12420067	metadata
PSMA8	18	26163603	metadata
PSMG2	18	12693494	metadata
PSTPIP2	18	46027904	metadata
PTGR3	18	75202126	metadata
PTPN2	18	12857560	metadata
PTPRM	18	7986821	metadata
RAB12	18	8624410	metadata
RAB27B	18	54806688	metadata
RALBP1	18	9506561	metadata
RAX	18	59270560	metadata
RBBP8	18	22912374	metadata
RBFA	18	80042520	metadata
RELCH	18	62248752	metadata
RIOK3	18	23469945	metadata
RIT2	18	42929459	metadata
RMC1	18	23517659	metadata
RNF125	18	32053484	metadata
RNF138	18	32111717	metadata
RNF152	18	61851157	metadata
RNMT	18	13745608	metadata
ROCK1	18	21028212	metadata
RPL17	18	49487080	metadata
RPRD1A	18	36025981	metadata
RTTN	18	70104378	metadata
SALL3	18	78991247	metadata
SEC11C	18	59149153	metadata
SEH1L	18	12967334	metadata
SERPINB10	18	63922034	metadata
SERPINB11	18	63687005	metadata
SERPINB12	18	63555849	metadata
SERPINB13	18	63595814	metadata
SERPINB2	18	63887790	metadata
SERPINB3	18	63658545	metadata
SERPINB4	18	63640757	metadata
SERPINB5	18	63491021	metadata
SERPINB7	18	63779155	metadata
SERPINB8	18	63994904	metadata
SETBP1	18	44874341	metadata
SIGLEC15	18	45834884	metadata
SKA1	18	50384604	metadata
SKOR2	18	47228914	metadata
SLC14A1	18	45719772	metadata
SLC14A2	18	45448341	metadata
SLC25A52	18	31760232	metadata
SLC35G4	18	11610104	metadata
SLC39A6	18	36118958	metadata
SLC66A2	18	79927038	metadata
SMAD2	18	47870051	metadata
SMAD4	18	51056786	metadata
SMAD7	18	48935409	metadata
SMCHD1	18	2730371	metadata
SMIM21	18	75418589	metadata
SNRPD1	18	21622919	metadata
SOCS6	18	70309622	metadata
SPIRE1	18	12552309	metadata
SS18	18	26053735	metadata
ST8SIA3	18	57362144	metadata
ST8SIA5	18	46713539	metadata
STARD6	18	54341161	metadata
SYT4	18	43272713	metadata
TAF4B	18	26309065	metadata
TCF4	18	55443486	metadata
TGIF1	18	3435793	metadata
THOC1	18	241285	metadata
TIMM21	18	74154527	metadata
TMEM200C	18	5889013	metadata
TMEM241	18	23317552	metadata
TMX3	18	68694398	metadata
TNFRSF11A	18	62358287	metadata
TPGS2	18	36803431	metadata
TRAPPC8	18	31891166	metadata
TSHZ1	18	75250352	metadata
TTC39C	18	24064371	metadata
TTR	18	31577921	metadata
TUBB6	18	12325994	metadata
TWSG1	18	9368593	metadata
TXNDC2	18	9887520	metadata
TXNL1	18	56624404	metadata
TXNL4A	18	80002381	metadata
TYMS	18	665615	metadata
USP14	18	186506	metadata
VAPA	18	9937018	metadata
VPS4B	18	63405836	metadata
WDR7	18	56840577	metadata
YES1	18	767067	metadata
ZBTB14	18	5293036	metadata
ZBTB7C	18	48218712	metadata
ZCCHC2	18	62555367	metadata
ZNF236	18	76897729	metadata
ZNF24	18	35338854	metadata
ZNF396	18	35372015	metadata
ZNF397	18	35254081	metadata
ZNF407	18	74831770	metadata
ZNF516	18	76426462	metadata
ZNF519	18	14094973	metadata
ZNF521	18	25207057	metadata
ZNF532	18	58924540	metadata
ZSCAN30	18	35270651	metadata
A1BG	19	58349335	metadata
ABCA7	19	1052784	metadata
ABHD17A	19	1881153	metadata
ABHD8	19	17301183	metadata
ACER1	19	6319877	metadata
ACP4	19	50792817	metadata
ACP5	19	11577323	metadata
ACP7	19	39097703	metadata
ACSBG2	19	6164170	metadata
ACTL9	19	8698097	metadata
ACTMAP	19	40746204	metadata
ACTN4	19	38689619	metadata
ADAMTS10	19	8595487	metadata
ADAMTSL5	19	1509313	metadata
ADAT3	19	1909423	metadata
ADGRE1	19	6914012	metadata
ADGRE2	19	14755476	metadata
ADGRE3	19	14644553	metadata
ADGRE5	19	14394613	metadata
ADGRL1	19	14176965	metadata
ADM5	19	49690084	metadata
AKAP8	19	15366600	metadata
AKAP8L	19	15399595	metadata
AKT1S1	19	49873746	metadata
AKT2	19	40257926	metadata
ALDH16A1	19	49462137	metadata
ALKBH6	19	36011679	metadata
ALKBH7	19	6374022	metadata
AMH	19	2250691	metadata
ANGPTL4	19	8368829	metadata
ANGPTL6	19	10097508	metadata
ANGPTL8	19	11239722	metadata
ANKLE1	19	17284645	metadata
ANKRD24	19	4203751	metadata
ANKRD27	19	32636801	metadata
ANO8	19	17329039	metadata
AP1M1	19	16221880	metadata
AP1M2	19	10579993	metadata
AP2A1	19	49787057	metadata
AP3D1	19	2132728	metadata
APBA3	19	3756232	metadata
APC2	19	1459773	metadata
APLP1	19	35873851	metadata
APOC1	19	44916798	metadata
APOC2	19	44947800	metadata
APOC4	19	44945901	metadata
APOE	19	44907592	metadata
ARHGAP33	19	35781677	metadata
ARHGAP35	19	46933037	metadata
ARHGAP45	19	1076275	metadata
ARHGEF1	19	41906661	metadata
ARHGEF18	19	7410711	metadata
ARID3A	19	950860	metadata
ARMC6	19	19046943	metadata
ARRDC2	19	18007617	metadata
ARRDC5	19	4896692	metadata
ASF1B	19	14128062	metadata
ASPDH	19	50513145	metadata
ATCAY	19	3903973	metadata
ATF5	19	49931318	metadata
ATG4D	19	10548656	metadata
ATP13A1	19	19654437	metadata
ATP1A3	19	41982039	metadata
ATP4A	19	35556844	metadata
ATP5F1D	19	1243285	metadata
ATP8B3	19	1797175	metadata
AURKC	19	57233278	metadata
AXL	19	41240494	metadata
AZU1	19	828557	metadata
B3GNT3	19	17804202	metadata
B3GNT8	19	41427044	metadata
B9D2	19	41359291	metadata
BABAM1	19	17274312	metadata
BAX	19	48958306	metadata
BBC3	19	47226794	metadata
BCAM	19	44815246	metadata
BCAT2	19	48803045	metadata
BCKDHA	19	41411405	metadata
BCL2L12	19	49669529	metadata
BCL3	19	44753874	metadata
BEST2	19	12755080	metadata
BICRA	19	47655736	metadata
BLOC1S3	19	45197858	metadata
BLVRB	19	40456764	metadata
BORCS8	19	19168863	metadata
BRD4	19	15284032	metadata
BRME1	19	13894400	metadata
BRSK1	19	55297317	metadata
BSG	19	577385	metadata
BSPH1	19	47980108	metadata
BST2	19	17404284	metadata
BTBD2	19	2010159	metadata
C19orf12	19	29707363	metadata
C19orf18	19	57966485	metadata
C19orf25	19	1470181	metadata
C19orf33	19	38304585	metadata
C19orf38	19	10853182	metadata
C19orf44	19	16508873	metadata
C19orf47	19	40334031	metadata
C19orf53	19	13776614	metadata
C19orf67	19	14083749	metadata
C19orf73	19	49118772	metadata
C19orf81	19	50654377	metadata
C19orf84	19	51389440	metadata
C2CD4C	19	407296	metadata
C3	19	6704133	metadata
C5AR1	19	47306044	metadata
C5AR2	19	47339752	metadata
CA11	19	48642066	metadata
CABP5	19	48036731	metadata
CACNA1A	19	13415465	metadata
CACNG6	19	54002151	metadata
CACNG7	19	53926614	metadata
CACNG8	19	53976576	metadata
CACTIN	19	3618730	metadata
CADM4	19	43631109	metadata
CALR	19	12941533	metadata
CALR3	19	16487614	metadata
CAMSAP3	19	7607083	metadata
CAPN12	19	38750045	metadata
CAPNS1	19	36145153	metadata
CAPS	19	5914275	metadata
CARD8	19	48218358	metadata
CARM1	19	10897314	metadata
CASP14	19	15053886	metadata
CATSPERD	19	5749685	metadata
CATSPERG	19	38353359	metadata
CBARP	19	1234318	metadata
CBLC	19	44789260	metadata
CC2D1A	19	13918540	metadata
CCDC106	19	55647111	metadata
CCDC124	19	17938503	metadata
CCDC159	19	11349814	metadata
CCDC194	19	17390696	metadata
CCDC61	19	46008389	metadata
CCDC8	19	46411946	metadata
CCDC9	19	47264840	metadata
CCDC97	19	41317522	metadata
CCER2	19	38910583	metadata
CCL25	19	8057489	metadata
CCNE1	19	29818151	metadata
CCNP	19	40224452	metadata
CD177	19	43358429	metadata
CD209	19	7743778	metadata
CD22	19	35333311	metadata
CD320	19	8305242	metadata
CD33	19	51234462	metadata
CD37	19	49339253	metadata
CD70	19	6593643	metadata
CD79A	19	41879325	metadata
CDC34	19	536926	metadata
CDC37	19	10405605	metadata
CDC42EP5	19	54469161	metadata
CDKN2D	19	10567759	metadata
CEACAM1	19	42534269	metadata
CEACAM16	19	44666941	metadata
CEACAM18	19	51484920	metadata
CEACAM19	19	44673318	metadata
CEACAM20	19	44515732	metadata
CEACAM21	19	41568181	metadata
CEACAM3	19	41804070	metadata
CEACAM4	19	41623044	metadata
CEACAM5	19	41719509	metadata
CEACAM6	19	41761594	metadata
CEACAM7	19	41690139	metadata
CEACAM8	19	42587649	metadata
CEBPA	19	33303504	metadata
CEBPG	19	33378185	metadata
CELF5	19	3260868	metadata
CEP89	19	32923958	metadata
CERS1	19	18882636	metadata
CERS4	19	8234584	metadata
CFD	19	863668	metadata
CGB1	19	49036232	metadata
CGB2	19	49032564	metadata
CGB3	19	49023601	metadata
CGB5	19	49044579	metadata
CGB7	19	49056567	metadata
CGB8	19	49048374	metadata
CHAF1A	19	4423829	metadata
CHERP	19	16530165	metadata
CHMP2A	19	58553278	metadata
CHST8	19	33697731	metadata
CIB3	19	16167446	metadata
CIC	19	42282167	metadata
CILP2	19	19542453	metadata
CIMAP1D	19	469164	metadata
CIRBP	19	1267132	metadata
CKM	19	45314644	metadata
CLASRP	19	45055000	metadata
CLC	19	39734642	metadata
CLDND2	19	51368050	metadata
CLEC11A	19	50724536	metadata
CLEC17A	19	14597559	metadata
CLEC4G	19	7731431	metadata
CLEC4M	19	7766407	metadata
CLIP3	19	36024001	metadata
CLPP	19	6365834	metadata
CLPTM1	19	44973963	metadata
CNFN	19	42388658	metadata
CNN1	19	11544545	metadata
CNN2	19	1032827	metadata
CNOT3	19	54146715	metadata
COL5A3	19	9985032	metadata
COLGALT1	19	17569405	metadata
COMP	19	18787039	metadata
COPE	19	18909450	metadata
COQ8B	19	40708649	metadata
COX6B1	19	35653552	metadata
COX6B2	19	55352012	metadata
COX7A1	19	36151685	metadata
CPAMD8	19	16959883	metadata
CPT1C	19	49702314	metadata
CRB3	19	6465499	metadata
CREB3L3	19	4163342	metadata
CRLF1	19	18589980	metadata
CRTC1	19	18733005	metadata
CRX	19	47831554	metadata
CSNK1G2	19	1961255	metadata
CTU1	19	51103007	metadata
CXCL17	19	42435612	metadata
CYP2A13	19	41092323	metadata
CYP2A6	19	40846994	metadata
CYP2A7	19	40879095	metadata
CYP2B6	19	41004840	metadata
CYP2F1	19	41121406	metadata
CYP2S1	19	41200374	metadata
CYP4F11	19	15923617	metadata
CYP4F12	19	15685096	metadata
CYP4F2	19	15888050	metadata
CYP4F22	19	15530421	metadata
CYP4F3	19	15651861	metadata
CYP4F8	19	15622928	metadata
CYTH2	19	48475761	metadata
DACT3	19	46669649	metadata
DAND5	19	12969959	metadata
DAPK3	19	3964788	metadata
DAZAP1	19	1421628	metadata
DBP	19	48633704	metadata
DCAF15	19	13956979	metadata
DDA1	19	17316408	metadata
DDX39A	19	14414090	metadata
DDX49	19	18924447	metadata
DEDD2	19	42209369	metadata
DENND1C	19	6474882	metadata
DHDH	19	48939334	metadata
DHPS	19	12678798	metadata
DHX34	19	47366279	metadata
DIRAS1	19	2717969	metadata
DKKL1	19	49368449	metadata
DLL3	19	39503688	metadata
DMAC2	19	41436017	metadata
DMKN	19	35505439	metadata
DMPK	19	45776130	metadata
DMRTC2	19	41848538	metadata
DMWD	19	45787896	metadata
DNAAF3	19	55168239	metadata
DNAJB1	19	14537090	metadata
DNASE2	19	12878402	metadata
DNM2	19	10775771	metadata
DNMT1	19	10182314	metadata
DOCK6	19	11230909	metadata
DOHH	19	3495747	metadata
DOT1L	19	2198255	metadata
DPF1	19	38220360	metadata
DPP9	19	4699507	metadata
DPRX	19	53618895	metadata
DPY19L3	19	32445719	metadata
DUS3L	19	5788028	metadata
DUXA	19	57160753	metadata
DYRK1B	19	39829775	metadata
EBI3	19	4233525	metadata
ECH1	19	38823631	metadata
ECSIT	19	11517550	metadata
EEF2	19	3980759	metadata
EFNA2	19	1293652	metadata
EGLN2	19	40803715	metadata
EHD2	19	47728278	metadata
EID2	19	39539434	metadata
EID2B	19	39531919	metadata
EIF3G	19	10117466	metadata
EIF3K	19	38628018	metadata
ELANE	19	853630	metadata
ELAVL3	19	11466186	metadata
ELL	19	18482389	metadata
ELOF1	19	11555188	metadata
ELSPBP1	19	48009893	metadata
EMC10	19	50483635	metadata
EML2	19	45626298	metadata
EMP3	19	48325934	metadata
EPHX3	19	15230177	metadata
EPN1	19	55692542	metadata
EPOR	19	11380774	metadata
EPS15L1	19	16413655	metadata
EPS8L1	19	55079971	metadata
ERCC1	19	45443081	metadata
ERCC2	19	45360377	metadata
ERF	19	42251348	metadata
ERFL	19	41918076	metadata
ERICH4	19	41443960	metadata
ERVV-1	19	53014594	masks
ERVV-2	19	53050096	masks
ETFB	19	51355778	metadata
ETHE1	19	43516974	metadata
ETV2	19	35643308	metadata
EVI5L	19	7847597	metadata
EXOC3L2	19	45228888	metadata
EXOSC5	19	41391866	metadata
F2RL3	19	16890802	metadata
FAAP24	19	32975219	metadata
FAM174C	19	1277387	metadata
FAM187B	19	35226769	metadata
FAM32A	19	16188713	metadata
FAM83E	19	48607518	metadata
FAM98C	19	38406090	metadata
FARSA	19	12928258	metadata
FBL	19	39840418	metadata
FBN3	19	8107497	metadata
FBXL12	19	9819041	metadata
FBXO17	19	38958571	metadata
FBXO27	19	39011749	metadata
FBXO46	19	45720762	metadata
FBXW9	19	12692342	metadata
FCAR	19	54882827	metadata
FCER2	19	7695452	metadata
FCGBP	19	39898974	metadata
FCGRT	19	49516622	metadata
FCHO1	19	17768143	metadata
FDX2	19	10312965	metadata
FEM1A	19	4796503	metadata
FFAR1	19	35350883	metadata
FFAR2	19	35447837	metadata
FFAR3	19	35359474	metadata
FGF21	19	48756928	metadata
FGF22	19	642126	metadata
FIZ1	19	55596673	metadata
FKBP8	19	18537914	metadata
FKRP	19	46761517	metadata
FLT3LG	19	49480219	metadata
FOSB	19	45471587	metadata
FOXA3	19	45868893	metadata
FPR1	19	51774643	metadata
FPR2	19	51761278	metadata
FPR3	19	51810673	metadata
FSD1	19	4314220	metadata
FSTL3	19	679892	metadata
FTL	19	48966602	metadata
FUT1	19	48751700	metadata
FUT2	19	48700961	metadata
FUT3	19	5847179	metadata
FUT5	19	5868183	metadata
FUT6	19	5835065	metadata
FUZ	19	49812121	metadata
FXYD1	19	35140966	metadata
FXYD3	19	35120073	metadata
FXYD5	19	35163260	metadata
FXYD7	19	35148776	metadata
FZR1	19	3522322	metadata
GADD45B	19	2477463	metadata
GADD45GIP1	19	12955171	metadata
GALP	19	56180891	metadata
GAMT	19	1399298	metadata
GAPDHS	19	35539387	metadata
GARIN5A	19	50471816	metadata
GARIN5B	19	55359084	metadata
GARRE1	19	34305059	metadata
GATAD2A	19	19447379	metadata
GCDH	19	12903127	metadata
GDF1	19	18882351	metadata
GDF15	19	18381953	metadata
GEMIN7	19	45084572	metadata
GET3	19	12742731	metadata
GFY	19	49426368	metadata
GGN	19	38386174	metadata
GIPC1	19	14486954	metadata
GIPC3	19	3589509	metadata
GIPR	19	45675971	metadata
GMFG	19	39335362	metadata
GMIP	19	19636566	metadata
GNA11	19	3109180	metadata
GNA15	19	3149891	metadata
GNG7	19	2606956	metadata
GNG8	19	46635247	metadata
GP6	19	55030571	metadata
GPATCH1	19	33105720	metadata
GPI	19	34380946	metadata
GPR108	19	6733747	metadata
GPR32	19	50771098	metadata
GPR4	19	45595988	metadata
GPX4	19	1105386	metadata
GRAMD1A	19	35010627	metadata
GRIK5	19	42034263	metadata
GRIN2D	19	48419299	metadata
GRIN3B	19	1005075	metadata
GRWD1	19	48451431	metadata
GSK3A	19	42234425	metadata
GTF2F1	19	6386776	metadata
GTPBP3	19	17338825	metadata
GYS1	19	48980720	metadata
GZMM	19	546979	metadata
HAMP	19	35282929	metadata
HAPLN4	19	19258780	metadata
HAS1	19	51718551	metadata
HAUS5	19	35619045	metadata
HAUS8	19	17062677	metadata
HCN2	19	603520	metadata
HCST	19	35903453	metadata
HDGFL2	19	4487252	metadata
HIF3A	19	46320237	metadata
HIPK4	19	40384726	metadata
HMG20B	19	3575932	metadata
HNRNPL	19	38844358	metadata
HNRNPM	19	8466940	metadata
HNRNPUL1	19	41285141	metadata
HOMER3	19	18935231	metadata
HOOK2	19	12817871	metadata
HPN	19	35067172	metadata
HRC	19	49153297	metadata
HSD11B1L	19	5684563	metadata
HSD17B14	19	48824764	metadata
HSH2D	19	16146301	metadata
HSPB6	19	35756322	metadata
HSPBP1	19	55271302	metadata
ICAM1	19	10278854	metadata
ICAM3	19	10336718	metadata
ICAM4	19	10287561	metadata
ICAM5	19	10293365	metadata
IER2	19	13153696	metadata
IFI30	19	18175639	metadata
IFNL1	19	39297540	metadata
IFNL2	19	39269292	metadata
IFNL3	19	39244352	metadata
IGFL1	19	46230492	metadata
IGFL2	19	46152202	metadata
IGFL3	19	46122377	metadata
IGFL4	19	46058150	metadata
IGFLR1	19	35740627	metadata
IGLON5	19	51321267	metadata
IGSF23	19	44625172	metadata
IL11	19	55367422	metadata
IL12RB1	19	18078969	metadata
IL27RA	19	14042490	metadata
IL4I1	19	49909596	metadata
ILF3	19	10673352	metadata
ILVBL	19	15120385	metadata
INAFM1	19	47275304	metadata
INSL3	19	17819043	metadata
INSR	19	7203334	metadata
IQCN	19	18265799	metadata
IRF2BP1	19	45884874	metadata
IRF3	19	49662722	metadata
IRGC	19	43718048	metadata
IRGQ	19	43590250	metadata
ISOC2	19	55457664	metadata
ISYNA1	19	18436277	metadata
ITPKC	19	40728986	metadata
IZUMO1	19	48743880	metadata
IZUMO2	19	50157914	metadata
IZUMO4	19	2098011	metadata
JAK3	19	17836425	metadata
JOSD2	19	50508609	metadata
JSRP1	19	2261005	metadata
JUNB	19	12792400	metadata
JUND	19	18280658	metadata
KANK2	19	11181030	metadata
KANK3	19	8332923	metadata
KASH5	19	49403104	metadata
KCNA7	19	49070048	metadata
KCNC3	19	50322726	metadata
KCNJ14	19	48461277	metadata
KCNK6	19	38325960	metadata
KCNN1	19	17975689	metadata
KCNN4	19	43773754	metadata
KCTD15	19	33805848	metadata
KDELR1	19	48387063	metadata
KDM4B	19	5061362	metadata
KEAP1	19	10494841	metadata
KHSRP	19	6418956	metadata
KIR2DL1	19	54777057	metadata
KIR2DL3	19	54745782	metadata
KIR2DL4	19	54809063	metadata
KIR3DL1	19	54823623	metadata
KIR3DL2	19	54858826	metadata
KIR3DL3	19	54730537	metadata
KIRREL2	19	35861498	metadata
KISS1R	19	919146	metadata
KLC3	19	45342477	metadata
KLF1	19	12885811	metadata
KLF16	19	1857989	metadata
KLF2	19	16304187	metadata
KLHL26	19	18654373	metadata
KLK1	19	50821466	metadata
KLK10	19	51016457	metadata
KLK11	19	51025127	metadata
KLK12	19	51032161	metadata
KLK13	19	51060370	metadata
KLK14	19	51080870	metadata
KLK15	19	50831251	metadata
KLK2	19	50871067	metadata
KLK3	19	50857839	metadata
KLK4	19	50908873	metadata
KLK5	19	50948198	metadata
KLK6	19	50964152	metadata
KLK7	19	50980283	metadata
KLK8	19	50999359	metadata
KLK9	19	51006071	metadata
KMT2B	19	35728426	metadata
KMT5C	19	55343987	metadata
KPTN	19	47479707	metadata
KRI1	19	10559558	metadata
KRTDAP	19	35491441	metadata
KXD1	19	18563574	metadata
LAIR1	19	54360971	metadata
LAIR2	19	54504283	metadata
LDLR	19	11111619	metadata
LENG1	19	54157441	metadata
LENG8	19	54455603	metadata
LENG9	19	54462755	metadata
LEUTX	19	39781443	metadata
LGALS13	19	39604999	metadata
LGALS14	19	39706962	metadata
LGALS16	19	39658280	metadata
LGALS4	19	38807308	metadata
LGALS7	19	38772242	metadata
LGALS7B	19	38790477	metadata
LGI4	19	35133482	metadata
LHB	19	49016535	metadata
LIG1	19	48143024	metadata
LILRA1	19	54597981	metadata
LILRA2	19	54581603	metadata
LILRA4	19	54336173	metadata
LILRA5	19	54310118	metadata
LILRA6	19	54239690	metadata
LILRB1	19	54627590	metadata
LILRB2	19	54277498	metadata
LILRB3	19	54219892	metadata
LILRB4	19	54657124	metadata
LILRB5	19	54253361	metadata
LIM2	19	51399860	metadata
LIN37	19	35751440	metadata
LIN7B	19	49116392	metadata
LINGO3	19	2297659	metadata
LIPE	19	42591822	metadata
LMNB2	19	2442298	metadata
LMTK3	19	48499603	metadata
LONP1	19	5706203	metadata
LPAR2	19	19626292	metadata
LRFN1	19	39313714	metadata
LRFN3	19	35940991	metadata
LRG1	19	4538219	metadata
LRP3	19	33193233	metadata
LRRC25	19	18394379	metadata
LRRC4B	19	50542663	metadata
LRRC8E	19	7895263	metadata
LSM14A	19	34200896	metadata
LSM4	19	18314674	metadata
LSM7	19	2325065	metadata
LSR	19	35258147	metadata
LTBP4	19	40611350	metadata
LYL1	19	13101097	metadata
LYPD3	19	43463197	metadata
LYPD4	19	41840885	metadata
LYPD5	19	43806540	metadata
MADCAM1	19	511509	metadata
MAG	19	35302966	metadata
MAMSTR	19	48715731	metadata
MAN2B1	19	12655286	metadata
MAP1S	19	17726877	metadata
MAP2K2	19	4107221	metadata
MAP2K7	19	7909160	metadata
MAP3K10	19	40203500	metadata
MAP4K1	19	38603261	metadata
MARCHF2	19	8426143	metadata
MARK4	19	45192286	metadata
MAST1	19	12854451	metadata
MAST3	19	18124735	metadata
MATK	19	3790049	metadata
MAU2	19	19339791	metadata
MBD3	19	1583230	metadata
MBD3L1	19	8837858	metadata
MBOAT7	19	54181647	metadata
MCEMP1	19	7678458	metadata
MCOLN1	19	7528316	metadata
MED16	19	880424	metadata
MED25	19	49829332	metadata
MED26	19	16601984	metadata
MED29	19	39395972	metadata
MEF2B	19	19168849	metadata
MEGF8	19	42352189	metadata
MEIS3	19	47411325	metadata
MEX3D	19	1561498	metadata
MFSD12	19	3556275	metadata
MIA	19	40784295	metadata
MICOS13	19	5679468	metadata
MIDN	19	1253848	metadata
MIER2	19	325194	metadata
MISP	19	757715	metadata
MKNK2	19	2044354	metadata
MLLT1	19	6245178	metadata
MOB3A	19	2083854	metadata
MPND	19	4351806	metadata
MPV17L2	19	18195083	metadata
MRI1	19	13769402	metadata
MRPL34	19	17299726	metadata
MRPL4	19	10255978	metadata
MRPL54	19	3765628	metadata
MRPS12	19	38932056	metadata
MUC16	19	8929617	metadata
MVB12A	19	17419723	metadata
MYADM	19	53858674	metadata
MYBPC2	19	50449606	metadata
MYDGF	19	4655868	metadata
MYH14	19	50249364	metadata
MYO1F	19	8547452	metadata
MYO9B	19	17145157	metadata
MYPOP	19	45896318	metadata
MZF1	19	58581907	metadata
NACC1	19	13129004	metadata
NANOS2	19	45913996	metadata
NANOS3	19	13871410	metadata
NAPA	19	47501364	metadata
NAPSA	19	50362151	metadata
NAT14	19	55486378	metadata
NCAN	19	19232095	metadata
NCCRP1	19	39199424	metadata
NCLN	19	3197569	metadata
NCR1	19	54911144	metadata
NDUFA11	19	5897606	metadata
NDUFA13	19	19522395	metadata
NDUFA3	19	54105992	metadata
NDUFA7	19	8315071	metadata
NDUFB7	19	14569072	metadata
NDUFS7	19	1389558	metadata
NECTIN2	19	44867699	metadata
NFIC	19	3391810	metadata
NFIX	19	13047135	metadata
NFKBIB	19	38904296	metadata
NFKBID	19	35894966	metadata
NIBAN3	19	17538570	metadata
NKG7	19	51372153	metadata
NKPD1	19	45155363	metadata
NLRP11	19	55811098	metadata
NLRP12	19	53808271	metadata
NLRP13	19	55912017	metadata
NLRP2	19	54977136	metadata
NLRP4	19	55859197	metadata
NLRP5	19	56030768	metadata
NLRP7	19	54944910	metadata
NLRP8	19	55968230	metadata
NLRP9	19	55723420	metadata
NMRK2	19	3937742	metadata
NOP53	19	47767719	metadata
NOSIP	19	49572865	metadata
NOTCH3	19	15180016	metadata
NOVA2	19	45953889	metadata
NPAS1	19	47032806	metadata
NPHS1	19	35847329	metadata
NR1H2	19	50356520	metadata
NR2C2AP	19	19202411	metadata
NR2F6	19	17238901	metadata
NRTN	19	5816695	metadata
NTF4	19	49063071	metadata
NTN5	19	48667244	metadata
NUCB1	19	48911761	metadata
NUDT19	19	32702806	metadata
NUMBL	19	40678438	metadata
NUP62	19	49918294	metadata
NWD1	19	16768905	metadata
NXNL1	19	17458175	metadata
OAZ1	19	2271500	metadata
OCEL1	19	17227716	metadata
ODAD1	19	48309214	metadata
ODAD3	19	11428193	metadata
OLFM2	19	9895116	metadata
ONECUT3	19	1767247	metadata
OPA3	19	45564989	metadata
OR10H1	19	15810106	metadata
OR10H2	19	15728538	metadata
OR10H3	19	15740164	metadata
OR10H4	19	15947324	metadata
OR10H5	19	15794009	metadata
OR1I1	19	15087590	metadata
OR1M1	19	9091365	metadata
OR2Z1	19	8726897	metadata
OR7A10	19	14844694	metadata
OR7A17	19	14882167	metadata
OR7A5	19	14830713	metadata
OR7C1	19	14812318	metadata
OR7C2	19	14941968	metadata
OR7D2	19	9183898	metadata
OR7D4	19	9214932	metadata
OR7E24	19	9249984	metadata
OR7G1	19	9115295	metadata
OR7G2	19	9103941	metadata
OR7G3	19	9126481	metadata
OSCAR	19	54098680	metadata
OVOL3	19	36112427	metadata
P2RY11	19	10113532	metadata
PAF1	19	39388391	metadata
PAFAH1B3	19	42300289	metadata
PAK4	19	39154293	metadata
PALM	19	728632	metadata
PALM3	19	14057719	metadata
PBX4	19	19590200	metadata
PCP2	19	7632665	metadata
PCSK4	19	1486090	metadata
PDCD2L	19	34415283	metadata
PDCD5	19	32584321	metadata
PDE4A	19	10443201	metadata
PDE4C	19	18231690	metadata
PEAK3	19	2278403	metadata
PEG3	19	56825402	metadata
PEPD	19	33454386	metadata
PET100	19	7630872	metadata
PEX11G	19	7487162	metadata
PGLS	19	17500439	metadata
PGLYRP1	19	46021103	metadata
PGLYRP2	19	15483800	metadata
PGPEP1	19	18355274	metadata
PHLDB3	19	43489638	metadata
PIAS4	19	4023561	metadata
PIH1D1	19	49449897	metadata
PIK3R2	19	18161851	metadata
PIN1	19	9842473	metadata
PINLYP	19	43579882	metadata
PIP5K1C	19	3665325	metadata
PKN1	19	14452460	metadata
PLA2G4C	19	48079330	metadata
PLAUR	19	43658321	metadata
PLD3	19	40368964	metadata
PLEKHA4	19	48852854	metadata
PLEKHF1	19	29670468	metadata
PLEKHG2	19	39420542	metadata
PLEKHJ1	19	2233894	metadata
PLIN3	19	4853017	metadata
PLIN4	19	4510339	metadata
PLIN5	19	4528877	metadata
PLK5	19	1522034	metadata
PLPP2	19	286221	metadata
PLPPR2	19	11360542	metadata
PLPPR3	19	817221	metadata
PLVAP	19	17364396	metadata
PNKP	19	49869116	metadata
PNMA8A	19	46469027	metadata
PNMA8B	19	46491392	metadata
PNPLA6	19	7547884	metadata
PODNL1	19	13942289	metadata
POLD1	19	50401111	metadata
POLR1G	19	45408690	metadata
POLR2E	19	1090977	metadata
POLR2I	19	36114461	metadata
POLRMT	19	625379	metadata
POP4	19	29611760	metadata
POU2F2	19	42141347	metadata
PPAN	19	10110501	metadata
PPFIA3	19	49135285	metadata
PPM1N	19	45495953	metadata
PPP1R12C	19	55104275	metadata
PPP1R13L	19	45392993	metadata
PPP1R14A	19	38253884	metadata
PPP1R15A	19	48874135	metadata
PPP1R37	19	45119736	metadata
PPP2R1A	19	52200227	metadata
PPP5C	19	46370034	metadata
PPP6R1	19	55244398	metadata
PRAM1	19	8496348	metadata
PRDX2	19	12799310	metadata
PRKACA	19	14104886	metadata
PRKCG	19	53893421	metadata
PRKCSH	19	11443126	metadata
PRKD2	19	46695701	metadata
PRMT1	19	49682407	metadata
PRODH2	19	35806643	metadata
PROSER3	19	35764654	metadata
PRPF31	19	54123564	metadata
PRR12	19	49608810	metadata
PRR19	19	42306456	metadata
PRR22	19	5783853	metadata
PRR36	19	7871554	metadata
PRRG2	19	49585825	metadata
PRSS57	19	690522	metadata
PRTN3	19	844587	metadata
PRX	19	40404279	metadata
PSENEN	19	35746559	metadata
PSG1	19	42873143	metadata
PSG11	19	43074489	metadata
PSG2	19	43073627	metadata
PSG3	19	42731059	metadata
PSG4	19	43200000	metadata
PSG5	19	43176396	metadata
PSG6	19	42910824	metadata
PSG7	19	42930669	metadata
PSG8	19	42759182	metadata
PSG9	19	43240660	metadata
PSMC4	19	39976464	metadata
PSMD8	19	38379206	metadata
PSPN	19	6377103	metadata
PTBP1	19	804701	metadata
PTGER1	19	14473910	metadata
PTGIR	19	46621819	metadata
PTH2	19	49422930	metadata
PTOV1	19	49845163	metadata
PTPRH	19	55195376	metadata
PTPRS	19	5249653	metadata
PVR	19	44654980	metadata
PWWP3A	19	1366571	metadata
QPCTL	19	45698196	metadata
QTRT1	19	10707433	metadata
R3HDM4	19	904874	metadata
RAB11B	19	8379494	metadata
RAB3A	19	18200413	metadata
RAB3D	19	11334169	metadata
RAB4B	19	40793330	metadata
RAB8A	19	16123061	metadata
RABAC1	19	41958001	metadata
RAD23A	19	12949748	metadata
RANBP3	19	5947140	metadata
RASAL3	19	15458084	metadata
RASGRP4	19	38417678	metadata
RASIP1	19	48730597	metadata
RAVER1	19	10324870	metadata
RAX2	19	3770658	metadata
RBM42	19	35633358	metadata
RCN3	19	49537482	metadata
RDH13	19	55055199	metadata
RDH8	19	10017764	metadata
REEP6	19	1494546	metadata
RELB	19	45019826	metadata
RETN	19	7669752	metadata
REX1BD	19	18590511	metadata
REXO1	19	1831865	metadata
RFPL4A	19	55761259	metadata
RFPL4AL1	19	55771269	metadata
RFX1	19	13984284	metadata
RFX2	19	6096368	metadata
RFXANK	19	19197049	metadata
RGL3	19	11401834	metadata
RGS9BP	19	32677074	metadata
RHPN2	19	33021740	metadata
RINL	19	38873052	metadata
RLN3	19	14029849	metadata
RNASEH2A	19	12810112	metadata
RNF126	19	655379	metadata
RNF225	19	58396367	metadata
RPL13A	19	49490283	metadata
RPL18	19	48617256	metadata
RPL18A	19	17862031	metadata
RPL28	19	55394591	metadata
RPL36	19	5683411	metadata
RPS11	19	49498036	metadata
RPS15	19	1439426	metadata
RPS16	19	39434543	metadata
RPS19	19	41866590	metadata
RPS28	19	8322249	metadata
RPS5	19	58390603	metadata
RPS9	19	54224906	metadata
RRAS	19	49637717	metadata
RSPH6A	19	45805510	metadata
RTBDN	19	12830453	metadata
RTN2	19	45491174	metadata
RUVBL2	19	49004766	metadata
RYR1	19	38514482	metadata
S1PR2	19	10226382	metadata
S1PR4	19	3176339	metadata
S1PR5	19	10515336	metadata
SAE1	19	47161955	metadata
SAFB	19	5645756	metadata
SAFB2	19	5605513	metadata
SAMD1	19	14089443	metadata
SAMD4B	19	39364065	metadata
SARS2	19	38923014	metadata
SAXO5	19	7500713	metadata
SBK2	19	55532872	metadata
SBK3	19	55543099	metadata
SBNO2	19	1140952	metadata
SBSN	19	35525859	metadata
SCAF1	19	49650425	metadata
SCAMP4	19	1915613	metadata
SCGB2B2	19	34633901	metadata
SCN1B	19	35035459	metadata
SDHAF1	19	35995750	metadata
SELENOV	19	39517907	metadata
SELENOW	19	47781681	metadata
SEMA6B	19	4562182	metadata
SERTAD1	19	40423790	metadata
SERTAD3	19	40442589	metadata
SF3A2	19	2242739	metadata
SGTA	19	2769038	metadata
SH2D3A	19	6759811	metadata
SH3GL1	19	4380458	metadata
SHANK1	19	50689528	metadata
SHC2	19	438811	metadata
SHD	19	4284994	metadata
SHFL	19	10089687	metadata
SHISA7	19	55436020	metadata
SHKBP1	19	40584126	metadata
SIGLEC10	19	51413911	metadata
SIGLEC11	19	49955078	metadata
SIGLEC12	19	51496513	metadata
SIGLEC14	19	51643151	metadata
SIGLEC5	19	51620674	metadata
SIGLEC6	19	51524837	metadata
SIGLEC7	19	51147912	metadata
SIGLEC8	19	51454651	metadata
SIGLEC9	19	51130778	metadata
SIGLECL1	19	51257839	metadata
SIN3B	19	16854875	metadata
SIPA1L3	19	38057788	metadata
SIRT2	19	38889208	metadata
SIRT6	19	4178337	metadata
SIX5	19	45767018	metadata
SLC17A7	19	49435880	metadata
SLC1A5	19	46781738	metadata
SLC1A6	19	14986511	metadata
SLC25A23	19	6450641	metadata
SLC25A41	19	6429908	metadata
SLC25A42	19	19088512	metadata
SLC27A1	19	17487468	metadata
SLC27A5	19	58495962	metadata
SLC35E1	19	16561123	metadata
SLC39A3	19	2736116	metadata
SLC44A2	19	10623507	metadata
SLC5A5	19	17883559	metadata
SLC6A16	19	49307426	metadata
SLC7A10	19	33217257	metadata
SLC7A9	19	32850138	metadata
SLC8A2	19	47449955	metadata
SMARCA4	19	11020179	metadata
SMG9	19	43741472	metadata
SMIM17	19	56650203	metadata
SMIM24	19	3477255	metadata
SMIM7	19	16645596	metadata
SNAPC2	19	7921794	metadata
SNRNP70	19	49097012	metadata
SNRPA	19	40758013	metadata
SNRPD2	19	45690014	metadata
SPACA4	19	48607228	metadata
SPC24	19	11143663	metadata
SPHK2	19	48625004	metadata
SPIB	19	50425126	metadata
SPINT2	19	38268325	metadata
SPMAP2	19	368886	metadata
SPPL2B	19	2341855	metadata
SPRED3	19	38394004	metadata
SPTBN4	19	40521352	metadata
SRRM5	19	43605557	metadata
SSBP4	19	18426713	metadata
SSC5D	19	55503751	metadata
STAP2	19	4333414	metadata
STK11	19	1202994	metadata
STRN4	19	46733252	metadata
STX10	19	13147220	metadata
STXBP2	19	7642322	metadata
SUGP1	19	19298263	metadata
SUGP2	19	19012455	metadata
SULT2A1	19	47878391	metadata
SULT2B1	19	48575798	metadata
SUPT5H	19	39456413	metadata
SWSAP1	19	11375808	metadata
SYCE2	19	12909039	metadata
SYCN	19	39203544	metadata
SYDE1	19	15111193	metadata
SYMPK	19	45839317	metadata
SYNE4	19	36006060	metadata
SYNGR4	19	48370372	metadata
SYT3	19	50630594	metadata
SYT5	19	55175742	metadata
TARM1	19	54075630	metadata
TBC1D17	19	49883208	metadata
TBCB	19	36120118	metadata
TBXA2R	19	3600691	metadata
TCF3	19	1630953	metadata
TDRD12	19	32774666	metadata
TEAD2	19	49351526	metadata
TECR	19	14541532	metadata
TEKTIP1	19	3541600	metadata
TEKTL1	19	15017001	metadata
TEX101	19	43410046	metadata
TFPT	19	54111338	metadata
TGFB1	19	41327754	metadata
TGFBR3L	19	7916963	metadata
THAP8	19	36044861	metadata
THOP1	19	2800655	metadata
TICAM1	19	4823822	metadata
TIMM13	19	2426605	metadata
TIMM29	19	10931173	metadata
TIMM44	19	7935192	metadata
TIMM50	19	39487098	metadata
TJP3	19	3729587	metadata
TLE2	19	3022637	metadata
TLE5	19	3058008	metadata
TLE6	19	2986358	metadata
TM6SF2	19	19268877	metadata
TMC4	19	54166679	metadata
TMED1	19	10834192	metadata
TMEM143	19	48348207	metadata
TMEM145	19	42319186	metadata
TMEM147	19	35543380	metadata
TMEM150B	19	55323424	metadata
TMEM160	19	47047266	metadata
TMEM161A	19	19128841	metadata
TMEM190	19	55377536	metadata
TMEM205	19	11344647	metadata
TMEM221	19	17442088	metadata
TMEM238	19	55381768	metadata
TMEM259	19	1015413	metadata
TMEM38A	19	16675581	metadata
TMEM59L	19	18614234	metadata
TMEM86B	19	55227711	metadata
TMEM91	19	41367497	metadata
TMIGD2	19	4297329	metadata
TMPRSS9	19	2393249	metadata
TNFAIP8L1	19	4647542	metadata
TNFSF14	19	6664336	metadata
TNFSF9	19	6533475	metadata
TNNI3	19	55154770	metadata
TNNT1	19	55140952	metadata
TNPO2	19	12711606	metadata
TOMM40	19	44897129	metadata
TPGS1	19	513575	metadata
TPM4	19	16085013	metadata
TPRX1	19	47810141	metadata
TRAPPC5	19	7684268	metadata
TRAPPC6A	19	45170582	metadata
TRIM28	19	58547393	metadata
TRIP10	19	6744727	metadata
TRIR	19	12732662	metadata
TRMT1	19	13111234	metadata
TRPM4	19	49184788	metadata
TSEN34	19	54192237	metadata
TSHZ3	19	31249707	metadata
TSKS	19	49751529	metadata
TSPAN16	19	11311567	metadata
TSSK6	19	19513983	metadata
TTC9B	19	40217221	metadata
TTYH1	19	54426061	metadata
TUBB4A	19	6498583	metadata
TULP2	19	48889854	metadata
TYK2	19	10365568	metadata
TYROBP	19	35906348	metadata
U2AF1L4	19	35743954	metadata
UBA2	19	34449801	metadata
UBA52	19	18574640	metadata
UBE2M	19	58557333	metadata
UBE2S	19	55403766	metadata
UBL5	19	9829003	metadata
UBXN6	19	4451396	metadata
UHRF1	19	4932617	metadata
UNC13A	19	17644850	metadata
UPF1	19	18850094	metadata
UPK1A	19	35672499	metadata
UQCR11	19	1601321	metadata
UQCRFS1	19	29218172	metadata
URI1	19	29970128	metadata
USE1	19	17217791	metadata
USF2	19	35274391	metadata
USHBP1	19	17265978	metadata
USP29	19	57125532	metadata
VASP	19	45516784	metadata
VAV1	19	6815037	metadata
VMAC	19	5907862	metadata
VN1R1	19	57455965	metadata
VN1R2	19	53260064	metadata
VN1R4	19	53267199	metadata
VRK3	19	50001207	metadata
VSIG10L	19	51336837	metadata
VSTM1	19	54052389	metadata
VSTM2B	19	29407874	metadata
WDR18	19	991385	metadata
WDR62	19	36079878	metadata
WDR83	19	12671317	metadata
WDR83OS	19	12668744	metadata
WDR87	19	37895750	metadata
WDR88	19	33153944	metadata
WIZ	19	15434967	metadata
WTIP	19	34497031	metadata
XAB2	19	7624535	metadata
XRCC1	19	43561892	metadata
YIF1B	19	38310415	metadata
YIPF2	19	10925433	metadata
YJEFN3	19	19533221	metadata
YJU2	19	4258084	metadata
YJU2B	19	13747528	metadata
ZBTB32	19	35710798	metadata
ZBTB45	19	58526220	metadata
ZBTB7A	19	4055101	metadata
ZC3H4	19	47088981	metadata
ZFP14	19	36356827	metadata
ZFP28	19	56547878	metadata
ZFP30	19	37653043	metadata
ZFP36	19	39408127	metadata
ZFP82	19	36400882	metadata
ZFR2	19	3836531	metadata
ZGLP1	19	10307341	metadata
ZIK1	19	57586173	metadata
ZIM2	19	56697457	metadata
ZIM3	19	57139649	metadata
ZNF100	19	21745175	metadata
ZNF101	19	19676152	metadata
ZNF112	19	44346886	metadata
ZNF114	19	48277205	metadata
ZNF121	19	9572416	metadata
ZNF132	19	58436483	metadata
ZNF134	19	57619478	metadata
ZNF135	19	58072774	metadata
ZNF136	19	12176467	metadata
ZNF14	19	19721792	metadata
ZNF146	19	36226686	metadata
ZNF154	19	57702739	metadata
ZNF155	19	43983094	metadata
ZNF160	19	53085020	metadata
ZNF17	19	57416547	metadata
ZNF175	19	51581896	metadata
ZNF177	19	9372815	metadata
ZNF180	19	44487476	metadata
ZNF181	19	34739766	metadata
ZNF20	19	12116599	metadata
ZNF208	19	21971953	metadata
ZNF211	19	57637218	metadata
ZNF221	19	43959466	metadata
ZNF222	19	44029226	metadata
ZNF223	19	44059683	metadata
ZNF224	19	44102123	metadata
ZNF225	19	44123501	metadata
ZNF226	19	44171727	metadata
ZNF227	19	44222407	metadata
ZNF229	19	44433048	metadata
ZNF230	19	44008440	metadata
ZNF233	19	44267598	metadata
ZNF234	19	44150933	metadata
ZNF235	19	44266887	metadata
ZNF253	19	19880278	metadata
ZNF254	19	24081686	metadata
ZNF256	19	57944269	metadata
ZNF257	19	22071955	metadata
ZNF260	19	36519479	metadata
ZNF264	19	57207173	metadata
ZNF266	19	9424001	metadata
ZNF274	19	58198295	metadata
ZNF28	19	52827504	metadata
ZNF283	19	43839669	metadata
ZNF284	19	44080886	metadata
ZNF285	19	44391953	metadata
ZNF296	19	45073989	metadata
ZNF30	19	34916096	metadata
ZNF302	19	34682018	metadata
ZNF304	19	57355584	metadata
ZNF317	19	9151910	metadata
ZNF320	19	52879272	metadata
ZNF324	19	58471246	metadata
ZNF324B	19	58454722	metadata
ZNF329	19	58140679	metadata
ZNF331	19	53549898	metadata
ZNF333	19	14711773	metadata
ZNF345	19	36881695	metadata
ZNF347	19	53141573	metadata
ZNF350	19	51965243	metadata
ZNF358	19	7518158	metadata
ZNF382	19	36619465	metadata
ZNF383	19	37233333	metadata
ZNF404	19	43886875	metadata
ZNF414	19	8511922	metadata
ZNF415	19	53120478	metadata
ZNF416	19	57575238	metadata
ZNF417	19	57908453	metadata
ZNF418	19	57928642	metadata
ZNF419	19	57491904	metadata
ZNF420	19	37069112	metadata
ZNF426	19	9530934	metadata
ZNF428	19	43613426	metadata
ZNF429	19	21526476	metadata
ZNF43	19	21828535	metadata
ZNF430	19	21040342	metadata
ZNF431	19	21169038	metadata
ZNF432	19	52063558	metadata
ZNF433	19	12016946	metadata
ZNF439	19	11866238	metadata
ZNF44	19	12259784	metadata
ZNF440	19	11824744	metadata
ZNF441	19	11775539	metadata
ZNF442	19	12355924	metadata
ZNF443	19	12435363	metadata
ZNF444	19	56146746	metadata
ZNF446	19	58477623	metadata
ZNF45	19	43918768	metadata
ZNF460	19	57267492	metadata
ZNF461	19	36651735	metadata
ZNF468	19	52847829	metadata
ZNF470	19	56556522	metadata
ZNF471	19	56519035	metadata
ZNF473	19	50039564	metadata
ZNF480	19	52311545	metadata
ZNF486	19	20183851	metadata
ZNF490	19	12608099	metadata
ZNF491	19	11803644	metadata
ZNF492	19	22650997	metadata
ZNF493	19	21412348	metadata
ZNF497	19	58358602	metadata
ZNF506	19	19791394	metadata
ZNF507	19	32366630	metadata
ZNF524	19	55601580	metadata
ZNF526	19	42224246	metadata
ZNF527	19	37382063	metadata
ZNF528	19	52408130	metadata
ZNF529	19	36570025	metadata
ZNF530	19	57606303	metadata
ZNF534	19	52440731	metadata
ZNF536	19	30469238	metadata
ZNF540	19	37582792	metadata
ZNF541	19	47546919	metadata
ZNF543	19	57325621	metadata
ZNF544	19	58253044	metadata
ZNF546	19	40002586	metadata
ZNF547	19	57371521	metadata
ZNF548	19	57396674	metadata
ZNF549	19	57542433	metadata
ZNF550	19	57547560	metadata
ZNF551	19	57699635	metadata
ZNF552	19	57809377	metadata
ZNF554	19	2828301	metadata
ZNF555	19	2850954	metadata
ZNF556	19	2875390	metadata
ZNF557	19	7078835	metadata
ZNF558	19	8819242	metadata
ZNF559	19	9353395	metadata
ZNF560	19	9482485	metadata
ZNF561	19	9647827	metadata
ZNF562	19	9658453	metadata
ZNF563	19	12325598	metadata
ZNF564	19	12538457	metadata
ZNF565	19	36214266	metadata
ZNF566	19	36467510	metadata
ZNF567	19	36707656	metadata
ZNF568	19	36960676	metadata
ZNF569	19	37440215	metadata
ZNF57	19	2909700	metadata
ZNF570	19	37478118	metadata
ZNF571	19	37574787	metadata
ZNF573	19	37776566	metadata
ZNF574	19	42075014	metadata
ZNF575	19	43530813	metadata
ZNF576	19	43598774	metadata
ZNF577	19	51847883	metadata
ZNF578	19	52485217	metadata
ZNF579	19	55578811	metadata
ZNF580	19	55639243	metadata
ZNF581	19	55640541	metadata
ZNF582	19	56384692	metadata
ZNF583	19	56417000	metadata
ZNF584	19	58416620	metadata
ZNF585A	19	37139737	metadata
ZNF585B	19	37199866	metadata
ZNF586	19	57794797	metadata
ZNF587	19	57857488	metadata
ZNF587B	19	57832979	metadata
ZNF599	19	34765651	metadata
ZNF600	19	52768374	metadata
ZNF606	19	57990212	metadata
ZNF607	19	37708066	metadata
ZNF610	19	52352010	metadata
ZNF611	19	52718943	metadata
ZNF613	19	51937953	metadata
ZNF614	19	52021502	metadata
ZNF615	19	51999781	metadata
ZNF616	19	52126514	metadata
ZNF625	19	12144424	metadata
ZNF626	19	20640767	metadata
ZNF627	19	11589267	metadata
ZNF628	19	55480552	metadata
ZNF649	19	51897137	metadata
ZNF653	19	11494633	metadata
ZNF665	19	53176299	metadata
ZNF667	19	56458695	metadata
ZNF671	19	57723687	metadata
ZNF675	19	23606425	metadata
ZNF676	19	22197445	metadata
ZNF677	19	53245139	metadata
ZNF681	19	23749043	metadata
ZNF682	19	20018281	metadata
ZNF69	19	11901055	metadata
ZNF699	19	9300489	metadata
ZNF700	19	11937920	metadata
ZNF701	19	52571498	metadata
ZNF708	19	21306729	metadata
ZNF709	19	12487519	metadata
ZNF71	19	56610873	metadata
ZNF714	19	21103714	metadata
ZNF726	19	23930017	metadata
ZNF728	19	22989029	metadata
ZNF729	19	22301808	metadata
ZNF730	19	23111215	metadata
ZNF737	19	20550817	metadata
ZNF749	19	57441213	metadata
ZNF761	19	53446923	metadata
ZNF763	19	11972827	metadata
ZNF765	19	53410103	metadata
ZNF766	19	52282816	metadata
ZNF77	19	2939094	metadata
ZNF772	19	57472116	metadata
ZNF773	19	57509159	metadata
ZNF776	19	57752481	metadata
ZNF780A	19	40080047	metadata
ZNF780B	19	40042245	metadata
ZNF784	19	55622653	metadata
ZNF787	19	56104330	metadata
ZNF790	19	36803838	metadata
ZNF791	19	12622379	metadata
ZNF792	19	34960291	metadata
ZNF793	19	37527850	metadata
ZNF799	19	12395643	metadata
ZNF8	19	58297081	metadata
ZNF805	19	57251680	metadata
ZNF808	19	52546058	metadata
ZNF813	19	53481994	metadata
ZNF814	19	57868902	metadata
ZNF816	19	52945649	metadata
ZNF823	19	11730137	metadata
ZNF829	19	36902207	metadata
ZNF83	19	52625382	metadata
ZNF835	19	56666881	metadata
ZNF836	19	52162753	metadata
ZNF837	19	58374324	metadata
ZNF841	19	52080115	metadata
ZNF844	19	12073148	metadata
ZNF845	19	53345327	metadata
ZNF846	19	9772586	metadata
ZNF85	19	20936959	metadata
ZNF850	19	36743604	metadata
ZNF865	19	55611458	metadata
ZNF875	19	37341101	metadata
ZNF878	19	12048383	metadata
ZNF880	19	52377856	metadata
ZNF888	19	52913942	metadata
ZNF90	19	20102535	metadata
ZNF91	19	23350231	metadata
ZNF93	19	19932188	metadata
ZNF98	19	22461752	metadata
ZNF99	19	22768167	metadata
ZNRF4	19	5456136	metadata
ZSCAN1	19	58044328	metadata
ZSCAN18	19	58101132	metadata
ZSCAN22	19	58334668	metadata
ZSCAN4	19	57674043	metadata
ZSCAN5A	19	56294026	metadata
ZSCAN5B	19	56193750	metadata
ZSWIM4	19	13813848	metadata
ZSWIM9	19	48184150	metadata
AAR2	20	36253524	metadata
ABHD12	20	25342788	metadata
ABHD16B	20	63862243	metadata
ACOT8	20	45849563	metadata
ACSS1	20	25032605	metadata
ACSS2	20	34900054	metadata
ACTL10	20	33667734	metadata
ACTR5	20	38760490	metadata
ADA	20	44618574	metadata
ADAM33	20	3675105	metadata
ADIG	20	38584829	metadata
ADISSP	20	3760644	metadata
ADNP	20	50910176	metadata
ADRA1D	20	4234958	metadata
ADRM1	20	62305477	metadata
AHCY	20	34296035	metadata
ANGPT4	20	893117	metadata
ANKEF1	20	10022214	metadata
ANKRD60	20	58222389	metadata
AP5S1	20	3820111	metadata
APCDD1L	20	58569229	metadata
APMAP	20	24977838	metadata
ARFGAP1	20	63281287	metadata
ARFGEF2	20	48979202	metadata
ARFRP1	20	63703333	metadata
ARHGAP40	20	38626422	metadata
ASIP	20	34231956	metadata
ASXL1	20	32398824	metadata
ATP5F1E	20	59028910	metadata
ATP9A	20	51682452	metadata
ATRN	20	3561068	metadata
AURKA	20	56380863	metadata
AVP	20	3083640	metadata
B4GALT5	20	49673411	metadata
BANF2	20	17714771	metadata
BCAS1	20	54003685	metadata
BCAS4	20	50836035	metadata
BCL2L1	20	31694220	metadata
BFSP1	20	17531562	metadata
BHLHE23	20	63006481	metadata
BIRC7	20	63238189	metadata
BMP2	20	6773966	metadata
BMP7	20	57217697	metadata
BPI	20	38298823	metadata
BPIFA1	20	33239653	metadata
BPIFA2	20	33171590	metadata
BPIFA3	20	33222558	metadata
BPIFB1	20	33291675	metadata
BPIFB2	20	33015703	metadata
BPIFB3	20	33063875	metadata
BPIFB4	20	33095697	metadata
BPIFB6	20	33037847	metadata
BTBD3	20	11908666	metadata
C20orf141	20	2815410	metadata
C20orf144	20	33663973	metadata
C20orf173	20	35526419	metadata
C20orf202	20	1206265	metadata
C20orf203	20	32652783	metadata
C20orf96	20	280820	metadata
CABLES2	20	62397959	metadata
CASS4	20	56436249	metadata
CBFA2T2	20	33570055	metadata
CBLN4	20	56001438	metadata
CCM2L	20	32021309	metadata
CCN5	20	44721676	metadata
CD40	20	46124067	metadata
CD93	20	23075731	metadata
CDC25B	20	3796446	metadata
CDH22	20	46241118	metadata
CDH26	20	59996217	metadata
CDH4	20	61596439	metadata
CDK5RAP1	20	33380200	metadata
CDS2	20	5162383	metadata
CEBPB	20	50188318	metadata
CENPB	20	3785295	metadata
CEP250	20	35487222	metadata
CFAP61	20	20206608	metadata
CHD6	20	41510233	metadata
CHGB	20	5918431	metadata
CHMP4B	20	33832857	metadata
CHRNA4	20	63360812	metadata
CIMIP1	20	58156026	metadata
CNBD2	20	35992632	metadata
COL20A1	20	63314018	metadata
COL9A3	20	62828701	metadata
COMMD7	20	32723083	metadata
COX4I2	20	31641459	metadata
CPNE1	20	35645493	metadata
CPXM1	20	2797350	metadata
CRLS1	20	6023073	metadata
CRNKL1	20	20045207	metadata
CSE1L	20	49071603	metadata
CSNK2A1	20	508166	metadata
CST1	20	23749415	metadata
CST11	20	23451639	metadata
CST2	20	23825249	metadata
CST3	20	23632589	metadata
CST4	20	23687339	metadata
CST5	20	23877841	metadata
CST7	20	24954598	metadata
CST8	20	23493555	metadata
CST9	20	23604163	metadata
CST9L	20	23566608	metadata
CSTF1	20	56399366	metadata
CSTL1	20	23435517	metadata
CTCFL	20	57510809	metadata
CTNNBL1	20	37783079	metadata
CTSA	20	45894546	metadata
CTSZ	20	58996962	metadata
CYP24A1	20	54163716	metadata
DBNDD2	20	45408333	metadata
DDRGK1	20	3197517	metadata
DDX27	20	49231712	metadata
DEFB115	20	31258648	metadata
DEFB116	20	31305898	metadata
DEFB118	20	31371262	metadata
DEFB119	20	31383877	metadata
DEFB121	20	31408841	metadata
DEFB123	20	31445444	metadata
DEFB125	20	92172	metadata
DEFB126	20	144170	metadata
DEFB127	20	158308	metadata
DEFB128	20	188782	metadata
DEFB129	20	228572	metadata
DEFB132	20	259410	metadata
DHX35	20	39001011	metadata
DIDO1	20	62907845	metadata
DLGAP4	20	36417486	metadata
DNAAF9	20	3328487	metadata
DNAJC5	20	63915578	metadata
DNMT3B	20	32785872	metadata
DNTTIP1	20	45801690	metadata
DOK5	20	54563381	metadata
DPM1	20	50947003	metadata
DSN1	20	36762804	metadata
DSTN	20	17589997	metadata
DTD1	20	18677293	metadata
DUSP15	20	31859150	metadata
DYNLRB1	20	34528676	metadata
DZANK1	20	18425324	metadata
E2F1	20	33680931	metadata
EBF4	20	2726444	metadata
EDEM2	20	35131350	metadata
EDN3	20	59313217	metadata
EEF1A2	20	63493626	metadata
EFCAB8	20	32910384	metadata
EIF2S2	20	34100276	metadata
EIF6	20	35281946	metadata
ELMO2	20	46399517	metadata
EMILIN3	20	41363390	metadata
ENTPD6	20	25211884	metadata
EPB41L1	20	36162151	metadata
EPPIN	20	45540929	metadata
ERGIC3	20	35549836	metadata
ESF1	20	13749620	metadata
EYA2	20	47041734	metadata
FAM110A	20	845589	metadata
FAM209A	20	56521669	metadata
FAM209B	20	56534883	metadata
FAM210B	20	56363818	metadata
FAM217B	20	59941222	metadata
FAM83C	20	35289078	metadata
FAM83D	20	38939709	metadata
FASTKD5	20	3153192	metadata
FERMT1	20	6099029	metadata
FITM2	20	44307021	metadata
FKBP1A	20	1381070	metadata
FLRT3	20	14330299	metadata
FNDC11	20	63552293	metadata
FOXA2	20	22583226	metadata
FOXS1	20	31844953	metadata
GATA5	20	62469746	metadata
GCNT7	20	56508708	metadata
GDAP1L1	20	44264023	metadata
GDF5	20	35444046	metadata
GFRA4	20	3661323	metadata
GGT7	20	34858788	metadata
GGTLC1	20	23986914	metadata
GID8	20	62943311	metadata
GINS1	20	25421854	metadata
GMEB2	20	63607351	metadata
GNAS	20	58875455	metadata
GNRH2	20	3044684	metadata
GPCPD1	20	5577705	metadata
GSS	20	34942229	metadata
GTSF1L	20	43726583	metadata
GZF1	20	23367622	metadata
HAO1	20	7911721	metadata
HCK	20	32077026	metadata
HELZ2	20	63566162	metadata
HM13	20	31546175	metadata
HNF4A	20	44394272	metadata
HRH3	20	62217619	metadata
HSPA12B	20	3742898	metadata
ID1	20	31589764	metadata
IDH3B	20	2661306	metadata
IFT52	20	43619118	metadata
INSM1	20	20369526	metadata
ISM1	20	13260962	metadata
ITCH	20	34437504	metadata
ITPA	20	3216369	metadata
JAG1	20	10655841	metadata
JPH2	20	44146889	metadata
KAT14	20	18162807	metadata
KCNB1	20	49388845	metadata
KCNG1	20	51013381	metadata
KCNK15	20	44701403	metadata
KCNQ2	20	63436442	metadata
KCNS1	20	45096170	metadata
KIAA1755	20	38235637	metadata
KIF16B	20	16422776	metadata
KIF3B	20	32306331	metadata
KIZ	20	21186302	metadata
L3MBTL1	20	43520198	metadata
LAMA5	20	62337633	metadata
LAMP5	20	9522441	metadata
LBP	20	38361747	metadata
LIME1	20	63737693	metadata
LKAAEAR1	20	64083887	metadata
LPIN3	20	41350701	metadata
LRRN4	20	6047303	metadata
LSM14B	20	62128917	metadata
LZTS3	20	3168083	metadata
MACROD2	20	15024283	metadata
MAFB	20	40687542	metadata
MANBAL	20	37303454	metadata
MAP1LC3A	20	34553599	metadata
MAPRE1	20	32835179	metadata
MATN4	20	45300987	metadata
MAVS	20	3861461	metadata
MC3R	20	56249273	metadata
MCM8	20	5974814	metadata
MGME1	20	17980070	metadata
MKKS	20	10417615	metadata
MMP24	20	35251844	metadata
MMP9	20	46012734	metadata
MOCS3	20	50961373	metadata
MRGBP	20	62799101	metadata
MROH8	20	37140407	metadata
MRPS26	20	3047151	metadata
MTCL2	20	36820492	metadata
MTG2	20	62193298	metadata
MYBL2	20	43691757	metadata
MYH7B	20	34979123	metadata
MYL9	20	36546472	metadata
MYLK2	20	31826998	metadata
MYT1	20	64172323	metadata
NAA20	20	20025482	metadata
NANP	20	25618474	metadata
NAPB	20	23398019	metadata
NCOA3	20	47579382	metadata
NCOA5	20	46075476	metadata
NCOA6	20	34757374	metadata
NDRG3	20	36698928	metadata
NDUFAF5	20	13803293	metadata
NECAB3	20	33665775	metadata
NELFCD	20	58988170	metadata
NEURL2	20	45889916	metadata
NFATC2	20	51474894	metadata
NFS1	20	35683703	metadata
NINL	20	25518562	metadata
NKAIN4	20	63256739	metadata
NKX2-2	20	21512771	masks
NKX2-4	20	21396650	masks
NNAT	20	37522448	metadata
NOL4L	20	32514196	metadata
NOP56	20	2655493	metadata
NPBWR2	20	64105683	metadata
NPEPL1	20	58704184	metadata
NRSN2	20	332675	metadata
NSFL1C	20	1458002	metadata
NTSR1	20	62735803	metadata
NXT1	20	23330614	metadata
OCSTAMP	20	46545800	metadata
OGFR	20	62809417	metadata
OPRL1	20	64090362	metadata
OSBPL2	20	62264067	metadata
OSER1	20	44218678	metadata
OTOR	20	16759210	metadata
OVOL2	20	18008083	metadata
OXT	20	3072068	metadata
PABPC1L	20	44934547	metadata
PAK5	20	9688223	metadata
PANK2	20	3909363	metadata
PARD6B	20	50744187	metadata
PAX1	20	21712070	metadata
PCED1A	20	2838252	metadata
PCIF1	20	45941353	metadata
PCK1	20	57564600	metadata
PCMTD2	20	64280257	metadata
PCNA	20	5120789	metadata
PCSK2	20	17355342	metadata
PDRG1	20	31948191	metadata
PDYN	20	1988637	metadata
PEDS1	20	50117380	metadata
PET117	20	18140516	metadata
PFDN4	20	54217986	metadata
PHACTR3	20	59712610	metadata
PHF20	20	35861172	metadata
PI3	20	45175723	metadata
PIGT	20	45436509	metadata
PIGU	20	34629666	metadata
PLAGL2	20	32200123	metadata
PLCB1	20	8522805	metadata
PLCB4	20	9286209	metadata
PLCG1	20	41166880	metadata
PLTP	20	45905388	metadata
PMEPA1	20	57679964	metadata
POFUT1	20	32223256	metadata
POLR3F	20	18475763	metadata
PPDPF	20	63523915	metadata
PPP1R16B	20	38864360	metadata
PPP1R3D	20	59938484	metadata
PRELID3B	20	59037977	metadata
PREX1	20	48726125	metadata
PRND	20	4725184	metadata
PRNP	20	4693970	metadata
PROCR	20	35194156	metadata
PROKR2	20	5308086	metadata
PRPF6	20	64007116	metadata
PSMA7	20	62140086	metadata
PSMF1	20	1151327	metadata
PTGIS	20	49536005	metadata
PTK6	20	63532688	metadata
PTPN1	20	50547781	metadata
PTPRA	20	2956248	metadata
PTPRT	20	42631361	metadata
PXMP4	20	33711538	metadata
PYGB	20	25273048	metadata
R3HDML	20	44346980	metadata
RAB22A	20	58338611	metadata
RAB5IF	20	36609168	metadata
RAD21L1	20	1261232	metadata
RAE1	20	57365217	metadata
RALGAPA2	20	20551087	metadata
RALGAPB	20	38525837	metadata
RALY	20	34050977	metadata
RASSF2	20	4801815	metadata
RBBP8NL	20	62418888	metadata
RBBP9	20	18491882	metadata
RBCK1	20	419818	metadata
RBL1	20	37046173	metadata
RBM12	20	35656940	metadata
RBM38	20	57400364	metadata
RBM39	20	35721829	metadata
RBPJL	20	45312332	metadata
REM1	20	31480091	metadata
RGS19	20	64076584	metadata
RIMS4	20	44781177	metadata
RIN2	20	19880031	metadata
RIPOR3	20	50638825	metadata
RNF114	20	49945110	metadata
RNF24	20	3971433	metadata
ROMO1	20	35700128	metadata
RPN2	20	37210014	metadata
RPRD1B	20	38080752	metadata
RPS21	20	62387811	metadata
RRBP1	20	17647986	metadata
RSPO4	20	980381	metadata
RTEL1	20	63678992	metadata
RTF2	20	56494017	metadata
SALL4	20	51792426	metadata
SAMD10	20	63977062	metadata
SAMHD1	20	36921061	metadata
SCAND1	20	35956544	metadata
SCP2D1	20	18814881	metadata
SCRT2	20	668699	metadata
SDC4	20	45336856	metadata
SDCBP2	20	1352050	metadata
SEC23B	20	18534467	metadata
SEL1L2	20	13922845	metadata
SEMG1	20	45208400	metadata
SEMG2	20	45222915	metadata
SERINC3	20	44509153	metadata
SGK2	20	43573602	metadata
SHLD1	20	5807394	metadata
SIGLEC1	20	3699785	metadata
SIRPA	20	1917379	metadata
SIRPB1	20	1590723	metadata
SIRPB2	20	1481164	metadata
SIRPD	20	1545978	metadata
SIRPG	20	1643465	metadata
SLA2	20	36629257	metadata
SLC12A5	20	46040920	metadata
SLC13A3	20	46621145	metadata
SLC17A9	20	62961146	metadata
SLC23A2	20	4931324	metadata
SLC24A3	20	19467784	metadata
SLC2A10	20	46722998	metadata
SLC2A4RG	20	63741913	metadata
SLC32A1	20	38726929	metadata
SLC35C2	20	46355219	metadata
SLC4A11	20	3233488	metadata
SLC52A3	20	768047	metadata
SLC9A8	20	49852477	metadata
SLCO4A1	20	62664144	metadata
SLPI	20	45253401	metadata
SLX4IP	20	10536067	metadata
SMOX	20	4154363	metadata
SNAI1	20	49985933	metadata
SNAP25	20	10187614	metadata
SNPH	20	1287804	metadata
SNRPB	20	2466243	metadata
SNRPB2	20	16736262	metadata
SNTA1	20	33425860	metadata
SNX21	20	45838537	metadata
SNX5	20	17955288	metadata
SOX12	20	327888	metadata
SOX18	20	64048610	metadata
SPAG4	20	35618461	metadata
SPATA2	20	49909460	metadata
SPATA25	20	45887056	metadata
SPEF1	20	3779476	metadata
SPINT3	20	45514041	metadata
SPINT4	20	45724088	metadata
SPO11	20	57336898	metadata
SPTLC3	20	13089037	metadata
SRC	20	37375367	metadata
SRMS	20	63543119	metadata
SRSF6	20	43461969	metadata
SRXN1	20	649907	metadata
SS18L1	20	62163141	metadata
SSTR4	20	23037274	metadata
STAU1	20	49150853	metadata
STK35	20	2139432	metadata
STK4	20	45025354	metadata
STMN3	20	63648693	metadata
STX16	20	58683422	metadata
SULF2	20	47721406	metadata
SUN5	20	32994103	metadata
SYCP2	20	59898609	metadata
SYNDIG1	20	24568122	metadata
SYS1	20	45386905	metadata
TAF4	20	62009675	metadata
TASP1	20	13514162	metadata
TBC1D20	20	443081	metadata
TCEA2	20	64061091	metadata
TCF15	20	607283	metadata
TCFL5	20	62851413	metadata
TFAP2C	20	56634294	metadata
TGIF2	20	36593468	metadata
TGM2	20	38146981	metadata
TGM3	20	2318540	metadata
TGM6	20	2406827	metadata
THBD	20	23047652	metadata
TLDC2	20	36885178	metadata
TM9SF4	20	32138486	metadata
TMC2	20	2590076	metadata
TMEM230	20	5090659	metadata
TMEM239	20	2818293	metadata
TMEM74B	20	1182988	metadata
TMX4	20	8042094	metadata
TNFRSF6B	20	63697668	metadata
TNNC2	20	45828479	metadata
TOMM34	20	44951263	metadata
TOP1	20	41076654	metadata
TOX2	20	43992234	metadata
TP53INP2	20	34708889	metadata
TP53RK	20	46686904	metadata
TP53TG5	20	45390223	metadata
TPD52L2	20	63878386	metadata
TPX2	20	31770538	metadata
TRIB3	20	380197	metadata
TRMT6	20	5943893	metadata
TRPC4AP	20	35047605	metadata
TSHZ2	20	53233844	metadata
TTI1	20	38008234	metadata
TTLL9	20	31907817	metadata
TTPAL	20	44485238	metadata
TUBB1	20	59023041	metadata
UBE2C	20	45814766	metadata
UBOX5	20	3133884	metadata
UCKL1	20	63948122	metadata
UQCC1	20	35357298	metadata
VAPB	20	58420165	metadata
VPS16	20	2853717	metadata
VSTM2L	20	37924230	metadata
VSX1	20	25076513	metadata
WFDC10A	20	45630467	metadata
WFDC10B	20	45694835	metadata
WFDC11	20	45659416	metadata
WFDC12	20	45123945	metadata
WFDC13	20	45705427	metadata
WFDC2	20	45475642	metadata
WFDC3	20	45769938	metadata
WFDC5	20	45112313	metadata
WFDC6	20	45536839	metadata
WFDC8	20	45565239	metadata
XKR7	20	31985769	metadata
XRN2	20	21346578	metadata
YTHDF1	20	63205784	metadata
YWHAB	20	44897117	metadata
ZBP1	20	57612211	metadata
ZBTB46	20	63787853	metadata
ZCCHC3	20	298945	metadata
ZFP64	20	52127985	metadata
ZGPAT	20	63721803	metadata
ZHX3	20	41248089	metadata
ZMYND8	20	47283051	metadata
ZNF133	20	18302639	metadata
ZNF217	20	53588489	metadata
ZNF334	20	46506594	metadata
ZNF335	20	45960431	metadata
ZNF337	20	25656524	metadata
ZNF341	20	33761963	metadata
ZNF343	20	2503259	metadata
ZNF512B	20	63963317	metadata
ZNF831	20	59191247	metadata
ZNFX1	20	49258186	metadata
ZSWIM1	20	45883246	metadata
ZSWIM3	20	45868368	metadata
ABCG1	21	42252039	metadata
ADAMTS1	21	26840582	metadata
ADAMTS5	21	26942505	metadata
ADARB1	21	45150206	metadata
AGPAT3	21	43926407	metadata
AIRE	21	44292243	metadata
APP	21	26025831	metadata
ATP5PF	21	25726088	metadata
ATP5PO	21	33909633	metadata
B3GALT5	21	39614789	metadata
BACE2	21	41225165	metadata
BACH1	21	29412411	metadata
BRWD1	21	39252867	metadata
BTG3	21	17627844	metadata
C21orf58	21	46312028	metadata
C21orf91	21	17804180	metadata
C2CD2	21	41919565	metadata
CBR1	21	36071553	metadata
CBR3	21	36136952	metadata
CBS	21	43065067	metadata
CCT8	21	29064801	metadata
CFAP298	21	32507688	metadata
CFAP410	21	44334173	metadata
CHAF1B	21	36402203	metadata
CHODL	21	18084318	metadata
CLDN14	21	36518595	metadata
CLDN17	21	30166185	metadata
CLDN8	21	30215051	metadata
CLIC6	21	34693610	metadata
COL18A1	21	45459442	metadata
COL6A1	21	45993410	metadata
COL6A2	21	46115480	metadata
CRYAA	21	43170909	metadata
CRYZL1	21	33616633	metadata
CSTB	21	43774420	metadata
CXADR	21	17553311	metadata
CYYR1	21	26424015	metadata
DIP2A	21	46515817	metadata
DNAJC28	21	33489885	metadata
DNMT3L	21	44254277	metadata
DONSON	21	33574124	metadata
DOP1B	21	36225528	metadata
DSCAM	21	40429078	metadata
DYRK1A	21	37445965	metadata
EPCIP	21	32895925	metadata
ERG	21	38520903	metadata
ETS2	21	38889642	metadata
EVA1C	21	32463701	metadata
FAM3B	21	41330969	metadata
FTCD	21	46145869	metadata
GABPA	21	25753515	metadata
GART	21	33523711	metadata
GATD3	21	44171862	metadata
GET1	21	39447919	metadata
GRIK1	21	29738483	metadata
HLCS	21	36869431	metadata
HMGN1	21	39345981	metadata
HSF2BP	21	43594337	metadata
HSPA13	21	14377299	metadata
HUNK	21	31958826	metadata
ICOSLG	21	44228414	metadata
IFNAR1	21	33342125	metadata
IFNAR2	21	33263526	metadata
IFNGR2	21	33441380	metadata
IGSF5	21	39773632	metadata
IL10RB	21	33288893	metadata
ITGB2	21	44908971	metadata
ITSN1	21	33771130	metadata
JAM2	21	25678410	metadata
KCNE1	21	34479451	metadata
KCNE2	21	34276055	metadata
KCNJ15	21	38231453	metadata
KCNJ6	21	37864359	metadata
KRTAP10-1	21	44539622	masks
KRTAP10-10	21	44637770	masks
KRTAP10-11	21	44646907	masks
KRTAP10-12	21	44697534	masks
KRTAP10-2	21	44550980	masks
KRTAP10-3	21	44558338	masks
KRTAP10-4	21	44574310	masks
KRTAP10-5	21	44580170	masks
KRTAP10-6	21	44591961	masks
KRTAP10-7	21	44601145	masks
KRTAP10-8	21	44612519	masks
KRTAP10-9	21	44627573	masks
KRTAP11-1	21	30881285	masks
KRTAP12-1	21	44682018	masks
KRTAP12-2	21	44666691	masks
KRTAP12-4	21	44654452	masks
KRTAP13-1	21	30396347	masks
KRTAP13-2	21	30371950	masks
KRTAP13-3	21	30425654	masks
KRTAP13-4	21	30430488	masks
KRTAP15-1	21	30440514	masks
KRTAP19-3	21	30491835	masks
KRTAP19-4	21	30497008	masks
KRTAP19-6	21	30541748	masks
KRTAP19-8	21	31038348	masks
KRTAP20-2	21	30635329	masks
KRTAP20-3	21	30642950	masks
KRTAP21-2	21	30747062	masks
KRTAP21-3	21	30718706	masks
KRTAP22-1	21	30601202	masks
KRTAP23-1	21	30348519	masks
KRTAP24-1	21	30282534	masks
KRTAP25-1	21	30289338	masks
KRTAP26-1	21	30319686	masks
KRTAP27-1	21	30337385	masks
KRTAP6-1	21	30613830	masks
KRTAP6-2	21	30598780	masks
KRTAP6-3	21	30592596	masks
KRTAP7-1	21	30829566	masks
LCA5L	21	39425766	metadata
LIPI	21	14159884	metadata
LRRC3	21	44451222	metadata
LSS	21	46208482	metadata
LTN1	21	28960550	metadata
MAP3K7CL	21	29126555	metadata
MCM3AP	21	46256376	metadata
MIS18A	21	32273638	metadata
MORC3	21	36353168	metadata
MRAP	21	32296209	metadata
MRPL39	21	25596586	metadata
MRPS6	21	34217738	metadata
MX1	21	41445045	metadata
MX2	21	41385696	metadata
N6AMT1	21	28878781	metadata
NCAM2	21	21270869	metadata
NDUFV3	21	42896474	metadata
NRIP1	21	15013585	metadata
OLIG1	21	33071277	metadata
OLIG2	21	33027565	metadata
PAXBP1	21	32752845	metadata
PCBP3	21	45793074	metadata
PCNT	21	46384946	metadata
PCP4	21	39898417	metadata
PDE9A	21	42714565	metadata
PDXK	21	43740700	metadata
PFKL	21	44313713	metadata
PIGP	21	37068008	metadata
PKNOX1	21	43004220	metadata
POFUT2	21	45275913	metadata
POTED	21	13627800	metadata
PRDM15	21	41838853	metadata
PRMT2	21	46650640	metadata
PSMG1	21	39179128	metadata
PTTG1IP	21	44861744	metadata
PWP2	21	44119277	metadata
RBM11	21	14222251	metadata
RCAN1	21	34564127	metadata
RIPK4	21	41753229	metadata
RIPPLY3	21	37012906	metadata
RRP1	21	43797403	metadata
RRP1B	21	43677819	metadata
RSPH1	21	42484366	metadata
RUNX1	21	35396234	metadata
RWDD2B	21	29011872	metadata
S100B	21	46601906	metadata
SAMSN1	21	14572024	metadata
SCAF4	21	31701559	metadata
SETD4	21	36056965	metadata
SH3BGR	21	39480680	metadata
SIM2	21	36724516	metadata
SLC19A1	21	45533468	metadata
SLC37A1	21	42538724	metadata
SLC5A3	21	34089919	metadata
SLX9	21	44958499	metadata
SOD1	21	31641767	metadata
SON	21	33560259	metadata
SPATC1L	21	46172812	metadata
SUMO3	21	44812198	metadata
SYNJ1	21	32678399	metadata
TCP10L	21	32542670	metadata
TFF1	21	42364408	metadata
TFF2	21	42348677	metadata
TFF3	21	42313538	metadata
TIAM1	21	31339196	metadata
TMEM50B	21	33456229	metadata
TMPRSS15	21	18377497	metadata
TMPRSS2	21	41497708	metadata
TMPRSS3	21	42383989	metadata
TPTE	21	10563846	metadata
TRAPPC10	21	44059430	metadata
TRPM2	21	44396622	metadata
TSPEAR	21	44604732	metadata
TTC3	21	37138169	metadata
U2AF1	21	43100263	metadata
UBASH3A	21	42425565	metadata
UBE2G2	21	44785203	metadata
UMODL1	21	42103206	metadata
URB1	21	32352015	metadata
USP16	21	29039558	metadata
USP25	21	15805023	metadata
VPS26C	21	37245669	metadata
WDR4	21	42861331	metadata
YBEY	21	46292046	metadata
ZBTB21	21	41998609	metadata
A4GALT	22	42706709	metadata
ACO2	22	41488551	metadata
ACR	22	50741767	metadata
ADA2	22	17218512	metadata
ADM2	22	50483991	metadata
ADORA2A	22	24462140	metadata
ADSL	22	40368462	metadata
AIFM3	22	20973234	metadata
ALG12	22	49909333	metadata
ANKRD54	22	37840091	metadata
AP1B1	22	29358131	metadata
APOBEC3A	22	38957962	metadata
APOBEC3B	22	38987575	metadata
APOBEC3C	22	39017304	metadata
APOBEC3D	22	39027195	metadata
APOBEC3F	22	39048288	metadata
APOBEC3G	22	39082405	metadata
APOBEC3H	22	39100645	metadata
APOL1	22	36260300	metadata
APOL2	22	36233081	metadata
APOL3	22	36152984	metadata
APOL4	22	36196982	metadata
APOL5	22	35723677	metadata
APOL6	22	35658425	metadata
ARFGAP3	22	42827304	metadata
ARHGAP8	22	44807673	metadata
ARSA	22	50625463	metadata
ARVCF	22	19993359	metadata
ASCC2	22	29813456	metadata
ASPHD2	22	26437137	metadata
ATF4	22	39521190	metadata
ATP5MGL	22	42640202	metadata
ATP6V1E1	22	17610442	metadata
ATXN10	22	45758552	metadata
BAIAP2L2	22	38097833	metadata
BCL2L13	22	17679855	metadata
BCR	22	23248870	metadata
BID	22	17754454	metadata
BIK	22	43120231	metadata
BPIFC	22	32439164	metadata
BRD1	22	49800575	metadata
C1QTNF6	22	37189775	metadata
C22orf15	22	23764426	metadata
C22orf23	22	37948359	metadata
C22orf31	22	29060251	metadata
C22orf39	22	19399539	metadata
C22orf42	22	32154164	metadata
CABIN1	22	24094910	metadata
CABP7	22	29712591	metadata
CACNA1I	22	39630244	metadata
CACNG2	22	36632304	metadata
CARD10	22	37504952	metadata
CASTOR1	22	30287369	metadata
CBX6	22	38866835	metadata
CBX7	22	39136423	metadata
CBY1	22	38665245	metadata
CCDC116	22	21635022	metadata
CCDC117	22	28780987	metadata
CCDC134	22	41816421	metadata
CCDC157	22	30367654	metadata
CCDC188	22	20149735	metadata
CCT8L2	22	16591780	metadata
CDC42EP1	22	37564942	metadata
CDC45	22	19500034	metadata
CDPF1	22	46247161	metadata
CECR2	22	17459050	metadata
CELSR1	22	46449227	metadata
CENPM	22	41937333	metadata
CERK	22	46711331	metadata
CHADL	22	41235220	metadata
CHCHD10	22	23766903	metadata
CHEK2	22	28715082	metadata
CHKB	22	50590207	metadata
CIMAP1B	22	50531108	metadata
CIMIP4	22	36999485	metadata
CLDN5	22	19525284	metadata
CLTCL1	22	19235596	metadata
COMT	22	19955673	metadata
CPT1B	22	50573663	metadata
CRELD2	22	49922853	metadata
CRKL	22	20935577	metadata
CRYBA4	22	26626316	metadata
CRYBB1	22	26608652	metadata
CRYBB2	22	25222217	metadata
CRYBB3	22	25203608	metadata
CSDC2	22	41569375	metadata
CSF2RB	22	36927033	metadata
CSNK1E	22	38304387	metadata
CYB5R3	22	42668300	metadata
CYP2D6	22	42128682	metadata
CYTH4	22	37298684	metadata
DDT	22	23975533	metadata
DDTL	22	23969722	metadata
DDX17	22	38495549	metadata
DENND6B	22	50318021	metadata
DEPDC5	22	31830950	metadata
DERL3	22	23836815	metadata
DESI1	22	41609535	metadata
DGCR2	22	19079368	metadata
DGCR6	22	18910133	metadata
DGCR6L	22	20317159	metadata
DGCR8	22	20096049	metadata
DMC1	22	38544576	metadata
DNAJB7	22	40860831	metadata
DNAL4	22	38786353	metadata
DRG1	22	31464172	metadata
DRICH1	22	23620386	metadata
DUSP18	22	30659969	metadata
EFCAB6	22	43670540	metadata
EIF3D	22	36520019	metadata
EIF3L	22	37869137	metadata
EIF4ENIF1	22	31466542	metadata
ELFN2	22	37383505	metadata
EMID1	22	29232746	metadata
ENTHD1	22	39818454	metadata
EP300	22	41136293	metadata
ESS2	22	19137481	metadata
EWSR1	22	29284267	metadata
FAM118A	22	45325461	metadata
FAM227A	22	38617373	metadata
FAM83F	22	40019244	metadata
FBLN1	22	45551686	metadata
FBXO7	22	32486752	metadata
FOXRED2	22	36497205	metadata
GAB4	22	16985079	metadata
GAL3ST1	22	30564650	metadata
GALR3	22	37824433	metadata
GAS2L1	22	29309702	metadata
GCAT	22	37812540	metadata
GGA1	22	37621019	metadata
GGT1	22	24611908	metadata
GGT5	22	24232381	metadata
GGTLC2	22	22646256	metadata
GNAZ	22	23097775	metadata
GNB1L	22	19819081	metadata
GP1BB	22	19724155	metadata
GRAMD4	22	46627901	metadata
GRAP2	22	39937402	metadata
GRK3	22	25646984	metadata
GSC2	22	19148642	metadata
GSTT2B	22	23959304	metadata
GTPBP1	22	38722020	metadata
GTSE1	22	46313840	metadata
GUCD1	22	24548179	metadata
H1-0	22	37805751	masks
HDAC10	22	50248294	metadata
HDHD5	22	17151399	metadata
HIC2	22	21434417	metadata
HIRA	22	19389074	metadata
HMGXB4	22	35276629	metadata
HMOX1	22	35387287	metadata
HORMAD2	22	30128769	metadata
HPS4	22	26463519	metadata
HSCB	22	28749777	metadata
IFT27	22	36767229	metadata
IGLL1	22	23576713	metadata
IGLL5	22	22891945	metadata
IL17RA	22	17100323	metadata
IL17REL	22	50002288	metadata
IL2RB	22	37146892	metadata
INPP5J	22	31128714	metadata
ISX	22	35076761	metadata
JOSD1	22	38693549	metadata
KCNJ4	22	38440763	metadata
KCTD17	22	37057564	metadata
KDELR3	22	38475762	metadata
KIAA0930	22	45216569	metadata
KIAA1671	22	25075082	metadata
KLHDC7B	22	50545646	metadata
KLHL22	22	20468681	metadata
KREMEN1	22	29120684	metadata
L3MBTL2	22	41218276	metadata
LARGE1	22	33542533	metadata
LGALS1	22	37677719	metadata
LGALS2	22	37576432	metadata
LHFPL7	22	24940896	metadata
LIF	22	30243606	metadata
LIMK2	22	31246159	metadata
LMF2	22	50505325	metadata
LRRC75B	22	24589414	metadata
LZTR1	22	20990650	metadata
MAFF	22	38208637	metadata
MAPK1	22	21813668	metadata
MAPK11	22	50267240	metadata
MAPK12	22	50253583	metadata
MAPK8IP2	22	50607387	metadata
MB	22	35622357	metadata
MCAT	22	43137803	metadata
MCHR1	22	40681042	metadata
MCM5	22	35412782	metadata
MED15	22	20541772	metadata
MEI1	22	41749479	metadata
MFNG	22	37477728	metadata
MGAT3	22	39474603	metadata
MICAL3	22	17906105	metadata
MICALL1	22	37924239	metadata
MIEF1	22	39508782	metadata
MIF	22	23896678	metadata
MIOX	22	50488716	metadata
MLC1	22	50072408	metadata
MMP11	22	23776271	metadata
MN1	22	27775016	metadata
MORC2	22	30946952	metadata
MOV10L1	22	50125848	metadata
MPPED1	22	43459522	metadata
MPST	22	37024728	metadata
MRPL40	22	19434310	metadata
MRTFA	22	40523500	metadata
MTFP1	22	30427338	metadata
MTMR3	22	29957018	metadata
MYH9	22	36334645	metadata
MYO18B	22	25886594	metadata
NAGA	22	42064588	metadata
NCAPH2	22	50516502	metadata
NCF4	22	36858926	metadata
NDUFA6	22	42114336	metadata
NEFH	22	29485804	metadata
NF2	22	29651075	metadata
NFAM1	22	42406405	metadata
NIPSNAP1	22	29568067	metadata
NOL12	22	37687574	metadata
NPTXR	22	38831240	metadata
NUP50	22	45148441	metadata
OR11H1	22	15528665	metadata
OSBP2	22	30800803	metadata
OSM	22	30264840	metadata
P2RX6	22	21018910	metadata
PACSIN2	22	42925280	metadata
PANX2	22	50175513	metadata
PARVB	22	44086075	metadata
PARVG	22	44196244	metadata
PATZ1	22	31336075	metadata
PDGFB	22	39234170	metadata
PDXP	22	37650104	metadata
PES1	22	30591854	metadata
PEX26	22	18091659	metadata
PHETA2	22	42076843	metadata
PHF21B	22	44945583	metadata
PI4KA	22	20783554	metadata
PICK1	22	38066006	metadata
PIK3IP1	22	31315260	metadata
PIM3	22	49962420	metadata
PISD	22	31640356	metadata
PITPNB	22	27885901	metadata
PIWIL3	22	24746877	metadata
PKDREJ	22	46259503	metadata
PLA2G3	22	31137657	metadata
PLA2G6	22	38163136	metadata
PLXNB2	22	50291312	metadata
PMM1	22	41583385	metadata
PNPLA3	22	43944140	metadata
PNPLA5	22	43885845	metadata
POLDIP3	22	42599341	metadata
POLR2F	22	37997261	metadata
POLR3H	22	41535202	metadata
POTEH	22	15705828	metadata
PPARA	22	46197138	metadata
PPIL2	22	21683007	metadata
PPM1F	22	21957950	metadata
PPP6R2	22	50394197	metadata
PRAME	22	22553531	metadata
PRODH	22	18924665	metadata
PRR14L	22	31713198	metadata
PRR5	22	44782469	metadata
PVALB	22	36810081	metadata
RAB36	22	23155514	metadata
RABL2B	22	50775584	metadata
RAC2	22	37242432	metadata
RANBP1	22	20121646	metadata
RANGAP1	22	41265483	metadata
RASD2	22	35547415	metadata
RASL10A	22	29316306	metadata
RBFOX2	22	35883780	metadata
RBX1	22	40962328	metadata
RFPL1	22	29440519	metadata
RFPL2	22	32197754	metadata
RFPL3	22	32358023	metadata
RGL4	22	23693656	metadata
RHBDD3	22	29264040	metadata
RIBC2	22	45423101	metadata
RIMBP3	22	18608867	metadata
RIMBP3B	22	21386614	metadata
RNF185	22	31183600	metadata
RNF215	22	30395291	metadata
RPL3	22	39316635	metadata
RPS19BP1	22	39530927	metadata
RRP7A	22	42513891	metadata
RSPH14	22	23102218	metadata
RTCB	22	32399915	metadata
RTL10	22	19850517	metadata
RTL6	22	44495408	metadata
RTN4R	22	20262330	metadata
SAMM50	22	43982986	metadata
SBF1	22	50463571	metadata
SCARF2	22	20431205	metadata
SCO2	22	50525014	metadata
SCUBE1	22	43270326	metadata
SDF2L1	22	21643300	metadata
SEC14L2	22	30411122	metadata
SEC14L3	22	30459988	metadata
SEC14L4	22	30497306	metadata
SEC14L6	22	30534770	metadata
SELENOM	22	31112420	metadata
SELENOO	22	50209313	metadata
SEPTIN3	22	41983832	metadata
SEPTIN5	22	19719363	metadata
SERHL2	22	42563999	metadata
SERPIND1	22	20780916	metadata
SEZ6L	22	26276529	metadata
SF3A1	22	30344453	metadata
SFI1	22	31553638	metadata
SGSM1	22	24866873	metadata
SGSM3	22	40390440	metadata
SH3BP1	22	37645385	metadata
SHISA8	22	41912308	metadata
SHISAL1	22	44278308	metadata
SLC16A8	22	38081159	metadata
SLC25A1	22	19177160	metadata
SLC25A17	22	40794514	metadata
SLC25A18	22	17577222	metadata
SLC2A11	22	23871507	metadata
SLC35E4	22	30652398	metadata
SLC5A1	22	32078145	metadata
SLC5A4	22	32241748	metadata
SLC7A4	22	21030779	metadata
SMARCB1	22	23812470	metadata
SMC1B	22	45378841	metadata
SMDT1	22	42081987	metadata
SMTN	22	31084431	metadata
SNAP29	22	20875110	metadata
SNU13	22	41682218	metadata
SOX10	22	37979054	metadata
SPECC1L	22	24356627	metadata
SREBF2	22	41870205	metadata
SRRD	22	26489267	metadata
SSTR3	22	37208357	metadata
ST13	22	40840587	metadata
SULT4A1	22	43843511	metadata
SUN2	22	38763716	metadata
SUSD2	22	24185296	metadata
SYCE3	22	50557015	metadata
SYN3	22	32783100	metadata
SYNGR1	22	39367750	metadata
TAB1	22	39418419	metadata
TAFA5	22	48670232	metadata
TANGO2	22	20042089	metadata
TBC1D10A	22	30309468	metadata
TBC1D22A	22	46969158	metadata
TBX1	22	19770148	metadata
TCF20	22	42251814	metadata
TCN2	22	30617137	metadata
TEF	22	41383329	metadata
TFIP11	22	26501865	metadata
THAP7	22	21005939	metadata
THOC5	22	29530547	metadata
TIMP3	22	32832373	metadata
TMEM121B	22	17118832	metadata
TMEM184B	22	38246150	metadata
TMEM191B	22	18529187	metadata
TMEM191C	22	21468846	metadata
TMPRSS6	22	37087574	metadata
TNRC6B	22	40190312	metadata
TOB2	22	41440146	metadata
TOM1	22	35323633	metadata
TOMM22	22	38674728	metadata
TOP3B	22	21969919	metadata
TPST2	22	26559356	metadata
TRABD	22	50192755	metadata
TRIOBP	22	37736802	metadata
TRMT2A	22	20114633	metadata
TRMU	22	46344107	metadata
TSPO	22	43157394	metadata
TSSK2	22	19131965	metadata
TST	22	37015521	metadata
TTC28	22	28328927	metadata
TTC38	22	46280984	metadata
TTLL1	22	43064467	metadata
TTLL12	22	43176878	metadata
TTLL8	22	50038436	metadata
TUBA8	22	18128391	metadata
TUBGCP6	22	50231356	metadata
TXN2	22	36474343	metadata
TXNRD2	22	19908668	metadata
TYMP	22	50527892	metadata
UBE2L3	22	21586740	metadata
UFD1	22	19464556	metadata
UPB1	22	24511248	metadata
UPK3A	22	45290411	metadata
UQCR10	22	29768891	metadata
USP18	22	18163620	metadata
VPREB1	22	22245147	metadata
VPREB3	22	23753584	metadata
WBP2NL	22	42028590	metadata
WNT7B	22	45948764	metadata
XBP1	22	28797576	metadata
XKR3	22	16804411	metadata
XPNPEP3	22	40894946	metadata
XRCC6	22	41642605	metadata
YDJC	22	21629076	metadata
YPEL1	22	21716665	metadata
YWHAH	22	31926329	metadata
ZBED4	22	49875613	metadata
ZC3H7B	22	41330836	metadata
ZDHHC8	22	20138731	metadata
ZMAT5	22	29748983	metadata
ZNF280A	22	22517003	metadata
ZNF70	22	23744897	metadata
ZNF74	22	20401288	metadata
ZNRF3	22	28970530	metadata
BCL2L15	1	113882198	metadata
CD52	1	26319240	metadata
CORT	1	10451014	metadata
FBXO28	1	224138079	metadata
H3-3A	1	226065865	masks
LAMTOR2	1	156056644	metadata
LCE3A	1	152622968	metadata
LENEP	1	154993950	metadata
MLLT11	1	151064970	metadata
PPIAL4A	1	120890150	metadata
PSMA5	1	109412745	metadata
S100A8	1	153390552	metadata
S100A9	1	153359438	metadata
SEC22B	1	120163709	metadata
SPRR1B	1	153032051	metadata
SPRR2B	1	153070918	metadata
SPRR2E	1	153099659	metadata
SPRR2G	1	153150236	metadata
SRGAP2	1	206333891	metadata
TEX50	1	173636234	metadata
ZNF593OS	1	26170674	metadata
ASPRV1	2	69960860	metadata
CFC1B	2	130524900	metadata
FABP1	2	88125522	metadata
ICOS	2	203949170	metadata
PCBP1	2	70034161	metadata
PLGLB1	2	87012205	metadata
RGPD6	2	110562321	metadata
SNRPG	2	70287551	metadata
SUMO1	2	202222390	metadata
TMSB10	2	84906163	metadata
VSNL1	2	17598072	metadata
ZNF385B	2	179651797	metadata
LRRC3B	3	26670154	metadata
RAB7A	3	128759805	metadata
TMEM89	3	48621264	metadata
TRA2B	3	185926330	metadata
ERVMER34-1	4	52743917	masks
H2AZ1	4	100072552	metadata
IL21	4	122654073	metadata
LSM6	4	146187851	metadata
NDUFC1	4	139284715	metadata
SMIM43	4	121762154	metadata
SNCA	4	89769330	metadata
UBE2K	4	39740450	metadata
GAPT	5	58494262	metadata
HBEGF	5	140339723	metadata
IRGM	5	150873628	metadata
KGD4	5	69223959	metadata
SPINK1	5	147828121	metadata
SUB1	5	32568070	metadata
H2BC7	6	26199752	metadata
H3C11	6	27872095	metadata
H3C7	6	26250388	metadata
H4C7	6	26246803	metadata
HMGN4	6	26542649	metadata
TBPL1	6	133971301	metadata
CTAGE6	7	143756392	metadata
EFCAB10	7	105582997	metadata
EPO	7	100722084	metadata
FMC1	7	139381979	metadata
H2AZ2	7	44865734	metadata
MTPN	7	135952059	metadata
PPIA	7	44810622	metadata
UBE2H	7	129891846	metadata
UPK3BL1	7	102639908	metadata
DEFB103B	8	7429618	metadata
DEFB105B	8	7488636	metadata
DEFB4A	8	7895696	metadata
DEFB4B	8	7415859	metadata
ELOC	8	73955738	metadata
ENY2	8	109340139	metadata
CCL19	9	34690423	metadata
DCTN3	9	34617034	metadata
DIRAS2	9	90626347	metadata
IFNA1	9	21440877	metadata
KLF4	9	107487667	metadata
NRARP	9	137300951	metadata
UBAP1	9	34215764	metadata
CELF2	10	11067536	metadata
FAM25G	10	47489459	metadata
MARCHF5	10	92322565	metadata
C11orf52	11	111922451	metadata
GNG3	11	62708438	metadata
KRTAP5-7	11	71527586	masks
KRTAP5-9	11	71548875	masks
OR4D10	11	59476338	metadata
SCGB1D1	11	62191877	metadata
KCNMB4	12	70400291	metadata
NTF3	12	5476822	metadata
PCBP2	12	53466632	metadata
PTMS	12	6768234	metadata
PYM1	12	55917015	metadata
RPL41	12	56117278	metadata
WSB2	12	118047558	metadata
FGF9	13	21687785	metadata
POMP	13	28669012	metadata
RAP2A	13	97451648	metadata
SERP2	13	44385689	metadata
CALM1	14	90402385	metadata
DIO3	14	101561795	metadata
ERH	14	69389213	metadata
GNG2	14	51902768	metadata
KCNK13	14	90123923	metadata
NEDD8	14	24223153	metadata
OR4N5	14	20142145	metadata
PRIMA1	14	93753391	metadata
HYPK	15	43800358	metadata
ATP6V0C	16	2517085	metadata
DPEP2NB	16	68014673	metadata
SPN	16	29666927	metadata
ARL17B	17	46317975	metadata
ATP5PD	17	75042924	metadata
CD79B	17	63930537	metadata
CSF3	17	40016587	metadata
DYNLL2	17	58089480	metadata
GNGT2	17	49206682	metadata
GRAPL	17	19113030	metadata
GRB2	17	75361892	metadata
KRTAP3-1	17	41008926	masks
KRTAP4-4	17	41160449	masks
KRTAP9-4	17	41249947	masks
SOCS3	17	78366035	metadata
TBC1D3H	17	36382983	metadata
TBC1D3K	17	37929893	metadata
UBALD2	17	76268323	metadata
YBX2	17	7291451	metadata
BOD1L2	18	57148748	metadata
RAB31	18	9785413	metadata
AP2S1	19	46844491	metadata
CALM3	19	46605928	metadata
CTXN1	19	7925313	metadata
EDDM13	19	56291601	metadata
ELAVL1	19	7982116	metadata
U2AF2	19	55664431	metadata
BLCAP	20	37510201	metadata
DEFB124	20	31471114	metadata
GHRH	20	37256452	metadata
PKIG	20	44578016	metadata
UBE2V1	20	50098541	metadata
WFDC9	20	45619611	metadata
ERVH48-1	21	42918978	masks
KRTAP12-3	21	44658115	masks
KRTAP19-1	21	30480211	masks
KRTAP19-2	21	30487195	masks
KRTAP19-5	21	30501980	masks
KRTAP19-7	21	30561141	masks
KRTAP20-1	21	30616508	masks
KRTAP21-1	21	30755337	masks
KRTAP22-2	21	30590310	masks
KRTAP8-1	21	30813140	masks
SIK1	21	43420807	metadata
PHF5A	22	41464204	metadata
RIMBP3C	22	21548563	metadata
SHANK3	22	50703810	metadata
SNRPD3	22	24569005	metadata
TNFRSF13C	22	41924419	metadata
ZNF280B	22	22496581	metadata
RPL39L	3	187150928	metadata
RYBP	3	72409223	metadata
DEFB107A	8	7813718	metadata
PCLAF	15	64375995	metadata
SMIM47	19	50784641	metadata
